Dataset,Accuracy,Precision,Recall,F1-score,ROC AUC
Train,0.9451396536189809,0.9120430506587494,0.9851673682100621,0.9471959915205242,0.9922429344558028
Validation,0.9472209248014947,0.9120689655172414,0.9897100093545369,0.949304620906236,0.9924134007232314
Test,0.9439514245679589,0.9086993970714901,0.9869036482694107,0.9461883408071748,0.9919618174329475
