Feature,Contribution
Pattern_9,-1.3528539359107814
Security_Operations,-0.3138324158451617
Pattern_6,-0.2359337240998051
Pattern_5,-0.18409615635393733
State_Transition,0.0
Remote_IPs_Access,0.0
IO_Operations,0.0
Root_DIR_Access,0.0
Home_DIR_Access,0.0
Total_Dependencies,0.0
Network_Operations,0.0
File_Operations,0.291836248497137
Pattern_4,0.5691498949130878
Process_Operations,0.6301249714645625
Pattern_2,1.4980429203552328
Read_Processes,2.230053513345168
Pattern_10,2.4101365176333998
