Dataset,Accuracy,Precision,Recall,F1-score,ROC AUC
Train,0.954950445490039,0.923335198656967,0.9921828021647625,0.9565217391304349,0.9954866706754861
Validation,0.9537599252685661,0.9210069444444444,0.9925163704396632,0.9554254840162089,0.9943301209108806
Test,0.9546940681924334,0.922608695652174,0.9925163704396632,0.9562866155926094,0.9952808455384443
