package_id,archive,archive_type,setup_member,setup_size_bytes,parser,unique_import_count,total_import_occurrences,imports
3-py-1.1.6,D:\10. RQ1 DySec\Step 9 DownloadSelectedBenignPackages\Benign_Packages\3-py-1.1.6.tar.gz,tar,3-py-1.1.6/setup.py,1342,ast,2,2,os; setuptools
5345345345345345-0.0.13,D:\10. RQ1 DySec\Step 9 DownloadSelectedBenignPackages\Benign_Packages\5345345345345345-0.0.13.tar.gz,tar,5345345345345345-0.0.13/setup.py,397,ast,3,3,codecs; os; setuptools
a_pandas_ex_split-0.10,D:\10. RQ1 DySec\Step 9 DownloadSelectedBenignPackages\Benign_Packages\a_pandas_ex_split-0.10.tar.gz,tar,a_pandas_ex_split-0.10/setup.py,1427,ast,3,3,codecs; os; setuptools
aadhaar-1.0.0.dev1,D:\10. RQ1 DySec\Step 9 DownloadSelectedBenignPackages\Benign_Packages\aadhaar-1.0.0.dev1.zip,zip,aadhaar-1.0.0.dev1/setup.py,308,ast,1,1,distutils
absl-py-2.1.0,D:\10. RQ1 DySec\Step 9 DownloadSelectedBenignPackages\Benign_Packages\absl-py-2.1.0.tar.gz,tar,absl-py-2.1.0/setup.py,2672,ast,4,5,ez_setup; os; setuptools; sys
Acquisition-6.0,D:\10. RQ1 DySec\Step 9 DownloadSelectedBenignPackages\Benign_Packages\Acquisition-6.0.tar.gz,tar,Acquisition-6.0/setup.py,2885,ast,3,5,os; platform; setuptools
actionai-0.0.7,D:\10. RQ1 DySec\Step 9 DownloadSelectedBenignPackages\Benign_Packages\actionai-0.0.7.tar.gz,tar,actionai-0.0.7/setup.py,3072,ast,1,1,setuptools
activedetect-0.1.4.post2,D:\10. RQ1 DySec\Step 9 DownloadSelectedBenignPackages\Benign_Packages\activedetect-0.1.4.post2.tar.gz,tar,activedetect-0.1.4.post2/setup.py,713,ast,1,1,setuptools
activereader-0.0.2,D:\10. RQ1 DySec\Step 9 DownloadSelectedBenignPackages\Benign_Packages\activereader-0.0.2.tar.gz,tar,activereader-0.0.2/setup.py,1809,ast,2,2,os; setuptools
adafruit-io-2.7.2,D:\10. RQ1 DySec\Step 9 DownloadSelectedBenignPackages\Benign_Packages\adafruit-io-2.7.2.tar.gz,tar,adafruit-io-2.7.2/setup.py,2246,ast,5,5,codecs; ez_setup; os; re; setuptools
Adafruit_seesaw-1.0,D:\10. RQ1 DySec\Step 9 DownloadSelectedBenignPackages\Benign_Packages\Adafruit_seesaw-1.0.tar.gz,tar,Adafruit_seesaw-1.0/setup.py,1403,ast,2,2,ez_setup; setuptools
adal-1.2.7,D:\10. RQ1 DySec\Step 9 DownloadSelectedBenignPackages\Benign_Packages\adal-1.2.7.tar.gz,tar,adal-1.2.7/setup.py,3220,ast,3,3,io; re; setuptools
adc-0.0.3,D:\10. RQ1 DySec\Step 9 DownloadSelectedBenignPackages\Benign_Packages\adc-0.0.3.tar.gz,tar,adc-0.0.3/setup.py,3317,ast,3,3,setuptools; subprocess; time
adlib-1.2.1,D:\10. RQ1 DySec\Step 9 DownloadSelectedBenignPackages\Benign_Packages\adlib-1.2.1.tar.gz,tar,adlib-1.2.1/setup.py,790,ast,1,1,setuptools
adm-0.1a0,D:\10. RQ1 DySec\Step 9 DownloadSelectedBenignPackages\Benign_Packages\adm-0.1a0.tar.gz,tar,adm-0.1a0/setup.py,2590,ast,3,3,distutils; os; sys
adminbypasser-2.0.1,D:\10. RQ1 DySec\Step 9 DownloadSelectedBenignPackages\Benign_Packages\adminbypasser-2.0.1.tar.gz,tar,adminbypasser-2.0.1/setup.py,1209,ast,1,1,setuptools
advsecurenet-0.2.3,D:\10. RQ1 DySec\Step 9 DownloadSelectedBenignPackages\Benign_Packages\advsecurenet-0.2.3.tar.gz,tar,advsecurenet-0.2.3/setup.py,1058,ast,2,2,os; setuptools
aenum-3.1.15,D:\10. RQ1 DySec\Step 9 DownloadSelectedBenignPackages\Benign_Packages\aenum-3.1.15.tar.gz,tar,aenum-3.1.15/setup.py,5054,ast,4,5,distutils; os; setuptools; sys
aesqlapius-0.0.9,D:\10. RQ1 DySec\Step 9 DownloadSelectedBenignPackages\Benign_Packages\aesqlapius-0.0.9.tar.gz,tar,aesqlapius-0.0.9/setup.py,1430,ast,2,2,os; setuptools
agdetector-1.0.0,D:\10. RQ1 DySec\Step 9 DownloadSelectedBenignPackages\Benign_Packages\agdetector-1.0.0.tar.gz,tar,agdetector-1.0.0/setup.py,1683,ast,1,1,setuptools
agentcoreclient-0.1.8,D:\10. RQ1 DySec\Step 9 DownloadSelectedBenignPackages\Benign_Packages\agentcoreclient-0.1.8.tar.gz,tar,agentcoreclient-0.1.8/setup.py,1569,ast,2,3,agentcoreclient; setuptools
ai-supporter-0.0.3,D:\10. RQ1 DySec\Step 9 DownloadSelectedBenignPackages\Benign_Packages\ai-supporter-0.0.3.tar.gz,tar,ai-supporter-0.0.3/setup.py,588,ast,2,2,os; setuptools
ai_images-0.1.1,D:\10. RQ1 DySec\Step 9 DownloadSelectedBenignPackages\Benign_Packages\ai_images-0.1.1.tar.gz,tar,ai_images-0.1.1/setup.py,405,ast,1,1,setuptools
aidoc-0.1.5,D:\10. RQ1 DySec\Step 9 DownloadSelectedBenignPackages\Benign_Packages\aidoc-0.1.5.tar.gz,tar,aidoc-0.1.5/setup.py,1145,ast,1,1,setuptools
aihttp-0.1,D:\10. RQ1 DySec\Step 9 DownloadSelectedBenignPackages\Benign_Packages\aihttp-0.1.tar.gz,tar,aihttp-0.1/setup.py,1227,ast,4,6,distutils; pathlib; setuptools; subprocess
aika-datagraph-1.0.0,D:\10. RQ1 DySec\Step 9 DownloadSelectedBenignPackages\Benign_Packages\aika-datagraph-1.0.0.tar.gz,tar,aika-datagraph-1.0.0/setup.py,73,ast,1,1,setuptools
aio.http-0.0.9,D:\10. RQ1 DySec\Step 9 DownloadSelectedBenignPackages\Benign_Packages\aio.http-0.0.9.tar.gz,tar,aio.http-0.0.9/setup.py,1278,ast,3,3,os; setuptools; sys
aioconsole-0.7.1,D:\10. RQ1 DySec\Step 9 DownloadSelectedBenignPackages\Benign_Packages\aioconsole-0.7.1.tar.gz,tar,aioconsole-0.7.1/setup.py,1264,ast,2,2,setuptools; sys
aiohttp-4.0.0a1,D:\10. RQ1 DySec\Step 9 DownloadSelectedBenignPackages\Benign_Packages\aiohttp-4.0.0a1.tar.gz,tar,aiohttp-4.0.0a1/setup.py,4312,ast,5,5,os; pathlib; re; setuptools; sys
aiohttp_proxy-0.1.2,D:\10. RQ1 DySec\Step 9 DownloadSelectedBenignPackages\Benign_Packages\aiohttp_proxy-0.1.2.tar.gz,tar,aiohttp_proxy-0.1.2/setup.py,1160,ast,6,6,codecs; distutils; os; re; setuptools; sys
aiohttp_request-0.0.2,D:\10. RQ1 DySec\Step 9 DownloadSelectedBenignPackages\Benign_Packages\aiohttp_request-0.0.2.tar.gz,tar,aiohttp_request-0.0.2/setup.py,1245,ast,4,4,io; os; re; setuptools
aiohttp_socks-0.9.0,D:\10. RQ1 DySec\Step 9 DownloadSelectedBenignPackages\Benign_Packages\aiohttp_socks-0.9.0.tar.gz,tar,aiohttp_socks-0.9.0/setup.py,1127,ast,4,4,os; re; setuptools; sys
aiohttp_socksx-0.8.4,D:\10. RQ1 DySec\Step 9 DownloadSelectedBenignPackages\Benign_Packages\aiohttp_socksx-0.8.4.tar.gz,tar,aiohttp_socksx-0.8.4/setup.py,1127,ast,4,4,os; re; setuptools; sys
aiohttpx-0.0.9,D:\10. RQ1 DySec\Step 9 DownloadSelectedBenignPackages\Benign_Packages\aiohttpx-0.0.9.tar.gz,tar,aiohttpx-0.0.9/setup.py,1490,ast,3,3,pathlib; setuptools; sys
aiohypixel-0.2.1,D:\10. RQ1 DySec\Step 9 DownloadSelectedBenignPackages\Benign_Packages\aiohypixel-0.2.1.tar.gz,tar,aiohypixel-0.2.1/setup.py,1797,ast,1,1,distutils
aiolo-4.1.1,D:\10. RQ1 DySec\Step 9 DownloadSelectedBenignPackages\Benign_Packages\aiolo-4.1.1.tar.gz,tar,aiolo-4.1.1/setup.py,4957,ast,8,10,Cython; __pypy__; glob; itertools; os; setuptools; subprocess; sys
aionlib-0.1.1,D:\10. RQ1 DySec\Step 9 DownloadSelectedBenignPackages\Benign_Packages\aionlib-0.1.1.tar.gz,tar,aionlib-0.1.1/setup.py,940,ast,1,1,setuptools
aiopaypal-0.1.4,D:\10. RQ1 DySec\Step 9 DownloadSelectedBenignPackages\Benign_Packages\aiopaypal-0.1.4.tar.gz,tar,aiopaypal-0.1.4/setup.py,920,ast,2,4,os; setuptools
aiosignal-1.3.1,D:\10. RQ1 DySec\Step 9 DownloadSelectedBenignPackages\Benign_Packages\aiosignal-1.3.1.tar.gz,tar,aiosignal-1.3.1/setup.py,69,ast,1,1,setuptools
aiosyncapi-0.0.6,D:\10. RQ1 DySec\Step 9 DownloadSelectedBenignPackages\Benign_Packages\aiosyncapi-0.0.6.tar.gz,tar,aiosyncapi-0.0.6/setup.py,717,ast,1,1,setuptools
aiot-0.0.6,D:\10. RQ1 DySec\Step 9 DownloadSelectedBenignPackages\Benign_Packages\aiot-0.0.6.tar.gz,tar,aiot-0.0.6/setup.py,744,ast,1,1,setuptools
aiotelegram-0.3.1,D:\10. RQ1 DySec\Step 9 DownloadSelectedBenignPackages\Benign_Packages\aiotelegram-0.3.1.tar.gz,tar,aiotelegram-0.3.1/setup.py,992,ast,3,3,os; re; setuptools
aiotkinter-0.2,D:\10. RQ1 DySec\Step 9 DownloadSelectedBenignPackages\Benign_Packages\aiotkinter-0.2.tar.gz,tar,aiotkinter-0.2/setup.py,862,ast,2,2,distutils; setuptools
aiovast-4.0.3,D:\10. RQ1 DySec\Step 9 DownloadSelectedBenignPackages\Benign_Packages\aiovast-4.0.3.tar.gz,tar,aiovast-4.0.3/setup.py,1271,ast,3,3,json; os; setuptools
aiowowapi-2.1.4,D:\10. RQ1 DySec\Step 9 DownloadSelectedBenignPackages\Benign_Packages\aiowowapi-2.1.4.tar.gz,tar,aiowowapi-2.1.4/setup.py,71,ast,1,1,setuptools
aira-0.4.0,D:\10. RQ1 DySec\Step 9 DownloadSelectedBenignPackages\Benign_Packages\aira-0.4.0.tar.gz,tar,aira-0.4.0/setup.py,1358,ast,2,2,re; setuptools
airduct-0.1.9,D:\10. RQ1 DySec\Step 9 DownloadSelectedBenignPackages\Benign_Packages\airduct-0.1.9.tar.gz,tar,airduct-0.1.9/setup.py,2727,ast,1,1,distutils
aitoolbox-1.8.0,D:\10. RQ1 DySec\Step 9 DownloadSelectedBenignPackages\Benign_Packages\aitoolbox-1.8.0.tar.gz,tar,aitoolbox-1.8.0/setup.py,1418,ast,1,1,setuptools
aivirtualassistant-1.0.0,D:\10. RQ1 DySec\Step 9 DownloadSelectedBenignPackages\Benign_Packages\aivirtualassistant-1.0.0.tar.gz,tar,aivirtualassistant-1.0.0/setup.py,1186,ast,3,3,codecs; os; setuptools
ajpuamjad-1.0,D:\10. RQ1 DySec\Step 9 DownloadSelectedBenignPackages\Benign_Packages\ajpuamjad-1.0.tar.gz,tar,ajpuamjad-1.0/setup.py,225,ast,2,2,pathlib; setuptools
albumsplit-1.0.0,D:\10. RQ1 DySec\Step 9 DownloadSelectedBenignPackages\Benign_Packages\albumsplit-1.0.0.tar.gz,tar,albumsplit-1.0.0/setup.py,478,ast,1,1,setuptools
alembic-1.13.2,D:\10. RQ1 DySec\Step 9 DownloadSelectedBenignPackages\Benign_Packages\alembic-1.13.2.tar.gz,tar,alembic-1.13.2/setup.py,197,ast,1,2,setuptools
algokit-learn-0.0.1,D:\10. RQ1 DySec\Step 9 DownloadSelectedBenignPackages\Benign_Packages\algokit-learn-0.0.1.tar.gz,tar,algokit-learn-0.0.1/setup.py,518,ast,1,1,setuptools
aliboostanpdf-1.0,D:\10. RQ1 DySec\Step 9 DownloadSelectedBenignPackages\Benign_Packages\aliboostanpdf-1.0.tar.gz,tar,aliboostanpdf-1.0/setup.py,231,ast,2,2,pathlib; setuptools
aliyunsdkcore-1.0.3,D:\10. RQ1 DySec\Step 9 DownloadSelectedBenignPackages\Benign_Packages\aliyunsdkcore-1.0.3.tar.gz,tar,aliyunsdkcore-1.0.3/setup.py,12797,ast,2,2,os; setuptools
alkana-0.0.3,D:\10. RQ1 DySec\Step 9 DownloadSelectedBenignPackages\Benign_Packages\alkana-0.0.3.tar.gz,tar,alkana-0.0.3/setup.py,1015,ast,2,2,pathlib; setuptools
allocutez-1.1,D:\10. RQ1 DySec\Step 9 DownloadSelectedBenignPackages\Benign_Packages\allocutez-1.1.tar.gz,tar,allocutez-1.1/setup.py,1591,ast,2,2,distutils; pathlib
allow-0.0.3,D:\10. RQ1 DySec\Step 9 DownloadSelectedBenignPackages\Benign_Packages\allow-0.0.3.tar.gz,tar,allow-0.0.3/setup.py,1644,ast,6,7,distutils; pypandoc; pytest; setuptools; subprocess; sys
almost-0.1.dev,D:\10. RQ1 DySec\Step 9 DownloadSelectedBenignPackages\Benign_Packages\almost-0.1.dev.tar.gz,tar,almost-0.1.dev/setup.py,2188,ast,4,5,__future__; re; setuptools; sys
amazon_pay-2.7.1,D:\10. RQ1 DySec\Step 9 DownloadSelectedBenignPackages\Benign_Packages\amazon_pay-2.7.1.tar.gz,tar,amazon_pay-2.7.1/setup.py,1235,ast,2,2,amazon_pay; setuptools
amazoned-0.1,D:\10. RQ1 DySec\Step 9 DownloadSelectedBenignPackages\Benign_Packages\amazoned-0.1.tar.gz,tar,amazoned-0.1/setup.py,552,ast,1,1,setuptools
amazonpy-2.0.0,D:\10. RQ1 DySec\Step 9 DownloadSelectedBenignPackages\Benign_Packages\amazonpy-2.0.0.tar.gz,tar,amazonpy-2.0.0/setup.py,993,ast,3,3,codecs; os; setuptools
amazontrends-0.0.6,D:\10. RQ1 DySec\Step 9 DownloadSelectedBenignPackages\Benign_Packages\amazontrends-0.0.6.tar.gz,tar,amazontrends-0.0.6/setup.py,759,ast,2,2,os; setuptools
amcheck-1.0.0,D:\10. RQ1 DySec\Step 9 DownloadSelectedBenignPackages\Benign_Packages\amcheck-1.0.0.tar.gz,tar,amcheck-1.0.0/setup.py,7486,ast,1,1,setuptools
aml-pipeline-0.0.1,D:\10. RQ1 DySec\Step 9 DownloadSelectedBenignPackages\Benign_Packages\aml-pipeline-0.0.1.tar.gz,tar,aml-pipeline-0.0.1/setup.py,785,ast,1,1,setuptools
amtool-0.1.9,D:\10. RQ1 DySec\Step 9 DownloadSelectedBenignPackages\Benign_Packages\amtool-0.1.9.tar.gz,tar,amtool-0.1.9/setup.py,1754,ast,1,1,setuptools
analiz-1.0,D:\10. RQ1 DySec\Step 9 DownloadSelectedBenignPackages\Benign_Packages\analiz-1.0.tar.gz,tar,analiz-1.0/setup.py,586,ast,1,1,setuptools
Analogy-0.1,D:\10. RQ1 DySec\Step 9 DownloadSelectedBenignPackages\Benign_Packages\Analogy-0.1.tar.gz,tar,Analogy-0.1/setup.py,801,ast,1,1,setuptools
analytics-python-1.4.post1,D:\10. RQ1 DySec\Step 9 DownloadSelectedBenignPackages\Benign_Packages\analytics-python-1.4.post1.tar.gz,tar,analytics-python-1.4.post1/setup.py,2418,ast,5,5,distutils; os; setuptools; sys; version
Analyze-1.0.1,D:\10. RQ1 DySec\Step 9 DownloadSelectedBenignPackages\Benign_Packages\Analyze-1.0.1.tar.gz,tar,Analyze-1.0.1/setup.py,2246,ast,1,1,setuptools
android_keygen-1,D:\10. RQ1 DySec\Step 9 DownloadSelectedBenignPackages\Benign_Packages\android_keygen-1.tar.gz,tar,android_keygen-1/setup.py,646,ast,3,3,constants; setuptools; sys
android_prober-0.1.7,D:\10. RQ1 DySec\Step 9 DownloadSelectedBenignPackages\Benign_Packages\android_prober-0.1.7.tar.gz,tar,android_prober-0.1.7/setup.py,990,ast,4,5,os; pathlib; setuptools; sys
andystring-1.0,D:\10. RQ1 DySec\Step 9 DownloadSelectedBenignPackages\Benign_Packages\andystring-1.0.tar.gz,tar,andystring-1.0/setup.py,1196,ast,1,1,setuptools
aniso8601-9.0.1,D:\10. RQ1 DySec\Step 9 DownloadSelectedBenignPackages\Benign_Packages\aniso8601-9.0.1.tar.gz,tar,aniso8601-9.0.1/setup.py,1957,ast,4,4,aniso8601; os; setuptools; sys
annotate-1.0.9,D:\10. RQ1 DySec\Step 9 DownloadSelectedBenignPackages\Benign_Packages\annotate-1.0.9.zip,zip,annotate-1.0.9/setup.py,812,ast,4,4,glob; io; os; setuptools
AnsiColorsLib-1.0.3,D:\10. RQ1 DySec\Step 9 DownloadSelectedBenignPackages\Benign_Packages\AnsiColorsLib-1.0.3.tar.gz,tar,AnsiColorsLib-1.0.3/setup.py,767,ast,1,1,setuptools
anson-0.0.0a0,D:\10. RQ1 DySec\Step 9 DownloadSelectedBenignPackages\Benign_Packages\anson-0.0.0a0.tar.gz,tar,anson-0.0.0a0/setup.py,823,ast,1,2,setuptools
antchain_abcdjb-1.0.3,D:\10. RQ1 DySec\Step 9 DownloadSelectedBenignPackages\Benign_Packages\antchain_abcdjb-1.0.3.tar.gz,tar,antchain_abcdjb-1.0.3/setup.py,2503,ast,2,2,os; setuptools
antchain_abcdjb1-1.0.0,D:\10. RQ1 DySec\Step 9 DownloadSelectedBenignPackages\Benign_Packages\antchain_abcdjb1-1.0.0.tar.gz,tar,antchain_abcdjb1-1.0.0/setup.py,2508,ast,2,2,os; setuptools
antchain_acc-1.1.51,D:\10. RQ1 DySec\Step 9 DownloadSelectedBenignPackages\Benign_Packages\antchain_acc-1.1.51.tar.gz,tar,antchain_acc-1.1.51/setup.py,2488,ast,2,2,os; setuptools
antchain_account-1.0.9,D:\10. RQ1 DySec\Step 9 DownloadSelectedBenignPackages\Benign_Packages\antchain_account-1.0.9.tar.gz,tar,antchain_account-1.0.9/setup.py,2508,ast,2,2,os; setuptools
antchain_acm-1.5.2,D:\10. RQ1 DySec\Step 9 DownloadSelectedBenignPackages\Benign_Packages\antchain_acm-1.5.2.tar.gz,tar,antchain_acm-1.5.2/setup.py,2489,ast,2,2,os; setuptools
antchain_acs_iot-1.0.1,D:\10. RQ1 DySec\Step 9 DownloadSelectedBenignPackages\Benign_Packages\antchain_acs_iot-1.0.1.tar.gz,tar,antchain_acs_iot-1.0.1/setup.py,2510,ast,2,2,os; setuptools
antchain_baas_midway-1.0.1,D:\10. RQ1 DySec\Step 9 DownloadSelectedBenignPackages\Benign_Packages\antchain_baas_midway-1.0.1.tar.gz,tar,antchain_baas_midway-1.0.1/setup.py,2530,ast,2,2,os; setuptools
antchain_baasplus-1.2.8,D:\10. RQ1 DySec\Step 9 DownloadSelectedBenignPackages\Benign_Packages\antchain_baasplus-1.2.8.tar.gz,tar,antchain_baasplus-1.2.8/setup.py,2514,ast,2,2,os; setuptools
antchain_billing-1.3.1,D:\10. RQ1 DySec\Step 9 DownloadSelectedBenignPackages\Benign_Packages\antchain_billing-1.3.1.tar.gz,tar,antchain_billing-1.3.1/setup.py,2508,ast,2,2,os; setuptools
antchain_blockchain-1.28.20,D:\10. RQ1 DySec\Step 9 DownloadSelectedBenignPackages\Benign_Packages\antchain_blockchain-1.28.20.tar.gz,tar,antchain_blockchain-1.28.20/setup.py,2524,ast,2,2,os; setuptools
antchain_blockchain-1.28.24,D:\10. RQ1 DySec\Step 9 DownloadSelectedBenignPackages\Benign_Packages\antchain_blockchain-1.28.24.tar.gz,tar,antchain_blockchain-1.28.24/setup.py,2524,ast,2,2,os; setuptools
antchain_cafecmdb-1.0.27,D:\10. RQ1 DySec\Step 9 DownloadSelectedBenignPackages\Benign_Packages\antchain_cafecmdb-1.0.27.tar.gz,tar,antchain_cafecmdb-1.0.27/setup.py,2513,ast,2,2,os; setuptools
antchain_cas-1.4.59,D:\10. RQ1 DySec\Step 9 DownloadSelectedBenignPackages\Benign_Packages\antchain_cas-1.4.59.tar.gz,tar,antchain_cas-1.4.59/setup.py,2488,ast,2,2,os; setuptools
antchain_cat-1.0.0,D:\10. RQ1 DySec\Step 9 DownloadSelectedBenignPackages\Benign_Packages\antchain_cat-1.0.0.tar.gz,tar,antchain_cat-1.0.0/setup.py,2488,ast,2,2,os; setuptools
antchain_commercial-1.0.26,D:\10. RQ1 DySec\Step 9 DownloadSelectedBenignPackages\Benign_Packages\antchain_commercial-1.0.26.tar.gz,tar,antchain_commercial-1.0.26/setup.py,2523,ast,2,2,os; setuptools
antchain_commercialexternal-1.0.7,D:\10. RQ1 DySec\Step 9 DownloadSelectedBenignPackages\Benign_Packages\antchain_commercialexternal-1.0.7.tar.gz,tar,antchain_commercialexternal-1.0.7/setup.py,2563,ast,2,2,os; setuptools
antchain_das-1.1.6,D:\10. RQ1 DySec\Step 9 DownloadSelectedBenignPackages\Benign_Packages\antchain_das-1.1.6.tar.gz,tar,antchain_das-1.1.6/setup.py,2488,ast,2,2,os; setuptools
antchain_dog-1.1.23,D:\10. RQ1 DySec\Step 9 DownloadSelectedBenignPackages\Benign_Packages\antchain_dog-1.1.23.tar.gz,tar,antchain_dog-1.1.23/setup.py,2493,ast,2,2,os; setuptools
antchain_donpa-1.0.4,D:\10. RQ1 DySec\Step 9 DownloadSelectedBenignPackages\Benign_Packages\antchain_donpa-1.0.4.tar.gz,tar,antchain_donpa-1.0.4/setup.py,2498,ast,2,2,os; setuptools
antchain_ebc-1.3.8,D:\10. RQ1 DySec\Step 9 DownloadSelectedBenignPackages\Benign_Packages\antchain_ebc-1.3.8.tar.gz,tar,antchain_ebc-1.3.8/setup.py,2613,ast,3,3,os; setuptools; sys
antchain_ent-1.4.8,D:\10. RQ1 DySec\Step 9 DownloadSelectedBenignPackages\Benign_Packages\antchain_ent-1.4.8.tar.gz,tar,antchain_ent-1.4.8/setup.py,2488,ast,2,2,os; setuptools
antchain_gatewayx-1.0.9,D:\10. RQ1 DySec\Step 9 DownloadSelectedBenignPackages\Benign_Packages\antchain_gatewayx-1.0.9.tar.gz,tar,antchain_gatewayx-1.0.9/setup.py,2514,ast,2,2,os; setuptools
antchain_goodschain-1.0.4,D:\10. RQ1 DySec\Step 9 DownloadSelectedBenignPackages\Benign_Packages\antchain_goodschain-1.0.4.tar.gz,tar,antchain_goodschain-1.0.4/setup.py,2523,ast,2,2,os; setuptools
antchain_iam-3.12.8,D:\10. RQ1 DySec\Step 9 DownloadSelectedBenignPackages\Benign_Packages\antchain_iam-3.12.8.tar.gz,tar,antchain_iam-3.12.8/setup.py,2488,ast,2,2,os; setuptools
antchain_industry-1.3.2,D:\10. RQ1 DySec\Step 9 DownloadSelectedBenignPackages\Benign_Packages\antchain_industry-1.3.2.tar.gz,tar,antchain_industry-1.3.2/setup.py,2513,ast,2,2,os; setuptools
antchain_loadtestmock-1.0.0,D:\10. RQ1 DySec\Step 9 DownloadSelectedBenignPackages\Benign_Packages\antchain_loadtestmock-1.0.0.tar.gz,tar,antchain_loadtestmock-1.0.0/setup.py,2533,ast,2,2,os; setuptools
antchain_mq-3.8.22,D:\10. RQ1 DySec\Step 9 DownloadSelectedBenignPackages\Benign_Packages\antchain_mq-3.8.22.tar.gz,tar,antchain_mq-3.8.22/setup.py,2483,ast,2,2,os; setuptools
antchain_ms-3.4.0,D:\10. RQ1 DySec\Step 9 DownloadSelectedBenignPackages\Benign_Packages\antchain_ms-3.4.0.tar.gz,tar,antchain_ms-3.4.0/setup.py,2483,ast,2,2,os; setuptools
antchain_mytc-1.6.4,D:\10. RQ1 DySec\Step 9 DownloadSelectedBenignPackages\Benign_Packages\antchain_mytc-1.6.4.tar.gz,tar,antchain_mytc-1.6.4/setup.py,2494,ast,2,2,os; setuptools
antchain_notification-1.0.4,D:\10. RQ1 DySec\Step 9 DownloadSelectedBenignPackages\Benign_Packages\antchain_notification-1.0.4.tar.gz,tar,antchain_notification-1.0.4/setup.py,2533,ast,2,2,os; setuptools
antchain_op-3.2.3,D:\10. RQ1 DySec\Step 9 DownloadSelectedBenignPackages\Benign_Packages\antchain_op-3.2.3.tar.gz,tar,antchain_op-3.2.3/setup.py,2483,ast,2,2,os; setuptools
antchain_pcc-1.3.7,D:\10. RQ1 DySec\Step 9 DownloadSelectedBenignPackages\Benign_Packages\antchain_pcc-1.3.7.tar.gz,tar,antchain_pcc-1.3.7/setup.py,2488,ast,2,2,os; setuptools
antchain_realperson-1.9.0,D:\10. RQ1 DySec\Step 9 DownloadSelectedBenignPackages\Benign_Packages\antchain_realperson-1.9.0.tar.gz,tar,antchain_realperson-1.9.0/setup.py,2523,ast,2,2,os; setuptools
antchain_rms-1.3.273,D:\10. RQ1 DySec\Step 9 DownloadSelectedBenignPackages\Benign_Packages\antchain_rms-1.3.273.tar.gz,tar,antchain_rms-1.3.273/setup.py,2488,ast,2,2,os; setuptools
antchain_sds-1.3.0,D:\10. RQ1 DySec\Step 9 DownloadSelectedBenignPackages\Benign_Packages\antchain_sds-1.3.0.tar.gz,tar,antchain_sds-1.3.0/setup.py,2489,ast,2,2,os; setuptools
antchain_shuziwuliu-1.7.2,D:\10. RQ1 DySec\Step 9 DownloadSelectedBenignPackages\Benign_Packages\antchain_shuziwuliu-1.7.2.tar.gz,tar,antchain_shuziwuliu-1.7.2/setup.py,2524,ast,2,2,os; setuptools
antchain_smartaccount-1.0.0,D:\10. RQ1 DySec\Step 9 DownloadSelectedBenignPackages\Benign_Packages\antchain_smartaccount-1.0.0.tar.gz,tar,antchain_smartaccount-1.0.0/setup.py,2533,ast,2,2,os; setuptools
antchain_sp-4.1.4,D:\10. RQ1 DySec\Step 9 DownloadSelectedBenignPackages\Benign_Packages\antchain_sp-4.1.4.tar.gz,tar,antchain_sp-4.1.4/setup.py,2483,ast,2,2,os; setuptools
antchain_stlr-2.9.2,D:\10. RQ1 DySec\Step 9 DownloadSelectedBenignPackages\Benign_Packages\antchain_stlr-2.9.2.tar.gz,tar,antchain_stlr-2.9.2/setup.py,2494,ast,2,2,os; setuptools
antchain_tam-1.3.3,D:\10. RQ1 DySec\Step 9 DownloadSelectedBenignPackages\Benign_Packages\antchain_tam-1.3.3.tar.gz,tar,antchain_tam-1.3.3/setup.py,2489,ast,2,2,os; setuptools
antchain_tdm-1.1.8,D:\10. RQ1 DySec\Step 9 DownloadSelectedBenignPackages\Benign_Packages\antchain_tdm-1.1.8.tar.gz,tar,antchain_tdm-1.1.8/setup.py,2488,ast,2,2,os; setuptools
antchain_zjlm-1.0.2,D:\10. RQ1 DySec\Step 9 DownloadSelectedBenignPackages\Benign_Packages\antchain_zjlm-1.0.2.tar.gz,tar,antchain_zjlm-1.0.2/setup.py,2493,ast,2,2,os; setuptools
antiafk-1.0.0,D:\10. RQ1 DySec\Step 9 DownloadSelectedBenignPackages\Benign_Packages\antiafk-1.0.0.tar.gz,tar,antiafk-1.0.0/setup.py,1438,ast,2,2,os; setuptools
anyencoder-0.0.3,D:\10. RQ1 DySec\Step 9 DownloadSelectedBenignPackages\Benign_Packages\anyencoder-0.0.3.tar.gz,tar,anyencoder-0.0.3/setup.py,986,ast,1,1,setuptools
anyhttp-0.1,D:\10. RQ1 DySec\Step 9 DownloadSelectedBenignPackages\Benign_Packages\anyhttp-0.1.tar.gz,tar,anyhttp-0.1/setup.py,3212,ast,6,6,anyhttp; os; setuptools; sys; unittest; unittest2
aparatlib-0.5.2,D:\10. RQ1 DySec\Step 9 DownloadSelectedBenignPackages\Benign_Packages\aparatlib-0.5.2.tar.gz,tar,aparatlib-0.5.2/setup.py,1478,ast,1,1,setuptools
apclusterv-1.2.5,D:\10. RQ1 DySec\Step 9 DownloadSelectedBenignPackages\Benign_Packages\apclusterv-1.2.5.tar.gz,tar,apclusterv-1.2.5/setup.py,1453,ast,2,2,os; setuptools
apds9960-0.2,D:\10. RQ1 DySec\Step 9 DownloadSelectedBenignPackages\Benign_Packages\apds9960-0.2.tar.gz,tar,apds9960-0.2/setup.py,867,ast,1,1,distutils
api-1.0.0.dev5,D:\10. RQ1 DySec\Step 9 DownloadSelectedBenignPackages\Benign_Packages\api-1.0.0.dev5.tar.gz,tar,api-1.0.0.dev5/setup.py,117,ast,1,1,setuptools
api_toolkit-0.3.9,D:\10. RQ1 DySec\Step 9 DownloadSelectedBenignPackages\Benign_Packages\api_toolkit-0.3.9.tar.gz,tar,api_toolkit-0.3.9/setup.py,1662,ast,4,5,os; setuptools; sys; tox
apibackuper-1.0.8,D:\10. RQ1 DySec\Step 9 DownloadSelectedBenignPackages\Benign_Packages\apibackuper-1.0.8.tar.gz,tar,apibackuper-1.0.8/setup.py,3549,ast,8,9,apibackuper; argparse; codecs; io; pytest; re; setuptools; sys
apidev-coop_cms-1.6.5,D:\10. RQ1 DySec\Step 9 DownloadSelectedBenignPackages\Benign_Packages\apidev-coop_cms-1.6.5.tar.gz,tar,apidev-coop_cms-1.6.5/setup.py,1723,ast,3,4,ez_setup; os; setuptools
apirequests-0.0.8,D:\10. RQ1 DySec\Step 9 DownloadSelectedBenignPackages\Benign_Packages\apirequests-0.0.8.tar.gz,tar,apirequests-0.0.8/setup.py,724,ast,2,2,os; setuptools
apkg-0.5.1,D:\10. RQ1 DySec\Step 9 DownloadSelectedBenignPackages\Benign_Packages\apkg-0.5.1.tar.gz,tar,apkg-0.5.1/setup.py,627,ast,2,2,os; setuptools
app_client-0.0.2,D:\10. RQ1 DySec\Step 9 DownloadSelectedBenignPackages\Benign_Packages\app_client-0.0.2.tar.gz,tar,app_client-0.0.2/setup.py,328,ast,1,1,setuptools
appdefender-0.4.3,D:\10. RQ1 DySec\Step 9 DownloadSelectedBenignPackages\Benign_Packages\appdefender-0.4.3.tar.gz,tar,appdefender-0.4.3/setup.py,1241,ast,2,2,pathlib; setuptools
appdirs-1.4.4,D:\10. RQ1 DySec\Step 9 DownloadSelectedBenignPackages\Benign_Packages\appdirs-1.4.4.tar.gz,tar,appdirs-1.4.4/setup.py,2153,ast,5,6,ast; distutils; os; setuptools; sys
appetizer-1.0.0,D:\10. RQ1 DySec\Step 9 DownloadSelectedBenignPackages\Benign_Packages\appetizer-1.0.0.tar.gz,tar,appetizer-1.0.0/setup.py,851,ast,2,2,os; setuptools
apple-music-python-1.0.5,D:\10. RQ1 DySec\Step 9 DownloadSelectedBenignPackages\Benign_Packages\apple-music-python-1.0.5.tar.gz,tar,apple-music-python-1.0.5/setup.py,609,ast,1,1,setuptools
applepush-0.0.2,D:\10. RQ1 DySec\Step 9 DownloadSelectedBenignPackages\Benign_Packages\applepush-0.0.2.tar.gz,tar,applepush-0.0.2/setup.py,350,ast,1,1,setuptools
applicationinsights-0.11.10,D:\10. RQ1 DySec\Step 9 DownloadSelectedBenignPackages\Benign_Packages\applicationinsights-0.11.10.tar.gz,tar,applicationinsights-0.11.10/setup.py,2494,ast,3,3,codecs; os; setuptools
APT_stats-0.0.4,D:\10. RQ1 DySec\Step 9 DownloadSelectedBenignPackages\Benign_Packages\APT_stats-0.0.4.tar.gz,tar,APT_stats-0.0.4/setup.py,728,ast,1,2,setuptools
apush-0.2.3,D:\10. RQ1 DySec\Step 9 DownloadSelectedBenignPackages\Benign_Packages\apush-0.2.3.tar.gz,tar,apush-0.2.3/setup.py,518,ast,1,1,setuptools
aquests-0.8.9.3,D:\10. RQ1 DySec\Step 9 DownloadSelectedBenignPackages\Benign_Packages\aquests-0.8.9.3.tar.gz,tar,aquests-0.8.9.3/setup.py,2894,ast,9,9,distutils; glob; os; re; setuptools; shutil; site; sys; warnings
arangodb-0.0.9,D:\10. RQ1 DySec\Step 9 DownloadSelectedBenignPackages\Benign_Packages\arangodb-0.0.9.tar.gz,tar,arangodb-0.0.9/setup.py,1901,ast,4,5,os; pytest; setuptools; sys
arangodb-pythongraph-0.1.4,D:\10. RQ1 DySec\Step 9 DownloadSelectedBenignPackages\Benign_Packages\arangodb-pythongraph-0.1.4.tar.gz,tar,arangodb-pythongraph-0.1.4/setup.py,3178,ast,1,1,setuptools
arcalive-0.5.3,D:\10. RQ1 DySec\Step 9 DownloadSelectedBenignPackages\Benign_Packages\arcalive-0.5.3.tar.gz,tar,arcalive-0.5.3/setup.py,674,ast,1,1,setuptools
arcane-snapchat-0.2.0,D:\10. RQ1 DySec\Step 9 DownloadSelectedBenignPackages\Benign_Packages\arcane-snapchat-0.2.0.tar.gz,tar,arcane-snapchat-0.2.0/setup.py,1264,ast,1,1,setuptools
arcane-stackdriver-1.0.0,D:\10. RQ1 DySec\Step 9 DownloadSelectedBenignPackages\Benign_Packages\arcane-stackdriver-1.0.0.tar.gz,tar,arcane-stackdriver-1.0.0/setup.py,1144,ast,1,1,setuptools
architect-0.6.0,D:\10. RQ1 DySec\Step 9 DownloadSelectedBenignPackages\Benign_Packages\architect-0.6.0.tar.gz,tar,architect-0.6.0/setup.py,2853,ast,4,5,nose; os; setuptools; sys
Archive-0.3,D:\10. RQ1 DySec\Step 9 DownloadSelectedBenignPackages\Benign_Packages\Archive-0.3.tar.gz,tar,Archive-0.3/setup.py,537,ast,1,1,setuptools
arcpy_virtualenv-10.5,D:\10. RQ1 DySec\Step 9 DownloadSelectedBenignPackages\Benign_Packages\arcpy_virtualenv-10.5.tar.gz,tar,arcpy_virtualenv-10.5/setup.py,256,ast,1,1,setuptools
arequests-0.1.1,D:\10. RQ1 DySec\Step 9 DownloadSelectedBenignPackages\Benign_Packages\arequests-0.1.1.tar.gz,tar,arequests-0.1.1/setup.py,545,ast,1,1,distutils
arg-0.0.1,D:\10. RQ1 DySec\Step 9 DownloadSelectedBenignPackages\Benign_Packages\arg-0.0.1.tar.gz,tar,arg-0.0.1/setup.py,970,ast,2,2,setuptools; sys
argcomplete-3.5.0,D:\10. RQ1 DySec\Step 9 DownloadSelectedBenignPackages\Benign_Packages\argcomplete-3.5.0.tar.gz,tar,argcomplete-3.5.0/setup.py,372,ast,2,2,glob; setuptools
argcomplete-3.5.0,D:\10. RQ1 DySec\Step 9 DownloadSelectedBenignPackages\Benign_Packages\argcomplete-3.5.0.tar.gz,tar,argcomplete-3.5.0/test/test_package/setup.py,299,ast,1,1,setuptools
argon2-cffi-bindings-21.2.0,D:\10. RQ1 DySec\Step 9 DownloadSelectedBenignPackages\Benign_Packages\argon2-cffi-bindings-21.2.0.tar.gz,tar,argon2-cffi-bindings-21.2.0/setup.py,3511,ast,5,5,pathlib; platform; setuptools; sys; wheel
argparse-1.4.0,D:\10. RQ1 DySec\Step 9 DownloadSelectedBenignPackages\Benign_Packages\argparse-1.4.0.tar.gz,tar,argparse-1.4.0/setup.py,1372,ast,4,4,argparse; os; setuptools; sys
argreq-0.2.0,D:\10. RQ1 DySec\Step 9 DownloadSelectedBenignPackages\Benign_Packages\argreq-0.2.0.tar.gz,tar,argreq-0.2.0/setup.py,681,ast,2,2,argreq; setuptools
argsrun-0.0.2,D:\10. RQ1 DySec\Step 9 DownloadSelectedBenignPackages\Benign_Packages\argsrun-0.0.2.tar.gz,tar,argsrun-0.0.2/setup.py,1817,ast,3,3,os; re; setuptools
argus_python-0.1.1,D:\10. RQ1 DySec\Step 9 DownloadSelectedBenignPackages\Benign_Packages\argus_python-0.1.1.tar.gz,tar,argus_python-0.1.1/setup.py,1562,ast,1,1,setuptools
ari-0.1.3,D:\10. RQ1 DySec\Step 9 DownloadSelectedBenignPackages\Benign_Packages\ari-0.1.3.tar.gz,tar,ari-0.1.3/setup.py,954,ast,2,2,os; setuptools
arrow-1.3.0,D:\10. RQ1 DySec\Step 9 DownloadSelectedBenignPackages\Benign_Packages\arrow-1.3.0.tar.gz,tar,arrow-1.3.0/setup.py,965,ast,1,1,distutils
arya-1.1.5,D:\10. RQ1 DySec\Step 9 DownloadSelectedBenignPackages\Benign_Packages\arya-1.1.5.tar.gz,tar,arya-1.1.5/setup.py,1819,ast,5,7,distutils; os; pytest; setuptools; sys
asaloader-0.5.8,D:\10. RQ1 DySec\Step 9 DownloadSelectedBenignPackages\Benign_Packages\asaloader-0.5.8.tar.gz,tar,asaloader-0.5.8/setup.py,1095,ast,4,4,asaloader; os; setuptools; utils
ascii-3.6,D:\10. RQ1 DySec\Step 9 DownloadSelectedBenignPackages\Benign_Packages\ascii-3.6.tar.gz,tar,ascii-3.6/setup.py,503,ast,1,1,distutils
ascii_art-0.1.0,D:\10. RQ1 DySec\Step 9 DownloadSelectedBenignPackages\Benign_Packages\ascii_art-0.1.0.tar.gz,tar,ascii_art-0.1.0/setup.py,969,ast,2,2,ascii_art; setuptools
ascii_chiper-0.1.4,D:\10. RQ1 DySec\Step 9 DownloadSelectedBenignPackages\Benign_Packages\ascii_chiper-0.1.4.tar.gz,tar,ascii_chiper-0.1.4/setup.py,1124,ast,1,1,setuptools
ascii_colors-0.4.2,D:\10. RQ1 DySec\Step 9 DownloadSelectedBenignPackages\Benign_Packages\ascii_colors-0.4.2.tar.gz,tar,ascii_colors-0.4.2/setup.py,1251,ast,1,1,setuptools
asciiart-0.2,D:\10. RQ1 DySec\Step 9 DownloadSelectedBenignPackages\Benign_Packages\asciiart-0.2.tar.gz,tar,asciiart-0.2/setup.py,840,ast,1,1,setuptools
asciitext-0.0.5,D:\10. RQ1 DySec\Step 9 DownloadSelectedBenignPackages\Benign_Packages\asciitext-0.0.5.tar.gz,tar,asciitext-0.0.5/setup.py,2047,ast,1,1,setuptools
asdfghjkl-0.1a4,D:\10. RQ1 DySec\Step 9 DownloadSelectedBenignPackages\Benign_Packages\asdfghjkl-0.1a4.tar.gz,tar,asdfghjkl-0.1a4/setup.py,69,ast,1,1,setuptools
asdjgasdghasdhjgasghd-1.0.7,D:\10. RQ1 DySec\Step 9 DownloadSelectedBenignPackages\Benign_Packages\asdjgasdghasdhjgasghd-1.0.7.tar.gz,tar,asdjgasdghasdhjgasghd-1.0.7/setup.py,1492,ast,1,1,setuptools
asgiref-3.8.1,D:\10. RQ1 DySec\Step 9 DownloadSelectedBenignPackages\Benign_Packages\asgiref-3.8.1.tar.gz,tar,asgiref-3.8.1/setup.py,70,ast,1,1,setuptools
ashcrypt-4.0.0,D:\10. RQ1 DySec\Step 9 DownloadSelectedBenignPackages\Benign_Packages\ashcrypt-4.0.0.tar.gz,tar,ashcrypt-4.0.0/setup.py,1533,ast,1,1,setuptools
asmita_matplotlib-1.0,D:\10. RQ1 DySec\Step 9 DownloadSelectedBenignPackages\Benign_Packages\asmita_matplotlib-1.0.tar.gz,tar,asmita_matplotlib-1.0/setup.py,248,ast,2,2,pathlib; setuptools
asn1crypto-1.5.1,D:\10. RQ1 DySec\Step 9 DownloadSelectedBenignPackages\Benign_Packages\asn1crypto-1.5.1.tar.gz,tar,asn1crypto-1.5.1/setup.py,4892,ast,6,8,codecs; os; setuptools; shutil; sys; warnings
asrequests-0.1.1,D:\10. RQ1 DySec\Step 9 DownloadSelectedBenignPackages\Benign_Packages\asrequests-0.1.1.tar.gz,tar,asrequests-0.1.1/setup.py,1742,ast,1,1,setuptools
asteroid-0.7.0.dev0,D:\10. RQ1 DySec\Step 9 DownloadSelectedBenignPackages\Benign_Packages\asteroid-0.7.0.dev0.tar.gz,tar,asteroid-0.7.0.dev0/setup.py,2353,ast,4,4,codecs; os; re; setuptools
asteroid-filterbanks-0.4.0,D:\10. RQ1 DySec\Step 9 DownloadSelectedBenignPackages\Benign_Packages\asteroid-filterbanks-0.4.0.tar.gz,tar,asteroid-filterbanks-0.4.0/setup.py,1575,ast,4,4,codecs; os; re; setuptools
astload-0.1.1,D:\10. RQ1 DySec\Step 9 DownloadSelectedBenignPackages\Benign_Packages\astload-0.1.1.tar.gz,tar,astload-0.1.1/setup.py,37,ast,1,1,setuptools
astra-http-0.0.0,D:\10. RQ1 DySec\Step 9 DownloadSelectedBenignPackages\Benign_Packages\astra-http-0.0.0.tar.gz,tar,astra-http-0.0.0/setup.py,1202,ast,5,5,__future__; io; os; setuptools; sys
astral-3.2,D:\10. RQ1 DySec\Step 9 DownloadSelectedBenignPackages\Benign_Packages\astral-3.2.tar.gz,tar,astral-3.2/setup.py,1301,ast,1,1,setuptools
astrality-1.1.1,D:\10. RQ1 DySec\Step 9 DownloadSelectedBenignPackages\Benign_Packages\astrality-1.1.1.tar.gz,tar,astrality-1.1.1/setup.py,1355,ast,2,2,pathlib; setuptools
asttokens-2.4.1,D:\10. RQ1 DySec\Step 9 DownloadSelectedBenignPackages\Benign_Packages\asttokens-2.4.1.tar.gz,tar,asttokens-2.4.1/setup.py,211,ast,1,1,setuptools
async-0.6.2,D:\10. RQ1 DySec\Step 9 DownloadSelectedBenignPackages\Benign_Packages\async-0.6.2.tar.gz,tar,async-0.6.2/setup.py,3613,ast,4,5,distutils; os; setuptools; sys
async-dispatch-0.1,D:\10. RQ1 DySec\Step 9 DownloadSelectedBenignPackages\Benign_Packages\async-dispatch-0.1.tar.gz,tar,async-dispatch-0.1/setup.py,670,ast,1,1,setuptools
async-lru-2.0.4,D:\10. RQ1 DySec\Step 9 DownloadSelectedBenignPackages\Benign_Packages\async-lru-2.0.4.tar.gz,tar,async-lru-2.0.4/setup.py,39,ast,1,1,setuptools
async-timeout-4.0.3,D:\10. RQ1 DySec\Step 9 DownloadSelectedBenignPackages\Benign_Packages\async-timeout-4.0.3.tar.gz,tar,async-timeout-4.0.3/setup.py,39,ast,1,1,setuptools
asynccli-0.1.3,D:\10. RQ1 DySec\Step 9 DownloadSelectedBenignPackages\Benign_Packages\asynccli-0.1.3.tar.gz,tar,asynccli-0.1.3/setup.py,844,ast,1,1,setuptools
asyncinit-0.2.4,D:\10. RQ1 DySec\Step 9 DownloadSelectedBenignPackages\Benign_Packages\asyncinit-0.2.4.tar.gz,tar,asyncinit-0.2.4/setup.py,829,ast,1,1,setuptools
asyncio-3.4.3,D:\10. RQ1 DySec\Step 9 DownloadSelectedBenignPackages\Benign_Packages\asyncio-3.4.3.tar.gz,tar,asyncio-3.4.3/setup.py,1241,ast,3,3,distutils; os; setuptools
asyncio37-0.1.3,D:\10. RQ1 DySec\Step 9 DownloadSelectedBenignPackages\Benign_Packages\asyncio37-0.1.3.tar.gz,tar,asyncio37-0.1.3/setup.py,1859,ast,4,4,os; setuptools; subprocess; sys
asyncio_pool-0.6.0,D:\10. RQ1 DySec\Step 9 DownloadSelectedBenignPackages\Benign_Packages\asyncio_pool-0.6.0.tar.gz,tar,asyncio_pool-0.6.0/setup.py,1144,ast,1,1,setuptools
asyncit-0.0.5,D:\10. RQ1 DySec\Step 9 DownloadSelectedBenignPackages\Benign_Packages\asyncit-0.0.5.tar.gz,tar,asyncit-0.0.5/setup.py,1005,ast,2,2,setuptools; version_helpers
asyncpool-1.0,D:\10. RQ1 DySec\Step 9 DownloadSelectedBenignPackages\Benign_Packages\asyncpool-1.0.tar.gz,tar,asyncpool-1.0/setup.py,1152,ast,3,4,os; setuptools; sys
asynctest-0.13.0,D:\10. RQ1 DySec\Step 9 DownloadSelectedBenignPackages\Benign_Packages\asynctest-0.13.0.tar.gz,tar,asynctest-0.13.0/setup.py,293,ast,1,1,setuptools
at-hackerspace-0.2.0,D:\10. RQ1 DySec\Step 9 DownloadSelectedBenignPackages\Benign_Packages\at-hackerspace-0.2.0.tar.gz,tar,at-hackerspace-0.2.0/setup.py,774,ast,1,1,distutils
atmodel-0.1.0,D:\10. RQ1 DySec\Step 9 DownloadSelectedBenignPackages\Benign_Packages\atmodel-0.1.0.tar.gz,tar,atmodel-0.1.0/setup.py,1323,ast,1,1,setuptools
atom_alter_api-0.1.4,D:\10. RQ1 DySec\Step 9 DownloadSelectedBenignPackages\Benign_Packages\atom_alter_api-0.1.4.tar.gz,tar,atom_alter_api-0.1.4/setup.py,933,ast,1,1,setuptools
ATPost-0.1,D:\10. RQ1 DySec\Step 9 DownloadSelectedBenignPackages\Benign_Packages\ATPost-0.1.tar.gz,tar,ATPost-0.1/setup.py,328,ast,1,1,setuptools
audio-1.5.0,D:\10. RQ1 DySec\Step 9 DownloadSelectedBenignPackages\Benign_Packages\audio-1.5.0.tar.gz,tar,audio-1.5.0/setup.py,1234,ast,1,1,setuptools
auth-0.5.3,D:\10. RQ1 DySec\Step 9 DownloadSelectedBenignPackages\Benign_Packages\auth-0.5.3.tar.gz,tar,auth-0.5.3/setup.py,1875,ast,6,7,glob; imp; io; os; setuptools; sys
authlib-httpx-0.1.1,D:\10. RQ1 DySec\Step 9 DownloadSelectedBenignPackages\Benign_Packages\authlib-httpx-0.1.1.tar.gz,tar,authlib-httpx-0.1.1/setup.py,1909,ast,1,1,setuptools
autogui-0.1.8,D:\10. RQ1 DySec\Step 9 DownloadSelectedBenignPackages\Benign_Packages\autogui-0.1.8.tar.gz,tar,autogui-0.1.8/setup.py,864,ast,1,1,setuptools
autoscriber-1.0.4,D:\10. RQ1 DySec\Step 9 DownloadSelectedBenignPackages\Benign_Packages\autoscriber-1.0.4.tar.gz,tar,autoscriber-1.0.4/setup.py,861,ast,2,2,setuptools; sys
aws-0.2.5,D:\10. RQ1 DySec\Step 9 DownloadSelectedBenignPackages\Benign_Packages\aws-0.2.5.tar.gz,tar,aws-0.2.5/setup.py,1812,ast,3,3,os; re; setuptools
aws-iam-cli-1.2.0,D:\10. RQ1 DySec\Step 9 DownloadSelectedBenignPackages\Benign_Packages\aws-iam-cli-1.2.0.tar.gz,tar,aws-iam-cli-1.2.0/setup.py,1097,ast,1,1,setuptools
aws-requests-auth-0.4.3,D:\10. RQ1 DySec\Step 9 DownloadSelectedBenignPackages\Benign_Packages\aws-requests-auth-0.4.3.tar.gz,tar,aws-requests-auth-0.4.3/setup.py,670,ast,1,1,setuptools
aws_creds_replace-0.0.3,D:\10. RQ1 DySec\Step 9 DownloadSelectedBenignPackages\Benign_Packages\aws_creds_replace-0.0.3.tar.gz,tar,aws_creds_replace-0.0.3/setup.py,997,ast,2,3,pip; setuptools
awscli-1.9.9,D:\10. RQ1 DySec\Step 9 DownloadSelectedBenignPackages\Benign_Packages\awscli-1.9.9.tar.gz,tar,awscli-1.9.9/setup.py,2247,ast,4,4,awscli; py2exe; setuptools; sys
awsglue-devel-0.0.0.post20211019,D:\10. RQ1 DySec\Step 9 DownloadSelectedBenignPackages\Benign_Packages\awsglue-devel-0.0.0.post20211019.tar.gz,tar,awsglue-devel-0.0.0.post20211019/setup.py,225,ast,1,1,setuptools
axel2-0.1.0,D:\10. RQ1 DySec\Step 9 DownloadSelectedBenignPackages\Benign_Packages\axel2-0.1.0.tar.gz,tar,axel2-0.1.0/setup.py,1834,ast,4,4,os; pyl; setuptools; subprocess
axp209-0.1,D:\10. RQ1 DySec\Step 9 DownloadSelectedBenignPackages\Benign_Packages\axp209-0.1.tar.gz,tar,axp209-0.1/setup.py,1259,ast,3,3,codecs; os; setuptools
azure-cli-privatedns-1.0.2,D:\10. RQ1 DySec\Step 9 DownloadSelectedBenignPackages\Benign_Packages\azure-cli-privatedns-1.0.2.tar.gz,tar,azure-cli-privatedns-1.0.2/setup.py,1983,ast,4,4,azure_bdist_wheel; codecs; distutils; setuptools
azure-common-1.1.28,D:\10. RQ1 DySec\Step 9 DownloadSelectedBenignPackages\Benign_Packages\azure-common-1.1.28.zip,zip,azure-common-1.1.28/setup.py,2638,ast,5,5,azure; io; os; re; setuptools
azure-cosmos-4.7.0,D:\10. RQ1 DySec\Step 9 DownloadSelectedBenignPackages\Benign_Packages\azure-cosmos-4.7.0.tar.gz,tar,azure-cosmos-4.7.0/setup.py,2544,ast,4,4,io; os; re; setuptools
azure-data-tables-12.5.0,D:\10. RQ1 DySec\Step 9 DownloadSelectedBenignPackages\Benign_Packages\azure-data-tables-12.5.0.tar.gz,tar,azure-data-tables-12.5.0/setup.py,2577,ast,4,4,io; os; re; setuptools
azure-datalake-store-0.0.53,D:\10. RQ1 DySec\Step 9 DownloadSelectedBenignPackages\Benign_Packages\azure-datalake-store-0.0.53.tar.gz,tar,azure-datalake-store-0.0.53/setup.py,2375,ast,3,3,io; re; setuptools
azure-devtools-1.2.0,D:\10. RQ1 DySec\Step 9 DownloadSelectedBenignPackages\Benign_Packages\azure-devtools-1.2.0.tar.gz,tar,azure-devtools-1.2.0/setup.py,1788,ast,2,2,io; setuptools
azure-graphrbac-0.61.1,D:\10. RQ1 DySec\Step 9 DownloadSelectedBenignPackages\Benign_Packages\azure-graphrbac-0.61.1.zip,zip,azure-graphrbac-0.61.1/setup.py,2840,ast,5,5,azure; io; os; re; setuptools
azure-identity-1.17.1,D:\10. RQ1 DySec\Step 9 DownloadSelectedBenignPackages\Benign_Packages\azure-identity-1.17.1.tar.gz,tar,azure-identity-1.17.1/setup.py,2274,ast,4,4,io; os; re; setuptools
azure-keyvault-4.2.0,D:\10. RQ1 DySec\Step 9 DownloadSelectedBenignPackages\Benign_Packages\azure-keyvault-4.2.0.zip,zip,azure-keyvault-4.2.0/setup.py,1653,ast,2,2,io; setuptools
azure-keyvault-keys-4.9.0,D:\10. RQ1 DySec\Step 9 DownloadSelectedBenignPackages\Benign_Packages\azure-keyvault-keys-4.9.0.tar.gz,tar,azure-keyvault-keys-4.9.0/setup.py,2489,ast,4,4,io; os; re; setuptools
azure-keyvault-secrets-4.8.0,D:\10. RQ1 DySec\Step 9 DownloadSelectedBenignPackages\Benign_Packages\azure-keyvault-secrets-4.8.0.tar.gz,tar,azure-keyvault-secrets-4.8.0/setup.py,2467,ast,4,4,io; os; re; setuptools
azure-mgmt-authorization-4.0.0,D:\10. RQ1 DySec\Step 9 DownloadSelectedBenignPackages\Benign_Packages\azure-mgmt-authorization-4.0.0.zip,zip,azure-mgmt-authorization-4.0.0/setup.py,2865,ast,4,4,io; os; re; setuptools
azure-mgmt-cdn-13.1.1,D:\10. RQ1 DySec\Step 9 DownloadSelectedBenignPackages\Benign_Packages\azure-mgmt-cdn-13.1.1.tar.gz,tar,azure-mgmt-cdn-13.1.1/setup.py,2772,ast,4,4,io; os; re; setuptools
azure-mgmt-compute-33.0.0,D:\10. RQ1 DySec\Step 9 DownloadSelectedBenignPackages\Benign_Packages\azure-mgmt-compute-33.0.0.tar.gz,tar,azure-mgmt-compute-33.0.0/setup.py,2816,ast,4,4,io; os; re; setuptools
azure-mgmt-containerinstance-10.1.0,D:\10. RQ1 DySec\Step 9 DownloadSelectedBenignPackages\Benign_Packages\azure-mgmt-containerinstance-10.1.0.zip,zip,azure-mgmt-containerinstance-10.1.0/setup.py,2851,ast,4,4,io; os; re; setuptools
azure-mgmt-containerregistry-10.3.0,D:\10. RQ1 DySec\Step 9 DownloadSelectedBenignPackages\Benign_Packages\azure-mgmt-containerregistry-10.3.0.tar.gz,tar,azure-mgmt-containerregistry-10.3.0/setup.py,2863,ast,4,4,io; os; re; setuptools
azure-mgmt-core-1.4.0,D:\10. RQ1 DySec\Step 9 DownloadSelectedBenignPackages\Benign_Packages\azure-mgmt-core-1.4.0.zip,zip,azure-mgmt-core-1.4.0/setup.py,2541,ast,4,4,io; os; re; setuptools
azure-mgmt-cosmosdb-9.5.1,D:\10. RQ1 DySec\Step 9 DownloadSelectedBenignPackages\Benign_Packages\azure-mgmt-cosmosdb-9.5.1.tar.gz,tar,azure-mgmt-cosmosdb-9.5.1/setup.py,2783,ast,4,4,io; os; re; setuptools
azure-mgmt-databoxedge-1.0.0,D:\10. RQ1 DySec\Step 9 DownloadSelectedBenignPackages\Benign_Packages\azure-mgmt-databoxedge-1.0.0.zip,zip,azure-mgmt-databoxedge-1.0.0/setup.py,2898,ast,5,5,azure; io; os; re; setuptools
azure-mgmt-devtestlabs-9.0.0,D:\10. RQ1 DySec\Step 9 DownloadSelectedBenignPackages\Benign_Packages\azure-mgmt-devtestlabs-9.0.0.zip,zip,azure-mgmt-devtestlabs-9.0.0/setup.py,2860,ast,5,5,azure; io; os; re; setuptools
azure-mgmt-dns-8.1.0,D:\10. RQ1 DySec\Step 9 DownloadSelectedBenignPackages\Benign_Packages\azure-mgmt-dns-8.1.0.zip,zip,azure-mgmt-dns-8.1.0/setup.py,2845,ast,4,4,io; os; re; setuptools
azure-mgmt-iothub-3.0.0,D:\10. RQ1 DySec\Step 9 DownloadSelectedBenignPackages\Benign_Packages\azure-mgmt-iothub-3.0.0.tar.gz,tar,azure-mgmt-iothub-3.0.0/setup.py,2852,ast,4,4,io; os; re; setuptools
azure-mgmt-keyvault-10.3.1,D:\10. RQ1 DySec\Step 9 DownloadSelectedBenignPackages\Benign_Packages\azure-mgmt-keyvault-10.3.1.tar.gz,tar,azure-mgmt-keyvault-10.3.1/setup.py,2819,ast,4,4,io; os; re; setuptools
azure-mgmt-loganalytics-12.0.0,D:\10. RQ1 DySec\Step 9 DownloadSelectedBenignPackages\Benign_Packages\azure-mgmt-loganalytics-12.0.0.zip,zip,azure-mgmt-loganalytics-12.0.0/setup.py,3042,ast,5,5,azure; io; os; re; setuptools
azure-mgmt-monitor-6.0.2,D:\10. RQ1 DySec\Step 9 DownloadSelectedBenignPackages\Benign_Packages\azure-mgmt-monitor-6.0.2.tar.gz,tar,azure-mgmt-monitor-6.0.2/setup.py,2829,ast,4,4,io; os; re; setuptools
azure-mgmt-msi-7.0.0,D:\10. RQ1 DySec\Step 9 DownloadSelectedBenignPackages\Benign_Packages\azure-mgmt-msi-7.0.0.zip,zip,azure-mgmt-msi-7.0.0/setup.py,2812,ast,4,4,io; os; re; setuptools
azure-mgmt-network-26.0.0,D:\10. RQ1 DySec\Step 9 DownloadSelectedBenignPackages\Benign_Packages\azure-mgmt-network-26.0.0.tar.gz,tar,azure-mgmt-network-26.0.0/setup.py,2819,ast,4,4,io; os; re; setuptools
azure-mgmt-purview-1.1.0b1,D:\10. RQ1 DySec\Step 9 DownloadSelectedBenignPackages\Benign_Packages\azure-mgmt-purview-1.1.0b1.zip,zip,azure-mgmt-purview-1.1.0b1/setup.py,2770,ast,4,4,io; os; re; setuptools
azure-mgmt-rdbms-10.1.0,D:\10. RQ1 DySec\Step 9 DownloadSelectedBenignPackages\Benign_Packages\azure-mgmt-rdbms-10.1.0.zip,zip,azure-mgmt-rdbms-10.1.0/setup.py,2577,ast,4,4,io; os; re; setuptools
azure-mgmt-redis-14.4.0,D:\10. RQ1 DySec\Step 9 DownloadSelectedBenignPackages\Benign_Packages\azure-mgmt-redis-14.4.0.tar.gz,tar,azure-mgmt-redis-14.4.0/setup.py,2782,ast,4,4,io; os; re; setuptools
azure-mgmt-resource-23.1.1,D:\10. RQ1 DySec\Step 9 DownloadSelectedBenignPackages\Benign_Packages\azure-mgmt-resource-23.1.1.tar.gz,tar,azure-mgmt-resource-23.1.1/setup.py,2782,ast,4,4,io; os; re; setuptools
azure-mgmt-security-7.0.0,D:\10. RQ1 DySec\Step 9 DownloadSelectedBenignPackages\Benign_Packages\azure-mgmt-security-7.0.0.tar.gz,tar,azure-mgmt-security-7.0.0/setup.py,2789,ast,4,4,io; os; re; setuptools
azure-mgmt-servicebus-8.2.0,D:\10. RQ1 DySec\Step 9 DownloadSelectedBenignPackages\Benign_Packages\azure-mgmt-servicebus-8.2.0.zip,zip,azure-mgmt-servicebus-8.2.0/setup.py,2827,ast,4,4,io; os; re; setuptools
azure-mgmt-sql-3.0.1,D:\10. RQ1 DySec\Step 9 DownloadSelectedBenignPackages\Benign_Packages\azure-mgmt-sql-3.0.1.zip,zip,azure-mgmt-sql-3.0.1/setup.py,2882,ast,5,5,azure; io; os; re; setuptools
azure-mgmt-storage-21.2.1,D:\10. RQ1 DySec\Step 9 DownloadSelectedBenignPackages\Benign_Packages\azure-mgmt-storage-21.2.1.tar.gz,tar,azure-mgmt-storage-21.2.1/setup.py,2780,ast,4,4,io; os; re; setuptools
azure-mgmt-web-7.3.1,D:\10. RQ1 DySec\Step 9 DownloadSelectedBenignPackages\Benign_Packages\azure-mgmt-web-7.3.1.tar.gz,tar,azure-mgmt-web-7.3.1/setup.py,2813,ast,4,4,io; os; re; setuptools
azure-multiapi-storage-1.3.0,D:\10. RQ1 DySec\Step 9 DownloadSelectedBenignPackages\Benign_Packages\azure-multiapi-storage-1.3.0.tar.gz,tar,azure-multiapi-storage-1.3.0/setup.py,2620,ast,3,3,azure; setuptools; sys
azure-nspkg-3.0.2,D:\10. RQ1 DySec\Step 9 DownloadSelectedBenignPackages\Benign_Packages\azure-nspkg-3.0.2.zip,zip,azure-nspkg-3.0.2/setup.py,1957,ast,3,3,azure; setuptools; sys
azure-storage-common-2.1.0,D:\10. RQ1 DySec\Step 9 DownloadSelectedBenignPackages\Benign_Packages\azure-storage-common-2.1.0.tar.gz,tar,azure-storage-common-2.1.0/setup.py,2503,ast,3,4,azure; setuptools; sys
azure_cli-2.64.0,D:\10. RQ1 DySec\Step 9 DownloadSelectedBenignPackages\Benign_Packages\azure_cli-2.64.0.tar.gz,tar,azure_cli-2.64.0/setup.py,7295,ast,6,6,azure_cli_bdist_wheel; codecs; logging; re; setuptools; sys
azure_cli_core-2.64.0,D:\10. RQ1 DySec\Step 9 DownloadSelectedBenignPackages\Benign_Packages\azure_cli_core-2.64.0.tar.gz,tar,azure_cli_core-2.64.0/setup.py,2965,ast,4,4,codecs; re; setuptools; sys
azure_core-1.31.0,D:\10. RQ1 DySec\Step 9 DownloadSelectedBenignPackages\Benign_Packages\azure_core-1.31.0.tar.gz,tar,azure_core-1.31.0/setup.py,2659,ast,4,4,io; os; re; setuptools
azure_core-1.31.0,D:\10. RQ1 DySec\Step 9 DownloadSelectedBenignPackages\Benign_Packages\azure_core-1.31.0.tar.gz,tar,azure_core-1.31.0/tests/testserver_tests/coretestserver/setup.py,1288,ast,1,1,setuptools
azure_custom_tools-0.0.2,D:\10. RQ1 DySec\Step 9 DownloadSelectedBenignPackages\Benign_Packages\azure_custom_tools-0.0.2.tar.gz,tar,azure_custom_tools-0.0.2/setup.py,436,ast,1,1,setuptools
azure_mgmt_containerservice-32.0.0,D:\10. RQ1 DySec\Step 9 DownloadSelectedBenignPackages\Benign_Packages\azure_mgmt_containerservice-32.0.0.tar.gz,tar,azure_mgmt_containerservice-32.0.0/setup.py,2835,ast,4,4,io; os; re; setuptools
azure_storage_blob-12.23.0,D:\10. RQ1 DySec\Step 9 DownloadSelectedBenignPackages\Benign_Packages\azure_storage_blob-12.23.0.tar.gz,tar,azure_storage_blob-12.23.0/setup.py,2861,ast,4,4,azure; os; re; setuptools
azure_storage_file_datalake-12.17.0,D:\10. RQ1 DySec\Step 9 DownloadSelectedBenignPackages\Benign_Packages\azure_storage_file_datalake-12.17.0.tar.gz,tar,azure_storage_file_datalake-12.17.0/setup.py,2849,ast,4,4,azure; os; re; setuptools
b_fade-0.0.0rc0,D:\10. RQ1 DySec\Step 9 DownloadSelectedBenignPackages\Benign_Packages\b_fade-0.0.0rc0.tar.gz,tar,b_fade-0.0.0rc0/setup.py,1139,ast,1,1,setuptools
babel-2.16.0,D:\10. RQ1 DySec\Step 9 DownloadSelectedBenignPackages\Benign_Packages\babel-2.16.0.tar.gz,tar,babel-2.16.0/setup.py,3647,ast,4,4,babel; setuptools; subprocess; sys
babel-2.16.0,D:\10. RQ1 DySec\Step 9 DownloadSelectedBenignPackages\Benign_Packages\babel-2.16.0.tar.gz,tar,babel-2.16.0/tests/messages/data/setup.py,823,ast,1,1,setuptools
backcall-0.2.0,D:\10. RQ1 DySec\Step 9 DownloadSelectedBenignPackages\Benign_Packages\backcall-0.2.0.tar.gz,tar,backcall-0.2.0/setup.py,495,ast,1,1,distutils
backoff-2.2.1,D:\10. RQ1 DySec\Step 9 DownloadSelectedBenignPackages\Benign_Packages\backoff-2.2.1.tar.gz,tar,backoff-2.2.1/setup.py,14510,ast,1,1,setuptools
backports.zoneinfo-0.2.1,D:\10. RQ1 DySec\Step 9 DownloadSelectedBenignPackages\Benign_Packages\backports.zoneinfo-0.2.1.tar.gz,tar,backports.zoneinfo-0.2.1/setup.py,2161,ast,6,7,glob; os; platform; setuptools; shutil; sys
balls-0.0.1,D:\10. RQ1 DySec\Step 9 DownloadSelectedBenignPackages\Benign_Packages\balls-0.0.1.tar.gz,tar,balls-0.0.1/setup.py,790,ast,1,1,setuptools
banditvis-0.9,D:\10. RQ1 DySec\Step 9 DownloadSelectedBenignPackages\Benign_Packages\banditvis-0.9.tar.gz,tar,banditvis-0.9/setup.py,1021,ast,1,1,setuptools
banners-0.7dev,D:\10. RQ1 DySec\Step 9 DownloadSelectedBenignPackages\Benign_Packages\banners-0.7dev.tar.gz,tar,banners-0.7dev/setup.py,967,ast,2,2,os; setuptools
barcode-generator-0.1rc15,D:\10. RQ1 DySec\Step 9 DownloadSelectedBenignPackages\Benign_Packages\barcode-generator-0.1rc15.tar.gz,tar,barcode-generator-0.1rc15/setup.py,4260,ast,3,3,codecs; os; setuptools
barcodegen-0.1,D:\10. RQ1 DySec\Step 9 DownloadSelectedBenignPackages\Benign_Packages\barcodegen-0.1.tar.gz,tar,barcodegen-0.1/setup.py,641,ast,1,1,setuptools
basicauth-1.0.0,D:\10. RQ1 DySec\Step 9 DownloadSelectedBenignPackages\Benign_Packages\basicauth-1.0.0.tar.gz,tar,basicauth-1.0.0/setup.py,1392,ast,2,2,os; setuptools
bb_test-0.0.4,D:\10. RQ1 DySec\Step 9 DownloadSelectedBenignPackages\Benign_Packages\bb_test-0.0.4.tar.gz,tar,bb_test-0.0.4/setup.py,384,ast,1,1,setuptools
bbo-calibcamlib-0.3.7,D:\10. RQ1 DySec\Step 9 DownloadSelectedBenignPackages\Benign_Packages\bbo-calibcamlib-0.3.7.tar.gz,tar,bbo-calibcamlib-0.3.7/setup.py,1033,ast,2,2,pathlib; setuptools
Bcryptor-1.2.2,D:\10. RQ1 DySec\Step 9 DownloadSelectedBenignPackages\Benign_Packages\Bcryptor-1.2.2.tar.gz,tar,Bcryptor-1.2.2/setup.py,4373,ast,4,4,ast; os; setuptools; sys
beadpull-19.8.post2,D:\10. RQ1 DySec\Step 9 DownloadSelectedBenignPackages\Benign_Packages\beadpull-19.8.post2.tar.gz,tar,beadpull-19.8.post2/setup.py,1730,ast,5,5,beadpull; codecs; os; setuptools; sys
beamer-0.2.0,D:\10. RQ1 DySec\Step 9 DownloadSelectedBenignPackages\Benign_Packages\beamer-0.2.0.tar.gz,tar,beamer-0.2.0/setup.py,1018,ast,2,2,beamer; setuptools
beams-0.1.0,D:\10. RQ1 DySec\Step 9 DownloadSelectedBenignPackages\Benign_Packages\beams-0.1.0.tar.gz,tar,beams-0.1.0/setup.py,1645,ast,3,3,os; re; setuptools
beautifish-2.2.1,D:\10. RQ1 DySec\Step 9 DownloadSelectedBenignPackages\Benign_Packages\beautifish-2.2.1.tar.gz,tar,beautifish-2.2.1/setup.py,194,ast,1,1,setuptools
beautiful-0.0.2,D:\10. RQ1 DySec\Step 9 DownloadSelectedBenignPackages\Benign_Packages\beautiful-0.0.2.tar.gz,tar,beautiful-0.0.2/setup.py,1544,ast,1,1,distutils
BeautifulRequests-0.2,D:\10. RQ1 DySec\Step 9 DownloadSelectedBenignPackages\Benign_Packages\BeautifulRequests-0.2.zip,zip,BeautifulRequests-0.2/setup.py,474,ast,1,1,setuptools
BeautifulSoup-3.2.2,D:\10. RQ1 DySec\Step 9 DownloadSelectedBenignPackages\Benign_Packages\BeautifulSoup-3.2.2.tar.gz,tar,BeautifulSoup-3.2.2/setup.py,1519,regex,2,2,BeautifulSoup; setuptools
beautifulsoup4-4.9.3,D:\10. RQ1 DySec\Step 9 DownloadSelectedBenignPackages\Benign_Packages\beautifulsoup4-4.9.3.tar.gz,tar,beautifulsoup4-4.9.3/setup.py,1713,ast,2,2,setuptools; sys
beautifulsoup4-slurp-0.0.2,D:\10. RQ1 DySec\Step 9 DownloadSelectedBenignPackages\Benign_Packages\beautifulsoup4-slurp-0.0.2.tar.gz,tar,beautifulsoup4-slurp-0.0.2/setup.py,1800,ast,4,4,__future__; distutils; setuptools; sys
beautifulsouppro-2.2.5,D:\10. RQ1 DySec\Step 9 DownloadSelectedBenignPackages\Benign_Packages\beautifulsouppro-2.2.5.tar.gz,tar,beautifulsouppro-2.2.5/setup.py,1791,ast,2,2,setuptools; shutil
beautifulsoupselect-0.2,D:\10. RQ1 DySec\Step 9 DownloadSelectedBenignPackages\Benign_Packages\beautifulsoupselect-0.2.tar.gz,tar,beautifulsoupselect-0.2/setup.py,516,ast,1,1,setuptools
beautify-0.1.4,D:\10. RQ1 DySec\Step 9 DownloadSelectedBenignPackages\Benign_Packages\beautify-0.1.4.zip,zip,beautify-0.1.4/setup.py,708,ast,1,1,distutils
beautysh-6.2.1,D:\10. RQ1 DySec\Step 9 DownloadSelectedBenignPackages\Benign_Packages\beautysh-6.2.1.tar.gz,tar,beautysh-6.2.1/setup.py,5919,ast,1,1,setuptools
beebee-0.3,D:\10. RQ1 DySec\Step 9 DownloadSelectedBenignPackages\Benign_Packages\beebee-0.3.tar.gz,tar,beebee-0.3/setup.py,2126,ast,2,2,os; setuptools
beets-web2-0.2.1,D:\10. RQ1 DySec\Step 9 DownloadSelectedBenignPackages\Benign_Packages\beets-web2-0.2.1.tar.gz,tar,beets-web2-0.2.1/setup.py,606,ast,1,1,setuptools
bencode-open-1.2,D:\10. RQ1 DySec\Step 9 DownloadSelectedBenignPackages\Benign_Packages\bencode-open-1.2.tar.gz,tar,bencode-open-1.2/setup.py,368,ast,1,1,setuptools
bencodepy-0.9.5,D:\10. RQ1 DySec\Step 9 DownloadSelectedBenignPackages\Benign_Packages\bencodepy-0.9.5.zip,zip,bencodepy-0.9.5/setup.py,342,ast,1,1,distutils
bencoding-0.2.6,D:\10. RQ1 DySec\Step 9 DownloadSelectedBenignPackages\Benign_Packages\bencoding-0.2.6.tar.gz,tar,bencoding-0.2.6/setup.py,400,ast,2,2,bencoding; setuptools
bertserini_on_telegram-1.2,D:\10. RQ1 DySec\Step 9 DownloadSelectedBenignPackages\Benign_Packages\bertserini_on_telegram-1.2.tar.gz,tar,bertserini_on_telegram-1.2/setup.py,980,ast,1,1,setuptools
bettercord-1.1.0,D:\10. RQ1 DySec\Step 9 DownloadSelectedBenignPackages\Benign_Packages\bettercord-1.1.0.tar.gz,tar,bettercord-1.1.0/setup.py,720,ast,1,1,setuptools
betterstar-1.0.2,D:\10. RQ1 DySec\Step 9 DownloadSelectedBenignPackages\Benign_Packages\betterstar-1.0.2.tar.gz,tar,betterstar-1.0.2/setup.py,624,ast,1,1,setuptools
bgvirtualstocks-0.0.1,D:\10. RQ1 DySec\Step 9 DownloadSelectedBenignPackages\Benign_Packages\bgvirtualstocks-0.0.1.tar.gz,tar,bgvirtualstocks-0.0.1/setup.py,644,ast,1,1,setuptools
bhashascript-1.0.1,D:\10. RQ1 DySec\Step 9 DownloadSelectedBenignPackages\Benign_Packages\bhashascript-1.0.1.tar.gz,tar,bhashascript-1.0.1/setup.py,1234,ast,1,1,setuptools
bigip-utils-0.9,D:\10. RQ1 DySec\Step 9 DownloadSelectedBenignPackages\Benign_Packages\bigip-utils-0.9.tar.gz,tar,bigip-utils-0.9/setup.py,417,ast,1,1,setuptools
bigrandomgraphs-0.0.4,D:\10. RQ1 DySec\Step 9 DownloadSelectedBenignPackages\Benign_Packages\bigrandomgraphs-0.0.4.tar.gz,tar,bigrandomgraphs-0.0.4/setup.py,3377,ast,7,8,distutils; os; platform; re; setuptools; subprocess; sys
billopay-0.0.0,D:\10. RQ1 DySec\Step 9 DownloadSelectedBenignPackages\Benign_Packages\billopay-0.0.0.tar.gz,tar,billopay-0.0.0/setup.py,546,ast,1,1,setuptools
bino-0.0.1,D:\10. RQ1 DySec\Step 9 DownloadSelectedBenignPackages\Benign_Packages\bino-0.0.1.tar.gz,tar,bino-0.0.1/setup.py,715,ast,1,1,setuptools
binreader-1.1,D:\10. RQ1 DySec\Step 9 DownloadSelectedBenignPackages\Benign_Packages\binreader-1.1.tar.gz,tar,binreader-1.1/setup.py,62,ast,1,1,setuptools
bintraypy-0.1.1,D:\10. RQ1 DySec\Step 9 DownloadSelectedBenignPackages\Benign_Packages\bintraypy-0.1.1.tar.gz,tar,bintraypy-0.1.1/setup.py,438,ast,1,1,setuptools
BIP-0.6.9,D:\10. RQ1 DySec\Step 9 DownloadSelectedBenignPackages\Benign_Packages\BIP-0.6.9.tar.gz,tar,BIP-0.6.9/setup.py,1330,ast,4,8,Cython; __future__; os; setuptools
bip_utils-2.9.3,D:\10. RQ1 DySec\Step 9 DownloadSelectedBenignPackages\Benign_Packages\bip_utils-2.9.3.tar.gz,tar,bip_utils-2.9.3/setup.py,6021,ast,3,5,os; re; setuptools
bipol-0.0.5,D:\10. RQ1 DySec\Step 9 DownloadSelectedBenignPackages\Benign_Packages\bipol-0.0.5.tar.gz,tar,bipol-0.0.5/setup.py,619,ast,1,1,setuptools
bipp-0.1.3,D:\10. RQ1 DySec\Step 9 DownloadSelectedBenignPackages\Benign_Packages\bipp-0.1.3.tar.gz,tar,bipp-0.1.3/setup.py,2220,ast,5,5,os; pathlib; setuptools; shlex; skbuild
bips-0.0.3.0.1,D:\10. RQ1 DySec\Step 9 DownloadSelectedBenignPackages\Benign_Packages\bips-0.0.3.0.1.tar.gz,tar,bips-0.0.3.0.1/setup.py,910,ast,3,3,codecs; os; setuptools
biseau-gui-0.0.6,D:\10. RQ1 DySec\Step 9 DownloadSelectedBenignPackages\Benign_Packages\biseau-gui-0.0.6.tar.gz,tar,biseau-gui-0.0.6/setup.py,38,ast,1,1,setuptools
bitcoin-1.1.9,D:\10. RQ1 DySec\Step 9 DownloadSelectedBenignPackages\Benign_Packages\bitcoin-1.1.9.tar.gz,tar,bitcoin-1.1.9/setup.py,336,ast,1,1,distutils
bitshares-0.7.1,D:\10. RQ1 DySec\Step 9 DownloadSelectedBenignPackages\Benign_Packages\bitshares-0.7.1.tar.gz,tar,bitshares-0.7.1/setup.py,534,ast,1,1,setuptools
blackdogosint-0.1.42,D:\10. RQ1 DySec\Step 9 DownloadSelectedBenignPackages\Benign_Packages\blackdogosint-0.1.42.tar.gz,tar,blackdogosint-0.1.42/setup.py,5609,ast,1,1,setuptools
blacked-0.1.0a4,D:\10. RQ1 DySec\Step 9 DownloadSelectedBenignPackages\Benign_Packages\blacked-0.1.0a4.tar.gz,tar,blacked-0.1.0a4/setup.py,1742,ast,1,1,setuptools
blackjack-gui-0.3.1,D:\10. RQ1 DySec\Step 9 DownloadSelectedBenignPackages\Benign_Packages\blackjack-gui-0.3.1.tar.gz,tar,blackjack-gui-0.3.1/setup.py,963,ast,1,1,setuptools
blaze-0.9.1,D:\10. RQ1 DySec\Step 9 DownloadSelectedBenignPackages\Benign_Packages\blaze-0.9.1.tar.gz,tar,blaze-0.9.1/setup.py,2520,ast,6,6,__future__; fnmatch; os; setuptools; sys; versioneer
blazee-0.1.5,D:\10. RQ1 DySec\Step 9 DownloadSelectedBenignPackages\Benign_Packages\blazee-0.1.5.tar.gz,tar,blazee-0.1.5/setup.py,2537,ast,5,6,blazee; multiprocessing; pytest; setuptools; sys
bleach-6.1.0,D:\10. RQ1 DySec\Step 9 DownloadSelectedBenignPackages\Benign_Packages\bleach-6.1.0.tar.gz,tar,bleach-6.1.0/setup.py,2184,ast,3,3,os; re; setuptools
blessed-1.9.5,D:\10. RQ1 DySec\Step 9 DownloadSelectedBenignPackages\Benign_Packages\blessed-1.9.5.tar.gz,tar,blessed-1.9.5/setup.py,2607,ast,4,6,os; setuptools; subprocess; sys
bloxflip_crash-1.0.6,D:\10. RQ1 DySec\Step 9 DownloadSelectedBenignPackages\Benign_Packages\bloxflip_crash-1.0.6.tar.gz,tar,bloxflip_crash-1.0.6/setup.py,194,ast,1,1,setuptools
bnmapi-python-0.0.1,D:\10. RQ1 DySec\Step 9 DownloadSelectedBenignPackages\Benign_Packages\bnmapi-python-0.0.1.tar.gz,tar,bnmapi-python-0.0.1/setup.py,50,ast,1,1,setuptools
bobotools-0.4.8.0,D:\10. RQ1 DySec\Step 9 DownloadSelectedBenignPackages\Benign_Packages\bobotools-0.4.8.0.tar.gz,tar,bobotools-0.4.8.0/setup.py,1119,ast,2,2,os; setuptools
boogie-0.1.0,D:\10. RQ1 DySec\Step 9 DownloadSelectedBenignPackages\Benign_Packages\boogie-0.1.0.tar.gz,tar,boogie-0.1.0/setup.py,1712,ast,3,3,codecs; os; setuptools
bookify-1.1.1,D:\10. RQ1 DySec\Step 9 DownloadSelectedBenignPackages\Benign_Packages\bookify-1.1.1.tar.gz,tar,bookify-1.1.1/setup.py,2352,ast,1,1,setuptools
booster-0.0.1,D:\10. RQ1 DySec\Step 9 DownloadSelectedBenignPackages\Benign_Packages\booster-0.0.1.tar.gz,tar,booster-0.0.1/setup.py,397,ast,1,2,setuptools
boot-0.30,D:\10. RQ1 DySec\Step 9 DownloadSelectedBenignPackages\Benign_Packages\boot-0.30.zip,zip,boot-0.30/setup.py,2289,ast,3,3,boot_pkg; distutils; sys
bootcamp-0.1.0,D:\10. RQ1 DySec\Step 9 DownloadSelectedBenignPackages\Benign_Packages\bootcamp-0.1.0.tar.gz,tar,bootcamp-0.1.0/setup.py,447,ast,1,1,setuptools
bop-0.2.0,D:\10. RQ1 DySec\Step 9 DownloadSelectedBenignPackages\Benign_Packages\bop-0.2.0.tar.gz,tar,bop-0.2.0/setup.py,357,ast,2,2,bop; setuptools
bota-4.0.9,D:\10. RQ1 DySec\Step 9 DownloadSelectedBenignPackages\Benign_Packages\bota-4.0.9.tar.gz,tar,bota-4.0.9/setup.py,8181,ast,1,1,setuptools
botingram-0.1,D:\10. RQ1 DySec\Step 9 DownloadSelectedBenignPackages\Benign_Packages\botingram-0.1.tar.gz,tar,botingram-0.1/setup.py,277,ast,1,1,setuptools
boto-2.9.9,D:\10. RQ1 DySec\Step 9 DownloadSelectedBenignPackages\Benign_Packages\boto-2.9.9.tar.gz,tar,boto-2.9.9/setup.py,4175,ast,5,5,__future__; boto; distutils; setuptools; sys
boto3-1.9.99,D:\10. RQ1 DySec\Step 9 DownloadSelectedBenignPackages\Benign_Packages\boto3-1.9.99.tar.gz,tar,boto3-1.9.99/setup.py,1637,ast,3,3,os; re; setuptools
botocore-1.35.21,D:\10. RQ1 DySec\Step 9 DownloadSelectedBenignPackages\Benign_Packages\botocore-1.35.21.tar.gz,tar,botocore-1.35.21/setup.py,2294,ast,4,4,codecs; os; re; setuptools
botool-0.1.1,D:\10. RQ1 DySec\Step 9 DownloadSelectedBenignPackages\Benign_Packages\botool-0.1.1.tar.gz,tar,botool-0.1.1/setup.py,1265,ast,2,3,os; setuptools
bots-3.3.0,D:\10. RQ1 DySec\Step 9 DownloadSelectedBenignPackages\Benign_Packages\bots-3.3.0.tar.gz,tar,bots-3.3.0/setup.py,4474,ast,4,4,__future__; io; os; setuptools
bottle_rest_serializer-0.1.4,D:\10. RQ1 DySec\Step 9 DownloadSelectedBenignPackages\Benign_Packages\bottle_rest_serializer-0.1.4.tar.gz,tar,bottle_rest_serializer-0.1.4/setup.py,1457,ast,3,3,os; setuptools; subprocess
botworks-0.1.8,D:\10. RQ1 DySec\Step 9 DownloadSelectedBenignPackages\Benign_Packages\botworks-0.1.8.tar.gz,tar,botworks-0.1.8/setup.py,742,ast,1,1,setuptools
bouncerscript-3.6.2,D:\10. RQ1 DySec\Step 9 DownloadSelectedBenignPackages\Benign_Packages\bouncerscript-3.6.2.tar.gz,tar,bouncerscript-3.6.2/setup.py,1086,ast,2,2,os; setuptools
bounter-1.2.0,D:\10. RQ1 DySec\Step 9 DownloadSelectedBenignPackages\Benign_Packages\bounter-1.2.0.tar.gz,tar,bounter-1.2.0/setup.py,2238,ast,4,4,io; os; setuptools; sys
bp-utils-0.0.1,D:\10. RQ1 DySec\Step 9 DownloadSelectedBenignPackages\Benign_Packages\bp-utils-0.0.1.tar.gz,tar,bp-utils-0.0.1/setup.py,4192,ast,3,3,codecs; os; setuptools
bpi-0.0.1,D:\10. RQ1 DySec\Step 9 DownloadSelectedBenignPackages\Benign_Packages\bpi-0.0.1.tar.gz,tar,bpi-0.0.1/setup.py,317,ast,1,1,distutils
bracketool-0.1,D:\10. RQ1 DySec\Step 9 DownloadSelectedBenignPackages\Benign_Packages\bracketool-0.1.tar.gz,tar,bracketool-0.1/setup.py,433,ast,1,1,setuptools
brainfoodstyle-0.1,D:\10. RQ1 DySec\Step 9 DownloadSelectedBenignPackages\Benign_Packages\brainfoodstyle-0.1.tar.gz,tar,brainfoodstyle-0.1/setup.py,719,ast,1,1,setuptools
brainload-0.3.5,D:\10. RQ1 DySec\Step 9 DownloadSelectedBenignPackages\Benign_Packages\brainload-0.3.5.tar.gz,tar,brainload-0.3.5/setup.py,2150,ast,2,2,distutils; setuptools
brainprint-0.4.0,D:\10. RQ1 DySec\Step 9 DownloadSelectedBenignPackages\Benign_Packages\brainprint-0.4.0.tar.gz,tar,brainprint-0.4.0/setup.py,38,ast,1,1,setuptools
braintreehttp-0.5.0,D:\10. RQ1 DySec\Step 9 DownloadSelectedBenignPackages\Benign_Packages\braintreehttp-0.5.0.tar.gz,tar,braintreehttp-0.5.0/setup.py,1142,ast,1,1,setuptools
bramin-0.0.1,D:\10. RQ1 DySec\Step 9 DownloadSelectedBenignPackages\Benign_Packages\bramin-0.0.1.tar.gz,tar,bramin-0.0.1/setup.py,1569,ast,5,5,codecs; os; re; setuptools; sys
BrawlMoon-0.1.0,D:\10. RQ1 DySec\Step 9 DownloadSelectedBenignPackages\Benign_Packages\BrawlMoon-0.1.0.tar.gz,tar,BrawlMoon-0.1.0/setup.py,645,ast,1,1,setuptools
bressen-2024.6.0,D:\10. RQ1 DySec\Step 9 DownloadSelectedBenignPackages\Benign_Packages\bressen-2024.6.0.tar.gz,tar,bressen-2024.6.0/setup.py,41,ast,1,1,setuptools
broke-0.1.1,D:\10. RQ1 DySec\Step 9 DownloadSelectedBenignPackages\Benign_Packages\broke-0.1.1.tar.gz,tar,broke-0.1.1/setup.py,1117,ast,2,3,__future__; setuptools
broker-cli-0.0.3,D:\10. RQ1 DySec\Step 9 DownloadSelectedBenignPackages\Benign_Packages\broker-cli-0.0.3.tar.gz,tar,broker-cli-0.0.3/setup.py,473,ast,1,1,setuptools
browser-66.0.3,D:\10. RQ1 DySec\Step 9 DownloadSelectedBenignPackages\Benign_Packages\browser-66.0.3.tar.gz,tar,browser-66.0.3/setup.py,805,ast,1,2,setuptools
browser-cookie3-0.9.1,D:\10. RQ1 DySec\Step 9 DownloadSelectedBenignPackages\Benign_Packages\browser-cookie3-0.9.1.tar.gz,tar,browser-cookie3-0.9.1/setup.py,608,ast,1,1,distutils
browserid-1.4,D:\10. RQ1 DySec\Step 9 DownloadSelectedBenignPackages\Benign_Packages\browserid-1.4.tar.gz,tar,browserid-1.4/setup.py,746,ast,2,2,os; setuptools
brutus-0.0.1,D:\10. RQ1 DySec\Step 9 DownloadSelectedBenignPackages\Benign_Packages\brutus-0.0.1.tar.gz,tar,brutus-0.0.1/setup.py,2510,ast,3,3,codecs; os; setuptools
bs4tools-0.0.1,D:\10. RQ1 DySec\Step 9 DownloadSelectedBenignPackages\Benign_Packages\bs4tools-0.0.1.tar.gz,tar,bs4tools-0.0.1/setup.py,117,ast,1,1,setuptools
btceth_manager-1.0.0,D:\10. RQ1 DySec\Step 9 DownloadSelectedBenignPackages\Benign_Packages\btceth_manager-1.0.0.tar.gz,tar,btceth_manager-1.0.0/setup.py,570,ast,1,1,setuptools
build-1.2.1,D:\10. RQ1 DySec\Step 9 DownloadSelectedBenignPackages\Benign_Packages\build-1.2.1.tar.gz,tar,build-1.2.1/tests/packages/legacy/setup.py,367,ast,1,1,setuptools
builder-0.1.0,D:\10. RQ1 DySec\Step 9 DownloadSelectedBenignPackages\Benign_Packages\builder-0.1.0.tar.gz,tar,builder-0.1.0/setup.py,548,ast,1,1,setuptools
buildlackey-1.6.3,D:\10. RQ1 DySec\Step 9 DownloadSelectedBenignPackages\Benign_Packages\buildlackey-1.6.3.tar.gz,tar,buildlackey-1.6.3/setup.py,1402,ast,3,3,buildlackey; pathlib; setuptools
buildrunner-3.9.1010,D:\10. RQ1 DySec\Step 9 DownloadSelectedBenignPackages\Benign_Packages\buildrunner-3.9.1010.tar.gz,tar,buildrunner-3.9.1010/setup.py,4771,ast,7,7,__future__; importlib; os; setuptools; subprocess; sys; types
bulk-mail-sender-0.1.1,D:\10. RQ1 DySec\Step 9 DownloadSelectedBenignPackages\Benign_Packages\bulk-mail-sender-0.1.1.tar.gz,tar,bulk-mail-sender-0.1.1/setup.py,836,ast,3,3,os; pathlib; setuptools
Bullpen-0.0.1a0,D:\10. RQ1 DySec\Step 9 DownloadSelectedBenignPackages\Benign_Packages\Bullpen-0.0.1a0.tar.gz,tar,Bullpen-0.0.1a0/setup.py,1957,ast,3,3,codecs; os; setuptools
bullworkpackage-0.0.2,D:\10. RQ1 DySec\Step 9 DownloadSelectedBenignPackages\Benign_Packages\bullworkpackage-0.0.2.tar.gz,tar,bullworkpackage-0.0.2/setup.py,422,ast,1,1,setuptools
bustard-0.1.6,D:\10. RQ1 DySec\Step 9 DownloadSelectedBenignPackages\Benign_Packages\bustard-0.1.6.tar.gz,tar,bustard-0.1.6/setup.py,1656,ast,7,7,__future__; bustard; codecs; distutils; os; setuptools; sys
bypass-0.1.2,D:\10. RQ1 DySec\Step 9 DownloadSelectedBenignPackages\Benign_Packages\bypass-0.1.2.tar.gz,tar,bypass-0.1.2/setup.py,164,ast,1,1,setuptools
ByRequests-1.2.3,D:\10. RQ1 DySec\Step 9 DownloadSelectedBenignPackages\Benign_Packages\ByRequests-1.2.3.tar.gz,tar,ByRequests-1.2.3/setup.py,948,ast,1,1,setuptools
bytecodehacks,D:\10. RQ1 DySec\Step 9 DownloadSelectedBenignPackages\Benign_Packages\bytecodehacks.zip,zip,bytecodehacks/setup.py,360,ast,1,1,setuptools
bytetrack-0.0.1,D:\10. RQ1 DySec\Step 9 DownloadSelectedBenignPackages\Benign_Packages\bytetrack-0.0.1.tar.gz,tar,bytetrack-0.0.1/setup.py,1674,ast,5,6,glob; os; re; setuptools; torch
bytetracker-0.3.2,D:\10. RQ1 DySec\Step 9 DownloadSelectedBenignPackages\Benign_Packages\bytetracker-0.3.2.tar.gz,tar,bytetracker-0.3.2/setup.py,1905,ast,4,4,io; os; re; setuptools
c-print-1.0.1,D:\10. RQ1 DySec\Step 9 DownloadSelectedBenignPackages\Benign_Packages\c-print-1.0.1.tar.gz,tar,c-print-1.0.1/setup.py,481,ast,1,1,setuptools
c2.app.replaceword-1.0a1,D:\10. RQ1 DySec\Step 9 DownloadSelectedBenignPackages\Benign_Packages\c2.app.replaceword-1.0a1.tar.gz,tar,c2.app.replaceword-1.0a1/setup.py,1064,ast,2,2,os; setuptools
cached-property-1.5.2,D:\10. RQ1 DySec\Step 9 DownloadSelectedBenignPackages\Benign_Packages\cached-property-1.5.2.tar.gz,tar,cached-property-1.5.2/setup.py,1871,ast,7,7,codecs; distutils; os; setuptools; sys; twine; wheel
cachetools-5.5.0,D:\10. RQ1 DySec\Step 9 DownloadSelectedBenignPackages\Benign_Packages\cachetools-5.5.0.tar.gz,tar,cachetools-5.5.0/setup.py,38,ast,1,1,setuptools
caiyun-tr-0.1.1,D:\10. RQ1 DySec\Step 9 DownloadSelectedBenignPackages\Benign_Packages\caiyun-tr-0.1.1.tar.gz,tar,caiyun-tr-0.1.1/setup.py,2414,ast,1,1,setuptools
calculation_test-0.1.1,D:\10. RQ1 DySec\Step 9 DownloadSelectedBenignPackages\Benign_Packages\calculation_test-0.1.1.tar.gz,tar,calculation_test-0.1.1/setup.py,942,ast,1,1,setuptools
Calculator-1.1.0,D:\10. RQ1 DySec\Step 9 DownloadSelectedBenignPackages\Benign_Packages\Calculator-1.1.0.zip,zip,Calculator-1.1.0/setup.py,346,ast,1,1,distutils
calculator_313bbd7c19bfc98a-1,D:\10. RQ1 DySec\Step 9 DownloadSelectedBenignPackages\Benign_Packages\calculator_313bbd7c19bfc98a-1.tar.gz,tar,calculator_313bbd7c19bfc98a-1/setup.py,140,ast,1,1,setuptools
CamAgeTestThree-0.0.1,D:\10. RQ1 DySec\Step 9 DownloadSelectedBenignPackages\Benign_Packages\CamAgeTestThree-0.0.1.tar.gz,tar,CamAgeTestThree-0.0.1/setup.py,783,ast,3,3,codecs; os; setuptools
came-pytorch-0.1.3,D:\10. RQ1 DySec\Step 9 DownloadSelectedBenignPackages\Benign_Packages\came-pytorch-0.1.3.tar.gz,tar,came-pytorch-0.1.3/setup.py,916,ast,1,1,setuptools
camelsplit-1.0.1,D:\10. RQ1 DySec\Step 9 DownloadSelectedBenignPackages\Benign_Packages\camelsplit-1.0.1.tar.gz,tar,camelsplit-1.0.1/setup.py,672,ast,1,1,setuptools
camera-1.3.0,D:\10. RQ1 DySec\Step 9 DownloadSelectedBenignPackages\Benign_Packages\camera-1.3.0.tar.gz,tar,camera-1.3.0/setup.py,761,ast,1,1,setuptools
camera-util-1.1.7,D:\10. RQ1 DySec\Step 9 DownloadSelectedBenignPackages\Benign_Packages\camera-util-1.1.7.tar.gz,tar,camera-util-1.1.7/setup.py,2721,ast,4,4,io; os; setuptools; sys
Camera_control-0.0.1,D:\10. RQ1 DySec\Step 9 DownloadSelectedBenignPackages\Benign_Packages\Camera_control-0.0.1.tar.gz,tar,Camera_control-0.0.1/setup.py,41,ast,1,1,setuptools
candinfo-1.0.2,D:\10. RQ1 DySec\Step 9 DownloadSelectedBenignPackages\Benign_Packages\candinfo-1.0.2.tar.gz,tar,candinfo-1.0.2/setup.py,654,ast,1,1,setuptools
candy.candy-0.1.2,D:\10. RQ1 DySec\Step 9 DownloadSelectedBenignPackages\Benign_Packages\candy.candy-0.1.2.tar.gz,tar,candy.candy-0.1.2/setup.py,1029,ast,2,2,os; setuptools
candyland-0.1.5,D:\10. RQ1 DySec\Step 9 DownloadSelectedBenignPackages\Benign_Packages\candyland-0.1.5.tar.gz,tar,candyland-0.1.5/setup.py,987,ast,1,1,setuptools
candypen-0.0.1,D:\10. RQ1 DySec\Step 9 DownloadSelectedBenignPackages\Benign_Packages\candypen-0.0.1.tar.gz,tar,candypen-0.0.1/setup.py,1089,ast,1,1,setuptools
candypi-0.1.0,D:\10. RQ1 DySec\Step 9 DownloadSelectedBenignPackages\Benign_Packages\candypi-0.1.0.tar.gz,tar,candypi-0.1.0/setup.py,119,ast,1,1,setuptools
candystore-0.3.4,D:\10. RQ1 DySec\Step 9 DownloadSelectedBenignPackages\Benign_Packages\candystore-0.3.4.tar.gz,tar,candystore-0.3.4/setup.py,819,ast,1,1,setuptools
caonester-1.2.0,D:\10. RQ1 DySec\Step 9 DownloadSelectedBenignPackages\Benign_Packages\caonester-1.2.0.tar.gz,tar,caonester-1.2.0/setup.py,242,ast,1,1,distutils
capmonster_python-3.2.0,D:\10. RQ1 DySec\Step 9 DownloadSelectedBenignPackages\Benign_Packages\capmonster_python-3.2.0.tar.gz,tar,capmonster_python-3.2.0/setup.py,1582,ast,2,2,distutils; os
capmonstercloudclient-1.3.4,D:\10. RQ1 DySec\Step 9 DownloadSelectedBenignPackages\Benign_Packages\capmonstercloudclient-1.3.4.tar.gz,tar,capmonstercloudclient-1.3.4/setup.py,2332,ast,5,5,__future__; pathlib; pkg_resources; setuptools; sys
cappy-1.2.3,D:\10. RQ1 DySec\Step 9 DownloadSelectedBenignPackages\Benign_Packages\cappy-1.2.3.tar.gz,tar,cappy-1.2.3/setup.py,1540,ast,6,11,__future__; distutils; os; pip; setuptools; sys
captcha-0.6.0,D:\10. RQ1 DySec\Step 9 DownloadSelectedBenignPackages\Benign_Packages\captcha-0.6.0.tar.gz,tar,captcha-0.6.0/setup.py,38,ast,1,1,setuptools
captcha_pc-3.0.0,D:\10. RQ1 DySec\Step 9 DownloadSelectedBenignPackages\Benign_Packages\captcha_pc-3.0.0.tar.gz,tar,captcha_pc-3.0.0/setup.py,640,ast,1,1,setuptools
captchasolver-0.0.2,D:\10. RQ1 DySec\Step 9 DownloadSelectedBenignPackages\Benign_Packages\captchasolver-0.0.2.tar.gz,tar,captchasolver-0.0.2/setup.py,628,ast,2,2,captchasolver; setuptools
catbars-1.0.1,D:\10. RQ1 DySec\Step 9 DownloadSelectedBenignPackages\Benign_Packages\catbars-1.0.1.tar.gz,tar,catbars-1.0.1/setup.py,730,ast,1,1,setuptools
catchbot-0.7.0,D:\10. RQ1 DySec\Step 9 DownloadSelectedBenignPackages\Benign_Packages\catchbot-0.7.0.tar.gz,tar,catchbot-0.7.0/setup.py,1866,ast,4,4,logging; os; setuptools; subprocess
catmeow-0.2.2,D:\10. RQ1 DySec\Step 9 DownloadSelectedBenignPackages\Benign_Packages\catmeow-0.2.2.tar.gz,tar,catmeow-0.2.2/setup.py,1464,ast,1,1,setuptools
catslibrary-0.0.1,D:\10. RQ1 DySec\Step 9 DownloadSelectedBenignPackages\Benign_Packages\catslibrary-0.0.1.tar.gz,tar,catslibrary-0.0.1/setup.py,537,ast,1,1,setuptools
cccp-0.0.9,D:\10. RQ1 DySec\Step 9 DownloadSelectedBenignPackages\Benign_Packages\cccp-0.0.9.tar.gz,tar,cccp-0.0.9/setup.py,1204,ast,3,3,os; setuptools; sys
cclite-0.0.2,D:\10. RQ1 DySec\Step 9 DownloadSelectedBenignPackages\Benign_Packages\cclite-0.0.2.tar.gz,tar,cclite-0.0.2/setup.py,395,ast,1,1,setuptools
ccpy-0.0.5,D:\10. RQ1 DySec\Step 9 DownloadSelectedBenignPackages\Benign_Packages\ccpy-0.0.5.tar.gz,tar,ccpy-0.0.5/setup.py,7829,ast,5,5,ccpy; codecs; os; setuptools; sys
cct-1.3.1,D:\10. RQ1 DySec\Step 9 DownloadSelectedBenignPackages\Benign_Packages\cct-1.3.1.tar.gz,tar,cct-1.3.1/setup.py,1988,ast,5,6,Cython; cct; numpy; os; setuptools
ccx-messaging-1.0.1,D:\10. RQ1 DySec\Step 9 DownloadSelectedBenignPackages\Benign_Packages\ccx-messaging-1.0.1.tar.gz,tar,ccx-messaging-1.0.1/setup.py,668,ast,1,1,setuptools
ccxt-4.3.9,D:\10. RQ1 DySec\Step 9 DownloadSelectedBenignPackages\Benign_Packages\ccxt-4.3.9.tar.gz,tar,ccxt-4.3.9/setup.py,3071,ast,5,5,codecs; json; os; setuptools; sys
ccxt-4.3.91,D:\10. RQ1 DySec\Step 9 DownloadSelectedBenignPackages\Benign_Packages\ccxt-4.3.91.tar.gz,tar,ccxt-4.3.91/setup.py,3071,ast,5,5,codecs; json; os; setuptools; sys
ccxt-4.3.92,D:\10. RQ1 DySec\Step 9 DownloadSelectedBenignPackages\Benign_Packages\ccxt-4.3.92.tar.gz,tar,ccxt-4.3.92/setup.py,3071,ast,5,5,codecs; json; os; setuptools; sys
ccxxv-0.1.4,D:\10. RQ1 DySec\Step 9 DownloadSelectedBenignPackages\Benign_Packages\ccxxv-0.1.4.zip,zip,ccxxv-0.1.4/setup.py,694,ast,1,1,setuptools
ceeder-1.2.0,D:\10. RQ1 DySec\Step 9 DownloadSelectedBenignPackages\Benign_Packages\ceeder-1.2.0.tar.gz,tar,ceeder-1.2.0/setup.py,1947,ast,1,1,setuptools
celery-5.5.0b2,D:\10. RQ1 DySec\Step 9 DownloadSelectedBenignPackages\Benign_Packages\celery-5.5.0b2.tar.gz,tar,celery-5.5.0b2/examples/next-steps/setup.py,1224,ast,1,1,setuptools
celery-5.5.0b2,D:\10. RQ1 DySec\Step 9 DownloadSelectedBenignPackages\Benign_Packages\celery-5.5.0b2.tar.gz,tar,celery-5.5.0b2/setup.py,4636,ast,4,4,codecs; os; re; setuptools
celery-rf-4.1.1a1,D:\10. RQ1 DySec\Step 9 DownloadSelectedBenignPackages\Benign_Packages\celery-rf-4.1.1a1.tar.gz,tar,celery-rf-4.1.1a1/setup.py,5829,ast,7,8,codecs; os; platform; pytest; re; setuptools; sys
celery-rf-4.1.1a1,D:\10. RQ1 DySec\Step 9 DownloadSelectedBenignPackages\Benign_Packages\celery-rf-4.1.1a1.tar.gz,tar,celery-rf-4.1.1a1/examples/next-steps/setup.py,1285,ast,2,2,__future__; setuptools
celery-tools-0.0.1,D:\10. RQ1 DySec\Step 9 DownloadSelectedBenignPackages\Benign_Packages\celery-tools-0.0.1.tar.gz,tar,celery-tools-0.0.1/setup.py,740,ast,2,2,os; setuptools
ceplib-0.1.2,D:\10. RQ1 DySec\Step 9 DownloadSelectedBenignPackages\Benign_Packages\ceplib-0.1.2.tar.gz,tar,ceplib-0.1.2/setup.py,2504,ast,1,1,setuptools
cequest-0.0.1,D:\10. RQ1 DySec\Step 9 DownloadSelectedBenignPackages\Benign_Packages\cequest-0.0.1.tar.gz,tar,cequest-0.0.1/setup.py,789,ast,1,1,setuptools
cerial-0.0.1,D:\10. RQ1 DySec\Step 9 DownloadSelectedBenignPackages\Benign_Packages\cerial-0.0.1.tar.gz,tar,cerial-0.0.1/setup.py,1469,ast,4,5,Cython; os; setuptools; sys
certesz-1.1,D:\10. RQ1 DySec\Step 9 DownloadSelectedBenignPackages\Benign_Packages\certesz-1.1.tar.gz,tar,certesz-1.1/setup.py,1574,ast,2,2,distutils; pathlib
certif_pyspec-1.5.3,D:\10. RQ1 DySec\Step 9 DownloadSelectedBenignPackages\Benign_Packages\certif_pyspec-1.5.3.tar.gz,tar,certif_pyspec-1.5.3/setup.py,3057,ast,4,4,VERSION; distutils; os; setuptools
certifi-2024.7.4,D:\10. RQ1 DySec\Step 9 DownloadSelectedBenignPackages\Benign_Packages\certifi-2024.7.4.tar.gz,tar,certifi-2024.7.4/setup.py,2226,ast,3,3,distutils; re; setuptools
certifi-2024.8.30,D:\10. RQ1 DySec\Step 9 DownloadSelectedBenignPackages\Benign_Packages\certifi-2024.8.30.tar.gz,tar,certifi-2024.8.30/setup.py,2226,ast,3,3,distutils; re; setuptools
certifier-0.2.1,D:\10. RQ1 DySec\Step 9 DownloadSelectedBenignPackages\Benign_Packages\certifier-0.2.1.tar.gz,tar,certifier-0.2.1/setup.py,1498,ast,4,4,codecs; distutils; os; setuptools
cf_upgrade-1.0.2,D:\10. RQ1 DySec\Step 9 DownloadSelectedBenignPackages\Benign_Packages\cf_upgrade-1.0.2.tar.gz,tar,cf_upgrade-1.0.2/setup.py,1006,ast,1,1,setuptools
cffi-1.9.1,D:\10. RQ1 DySec\Step 9 DownloadSelectedBenignPackages\Benign_Packages\cffi-1.9.1.tar.gz,tar,cffi-1.9.1/setup.py,7384,ast,6,7,distutils; errno; os; setuptools; subprocess; sys
cffi-1.9.1,D:\10. RQ1 DySec\Step 9 DownloadSelectedBenignPackages\Benign_Packages\cffi-1.9.1.tar.gz,tar,cffi-1.9.1/testing/cffi0/snippets/setuptools_module/setup.py,202,ast,2,2,setuptools; snip_setuptools_verify
cffi-1.9.1,D:\10. RQ1 DySec\Step 9 DownloadSelectedBenignPackages\Benign_Packages\cffi-1.9.1.tar.gz,tar,cffi-1.9.1/testing/cffi0/snippets/distutils_package_2/setup.py,210,ast,2,2,distutils; snip_basic_verify2
cffi-1.9.1,D:\10. RQ1 DySec\Step 9 DownloadSelectedBenignPackages\Benign_Packages\cffi-1.9.1.tar.gz,tar,cffi-1.9.1/testing/cffi0/snippets/distutils_module/setup.py,171,ast,2,2,distutils; snip_basic_verify
cffi-1.9.1,D:\10. RQ1 DySec\Step 9 DownloadSelectedBenignPackages\Benign_Packages\cffi-1.9.1.tar.gz,tar,cffi-1.9.1/testing/cffi0/snippets/setuptools_package_1/setup.py,203,ast,2,2,setuptools; snip_setuptools_verify1
cffi-1.9.1,D:\10. RQ1 DySec\Step 9 DownloadSelectedBenignPackages\Benign_Packages\cffi-1.9.1.tar.gz,tar,cffi-1.9.1/testing/cffi0/snippets/infrastructure/setup.py,100,ast,1,1,distutils
cffi-1.9.1,D:\10. RQ1 DySec\Step 9 DownloadSelectedBenignPackages\Benign_Packages\cffi-1.9.1.tar.gz,tar,cffi-1.9.1/testing/cffi0/snippets/distutils_package_1/setup.py,172,ast,2,2,distutils; snip_basic_verify1
cffi-1.9.1,D:\10. RQ1 DySec\Step 9 DownloadSelectedBenignPackages\Benign_Packages\cffi-1.9.1.tar.gz,tar,cffi-1.9.1/testing/cffi0/snippets/setuptools_package_2/setup.py,246,ast,2,2,setuptools; snip_setuptools_verify2
cfgv-3.4.0,D:\10. RQ1 DySec\Step 9 DownloadSelectedBenignPackages\Benign_Packages\cfgv-3.4.0.tar.gz,tar,cfgv-3.4.0/setup.py,73,ast,2,2,__future__; setuptools
cfnbot-1.0.0a2,D:\10. RQ1 DySec\Step 9 DownloadSelectedBenignPackages\Benign_Packages\cfnbot-1.0.0a2.tar.gz,tar,cfnbot-1.0.0a2/setup.py,1609,ast,4,4,os; pip; setuptools; sys
chain-1.0,D:\10. RQ1 DySec\Step 9 DownloadSelectedBenignPackages\Benign_Packages\chain-1.0.tar.gz,tar,chain-1.0/setup.py,228,ast,1,1,distutils
Chamak-0.0.6,D:\10. RQ1 DySec\Step 9 DownloadSelectedBenignPackages\Benign_Packages\Chamak-0.0.6.tar.gz,tar,Chamak-0.0.6/setup.py,721,ast,1,1,setuptools
chanont-0.0.2,D:\10. RQ1 DySec\Step 9 DownloadSelectedBenignPackages\Benign_Packages\chanont-0.0.2.tar.gz,tar,chanont-0.0.2/setup.py,1799,ast,2,2,distutils; os
charset-normalizer-3.3.2,D:\10. RQ1 DySec\Step 9 DownloadSelectedBenignPackages\Benign_Packages\charset-normalizer-3.3.2.tar.gz,tar,charset-normalizer-3.3.2/setup.py,808,ast,5,5,mypyc; os; re; setuptools; sys
chatme-1.0.0,D:\10. RQ1 DySec\Step 9 DownloadSelectedBenignPackages\Benign_Packages\chatme-1.0.0.tar.gz,tar,chatme-1.0.0/setup.py,439,ast,1,1,setuptools
check-python-versions-0.9.2,D:\10. RQ1 DySec\Step 9 DownloadSelectedBenignPackages\Benign_Packages\check-python-versions-0.9.2.tar.gz,tar,check-python-versions-0.9.2/setup.py,1441,ast,4,4,ast; os; re; setuptools
Chrysalio-1.0,D:\10. RQ1 DySec\Step 9 DownloadSelectedBenignPackages\Benign_Packages\Chrysalio-1.0.tar.gz,tar,Chrysalio-1.0/setup.py,2800,ast,3,3,os; setuptools; sys
chttp-0.0.3,D:\10. RQ1 DySec\Step 9 DownloadSelectedBenignPackages\Benign_Packages\chttp-0.0.3.tar.gz,tar,chttp-0.0.3/setup.py,712,ast,3,3,io; pathlib; setuptools
cic-0.2.0,D:\10. RQ1 DySec\Step 9 DownloadSelectedBenignPackages\Benign_Packages\cic-0.2.0.tar.gz,tar,cic-0.2.0/setup.py,650,ast,3,3,configparser; os; setuptools
cify-0.0.2,D:\10. RQ1 DySec\Step 9 DownloadSelectedBenignPackages\Benign_Packages\cify-0.0.2.tar.gz,tar,cify-0.0.2/setup.py,802,ast,2,2,pathlib; setuptools
Cinfo-0.1.0,D:\10. RQ1 DySec\Step 9 DownloadSelectedBenignPackages\Benign_Packages\Cinfo-0.1.0.tar.gz,tar,Cinfo-0.1.0/setup.py,1015,ast,1,1,setuptools
cipher-0.1,D:\10. RQ1 DySec\Step 9 DownloadSelectedBenignPackages\Benign_Packages\cipher-0.1.tar.gz,tar,cipher-0.1/setup.py,695,ast,1,1,setuptools
cipher_bt-0.4.2,D:\10. RQ1 DySec\Step 9 DownloadSelectedBenignPackages\Benign_Packages\cipher_bt-0.4.2.tar.gz,tar,cipher_bt-0.4.2/setup.py,6680,ast,1,1,setuptools
circum-0.0.6,D:\10. RQ1 DySec\Step 9 DownloadSelectedBenignPackages\Benign_Packages\circum-0.0.6.tar.gz,tar,circum-0.0.6/setup.py,1712,ast,2,2,os; setuptools
cis-1.7.8,D:\10. RQ1 DySec\Step 9 DownloadSelectedBenignPackages\Benign_Packages\cis-1.7.8.tar.gz,tar,cis-1.7.8/setup.py,2433,ast,4,6,cis; os; pkg_resources; setuptools
ciscospark-0.1.2,D:\10. RQ1 DySec\Step 9 DownloadSelectedBenignPackages\Benign_Packages\ciscospark-0.1.2.tar.gz,tar,ciscospark-0.1.2/setup.py,526,ast,2,2,distutils; setuptools
ciscosparkbot-0.6.3,D:\10. RQ1 DySec\Step 9 DownloadSelectedBenignPackages\Benign_Packages\ciscosparkbot-0.6.3.tar.gz,tar,ciscosparkbot-0.6.3/setup.py,821,ast,2,2,os; setuptools
ciscouctoolkit-2.126,D:\10. RQ1 DySec\Step 9 DownloadSelectedBenignPackages\Benign_Packages\ciscouctoolkit-2.126.tar.gz,tar,ciscouctoolkit-2.126/setup.py,863,ast,2,2,pathlib; setuptools
cityscapesscripts-2.2.3,D:\10. RQ1 DySec\Step 9 DownloadSelectedBenignPackages\Benign_Packages\cityscapesscripts-2.2.3.tar.gz,tar,cityscapesscripts-2.2.3/setup.py,2909,ast,4,4,Cython; numpy; os; setuptools
ckill-1.0.1,D:\10. RQ1 DySec\Step 9 DownloadSelectedBenignPackages\Benign_Packages\ckill-1.0.1.tar.gz,tar,ckill-1.0.1/setup.py,3375,ast,4,4,os; pathlib; re; setuptools
class-1.0.0,D:\10. RQ1 DySec\Step 9 DownloadSelectedBenignPackages\Benign_Packages\class-1.0.0.zip,zip,class-1.0.0/setup.py,273,ast,1,1,distutils
class-pool-0.7rc1,D:\10. RQ1 DySec\Step 9 DownloadSelectedBenignPackages\Benign_Packages\class-pool-0.7rc1.tar.gz,tar,class-pool-0.7rc1/setup.py,966,ast,3,4,class_pool; pip; setuptools
classipy-1.1.1,D:\10. RQ1 DySec\Step 9 DownloadSelectedBenignPackages\Benign_Packages\classipy-1.1.1.tar.gz,tar,classipy-1.1.1/setup.py,1246,ast,1,1,setuptools
cleantable-0.0.0,D:\10. RQ1 DySec\Step 9 DownloadSelectedBenignPackages\Benign_Packages\cleantable-0.0.0.tar.gz,tar,cleantable-0.0.0/setup.py,883,ast,1,1,setuptools
cleantalk_python_antispam-1.2.0,D:\10. RQ1 DySec\Step 9 DownloadSelectedBenignPackages\Benign_Packages\cleantalk_python_antispam-1.2.0.tar.gz,tar,cleantalk_python_antispam-1.2.0/setup.py,2479,ast,2,2,codecs; setuptools
clear-2.0.0,D:\10. RQ1 DySec\Step 9 DownloadSelectedBenignPackages\Benign_Packages\clear-2.0.0.tar.gz,tar,clear-2.0.0/setup.py,1314,ast,4,4,io; os; re; setuptools
clearai-1.0.1,D:\10. RQ1 DySec\Step 9 DownloadSelectedBenignPackages\Benign_Packages\clearai-1.0.1.tar.gz,tar,clearai-1.0.1/setup.py,538,ast,1,1,setuptools
clearn-0.0.0,D:\10. RQ1 DySec\Step 9 DownloadSelectedBenignPackages\Benign_Packages\clearn-0.0.0.tar.gz,tar,clearn-0.0.0/setup.py,659,ast,4,4,distutils; joblib; setuptools; sys
clearsmart-0.0.1,D:\10. RQ1 DySec\Step 9 DownloadSelectedBenignPackages\Benign_Packages\clearsmart-0.0.1.tar.gz,tar,clearsmart-0.0.1/setup.py,156,ast,1,1,setuptools
clevergui-0.0.1a2,D:\10. RQ1 DySec\Step 9 DownloadSelectedBenignPackages\Benign_Packages\clevergui-0.0.1a2.tar.gz,tar,clevergui-0.0.1a2/setup.py,1919,ast,2,3,pathlib; setuptools
cli-tools-info-1.0.5,D:\10. RQ1 DySec\Step 9 DownloadSelectedBenignPackages\Benign_Packages\cli-tools-info-1.0.5.tar.gz,tar,cli-tools-info-1.0.5/setup.py,592,ast,1,1,setuptools
click-8.1.7,D:\10. RQ1 DySec\Step 9 DownloadSelectedBenignPackages\Benign_Packages\click-8.1.7.tar.gz,tar,click-8.1.7/examples/aliases/setup.py,267,ast,1,1,setuptools
click-8.1.7,D:\10. RQ1 DySec\Step 9 DownloadSelectedBenignPackages\Benign_Packages\click-8.1.7.tar.gz,tar,click-8.1.7/examples/colors/setup.py,263,ast,1,1,setuptools
click-8.1.7,D:\10. RQ1 DySec\Step 9 DownloadSelectedBenignPackages\Benign_Packages\click-8.1.7.tar.gz,tar,click-8.1.7/examples/completion/setup.py,279,ast,1,1,setuptools
click-8.1.7,D:\10. RQ1 DySec\Step 9 DownloadSelectedBenignPackages\Benign_Packages\click-8.1.7.tar.gz,tar,click-8.1.7/examples/complex/setup.py,289,ast,1,1,setuptools
click-8.1.7,D:\10. RQ1 DySec\Step 9 DownloadSelectedBenignPackages\Benign_Packages\click-8.1.7.tar.gz,tar,click-8.1.7/examples/imagepipe/setup.py,285,ast,1,1,setuptools
click-8.1.7,D:\10. RQ1 DySec\Step 9 DownloadSelectedBenignPackages\Benign_Packages\click-8.1.7.tar.gz,tar,click-8.1.7/examples/inout/setup.py,259,ast,1,1,setuptools
click-8.1.7,D:\10. RQ1 DySec\Step 9 DownloadSelectedBenignPackages\Benign_Packages\click-8.1.7.tar.gz,tar,click-8.1.7/examples/naval/setup.py,259,ast,1,1,setuptools
click-8.1.7,D:\10. RQ1 DySec\Step 9 DownloadSelectedBenignPackages\Benign_Packages\click-8.1.7.tar.gz,tar,click-8.1.7/examples/repo/setup.py,255,ast,1,1,setuptools
click-8.1.7,D:\10. RQ1 DySec\Step 9 DownloadSelectedBenignPackages\Benign_Packages\click-8.1.7.tar.gz,tar,click-8.1.7/examples/termui/setup.py,263,ast,1,1,setuptools
click-8.1.7,D:\10. RQ1 DySec\Step 9 DownloadSelectedBenignPackages\Benign_Packages\click-8.1.7.tar.gz,tar,click-8.1.7/examples/validation/setup.py,279,ast,1,1,setuptools
click-8.1.7,D:\10. RQ1 DySec\Step 9 DownloadSelectedBenignPackages\Benign_Packages\click-8.1.7.tar.gz,tar,click-8.1.7/setup.py,191,ast,1,1,setuptools
click-man-0.4.1,D:\10. RQ1 DySec\Step 9 DownloadSelectedBenignPackages\Benign_Packages\click-man-0.4.1.tar.gz,tar,click-man-0.4.1/setup.py,1054,ast,2,2,os; setuptools
click-plugins-1.1.1,D:\10. RQ1 DySec\Step 9 DownloadSelectedBenignPackages\Benign_Packages\click-plugins-1.1.1.tar.gz,tar,click-plugins-1.1.1/setup.py,1942,ast,3,4,codecs; os; setuptools
clickable-1.8,D:\10. RQ1 DySec\Step 9 DownloadSelectedBenignPackages\Benign_Packages\clickable-1.8.tar.gz,tar,clickable-1.8/setup.py,1559,ast,1,1,setuptools
Client_API_VN-2.9.3,D:\10. RQ1 DySec\Step 9 DownloadSelectedBenignPackages\Benign_Packages\Client_API_VN-2.9.3.tar.gz,tar,Client_API_VN-2.9.3/setup.py,571,ast,3,3,pkg_resources; setuptools; sys
clientliblib-0.0.0.0,D:\10. RQ1 DySec\Step 9 DownloadSelectedBenignPackages\Benign_Packages\clientliblib-0.0.0.0.tar.gz,tar,clientliblib-0.0.0.0/setup.py,131,ast,2,2,setuptools; sys
clik-0.92.4,D:\10. RQ1 DySec\Step 9 DownloadSelectedBenignPackages\Benign_Packages\clik-0.92.4.tar.gz,tar,clik-0.92.4/setup.py,1744,ast,3,3,os; setuptools; sys
climber-0.1.4,D:\10. RQ1 DySec\Step 9 DownloadSelectedBenignPackages\Benign_Packages\climber-0.1.4.tar.gz,tar,climber-0.1.4/setup.py,2294,ast,6,6,distutils; os; re; setuptools; sys; wheel
clinc-0.1.2,D:\10. RQ1 DySec\Step 9 DownloadSelectedBenignPackages\Benign_Packages\clinc-0.1.2.tar.gz,tar,clinc-0.1.2/setup.py,1241,ast,1,1,setuptools
clint-0.5.1,D:\10. RQ1 DySec\Step 9 DownloadSelectedBenignPackages\Benign_Packages\clint-0.5.1.tar.gz,tar,clint-0.5.1/setup.py,1598,ast,5,5,clint; distutils; os; setuptools; sys
clip-video-encode-1.3.0,D:\10. RQ1 DySec\Step 9 DownloadSelectedBenignPackages\Benign_Packages\clip-video-encode-1.3.0.tar.gz,tar,clip-video-encode-1.3.0/setup.py,1504,ast,3,3,os; pathlib; setuptools
clistyle-1.0rc1,D:\10. RQ1 DySec\Step 9 DownloadSelectedBenignPackages\Benign_Packages\clistyle-1.0rc1.tar.gz,tar,clistyle-1.0rc1/setup.py,2100,ast,3,3,codecs; os; setuptools
clorox-0.6.1,D:\10. RQ1 DySec\Step 9 DownloadSelectedBenignPackages\Benign_Packages\clorox-0.6.1.tar.gz,tar,clorox-0.6.1/setup.py,602,ast,1,1,setuptools
cloud-2.8.5,D:\10. RQ1 DySec\Step 9 DownloadSelectedBenignPackages\Benign_Packages\cloud-2.8.5.tar.gz,tar,cloud-2.8.5/setup.py,11936,regex,11,19,OpenSSL; distutils; json; os; re; setuptools; shutil; simplejson; ssl; sys; win32con
cloud_utility-0.0.2,D:\10. RQ1 DySec\Step 9 DownloadSelectedBenignPackages\Benign_Packages\cloud_utility-0.0.2.tar.gz,tar,cloud_utility-0.0.2/setup.py,1269,ast,1,1,setuptools
cloudbypass-0.1.1,D:\10. RQ1 DySec\Step 9 DownloadSelectedBenignPackages\Benign_Packages\cloudbypass-0.1.1.tar.gz,tar,cloudbypass-0.1.1/setup.py,1878,ast,3,3,io; pathlib; setuptools
cloudcix-0.9.7,D:\10. RQ1 DySec\Step 9 DownloadSelectedBenignPackages\Benign_Packages\cloudcix-0.9.7.tar.gz,tar,cloudcix-0.9.7/setup.py,1094,ast,1,1,setuptools
cloudfile-0.2.8,D:\10. RQ1 DySec\Step 9 DownloadSelectedBenignPackages\Benign_Packages\cloudfile-0.2.8.tar.gz,tar,cloudfile-0.2.8/setup.py,987,ast,2,2,pathlib; setuptools
cmc-2.0.3.1,D:\10. RQ1 DySec\Step 9 DownloadSelectedBenignPackages\Benign_Packages\cmc-2.0.3.1.tar.gz,tar,cmc-2.0.3.1/setup.py,1067,ast,1,1,setuptools
cmc-py-wrapper-0.1.4,D:\10. RQ1 DySec\Step 9 DownloadSelectedBenignPackages\Benign_Packages\cmc-py-wrapper-0.1.4.tar.gz,tar,cmc-py-wrapper-0.1.4/setup.py,2280,ast,2,2,os; setuptools
cocograph-0.1.0,D:\10. RQ1 DySec\Step 9 DownloadSelectedBenignPackages\Benign_Packages\cocograph-0.1.0.tar.gz,tar,cocograph-0.1.0/setup.py,1837,ast,2,3,ez_setup; setuptools
cod-0.0.4,D:\10. RQ1 DySec\Step 9 DownloadSelectedBenignPackages\Benign_Packages\cod-0.0.4.tar.gz,tar,cod-0.0.4/setup.py,933,ast,2,2,cod; setuptools
code-cui-1.0,D:\10. RQ1 DySec\Step 9 DownloadSelectedBenignPackages\Benign_Packages\code-cui-1.0.tar.gz,tar,code-cui-1.0/setup.py,972,ast,1,1,setuptools
codehack-0.06,D:\10. RQ1 DySec\Step 9 DownloadSelectedBenignPackages\Benign_Packages\codehack-0.06.zip,zip,codehack-0.06/setup.py,690,ast,1,1,distutils
CodeIntel-2.0.0rc2,D:\10. RQ1 DySec\Step 9 DownloadSelectedBenignPackages\Benign_Packages\CodeIntel-2.0.0rc2.tar.gz,tar,CodeIntel-2.0.0rc2/setup.py,9517,ast,5,5,codeintel; glob; os; setuptools; sys
codelgb-0.0.1,D:\10. RQ1 DySec\Step 9 DownloadSelectedBenignPackages\Benign_Packages\codelgb-0.0.1.tar.gz,tar,codelgb-0.0.1/codelgb/LightGBM/python-package/setup.py,14644,ast,11,14,__future__; distutils; io; logging; os; platform; setuptools; shutil; struct; subprocess; sys
codelgb-0.0.1,D:\10. RQ1 DySec\Step 9 DownloadSelectedBenignPackages\Benign_Packages\codelgb-0.0.1.tar.gz,tar,codelgb-0.0.1/setup.py,1152,ast,1,1,setuptools
codelib-0.0.1,D:\10. RQ1 DySec\Step 9 DownloadSelectedBenignPackages\Benign_Packages\codelib-0.0.1.tar.gz,tar,codelib-0.0.1/setup.py,692,ast,1,1,setuptools
codenitro-1.0.1,D:\10. RQ1 DySec\Step 9 DownloadSelectedBenignPackages\Benign_Packages\codenitro-1.0.1.tar.gz,tar,codenitro-1.0.1/src/setup.py,325,ast,1,1,setuptools
codepoints-1.0,D:\10. RQ1 DySec\Step 9 DownloadSelectedBenignPackages\Benign_Packages\codepoints-1.0.zip,zip,codepoints-1.0/setup.py,1601,ast,3,3,codecs; os; setuptools
codepost-0.3.2,D:\10. RQ1 DySec\Step 9 DownloadSelectedBenignPackages\Benign_Packages\codepost-0.3.2.tar.gz,tar,codepost-0.3.2/setup.py,1224,ast,2,2,os; setuptools
codestyle-0.4.3,D:\10. RQ1 DySec\Step 9 DownloadSelectedBenignPackages\Benign_Packages\codestyle-0.4.3.tar.gz,tar,codestyle-0.4.3/setup.py,1365,ast,1,1,setuptools
coding_kingpdf-1.0,D:\10. RQ1 DySec\Step 9 DownloadSelectedBenignPackages\Benign_Packages\coding_kingpdf-1.0.tar.gz,tar,coding_kingpdf-1.0/setup.py,232,ast,2,2,pathlib; setuptools
coilcraft-1.1,D:\10. RQ1 DySec\Step 9 DownloadSelectedBenignPackages\Benign_Packages\coilcraft-1.1.tar.gz,tar,coilcraft-1.1/setup.py,474,ast,1,1,setuptools
coingecko-0.13,D:\10. RQ1 DySec\Step 9 DownloadSelectedBenignPackages\Benign_Packages\coingecko-0.13.tar.gz,tar,coingecko-0.13/setup.py,1134,ast,1,1,setuptools
coinlib-2.3.0,D:\10. RQ1 DySec\Step 9 DownloadSelectedBenignPackages\Benign_Packages\coinlib-2.3.0.tar.gz,tar,coinlib-2.3.0/setup.py,1427,ast,2,3,os; setuptools
coinmarketcap-5.0.3,D:\10. RQ1 DySec\Step 9 DownloadSelectedBenignPackages\Benign_Packages\coinmarketcap-5.0.3.tar.gz,tar,coinmarketcap-5.0.3/setup.py,1674,ast,4,4,codecs; distutils; os; setuptools
Coins-0.2.2,D:\10. RQ1 DySec\Step 9 DownloadSelectedBenignPackages\Benign_Packages\Coins-0.2.2.tar.gz,tar,Coins-0.2.2/setup.py,977,ast,1,1,setuptools
colang-0.0.1,D:\10. RQ1 DySec\Step 9 DownloadSelectedBenignPackages\Benign_Packages\colang-0.0.1.tar.gz,tar,colang-0.0.1/setup.py,675,ast,1,1,setuptools
colarised-1.4,D:\10. RQ1 DySec\Step 9 DownloadSelectedBenignPackages\Benign_Packages\colarised-1.4.tar.gz,tar,colarised-1.4/setup.py,356,ast,1,1,setuptools
colarma-0.1.0,D:\10. RQ1 DySec\Step 9 DownloadSelectedBenignPackages\Benign_Packages\colarma-0.1.0.tar.gz,tar,colarma-0.1.0/setup.py,995,ast,1,1,setuptools
colloquy-0.1.0,D:\10. RQ1 DySec\Step 9 DownloadSelectedBenignPackages\Benign_Packages\colloquy-0.1.0.tar.gz,tar,colloquy-0.1.0/setup.py,833,ast,1,1,setuptools
color-0.1.1,D:\10. RQ1 DySec\Step 9 DownloadSelectedBenignPackages\Benign_Packages\color-0.1.1.tar.gz,tar,color/setup.py,1251,ast,2,2,color; setuptools
color-extractor-1.0.0,D:\10. RQ1 DySec\Step 9 DownloadSelectedBenignPackages\Benign_Packages\color-extractor-1.0.0.tar.gz,tar,color-extractor-1.0.0/setup.py,1046,ast,1,1,setuptools
color-it-2.1.3,D:\10. RQ1 DySec\Step 9 DownloadSelectedBenignPackages\Benign_Packages\color-it-2.1.3.tar.gz,tar,color-it-2.1.3/setup.py,713,ast,1,1,setuptools
color-name-0.2.0,D:\10. RQ1 DySec\Step 9 DownloadSelectedBenignPackages\Benign_Packages\color-name-0.2.0.tar.gz,tar,color-name-0.2.0/setup.py,889,ast,3,3,colorname; pathlib; setuptools
color-names-1.2,D:\10. RQ1 DySec\Step 9 DownloadSelectedBenignPackages\Benign_Packages\color-names-1.2.tar.gz,tar,color-names-1.2/setup.py,844,ast,1,1,setuptools
color-temp-0.1.0,D:\10. RQ1 DySec\Step 9 DownloadSelectedBenignPackages\Benign_Packages\color-temp-0.1.0.tar.gz,tar,color-temp-0.1.0/setup.py,814,ast,1,1,setuptools
color_lib-0.0.3,D:\10. RQ1 DySec\Step 9 DownloadSelectedBenignPackages\Benign_Packages\color_lib-0.0.3.tar.gz,tar,color_lib-0.0.3/setup.py,638,ast,1,1,setuptools
color_log-1.0.9,D:\10. RQ1 DySec\Step 9 DownloadSelectedBenignPackages\Benign_Packages\color_log-1.0.9.tar.gz,tar,color_log-1.0.9/setup.py,1829,ast,2,2,os; setuptools
coloration-0.1.1,D:\10. RQ1 DySec\Step 9 DownloadSelectedBenignPackages\Benign_Packages\coloration-0.1.1.tar.gz,tar,coloration-0.1.1/setup.py,688,ast,4,4,os; setuptools; sys; unittest
coloraura-1.0.2,D:\10. RQ1 DySec\Step 9 DownloadSelectedBenignPackages\Benign_Packages\coloraura-1.0.2.tar.gz,tar,coloraura-1.0.2/setup.py,544,ast,1,1,setuptools
colorAw-0.0.2,D:\10. RQ1 DySec\Step 9 DownloadSelectedBenignPackages\Benign_Packages\colorAw-0.0.2.tar.gz,tar,colorAw-0.0.2/setup.py,647,ast,1,1,setuptools
colorcountcython-0.10,D:\10. RQ1 DySec\Step 9 DownloadSelectedBenignPackages\Benign_Packages\colorcountcython-0.10.tar.gz,tar,colorcountcython-0.10/setup.py,1467,ast,4,4,codecs; os; pathlib; setuptools
colordesk-0.1.0,D:\10. RQ1 DySec\Step 9 DownloadSelectedBenignPackages\Benign_Packages\colordesk-0.1.0.tar.gz,tar,colordesk-0.1.0/setup.py,928,ast,1,1,setuptools
colordet2-1.0,D:\10. RQ1 DySec\Step 9 DownloadSelectedBenignPackages\Benign_Packages\colordet2-1.0.tar.gz,tar,colordet2-1.0/setup.py,483,ast,1,1,setuptools
coloredlogs-15.0.1,D:\10. RQ1 DySec\Step 9 DownloadSelectedBenignPackages\Benign_Packages\coloredlogs-15.0.1.tar.gz,tar,coloredlogs-15.0.1/setup.py,5297,ast,6,6,codecs; distutils; os; re; setuptools; sys
colorem-0.1.0,D:\10. RQ1 DySec\Step 9 DownloadSelectedBenignPackages\Benign_Packages\colorem-0.1.0.tar.gz,tar,colorem-0.1.0/src/colorem/setup.py,108,ast,1,1,setuptools
colorexlib-0.0.2,D:\10. RQ1 DySec\Step 9 DownloadSelectedBenignPackages\Benign_Packages\colorexlib-0.0.2.tar.gz,tar,colorexlib-0.0.2/setup.py,1862,ast,1,1,setuptools
Colorfan-0.1.4,D:\10. RQ1 DySec\Step 9 DownloadSelectedBenignPackages\Benign_Packages\Colorfan-0.1.4.tar.gz,tar,Colorfan-0.1.4/setup.py,1054,ast,1,1,setuptools
Colorfully-0.0.0,D:\10. RQ1 DySec\Step 9 DownloadSelectedBenignPackages\Benign_Packages\Colorfully-0.0.0.tar.gz,tar,Colorfully-0.0.0/setup.py,725,ast,1,1,setuptools
colorin-0.0.2,D:\10. RQ1 DySec\Step 9 DownloadSelectedBenignPackages\Benign_Packages\colorin-0.0.2.tar.gz,tar,colorin-0.0.2/setup.py,660,ast,1,1,setuptools
coloring-0.1.8,D:\10. RQ1 DySec\Step 9 DownloadSelectedBenignPackages\Benign_Packages\coloring-0.1.8.tar.gz,tar,coloring-0.1.8/setup.py,3202,ast,3,3,codecs; os; setuptools
Colorings-1.0.2,D:\10. RQ1 DySec\Step 9 DownloadSelectedBenignPackages\Benign_Packages\Colorings-1.0.2.tar.gz,tar,Colorings-1.0.2/setup.py,781,ast,1,1,setuptools
colorix-0.1.5,D:\10. RQ1 DySec\Step 9 DownloadSelectedBenignPackages\Benign_Packages\colorix-0.1.5.tar.gz,tar,colorix-0.1.5/setup.py,759,ast,2,2,re; setuptools
colorize-1.1.0,D:\10. RQ1 DySec\Step 9 DownloadSelectedBenignPackages\Benign_Packages\colorize-1.1.0.tar.gz,tar,colorize-1.1.0/setup.py,1099,ast,2,2,colorize; setuptools
colorizer-0.1.7,D:\10. RQ1 DySec\Step 9 DownloadSelectedBenignPackages\Benign_Packages\colorizer-0.1.7.tar.gz,tar,colorizer-0.1.7/setup.py,812,ast,1,1,setuptools
colorlib-0.1.0,D:\10. RQ1 DySec\Step 9 DownloadSelectedBenignPackages\Benign_Packages\colorlib-0.1.0.tar.gz,tar,colorlib-0.1.0/setup.py,3611,ast,5,5,io; os; setuptools; shutil; sys
colorlog-6.8.2,D:\10. RQ1 DySec\Step 9 DownloadSelectedBenignPackages\Benign_Packages\colorlog-6.8.2.tar.gz,tar,colorlog-6.8.2/setup.py,1352,ast,1,1,setuptools
colormod-1.0.1,D:\10. RQ1 DySec\Step 9 DownloadSelectedBenignPackages\Benign_Packages\colormod-1.0.1.tar.gz,tar,colormod-1.0.1/setup.py,340,ast,1,1,setuptools
colormyprompt-0.1,D:\10. RQ1 DySec\Step 9 DownloadSelectedBenignPackages\Benign_Packages\colormyprompt-0.1.tar.gz,tar,colormyprompt-0.1/setup.py,380,ast,1,1,setuptools
colorname-0.4,D:\10. RQ1 DySec\Step 9 DownloadSelectedBenignPackages\Benign_Packages\colorname-0.4.tar.gz,tar,colorname-0.4/setup.py,902,ast,5,6,colorname; distutils; glob; os; sys
coloro-0.0.2,D:\10. RQ1 DySec\Step 9 DownloadSelectedBenignPackages\Benign_Packages\coloro-0.0.2.tar.gz,tar,coloro-0.0.2/setup.py,997,ast,2,2,coloro; setuptools
colorpy-0.1.1,D:\10. RQ1 DySec\Step 9 DownloadSelectedBenignPackages\Benign_Packages\colorpy-0.1.1.tar.gz,tar,colorpy-0.1.1/setup.py,1357,ast,1,1,distutils
colorr-1.0.3,D:\10. RQ1 DySec\Step 9 DownloadSelectedBenignPackages\Benign_Packages\colorr-1.0.3.tar.gz,tar,colorr-1.0.3/setup.py,654,ast,1,1,setuptools
colors-print-0.0.6,D:\10. RQ1 DySec\Step 9 DownloadSelectedBenignPackages\Benign_Packages\colors-print-0.0.6.tar.gz,tar,colors-print-0.0.6/setup.py,1308,ast,1,1,setuptools
colors.py-0.2.2,D:\10. RQ1 DySec\Step 9 DownloadSelectedBenignPackages\Benign_Packages\colors.py-0.2.2.tar.gz,tar,colors.py-0.2.2/setup.py,993,ast,1,1,setuptools
colorsapyto-1.0,D:\10. RQ1 DySec\Step 9 DownloadSelectedBenignPackages\Benign_Packages\colorsapyto-1.0.tar.gz,tar,colorsapyto-1.0/setup.py,217,ast,1,1,setuptools
colorscale-0.8.2,D:\10. RQ1 DySec\Step 9 DownloadSelectedBenignPackages\Benign_Packages\colorscale-0.8.2.tar.gz,tar,colorscale-0.8.2/setup.py,1575,ast,3,3,distutils; pypandoc; setuptools
colorscheme-0.2,D:\10. RQ1 DySec\Step 9 DownloadSelectedBenignPackages\Benign_Packages\colorscheme-0.2.tar.gz,tar,colorscheme-0.2/setup.py,705,ast,1,1,distutils
colorsname-1.0.1,D:\10. RQ1 DySec\Step 9 DownloadSelectedBenignPackages\Benign_Packages\colorsname-1.0.1.tar.gz,tar,colorsname-1.0.1/setup.py,540,ast,1,1,setuptools
colorsnap-1.1.0,D:\10. RQ1 DySec\Step 9 DownloadSelectedBenignPackages\Benign_Packages\colorsnap-1.1.0.tar.gz,tar,colorsnap-1.1.0/setup.py,1343,ast,2,2,os; setuptools
colorsnip-0.1.3,D:\10. RQ1 DySec\Step 9 DownloadSelectedBenignPackages\Benign_Packages\colorsnip-0.1.3.tar.gz,tar,colorsnip-0.1.3/setup.py,624,ast,2,2,setuptools; wheel
colorspace-0.5.0,D:\10. RQ1 DySec\Step 9 DownloadSelectedBenignPackages\Benign_Packages\colorspace-0.5.0.tar.gz,tar,colorspace-0.5.0/setup.py,2930,ast,3,4,os; re; setuptools
colorstylecycler-0.1.6,D:\10. RQ1 DySec\Step 9 DownloadSelectedBenignPackages\Benign_Packages\colorstylecycler-0.1.6.tar.gz,tar,colorstylecycler-0.1.6/setup.py,4341,ast,4,4,pathlib; setuptools; subprocess; typing
colortag-0.0.2,D:\10. RQ1 DySec\Step 9 DownloadSelectedBenignPackages\Benign_Packages\colortag-0.0.2.tar.gz,tar,colortag-0.0.2/setup.py,723,ast,1,1,setuptools
colorterm-0.3,D:\10. RQ1 DySec\Step 9 DownloadSelectedBenignPackages\Benign_Packages\colorterm-0.3.tar.gz,tar,colorterm-0.3/setup.py,1292,ast,4,4,multiprocessing; os; setuptools; sys
colorty-0.1.5,D:\10. RQ1 DySec\Step 9 DownloadSelectedBenignPackages\Benign_Packages\colorty-0.1.5.tar.gz,tar,colorty-0.1.5/setup.py,1259,ast,1,1,setuptools
colorweave-0.3.2,D:\10. RQ1 DySec\Step 9 DownloadSelectedBenignPackages\Benign_Packages\colorweave-0.3.2.tar.gz,tar,colorweave-0.3.2/setup.py,1573,ast,5,5,colorweave; distutils; multiprocessing; os; sys
colorwiz-66.0.3,D:\10. RQ1 DySec\Step 9 DownloadSelectedBenignPackages\Benign_Packages\colorwiz-66.0.3.tar.gz,tar,colorwiz-66.0.3/setup.py,807,ast,1,2,setuptools
colorxx-24042601,D:\10. RQ1 DySec\Step 9 DownloadSelectedBenignPackages\Benign_Packages\colorxx-24042601.tar.gz,tar,colorxx-24042601/setup.py,531,ast,2,2,colorx; setuptools
colorz-1.0.3,D:\10. RQ1 DySec\Step 9 DownloadSelectedBenignPackages\Benign_Packages\colorz-1.0.3.tar.gz,tar,colorz-1.0.3/setup.py,1195,ast,3,3,codecs; os; setuptools
colour-0.1.5,D:\10. RQ1 DySec\Step 9 DownloadSelectedBenignPackages\Benign_Packages\colour-0.1.5.tar.gz,tar,colour-0.1.5/setup.py,1977,ast,5,7,distribute_setup; os; setuptools; subprocess; sys
coloured-1.0.0,D:\10. RQ1 DySec\Step 9 DownloadSelectedBenignPackages\Benign_Packages\coloured-1.0.0.tar.gz,tar,coloured-1.0.0/setup.py,475,ast,1,1,setuptools
coloured-logger-1.0.3,D:\10. RQ1 DySec\Step 9 DownloadSelectedBenignPackages\Benign_Packages\coloured-logger-1.0.3.tar.gz,tar,coloured-logger-1.0.3/setup.py,1187,ast,3,3,coloured_logger; os; setuptools
colourful-1.2.5,D:\10. RQ1 DySec\Step 9 DownloadSelectedBenignPackages\Benign_Packages\colourful-1.2.5.tar.gz,tar,colourful-1.2.5/setup.py,683,ast,1,1,setuptools
colourin-1.3.0,D:\10. RQ1 DySec\Step 9 DownloadSelectedBenignPackages\Benign_Packages\colourin-1.3.0.tar.gz,tar,colourin-1.3.0/setup.py,536,ast,1,1,setuptools
colouringmap-0.0.3,D:\10. RQ1 DySec\Step 9 DownloadSelectedBenignPackages\Benign_Packages\colouringmap-0.0.3.tar.gz,tar,colouringmap-0.0.3/setup.py,1360,ast,2,2,os; setuptools
colourlib-0.5.3,D:\10. RQ1 DySec\Step 9 DownloadSelectedBenignPackages\Benign_Packages\colourlib-0.5.3.tar.gz,tar,colourlib-0.5.3/setup.py,452,ast,1,1,setuptools
colourmap-1.1.9,D:\10. RQ1 DySec\Step 9 DownloadSelectedBenignPackages\Benign_Packages\colourmap-1.1.9.tar.gz,tar,colourmap-1.1.9/setup.py,1365,ast,2,2,re; setuptools
colours_library-0.6,D:\10. RQ1 DySec\Step 9 DownloadSelectedBenignPackages\Benign_Packages\colours_library-0.6.tar.gz,tar,colours_library-0.6/setup.py,536,ast,1,1,setuptools
comorbidipy-0.5.0,D:\10. RQ1 DySec\Step 9 DownloadSelectedBenignPackages\Benign_Packages\comorbidipy-0.5.0.tar.gz,tar,comorbidipy-0.5.0/setup.py,1642,ast,1,1,setuptools
compile-1.0.3,D:\10. RQ1 DySec\Step 9 DownloadSelectedBenignPackages\Benign_Packages\compile-1.0.3.tar.gz,tar,compile-1.0.3/setup.py,925,ast,1,1,setuptools
comtypes-fork-1.1.10,D:\10. RQ1 DySec\Step 9 DownloadSelectedBenignPackages\Benign_Packages\comtypes-fork-1.1.10.tar.gz,tar,comtypes-fork-1.1.10/comtypes/test/setup.py,164,ast,3,3,distutils; glob; py2exe
comtypes-fork-1.1.10,D:\10. RQ1 DySec\Step 9 DownloadSelectedBenignPackages\Benign_Packages\comtypes-fork-1.1.10.tar.gz,tar,comtypes-fork-1.1.10/setup.py,6428,ast,7,10,comtypes; ctypes; distutils; os; setuptools; subprocess; sys
concord-py-0.3.6,D:\10. RQ1 DySec\Step 9 DownloadSelectedBenignPackages\Benign_Packages\concord-py-0.3.6.tar.gz,tar,concord-py-0.3.6/setup.py,778,ast,4,5,os; pip; setuptools; subprocess
concretedz-1.1,D:\10. RQ1 DySec\Step 9 DownloadSelectedBenignPackages\Benign_Packages\concretedz-1.1.tar.gz,tar,concretedz-1.1/setup.py,1599,ast,2,2,distutils; pathlib
concurrent-log-handler-0.9.9,D:\10. RQ1 DySec\Step 9 DownloadSelectedBenignPackages\Benign_Packages\concurrent-log-handler-0.9.9.tar.gz,tar,concurrent-log-handler-0.9.9/setup.py,13089,ast,4,4,ez_setup; setuptools; sys; win32file
conda-4.3.16,D:\10. RQ1 DySec\Step 9 DownloadSelectedBenignPackages\Benign_Packages\conda-4.3.16.tar.gz,tar,conda-4.3.16/setup.py,3991,ast,6,6,__future__; conda; distutils; os; setuptools; sys
configs-3.0.3,D:\10. RQ1 DySec\Step 9 DownloadSelectedBenignPackages\Benign_Packages\configs-3.0.3.zip,zip,configs-3.0.3/setup.py,896,ast,2,2,configs; setuptools
confluent-kafka-2.5.3,D:\10. RQ1 DySec\Step 9 DownloadSelectedBenignPackages\Benign_Packages\confluent-kafka-2.5.3.tar.gz,tar,confluent-kafka-2.5.3/setup.py,3238,ast,4,4,distutils; os; platform; setuptools
connect-0.2,D:\10. RQ1 DySec\Step 9 DownloadSelectedBenignPackages\Benign_Packages\connect-0.2.tar.gz,tar,connect-0.2/setup.py,1465,ast,2,2,connect; distutils
connection-2021.7.20,D:\10. RQ1 DySec\Step 9 DownloadSelectedBenignPackages\Benign_Packages\connection-2021.7.20.tar.gz,tar,connection-2021.7.20/setup.py,178,ast,1,1,setuptools
connections-0.1.3,D:\10. RQ1 DySec\Step 9 DownloadSelectedBenignPackages\Benign_Packages\connections-0.1.3.tar.gz,tar,connections-0.1.3/setup.py,1067,ast,3,3,connections; os; setuptools
console_images-0.1.1,D:\10. RQ1 DySec\Step 9 DownloadSelectedBenignPackages\Benign_Packages\console_images-0.1.1.tar.gz,tar,console_images-0.1.1/setup.py,767,ast,1,1,setuptools
consolec-0.0.2,D:\10. RQ1 DySec\Step 9 DownloadSelectedBenignPackages\Benign_Packages\consolec-0.0.2.tar.gz,tar,consolec-0.0.2/setup.py,1362,ast,2,2,io; setuptools
consolemd-0.5.1,D:\10. RQ1 DySec\Step 9 DownloadSelectedBenignPackages\Benign_Packages\consolemd-0.5.1.tar.gz,tar,consolemd-0.5.1/setup.py,2463,ast,3,3,imp; os; setuptools
constload-1.0.1,D:\10. RQ1 DySec\Step 9 DownloadSelectedBenignPackages\Benign_Packages\constload-1.0.1.tar.gz,tar,constload-1.0.1/setup.py,947,ast,1,1,setuptools
contractual-0.4.6,D:\10. RQ1 DySec\Step 9 DownloadSelectedBenignPackages\Benign_Packages\contractual-0.4.6.tar.gz,tar,contractual-0.4.6/setup.py,1326,ast,2,2,os; setuptools
controlcore-0.0.4,D:\10. RQ1 DySec\Step 9 DownloadSelectedBenignPackages\Benign_Packages\controlcore-0.0.4.tar.gz,tar,controlcore-0.0.4/setup.py,407,ast,1,1,setuptools
controlgraph-0.7.1,D:\10. RQ1 DySec\Step 9 DownloadSelectedBenignPackages\Benign_Packages\controlgraph-0.7.1.tar.gz,tar,controlgraph-0.7.1/setup.py,665,ast,1,1,distutils
controlhost-0.7.1,D:\10. RQ1 DySec\Step 9 DownloadSelectedBenignPackages\Benign_Packages\controlhost-0.7.1.tar.gz,tar,controlhost-0.7.1/setup.py,751,ast,2,2,controlhost; setuptools
controlid-0.1.0,D:\10. RQ1 DySec\Step 9 DownloadSelectedBenignPackages\Benign_Packages\controlid-0.1.0.tar.gz,tar,controlid-0.1.0/setup.py,513,ast,1,1,setuptools
controllable-1a0,D:\10. RQ1 DySec\Step 9 DownloadSelectedBenignPackages\Benign_Packages\controllable-1a0.tar.gz,tar,controllable-1a0/setup.py,223,ast,1,1,setuptools
ControlManual-0.0.4.0,D:\10. RQ1 DySec\Step 9 DownloadSelectedBenignPackages\Benign_Packages\ControlManual-0.0.4.0.tar.gz,tar,ControlManual-0.0.4.0/setup.py,1261,ast,1,1,setuptools
controlmyspa-1.0.9,D:\10. RQ1 DySec\Step 9 DownloadSelectedBenignPackages\Benign_Packages\controlmyspa-1.0.9.tar.gz,tar,controlmyspa-1.0.9/setup.py,1290,ast,2,2,os; setuptools
controlpackage-1.0.1,D:\10. RQ1 DySec\Step 9 DownloadSelectedBenignPackages\Benign_Packages\controlpackage-1.0.1.tar.gz,tar,controlpackage-1.0.1/setup.py,348,ast,1,1,distutils
controlplus-0.2.0,D:\10. RQ1 DySec\Step 9 DownloadSelectedBenignPackages\Benign_Packages\controlplus-0.2.0.tar.gz,tar,controlplus-0.2.0/setup.py,2493,ast,1,1,setuptools
controlpy-0.1.1,D:\10. RQ1 DySec\Step 9 DownloadSelectedBenignPackages\Benign_Packages\controlpy-0.1.1.zip,zip,controlpy-0.1.1/setup.py,787,ast,1,1,setuptools
controlpyweb-0.1.0,D:\10. RQ1 DySec\Step 9 DownloadSelectedBenignPackages\Benign_Packages\controlpyweb-0.1.0.tar.gz,tar,controlpyweb-0.1.0/setup.py,741,ast,1,1,setuptools
controlspeed-2.3,D:\10. RQ1 DySec\Step 9 DownloadSelectedBenignPackages\Benign_Packages\controlspeed-2.3.tar.gz,tar,controlspeed-2.3/setup.py,976,ast,2,2,os; setuptools
controltools-0.1.5,D:\10. RQ1 DySec\Step 9 DownloadSelectedBenignPackages\Benign_Packages\controltools-0.1.5.zip,zip,controltools-0.1.5/setup.py,420,ast,1,1,setuptools
controme-0.1.2,D:\10. RQ1 DySec\Step 9 DownloadSelectedBenignPackages\Benign_Packages\controme-0.1.2.tar.gz,tar,controme-0.1.2/setup.py,781,ast,1,1,setuptools
conv-0.2,D:\10. RQ1 DySec\Step 9 DownloadSelectedBenignPackages\Benign_Packages\conv-0.2.tar.gz,tar,conv-0.2/setup.py,1563,ast,1,1,setuptools
convert-images-0.1.0,D:\10. RQ1 DySec\Step 9 DownloadSelectedBenignPackages\Benign_Packages\convert-images-0.1.0.tar.gz,tar,convert-images-0.1.0/setup.py,1329,ast,1,1,setuptools
convertify-0.6,D:\10. RQ1 DySec\Step 9 DownloadSelectedBenignPackages\Benign_Packages\convertify-0.6.tar.gz,tar,convertify-0.6/setup.py,873,ast,1,1,distutils
convertify-py-0.0.8,D:\10. RQ1 DySec\Step 9 DownloadSelectedBenignPackages\Benign_Packages\convertify-py-0.0.8.tar.gz,tar,convertify-py-0.0.8/setup.py,1060,ast,2,2,pathlib; setuptools
convertmask-0.5.3,D:\10. RQ1 DySec\Step 9 DownloadSelectedBenignPackages\Benign_Packages\convertmask-0.5.3.tar.gz,tar,convertmask-0.5.3/setup.py,1737,ast,3,3,convertmask; os; setuptools
cookiejar-0.0.3,D:\10. RQ1 DySec\Step 9 DownloadSelectedBenignPackages\Benign_Packages\cookiejar-0.0.3.tar.gz,tar,cookiejar-0.0.3/setup.py,1555,ast,3,3,os; setuptools; sys
cookies-2.2.1,D:\10. RQ1 DySec\Step 9 DownloadSelectedBenignPackages\Benign_Packages\cookies-2.2.1.tar.gz,tar,cookies-2.2.1/setup.py,1436,ast,5,5,cookies; pytest; setuptools; subprocess; sys
coolname-2.2.0,D:\10. RQ1 DySec\Step 9 DownloadSelectedBenignPackages\Benign_Packages\coolname-2.2.0.tar.gz,tar,coolname-2.2.0/setup.py,2935,ast,7,9,codecs; coolname; distutils; os; re; setuptools; sys
coopmovers-0.3,D:\10. RQ1 DySec\Step 9 DownloadSelectedBenignPackages\Benign_Packages\coopmovers-0.3.tar.gz,tar,coopmovers-0.3/setup.py,1184,ast,1,1,setuptools
coordinator-1.0.0b1,D:\10. RQ1 DySec\Step 9 DownloadSelectedBenignPackages\Benign_Packages\coordinator-1.0.0b1.tar.gz,tar,coordinator-1.0.0b1/setup.py,753,ast,1,1,setuptools
cord-0.2.4,D:\10. RQ1 DySec\Step 9 DownloadSelectedBenignPackages\Benign_Packages\cord-0.2.4.tar.gz,tar,cord-0.2.4/setup.py,1731,ast,1,1,setuptools
cord.py-1.27a0,D:\10. RQ1 DySec\Step 9 DownloadSelectedBenignPackages\Benign_Packages\cord.py-1.27a0.tar.gz,tar,cord.py-1.27a0/setup.py,2654,ast,3,3,re; setuptools; subprocess
cordslash-0.1.3,D:\10. RQ1 DySec\Step 9 DownloadSelectedBenignPackages\Benign_Packages\cordslash-0.1.3.tar.gz,tar,cordslash-0.1.3/setup.py,883,ast,1,1,setuptools
core-get-0.1.8,D:\10. RQ1 DySec\Step 9 DownloadSelectedBenignPackages\Benign_Packages\core-get-0.1.8.tar.gz,tar,core-get-0.1.8/setup.py,1035,ast,4,4,os; re; semver; setuptools
CORG-0.3,D:\10. RQ1 DySec\Step 9 DownloadSelectedBenignPackages\Benign_Packages\CORG-0.3.tar.gz,tar,CORG-0.3/setup.py,864,ast,1,1,distutils
corx-1.0.0b3,D:\10. RQ1 DySec\Step 9 DownloadSelectedBenignPackages\Benign_Packages\corx-1.0.0b3.tar.gz,tar,corx-1.0.0b3/setup.py,758,ast,1,1,setuptools
costra-1.0,D:\10. RQ1 DySec\Step 9 DownloadSelectedBenignPackages\Benign_Packages\costra-1.0.tar.gz,tar,costra-1.0/setup.py,799,ast,2,2,os; setuptools
cotd-stats-visualiser-0.0.1a3,D:\10. RQ1 DySec\Step 9 DownloadSelectedBenignPackages\Benign_Packages\cotd-stats-visualiser-0.0.1a3.tar.gz,tar,cotd-stats-visualiser-0.0.1a3/setup.py,911,ast,2,2,pathlib; setuptools
could-0.0.1,D:\10. RQ1 DySec\Step 9 DownloadSelectedBenignPackages\Benign_Packages\could-0.0.1.tar.gz,tar,could-0.0.1/setup.py,659,ast,1,1,setuptools
couler-0.0.0.dev0,D:\10. RQ1 DySec\Step 9 DownloadSelectedBenignPackages\Benign_Packages\couler-0.0.0.dev0.tar.gz,tar,couler-0.0.0.dev0/setup.py,3125,ast,3,3,io; os; setuptools
Counter-1.0.0,D:\10. RQ1 DySec\Step 9 DownloadSelectedBenignPackages\Benign_Packages\Counter-1.0.0.tar.gz,tar,Counter-1.0.0/setup.py,1276,ast,2,2,re; setuptools
coverage-7.6.1,D:\10. RQ1 DySec\Step 9 DownloadSelectedBenignPackages\Benign_Packages\coverage-7.6.1.tar.gz,tar,coverage-7.6.1/setup.py,7076,ast,3,4,os; setuptools; sys
coverage_python_version-0.2.0,D:\10. RQ1 DySec\Step 9 DownloadSelectedBenignPackages\Benign_Packages\coverage_python_version-0.2.0.tar.gz,tar,coverage_python_version-0.2.0/setup.py,1320,ast,1,1,setuptools
covidpy-0.1.4,D:\10. RQ1 DySec\Step 9 DownloadSelectedBenignPackages\Benign_Packages\covidpy-0.1.4.tar.gz,tar,covidpy-0.1.4/setup.py,1081,ast,2,2,pathlib; setuptools
cping-0.1.9,D:\10. RQ1 DySec\Step 9 DownloadSelectedBenignPackages\Benign_Packages\cping-0.1.9.tar.gz,tar,cping-0.1.9/setup.py,1456,ast,2,2,os; setuptools
cpkil-0.2.3,D:\10. RQ1 DySec\Step 9 DownloadSelectedBenignPackages\Benign_Packages\cpkil-0.2.3.tar.gz,tar,cpkil-0.2.3/setup.py,1393,ast,4,4,codecs; os; pathlib; setuptools
cpolymer-0.36,D:\10. RQ1 DySec\Step 9 DownloadSelectedBenignPackages\Benign_Packages\cpolymer-0.36.tar.gz,tar,cpolymer-0.36/setup.py,456,ast,1,1,setuptools
cpppytest-0.123,D:\10. RQ1 DySec\Step 9 DownloadSelectedBenignPackages\Benign_Packages\cpppytest-0.123.tar.gz,tar,cpppytest-0.123/setup.py,4000,ast,9,11,distutils; os; platform; re; setuptools; shutil; subprocess; sys; sysconfig
cppstyle-0.2.5,D:\10. RQ1 DySec\Step 9 DownloadSelectedBenignPackages\Benign_Packages\cppstyle-0.2.5.tar.gz,tar,cppstyle-0.2.5/setup.py,564,ast,1,1,setuptools
cpu_info-0.1.1,D:\10. RQ1 DySec\Step 9 DownloadSelectedBenignPackages\Benign_Packages\cpu_info-0.1.1.tar.gz,tar,cpu_info-0.1.1/setup.py,618,ast,2,2,os; setuptools
cpuload-1.0.0,D:\10. RQ1 DySec\Step 9 DownloadSelectedBenignPackages\Benign_Packages\cpuload-1.0.0.tar.gz,tar,cpuload-1.0.0/setup.py,750,ast,1,1,setuptools
cpuprofile-1.0.1,D:\10. RQ1 DySec\Step 9 DownloadSelectedBenignPackages\Benign_Packages\cpuprofile-1.0.1.tar.gz,tar,cpuprofile-1.0.1/setup.py,670,ast,1,1,setuptools
cputils-0.2.0,D:\10. RQ1 DySec\Step 9 DownloadSelectedBenignPackages\Benign_Packages\cputils-0.2.0.tar.gz,tar,cputils-0.2.0/setup.py,1730,ast,2,2,os; setuptools
cpxlsxwriter-1.0.1,D:\10. RQ1 DySec\Step 9 DownloadSelectedBenignPackages\Benign_Packages\cpxlsxwriter-1.0.1.tar.gz,tar,cpxlsxwriter-1.0.1/Cython/setup.py,11936,ast,10,19,Cython; distutils; lib2to3; os; platform; setuptools; stat; subprocess; sys; textwrap
cpxlsxwriter-1.0.1,D:\10. RQ1 DySec\Step 9 DownloadSelectedBenignPackages\Benign_Packages\cpxlsxwriter-1.0.1.tar.gz,tar,cpxlsxwriter-1.0.1/setup.py,347,ast,4,5,Cython; distutils; subprocess; sys
cpy_string_distance-11.0,D:\10. RQ1 DySec\Step 9 DownloadSelectedBenignPackages\Benign_Packages\cpy_string_distance-11.0.tar.gz,tar,cpy_string_distance-11.0/setup.py,361,ast,6,6,distutils; os; platform; requests; setuptools; socket
cr_hydra-0.2.0,D:\10. RQ1 DySec\Step 9 DownloadSelectedBenignPackages\Benign_Packages\cr_hydra-0.2.0.tar.gz,tar,cr_hydra-0.2.0/setup.py,1091,ast,3,3,glob; os; setuptools
cra-1.1.4,D:\10. RQ1 DySec\Step 9 DownloadSelectedBenignPackages\Benign_Packages\cra-1.1.4.tar.gz,tar,cra-1.1.4/setup.py,69,ast,1,1,setuptools
CrackedAuth-1.0,D:\10. RQ1 DySec\Step 9 DownloadSelectedBenignPackages\Benign_Packages\CrackedAuth-1.0.tar.gz,tar,CrackedAuth-1.0/setup.py,330,ast,1,1,setuptools
craft-0.2.6,D:\10. RQ1 DySec\Step 9 DownloadSelectedBenignPackages\Benign_Packages\craft-0.2.6.tar.gz,tar,craft-0.2.6/setup.py,535,ast,2,2,distutils; os
craft_ml-0.2.4,D:\10. RQ1 DySec\Step 9 DownloadSelectedBenignPackages\Benign_Packages\craft_ml-0.2.4.tar.gz,tar,craft_ml-0.2.4/setup.py,599,ast,1,1,setuptools
crafter-1.8.3,D:\10. RQ1 DySec\Step 9 DownloadSelectedBenignPackages\Benign_Packages\crafter-1.8.3.tar.gz,tar,crafter-1.8.3/setup.py,898,ast,2,2,pathlib; setuptools
crafting-0.201.4,D:\10. RQ1 DySec\Step 9 DownloadSelectedBenignPackages\Benign_Packages\crafting-0.201.4.tar.gz,tar,crafting-0.201.4/setup.py,1570,ast,4,4,codecs; os; re; setuptools
craftlib-0.0.1,D:\10. RQ1 DySec\Step 9 DownloadSelectedBenignPackages\Benign_Packages\craftlib-0.0.1.tar.gz,tar,craftlib-0.0.1/setup.py,4109,ast,5,5,io; os; setuptools; shutil; sys
craftplot-0.1.1,D:\10. RQ1 DySec\Step 9 DownloadSelectedBenignPackages\Benign_Packages\craftplot-0.1.1.tar.gz,tar,craftplot-0.1.1/setup.py,1264,ast,4,4,distutils; os; setuptools; sys
CraftProtocol-0.2.6,D:\10. RQ1 DySec\Step 9 DownloadSelectedBenignPackages\Benign_Packages\CraftProtocol-0.2.6.tar.gz,tar,CraftProtocol-0.2.6/setup.py,863,ast,3,3,CraftProtocol; distutils; pkgutil
cRandom-0.0.4,D:\10. RQ1 DySec\Step 9 DownloadSelectedBenignPackages\Benign_Packages\cRandom-0.0.4.tar.gz,tar,cRandom-0.0.4/setup.py,653,ast,2,2,distutils; setuptools
crashtest-0.4.1,D:\10. RQ1 DySec\Step 9 DownloadSelectedBenignPackages\Benign_Packages\crashtest-0.4.1.tar.gz,tar,crashtest-0.4.1/setup.py,983,ast,1,1,setuptools
cratergan-1.0.2,D:\10. RQ1 DySec\Step 9 DownloadSelectedBenignPackages\Benign_Packages\cratergan-1.0.2.tar.gz,tar,cratergan-1.0.2/setup.py,765,ast,4,5,apu; cratergan; os; setuptools
crawl-request-1.0.1,D:\10. RQ1 DySec\Step 9 DownloadSelectedBenignPackages\Benign_Packages\crawl-request-1.0.1.tar.gz,tar,crawl-request-1.0.1/setup.py,526,ast,1,1,setuptools
crawl_tool-0.0.2,D:\10. RQ1 DySec\Step 9 DownloadSelectedBenignPackages\Benign_Packages\crawl_tool-0.0.2.tar.gz,tar,crawl_tool-0.0.2/setup.py,861,ast,1,1,setuptools
Cray-0.0.9,D:\10. RQ1 DySec\Step 9 DownloadSelectedBenignPackages\Benign_Packages\Cray-0.0.9.tar.gz,tar,Cray-0.0.9/setup.py,1321,ast,1,1,setuptools
crd-0.0.4,D:\10. RQ1 DySec\Step 9 DownloadSelectedBenignPackages\Benign_Packages\crd-0.0.4.tar.gz,tar,crd-0.0.4/setup.py,646,ast,1,1,setuptools
creaturecast_node-0.0.9,D:\10. RQ1 DySec\Step 9 DownloadSelectedBenignPackages\Benign_Packages\creaturecast_node-0.0.9.tar.gz,tar,creaturecast_node-0.0.9/setup.py,7414,ast,4,4,codecs; os; setuptools; sys
creole-1.2,D:\10. RQ1 DySec\Step 9 DownloadSelectedBenignPackages\Benign_Packages\creole-1.2.tar.gz,tar,creole-1.2/setup.py,1396,ast,2,2,creole; distutils
creversi-0.0.1,D:\10. RQ1 DySec\Step 9 DownloadSelectedBenignPackages\Benign_Packages\creversi-0.0.1.tar.gz,tar,creversi-0.0.1/setup.py,1452,ast,2,3,numpy; setuptools
crick-0.0.6,D:\10. RQ1 DySec\Step 9 DownloadSelectedBenignPackages\Benign_Packages\crick-0.0.6.tar.gz,tar,crick-0.0.6/setup.py,1688,ast,6,8,Cython; numpy; os; setuptools; sys; versioneer
cripto-1.0a,D:\10. RQ1 DySec\Step 9 DownloadSelectedBenignPackages\Benign_Packages\cripto-1.0a.tar.gz,tar,cripto-1.0a/setup.py,284,ast,1,1,distutils
croma-0.0.2,D:\10. RQ1 DySec\Step 9 DownloadSelectedBenignPackages\Benign_Packages\croma-0.0.2.tar.gz,tar,croma-0.0.2/setup.py,618,ast,1,1,setuptools
cronio-1.2.0,D:\10. RQ1 DySec\Step 9 DownloadSelectedBenignPackages\Benign_Packages\cronio-1.2.0.tar.gz,tar,cronio-1.2.0/setup.py,909,ast,2,3,os; setuptools
croniter-3.0.3,D:\10. RQ1 DySec\Step 9 DownloadSelectedBenignPackages\Benign_Packages\croniter-3.0.3.tar.gz,tar,croniter-3.0.3/setup.py,2121,ast,3,3,io; os; setuptools
crypter-1.0.3,D:\10. RQ1 DySec\Step 9 DownloadSelectedBenignPackages\Benign_Packages\crypter-1.0.3.tar.gz,tar,crypter-1.0.3/setup.py,823,ast,1,1,distutils
crypto-1.4.1,D:\10. RQ1 DySec\Step 9 DownloadSelectedBenignPackages\Benign_Packages\crypto-1.4.1.tar.gz,tar,crypto-1.4.1/setup.py,2334,ast,3,3,os; re; setuptools
crypto_data_fetcher-1.0.0,D:\10. RQ1 DySec\Step 9 DownloadSelectedBenignPackages\Benign_Packages\crypto_data_fetcher-1.0.0.tar.gz,tar,crypto_data_fetcher-1.0.0/setup.py,1049,ast,2,2,pathlib; setuptools
crypto_prices-0.0.1,D:\10. RQ1 DySec\Step 9 DownloadSelectedBenignPackages\Benign_Packages\crypto_prices-0.0.1.tar.gz,tar,crypto_prices-0.0.1/setup.py,464,ast,1,1,setuptools
cryptobalances-0.9.5,D:\10. RQ1 DySec\Step 9 DownloadSelectedBenignPackages\Benign_Packages\cryptobalances-0.9.5.tar.gz,tar,cryptobalances-0.9.5/setup.py,724,ast,2,2,os; setuptools
cryptocmp-0.3.3,D:\10. RQ1 DySec\Step 9 DownloadSelectedBenignPackages\Benign_Packages\cryptocmp-0.3.3.tar.gz,tar,cryptocmp-0.3.3/setup.py,1230,ast,1,1,setuptools
cryptocom-0.3.4,D:\10. RQ1 DySec\Step 9 DownloadSelectedBenignPackages\Benign_Packages\cryptocom-0.3.4.tar.gz,tar,cryptocom-0.3.4/setup.py,973,ast,2,2,pathlib; setuptools
cryptocomapi-1.5,D:\10. RQ1 DySec\Step 9 DownloadSelectedBenignPackages\Benign_Packages\cryptocomapi-1.5.tar.gz,tar,cryptocomapi-1.5/setup.py,1647,ast,1,1,distutils
cryptocomp-0.1,D:\10. RQ1 DySec\Step 9 DownloadSelectedBenignPackages\Benign_Packages\cryptocomp-0.1.tar.gz,tar,cryptocomp-0.1/setup.py,538,ast,1,1,setuptools
cryptocompare-0.7.6,D:\10. RQ1 DySec\Step 9 DownloadSelectedBenignPackages\Benign_Packages\cryptocompare-0.7.6.tar.gz,tar,cryptocompare-0.7.6/setup.py,640,ast,1,1,setuptools
cryptoenv-0.1.6,D:\10. RQ1 DySec\Step 9 DownloadSelectedBenignPackages\Benign_Packages\cryptoenv-0.1.6.tar.gz,tar,cryptoenv-0.1.6/setup.py,520,ast,1,1,distutils
cryptoEx-0.0.3,D:\10. RQ1 DySec\Step 9 DownloadSelectedBenignPackages\Benign_Packages\cryptoEx-0.0.3.tar.gz,tar,cryptoEx-0.0.3/setup.py,403,ast,1,1,setuptools
cryptofeed-2.4.0,D:\10. RQ1 DySec\Step 9 DownloadSelectedBenignPackages\Benign_Packages\cryptofeed-2.4.0.tar.gz,tar,cryptofeed-2.4.0/setup.py,3884,ast,5,8,Cython; os; pytest; setuptools; sys
cryptographys-0.0.1,D:\10. RQ1 DySec\Step 9 DownloadSelectedBenignPackages\Benign_Packages\cryptographys-0.0.1.tar.gz,tar,cryptographys-0.0.1/setup.py,709,ast,1,1,setuptools
cryptograpy-0.0.0,D:\10. RQ1 DySec\Step 9 DownloadSelectedBenignPackages\Benign_Packages\cryptograpy-0.0.0.tar.gz,tar,cryptograpy-0.0.0/setup.py,479,ast,1,1,distutils
cryptolib-0.0.2,D:\10. RQ1 DySec\Step 9 DownloadSelectedBenignPackages\Benign_Packages\cryptolib-0.0.2.tar.gz,tar,cryptolib-0.0.2/setup.py,756,ast,1,1,setuptools
cryptolibrary-0.0.4,D:\10. RQ1 DySec\Step 9 DownloadSelectedBenignPackages\Benign_Packages\cryptolibrary-0.0.4.tar.gz,tar,cryptolibrary-0.0.4/setup.py,675,ast,1,1,setuptools
cryptorand-0.1.0,D:\10. RQ1 DySec\Step 9 DownloadSelectedBenignPackages\Benign_Packages\cryptorand-0.1.0.tar.gz,tar,cryptorand-0.1.0/setup.py,372,ast,1,1,setuptools
crystal-0.1.0,D:\10. RQ1 DySec\Step 9 DownloadSelectedBenignPackages\Benign_Packages\crystal-0.1.0.tar.gz,tar,crystal-0.1.0/setup.py,1182,ast,3,3,os; setuptools; sys
CrystalMatch-1.2.2,D:\10. RQ1 DySec\Step 9 DownloadSelectedBenignPackages\Benign_Packages\CrystalMatch-1.2.2.tar.gz,tar,CrystalMatch-1.2.2/setup.py,1520,ast,3,3,CrystalMatch; os; setuptools
crytic-compile-0.3.7,D:\10. RQ1 DySec\Step 9 DownloadSelectedBenignPackages\Benign_Packages\crytic-compile-0.3.7.tar.gz,tar,crytic-compile-0.3.7/setup.py,1310,ast,1,1,setuptools
crytography-1.0.0,D:\10. RQ1 DySec\Step 9 DownloadSelectedBenignPackages\Benign_Packages\crytography-1.0.0.tar.gz,tar,crytography-1.0.0/setup.py,618,ast,2,2,os; setuptools
cstl-0.0.5,D:\10. RQ1 DySec\Step 9 DownloadSelectedBenignPackages\Benign_Packages\cstl-0.0.5.tar.gz,tar,cstl-0.0.5/setup.py,753,ast,3,3,cstl; pathlib; setuptools
csvviz-0.4.9.2,D:\10. RQ1 DySec\Step 9 DownloadSelectedBenignPackages\Benign_Packages\csvviz-0.4.9.2.tar.gz,tar,csvviz-0.4.9.2/setup.py,2571,ast,2,2,csvviz; setuptools
csvy-0.1.5,D:\10. RQ1 DySec\Step 9 DownloadSelectedBenignPackages\Benign_Packages\csvy-0.1.5.tar.gz,tar,csvy-0.1.5/setup.py,1603,ast,1,1,setuptools
culour-0.3,D:\10. RQ1 DySec\Step 9 DownloadSelectedBenignPackages\Benign_Packages\culour-0.3.tar.gz,tar,culour-0.3/setup.py,407,ast,1,1,distutils
curl_arguments_url-0.1.4,D:\10. RQ1 DySec\Step 9 DownloadSelectedBenignPackages\Benign_Packages\curl_arguments_url-0.1.4.tar.gz,tar,curl_arguments_url-0.1.4/setup.py,1819,ast,2,2,os; setuptools
curl_http-0.1.2,D:\10. RQ1 DySec\Step 9 DownloadSelectedBenignPackages\Benign_Packages\curl_http-0.1.2.tar.gz,tar,curl_http-0.1.2/setup.py,643,ast,1,1,setuptools
curlreq-0.1.0,D:\10. RQ1 DySec\Step 9 DownloadSelectedBenignPackages\Benign_Packages\curlreq-0.1.0.tar.gz,tar,curlreq-0.1.0/setup.py,2295,ast,4,5,codecs; os; re; setuptools
cuser-0.0.4,D:\10. RQ1 DySec\Step 9 DownloadSelectedBenignPackages\Benign_Packages\cuser-0.0.4.tar.gz,tar,cuser-0.0.4/setup.py,214,ast,1,1,setuptools
cust-0.0.4,D:\10. RQ1 DySec\Step 9 DownloadSelectedBenignPackages\Benign_Packages\cust-0.0.4.tar.gz,tar,cust-0.0.4/setup.py,802,ast,2,2,pathlib; setuptools
custerm-1.0.2,D:\10. RQ1 DySec\Step 9 DownloadSelectedBenignPackages\Benign_Packages\custerm-1.0.2.tar.gz,tar,custerm-1.0.2/setup.py,854,ast,1,1,setuptools
custom-0.1.1,D:\10. RQ1 DySec\Step 9 DownloadSelectedBenignPackages\Benign_Packages\custom-0.1.1.tar.gz,tar,custom-0.1.1/setup.py,527,ast,3,3,custom; distutils; setuptools
cvc-0.8.0,D:\10. RQ1 DySec\Step 9 DownloadSelectedBenignPackages\Benign_Packages\cvc-0.8.0.tar.gz,tar,cvc-0.8.0/setup.py,988,ast,1,1,setuptools
cver-1.0.0,D:\10. RQ1 DySec\Step 9 DownloadSelectedBenignPackages\Benign_Packages\cver-1.0.0.tar.gz,tar,cver-1.0.0/setup.py,1629,ast,4,4,io; os; pathlib; setuptools
cvgtracker-1.01,D:\10. RQ1 DySec\Step 9 DownloadSelectedBenignPackages\Benign_Packages\cvgtracker-1.01.tar.gz,tar,cvgtracker-1.01/setup.py,586,ast,2,2,distutils; os
cvmcore-0.1.5,D:\10. RQ1 DySec\Step 9 DownloadSelectedBenignPackages\Benign_Packages\cvmcore-0.1.5.tar.gz,tar,cvmcore-0.1.5/setup.py,2177,ast,4,4,distutils; os; setuptools; sys
cvra-1.0.0,D:\10. RQ1 DySec\Step 9 DownloadSelectedBenignPackages\Benign_Packages\cvra-1.0.0.tar.gz,tar,cvra-1.0.0/setup.py,739,ast,1,1,setuptools
cvsrflow-0.2.3,D:\10. RQ1 DySec\Step 9 DownloadSelectedBenignPackages\Benign_Packages\cvsrflow-0.2.3.tar.gz,tar,cvsrflow-0.2.3/setup.py,628,ast,1,1,setuptools
cvstudio-0.1.0,D:\10. RQ1 DySec\Step 9 DownloadSelectedBenignPackages\Benign_Packages\cvstudio-0.1.0.tar.gz,tar,cvstudio-0.1.0/setup.py,2396,ast,1,1,setuptools
cvtencode-0.0.1,D:\10. RQ1 DySec\Step 9 DownloadSelectedBenignPackages\Benign_Packages\cvtencode-0.0.1.tar.gz,tar,cvtencode-0.0.1/setup.py,722,ast,1,1,setuptools
cwsplit-0.4.1,D:\10. RQ1 DySec\Step 9 DownloadSelectedBenignPackages\Benign_Packages\cwsplit-0.4.1.tar.gz,tar,cwsplit-0.4.1/setup.py,875,ast,2,2,distutils; os
cxit-1.0.3,D:\10. RQ1 DySec\Step 9 DownloadSelectedBenignPackages\Benign_Packages\cxit-1.0.3.tar.gz,tar,cxit-1.0.3/setup.py,957,ast,2,2,os; setuptools
CyberOsint-0.4,D:\10. RQ1 DySec\Step 9 DownloadSelectedBenignPackages\Benign_Packages\CyberOsint-0.4.tar.gz,tar,CyberOsint-0.4/setup.py,806,ast,1,1,setuptools
cygsubprocess-0.12,D:\10. RQ1 DySec\Step 9 DownloadSelectedBenignPackages\Benign_Packages\cygsubprocess-0.12.tar.gz,tar,cygsubprocess-0.12/setup.py,1295,ast,3,3,codecs; os; setuptools
cypherx-1.3.1,D:\10. RQ1 DySec\Step 9 DownloadSelectedBenignPackages\Benign_Packages\cypherx-1.3.1.tar.gz,tar,cypherx-1.3.1/setup.py,1340,ast,1,1,setuptools
cypress-django-0.1.0,D:\10. RQ1 DySec\Step 9 DownloadSelectedBenignPackages\Benign_Packages\cypress-django-0.1.0.tar.gz,tar,cypress-django-0.1.0/setup.py,1225,ast,1,1,setuptools
cython-3.0.11,D:\10. RQ1 DySec\Step 9 DownloadSelectedBenignPackages\Benign_Packages\cython-3.0.11.tar.gz,tar,cython-3.0.11/Demos/benchmarks/setup.py,335,ast,2,2,Cython; distutils
cython-3.0.11,D:\10. RQ1 DySec\Step 9 DownloadSelectedBenignPackages\Benign_Packages\cython-3.0.11.tar.gz,tar,cython-3.0.11/Demos/callback/Setup.py,234,ast,2,3,Cython; distutils
cython-3.0.11,D:\10. RQ1 DySec\Step 9 DownloadSelectedBenignPackages\Benign_Packages\cython-3.0.11.tar.gz,tar,cython-3.0.11/Demos/libraries/setup.py,941,ast,5,6,Cython; __future__; distutils; os; sys
cython-3.0.11,D:\10. RQ1 DySec\Step 9 DownloadSelectedBenignPackages\Benign_Packages\cython-3.0.11.tar.gz,tar,cython-3.0.11/Demos/setup.py,624,ast,4,5,Cython; distutils; numpy; sys
cython-3.0.11,D:\10. RQ1 DySec\Step 9 DownloadSelectedBenignPackages\Benign_Packages\cython-3.0.11.tar.gz,tar,cython-3.0.11/docs/examples/quickstart/build/setup.py,142,ast,2,2,Cython; setuptools
cython-3.0.11,D:\10. RQ1 DySec\Step 9 DownloadSelectedBenignPackages\Benign_Packages\cython-3.0.11.tar.gz,tar,cython-3.0.11/docs/examples/tutorial/external/setup.py,283,ast,2,2,Cython; setuptools
cython-3.0.11,D:\10. RQ1 DySec\Step 9 DownloadSelectedBenignPackages\Benign_Packages\cython-3.0.11.tar.gz,tar,cython-3.0.11/docs/examples/tutorial/parallelization/setup.py,548,ast,3,3,Cython; setuptools; sys
cython-3.0.11,D:\10. RQ1 DySec\Step 9 DownloadSelectedBenignPackages\Benign_Packages\cython-3.0.11.tar.gz,tar,cython-3.0.11/docs/examples/userguide/wrapping_CPlusPlus/setup.py,107,ast,2,2,Cython; setuptools
cython-3.0.11,D:\10. RQ1 DySec\Step 9 DownloadSelectedBenignPackages\Benign_Packages\cython-3.0.11.tar.gz,tar,cython-3.0.11/setup.py,11840,ast,9,14,Cython; distutils; os; platform; setuptools; stat; subprocess; sys; textwrap
d-utils-0.0.9,D:\10. RQ1 DySec\Step 9 DownloadSelectedBenignPackages\Benign_Packages\d-utils-0.0.9.tar.gz,tar,d-utils-0.0.9/setup.py,944,ast,1,1,setuptools
d64-1.9,D:\10. RQ1 DySec\Step 9 DownloadSelectedBenignPackages\Benign_Packages\d64-1.9.tar.gz,tar,d64-1.9/setup.py,1157,ast,1,1,setuptools
dakoaaddada-0.1,D:\10. RQ1 DySec\Step 9 DownloadSelectedBenignPackages\Benign_Packages\dakoaaddada-0.1.tar.gz,tar,dakoaaddada-0.1/setup.py,1469,ast,8,8,asyncio; codecs; getpass; os; platform; setuptools; socket; telegram
darkmatter-0.1.0,D:\10. RQ1 DySec\Step 9 DownloadSelectedBenignPackages\Benign_Packages\darkmatter-0.1.0.tar.gz,tar,darkmatter-0.1.0/setup.py,505,ast,1,1,setuptools
dashcrypt-1.1,D:\10. RQ1 DySec\Step 9 DownloadSelectedBenignPackages\Benign_Packages\dashcrypt-1.1.tar.gz,tar,dashcrypt-1.1/setup.py,1329,ast,2,2,distutils; pypandoc
data_platform_abc-0.0.0,D:\10. RQ1 DySec\Step 9 DownloadSelectedBenignPackages\Benign_Packages\data_platform_abc-0.0.0.tar.gz,tar,data_platform_abc-0.0.0/setup.py,90,ast,1,1,setuptools
data_utils-0.0.7,D:\10. RQ1 DySec\Step 9 DownloadSelectedBenignPackages\Benign_Packages\data_utils-0.0.7.tar.gz,tar,data_utils-0.0.7/setup.py,798,ast,1,1,setuptools
databricks-cli-0.18.0,D:\10. RQ1 DySec\Step 9 DownloadSelectedBenignPackages\Benign_Packages\databricks-cli-0.18.0.tar.gz,tar,databricks-cli-0.18.0/setup.py,2805,ast,4,4,importlib; io; os; setuptools
databricks_sdk-0.32.2,D:\10. RQ1 DySec\Step 9 DownloadSelectedBenignPackages\Benign_Packages\databricks_sdk-0.32.2.tar.gz,tar,databricks_sdk-0.32.2/setup.py,1916,ast,3,3,io; pathlib; setuptools
dataclasses-0.8,D:\10. RQ1 DySec\Step 9 DownloadSelectedBenignPackages\Benign_Packages\dataclasses-0.8.tar.gz,tar,dataclasses-0.8/setup.py,744,ast,1,1,setuptools
datalib-0.0.0,D:\10. RQ1 DySec\Step 9 DownloadSelectedBenignPackages\Benign_Packages\datalib-0.0.0.tar.gz,tar,datalib-0.0.0/setup.py,860,ast,1,1,distutils
datapatch-1.2.0,D:\10. RQ1 DySec\Step 9 DownloadSelectedBenignPackages\Benign_Packages\datapatch-1.2.0.tar.gz,tar,datapatch-1.2.0/setup.py,1114,ast,1,1,setuptools
dataset-loader-1.6,D:\10. RQ1 DySec\Step 9 DownloadSelectedBenignPackages\Benign_Packages\dataset-loader-1.6.tar.gz,tar,dataset-loader-1.6/setup.py,478,ast,1,1,setuptools
datasets-3.0.0,D:\10. RQ1 DySec\Step 9 DownloadSelectedBenignPackages\Benign_Packages\datasets-3.0.0.tar.gz,tar,datasets-3.0.0/setup.py,9427,ast,1,1,setuptools
DateTime-5.5,D:\10. RQ1 DySec\Step 9 DownloadSelectedBenignPackages\Benign_Packages\DateTime-5.5.tar.gz,tar,DateTime-5.5/setup.py,2624,ast,2,3,os; setuptools
datetoken-0.6.0,D:\10. RQ1 DySec\Step 9 DownloadSelectedBenignPackages\Benign_Packages\datetoken-0.6.0.tar.gz,tar,datetoken-0.6.0/setup.py,1314,ast,4,4,collections; io; re; setuptools
dateutils-0.6.9,D:\10. RQ1 DySec\Step 9 DownloadSelectedBenignPackages\Benign_Packages\dateutils-0.6.9.tar.gz,tar,dateutils-0.6.9/setup.py,1233,ast,2,2,os; setuptools
dawenz-1.1,D:\10. RQ1 DySec\Step 9 DownloadSelectedBenignPackages\Benign_Packages\dawenz-1.1.tar.gz,tar,dawenz-1.1/setup.py,1567,ast,2,2,distutils; pathlib
db0905-1.0.1,D:\10. RQ1 DySec\Step 9 DownloadSelectedBenignPackages\Benign_Packages\db0905-1.0.1.tar.gz,tar,db0905-1.0.1/setup.py,735,ast,3,3,db0905; setuptools; sys
db_contrib_tool-0.8.5,D:\10. RQ1 DySec\Step 9 DownloadSelectedBenignPackages\Benign_Packages\db_contrib_tool-0.8.5.tar.gz,tar,db_contrib_tool-0.8.5/setup.py,7980,ast,1,1,setuptools
db_dtypes-1.3.0,D:\10. RQ1 DySec\Step 9 DownloadSelectedBenignPackages\Benign_Packages\db_dtypes-1.3.0.tar.gz,tar,db_dtypes-1.3.0/setup.py,2495,ast,4,4,io; os; re; setuptools
dber-0.0.5,D:\10. RQ1 DySec\Step 9 DownloadSelectedBenignPackages\Benign_Packages\dber-0.0.5.tar.gz,tar,dber-0.0.5/setup.py,6076,ast,5,5,io; os; setuptools; shutil; sys
dbhydra-2.2.9,D:\10. RQ1 DySec\Step 9 DownloadSelectedBenignPackages\Benign_Packages\dbhydra-2.2.9.tar.gz,tar,dbhydra-2.2.9/setup.py,793,ast,1,1,setuptools
dbinterpy-0.0.2,D:\10. RQ1 DySec\Step 9 DownloadSelectedBenignPackages\Benign_Packages\dbinterpy-0.0.2.tar.gz,tar,dbinterpy-0.0.2/setup.py,142,ast,3,3,setuptools; site; sys
dbt_core-1.8.6,D:\10. RQ1 DySec\Step 9 DownloadSelectedBenignPackages\Benign_Packages\dbt_core-1.8.6.tar.gz,tar,dbt_core-1.8.6/setup.py,3971,ast,3,4,os; setuptools; sys
dcraft-0.5.2,D:\10. RQ1 DySec\Step 9 DownloadSelectedBenignPackages\Benign_Packages\dcraft-0.5.2.tar.gz,tar,dcraft-0.5.2/setup.py,652,ast,1,1,setuptools
dcre-2023.2.4,D:\10. RQ1 DySec\Step 9 DownloadSelectedBenignPackages\Benign_Packages\dcre-2023.2.4.tar.gz,tar,dcre-2023.2.4/setup.py,136,ast,2,2,setuptools; versioneer
ddiscord-0.2.3,D:\10. RQ1 DySec\Step 9 DownloadSelectedBenignPackages\Benign_Packages\ddiscord-0.2.3.tar.gz,tar,ddiscord-0.2.3/setup.py,903,ast,2,2,pathlib; setuptools
ddtrace-2.9.5,D:\10. RQ1 DySec\Step 9 DownloadSelectedBenignPackages\Benign_Packages\ddtrace-2.9.5.tar.gz,tar,ddtrace-2.9.5/ddtrace/vendor/psutil/setup.py,7931,ast,9,10,contextlib; distutils; io; os; platform; setuptools; shutil; sys; tempfile
ddtrace-2.9.5,D:\10. RQ1 DySec\Step 9 DownloadSelectedBenignPackages\Benign_Packages\ddtrace-2.9.5.tar.gz,tar,ddtrace-2.9.5/ddtrace/vendor/wrapt/setup.py,191,ast,1,1,setuptools
ddtrace-2.9.5,D:\10. RQ1 DySec\Step 9 DownloadSelectedBenignPackages\Benign_Packages\ddtrace-2.9.5.tar.gz,tar,ddtrace-2.9.5/setup.py,20863,ast,17,21,Cython; cmake; distutils; hashlib; importlib; os; pathlib; pkg_resources; platform; re; setuptools; shutil; subprocess; sys; sysconfig; tarfile; urllib
ddtrace-2.9.5,D:\10. RQ1 DySec\Step 9 DownloadSelectedBenignPackages\Benign_Packages\ddtrace-2.9.5.tar.gz,tar,ddtrace-2.9.5/tests/contrib/pyramid/pserve_app/setup.py,285,ast,1,2,setuptools
de-ausbildungssuche-0.1.0,D:\10. RQ1 DySec\Step 9 DownloadSelectedBenignPackages\Benign_Packages\de-ausbildungssuche-0.1.0.tar.gz,tar,de-ausbildungssuche-0.1.0/setup.py,46008,ast,1,1,setuptools
debug-0.3.2,D:\10. RQ1 DySec\Step 9 DownloadSelectedBenignPackages\Benign_Packages\debug-0.3.2.tar.gz,tar,debug-0.3.2/setup.py,375,ast,1,1,distutils
debugaahy-0.1.2,D:\10. RQ1 DySec\Step 9 DownloadSelectedBenignPackages\Benign_Packages\debugaahy-0.1.2.tar.gz,tar,debugaahy-0.1.2/setup.py,929,ast,1,1,setuptools
debugpy-1.8.5,D:\10. RQ1 DySec\Step 9 DownloadSelectedBenignPackages\Benign_Packages\debugpy-1.8.5.zip,zip,debugpy-1.8.5/setup.py,7501,ast,7,10,debugpy; distutils; os; setuptools; subprocess; sys; versioneer
decorationLine-1.0.1,D:\10. RQ1 DySec\Step 9 DownloadSelectedBenignPackages\Benign_Packages\decorationLine-1.0.1.tar.gz,tar,decorationLine-1.0.1/setup.py,795,ast,1,1,setuptools
decorator-5.1.1,D:\10. RQ1 DySec\Step 9 DownloadSelectedBenignPackages\Benign_Packages\decorator-5.1.1.tar.gz,tar,decorator-5.1.1/setup.py,1715,ast,1,1,setuptools
decrypto-1.1.1,D:\10. RQ1 DySec\Step 9 DownloadSelectedBenignPackages\Benign_Packages\decrypto-1.1.1.tar.gz,tar,decrypto-1.1.1/setup.py,1358,ast,1,1,setuptools
deedee-0.1,D:\10. RQ1 DySec\Step 9 DownloadSelectedBenignPackages\Benign_Packages\deedee-0.1.tar.gz,tar,deedee-0.1/setup.py,1033,ast,1,1,setuptools
deep-translator-1.9.3,D:\10. RQ1 DySec\Step 9 DownloadSelectedBenignPackages\Benign_Packages\deep-translator-1.9.3.tar.gz,tar,deep-translator-1.9.3/setup.py,25686,ast,1,1,setuptools
deepacsa-0.3.1,D:\10. RQ1 DySec\Step 9 DownloadSelectedBenignPackages\Benign_Packages\deepacsa-0.3.1.tar.gz,tar,deepacsa-0.3.1/setup.py,1357,ast,3,3,distutils; pathlib; setuptools
deepdiff-8.0.1,D:\10. RQ1 DySec\Step 9 DownloadSelectedBenignPackages\Benign_Packages\deepdiff-8.0.1.tar.gz,tar,deepdiff-8.0.1/setup.py,2255,ast,3,3,os; setuptools; sys
deepl-1.9.0,D:\10. RQ1 DySec\Step 9 DownloadSelectedBenignPackages\Benign_Packages\deepl-1.9.0.tar.gz,tar,deepl-1.9.0/setup.py,23025,ast,1,1,setuptools
deepl-translate-1.2.0,D:\10. RQ1 DySec\Step 9 DownloadSelectedBenignPackages\Benign_Packages\deepl-translate-1.2.0.tar.gz,tar,deepl-translate-1.2.0/setup.py,1128,ast,4,4,codecs; os; re; setuptools
deepr-2.9.1,D:\10. RQ1 DySec\Step 9 DownloadSelectedBenignPackages\Benign_Packages\deepr-2.9.1.tar.gz,tar,deepr-2.9.1/setup.py,1989,ast,3,3,pathlib; re; setuptools
DeeprAI-1.0.4,D:\10. RQ1 DySec\Step 9 DownloadSelectedBenignPackages\Benign_Packages\DeeprAI-1.0.4.tar.gz,tar,DeeprAI-1.0.4/setup.py,3599,ast,5,7,Cython; numpy; os; setuptools; sys
defc-0.0.1,D:\10. RQ1 DySec\Step 9 DownloadSelectedBenignPackages\Benign_Packages\defc-0.0.1.tar.gz,tar,defc-0.0.1/setup.py,1078,ast,1,1,setuptools
defender-0.0.3,D:\10. RQ1 DySec\Step 9 DownloadSelectedBenignPackages\Benign_Packages\defender-0.0.3.tar.gz,tar,defender-0.0.3/setup.py,634,ast,1,1,setuptools
defusedxml-0.7.1,D:\10. RQ1 DySec\Step 9 DownloadSelectedBenignPackages\Benign_Packages\defusedxml-0.7.1.tar.gz,tar,defusedxml-0.7.1/setup.py,1956,ast,6,6,__future__; defusedxml; distutils; setuptools; subprocess; sys
dehydrate-0.3.7,D:\10. RQ1 DySec\Step 9 DownloadSelectedBenignPackages\Benign_Packages\dehydrate-0.3.7.tar.gz,tar,dehydrate-0.3.7/setup.py,1867,ast,3,4,pytest; setuptools; sys
delpywidget-0.0.1,D:\10. RQ1 DySec\Step 9 DownloadSelectedBenignPackages\Benign_Packages\delpywidget-0.0.1.tar.gz,tar,delpywidget-0.0.1/setup.py,954,ast,1,1,setuptools
delta-spark-3.2.0,D:\10. RQ1 DySec\Step 9 DownloadSelectedBenignPackages\Benign_Packages\delta-spark-3.2.0.tar.gz,tar,delta-spark-3.2.0/setup.py,2142,ast,3,4,os; setuptools; sys
demon-2.0.6,D:\10. RQ1 DySec\Step 9 DownloadSelectedBenignPackages\Benign_Packages\demon-2.0.6.tar.gz,tar,demon-2.0.6/setup.py,2120,ast,3,3,codecs; os; setuptools
denton-0.0.2,D:\10. RQ1 DySec\Step 9 DownloadSelectedBenignPackages\Benign_Packages\denton-0.0.2.tar.gz,tar,denton-0.0.2/setup.py,678,ast,1,1,setuptools
dependency-0.0.3,D:\10. RQ1 DySec\Step 9 DownloadSelectedBenignPackages\Benign_Packages\dependency-0.0.3.tar.gz,tar,dependency-0.0.3/setup.py,1386,ast,4,4,os; re; setuptools; sys
dependency_comb-0.2.0,D:\10. RQ1 DySec\Step 9 DownloadSelectedBenignPackages\Benign_Packages\dependency_comb-0.2.0.tar.gz,tar,dependency_comb-0.2.0/setup.py,60,ast,1,1,setuptools
dependency_comb-0.3.0,D:\10. RQ1 DySec\Step 9 DownloadSelectedBenignPackages\Benign_Packages\dependency_comb-0.3.0.tar.gz,tar,dependency_comb-0.3.0/setup.py,60,ast,1,1,setuptools
DependencyConfusion-666,D:\10. RQ1 DySec\Step 9 DownloadSelectedBenignPackages\Benign_Packages\DependencyConfusion-666.tar.gz,tar,DependencyConfusion-666/setup.py,4860,ast,7,10,DependencyConfusion; ctypes; functools; os; platform; setuptools; tkinter
deposit_gui-1.6.30,D:\10. RQ1 DySec\Step 9 DownloadSelectedBenignPackages\Benign_Packages\deposit_gui-1.6.30.tar.gz,tar,deposit_gui-1.6.30/setup.py,41,ast,1,1,setuptools
Deprecated-1.2.14,D:\10. RQ1 DySec\Step 9 DownloadSelectedBenignPackages\Benign_Packages\Deprecated-1.2.14.tar.gz,tar,Deprecated-1.2.14/setup.py,5587,ast,1,1,setuptools
deprecation-2.1.0,D:\10. RQ1 DySec\Step 9 DownloadSelectedBenignPackages\Benign_Packages\deprecation-2.1.0.tar.gz,tar,deprecation-2.1.0/setup.py,1836,ast,3,3,io; re; setuptools
derpy-0.1.1,D:\10. RQ1 DySec\Step 9 DownloadSelectedBenignPackages\Benign_Packages\derpy-0.1.1.tar.gz,tar,derpy-0.1.1/setup.py,1588,ast,1,1,setuptools
destripegui-1.6.5,D:\10. RQ1 DySec\Step 9 DownloadSelectedBenignPackages\Benign_Packages\destripegui-1.6.5.tar.gz,tar,destripegui-1.6.5/setup.py,966,ast,1,1,setuptools
destripegui_gpu-2.0.0,D:\10. RQ1 DySec\Step 9 DownloadSelectedBenignPackages\Benign_Packages\destripegui_gpu-2.0.0.tar.gz,tar,destripegui_gpu-2.0.0/setup.py,1132,ast,1,1,setuptools
desugar-0,D:\10. RQ1 DySec\Step 9 DownloadSelectedBenignPackages\Benign_Packages\desugar-0.tar.gz,tar,desugar-0/setup.py,643,ast,1,1,distutils
devicepool-4.0.0,D:\10. RQ1 DySec\Step 9 DownloadSelectedBenignPackages\Benign_Packages\devicepool-4.0.0.tar.gz,tar,devicepool-4.0.0/setup.py,741,ast,1,1,setuptools
dfadsfsfasdfa-0.1.0,D:\10. RQ1 DySec\Step 9 DownloadSelectedBenignPackages\Benign_Packages\dfadsfsfasdfa-0.1.0.tar.gz,tar,dfadsfsfasdfa-0.1.0/setup.py,177,ast,1,1,setuptools
dfiance-0.1.3,D:\10. RQ1 DySec\Step 9 DownloadSelectedBenignPackages\Benign_Packages\dfiance-0.1.3.tar.gz,tar,dfiance-0.1.3/setup.py,428,ast,1,1,distutils
dgaintel-2.3,D:\10. RQ1 DySec\Step 9 DownloadSelectedBenignPackages\Benign_Packages\dgaintel-2.3.tar.gz,tar,dgaintel-2.3/setup.py,1844,ast,2,2,os; setuptools
dhamma-0.4,D:\10. RQ1 DySec\Step 9 DownloadSelectedBenignPackages\Benign_Packages\dhamma-0.4.tar.gz,tar,dhamma-0.4/setup.py,831,ast,1,1,setuptools
dharma-1.3.2,D:\10. RQ1 DySec\Step 9 DownloadSelectedBenignPackages\Benign_Packages\dharma-1.3.2.tar.gz,tar,dharma-1.3.2/setup.py,2989,ast,3,3,os; setuptools; sys
dheeraj-square-1.0.1,D:\10. RQ1 DySec\Step 9 DownloadSelectedBenignPackages\Benign_Packages\dheeraj-square-1.0.1.tar.gz,tar,dheeraj-square-1.0.1/setup.py,942,ast,2,2,pathlib; setuptools
dhttp-1.3.3,D:\10. RQ1 DySec\Step 9 DownloadSelectedBenignPackages\Benign_Packages\dhttp-1.3.3.tar.gz,tar,dhttp-1.3.3/setup.py,932,ast,3,3,dhttp; os; setuptools
dHydra-0.9.9,D:\10. RQ1 DySec\Step 9 DownloadSelectedBenignPackages\Benign_Packages\dHydra-0.9.9.tar.gz,tar,dHydra-0.9.9/setup.py,1772,ast,5,5,codecs; distutils; os; setuptools; sys
didery-0.2.0,D:\10. RQ1 DySec\Step 9 DownloadSelectedBenignPackages\Benign_Packages\didery-0.2.0.tar.gz,tar,didery-0.2.0/setup.py,4548,ast,8,16,Cython; __future__; glob; io; os; re; setuptools; sys
diffuser-0.0.1,D:\10. RQ1 DySec\Step 9 DownloadSelectedBenignPackages\Benign_Packages\diffuser-0.0.1.tar.gz,tar,diffuser-0.0.1/setup.py,300,ast,1,1,setuptools
dill-0.3.8,D:\10. RQ1 DySec\Step 9 DownloadSelectedBenignPackages\Benign_Packages\dill-0.3.8.tar.gz,tar,dill-0.3.8/setup.py,4585,ast,5,6,distutils; os; setuptools; sys; version
dinemic-20.09.1,D:\10. RQ1 DySec\Step 9 DownloadSelectedBenignPackages\Benign_Packages\dinemic-20.09.1.tar.gz,tar,dinemic-20.09.1/setup.py,2139,ast,3,3,distutils; os; sys
diony_test-1.0.0,D:\10. RQ1 DySec\Step 9 DownloadSelectedBenignPackages\Benign_Packages\diony_test-1.0.0.zip,zip,diony_test-1.0.0/setup.py,272,ast,1,1,distutils
DIRECT-1.0.1,D:\10. RQ1 DySec\Step 9 DownloadSelectedBenignPackages\Benign_Packages\DIRECT-1.0.1.tar.gz,tar,DIRECT-1.0.1/setup.py,2073,ast,2,3,numpy; setuptools
directio-1.3,D:\10. RQ1 DySec\Step 9 DownloadSelectedBenignPackages\Benign_Packages\directio-1.3.tar.gz,tar,directio-1.3/setup.py,1639,ast,1,1,distutils
directv-0.4.0,D:\10. RQ1 DySec\Step 9 DownloadSelectedBenignPackages\Benign_Packages\directv-0.4.0.tar.gz,tar,directv-0.4.0/setup.py,1721,ast,4,4,os; re; setuptools; sys
disc-solver-0.4,D:\10. RQ1 DySec\Step 9 DownloadSelectedBenignPackages\Benign_Packages\disc-solver-0.4.tar.gz,tar,disc-solver-0.4/setup.py,2614,ast,3,3,codecs; setuptools; versioneer
disco-py-0.0.9,D:\10. RQ1 DySec\Step 9 DownloadSelectedBenignPackages\Benign_Packages\disco-py-0.0.9.tar.gz,tar,disco-py-0.0.9/setup.py,1482,ast,3,3,disco; setuptools; unittest
discodo-3.0.5,D:\10. RQ1 DySec\Step 9 DownloadSelectedBenignPackages\Benign_Packages\discodo-3.0.5.tar.gz,tar,discodo-3.0.5/setup.py,1446,ast,3,3,os; re; setuptools
discord-2.3.2,D:\10. RQ1 DySec\Step 9 DownloadSelectedBenignPackages\Benign_Packages\discord-2.3.2.tar.gz,tar,discord-2.3.2/setup.py,562,ast,2,2,os; setuptools
Discord-AdvDB-0.1.0,D:\10. RQ1 DySec\Step 9 DownloadSelectedBenignPackages\Benign_Packages\Discord-AdvDB-0.1.0.tar.gz,tar,Discord-AdvDB-0.1.0/setup.py,1294,ast,1,1,setuptools
discord-du-1.0.0,D:\10. RQ1 DySec\Step 9 DownloadSelectedBenignPackages\Benign_Packages\discord-du-1.0.0.tar.gz,tar,discord-du-1.0.0/setup.py,832,ast,1,1,setuptools
discord-ext-bot-1.0.1,D:\10. RQ1 DySec\Step 9 DownloadSelectedBenignPackages\Benign_Packages\discord-ext-bot-1.0.1.tar.gz,tar,discord-ext-bot-1.0.1/setup.py,508,ast,1,1,setuptools
discord-pda-1.0.1a0,D:\10. RQ1 DySec\Step 9 DownloadSelectedBenignPackages\Benign_Packages\discord-pda-1.0.1a0.tar.gz,tar,discord-pda-1.0.1a0/setup.py,2603,ast,3,3,re; setuptools; subprocess
discord-py-api-1.7.851,D:\10. RQ1 DySec\Step 9 DownloadSelectedBenignPackages\Benign_Packages\discord-py-api-1.7.851.tar.gz,tar,discord-py-api-1.7.851/setup.py,2952,ast,3,3,re; setuptools; subprocess
discord-rpc-5.0,D:\10. RQ1 DySec\Step 9 DownloadSelectedBenignPackages\Benign_Packages\discord-rpc-5.0.tar.gz,tar,discord-rpc-5.0/setup.py,1972,ast,2,2,re; setuptools
discord-ui-5.1.6,D:\10. RQ1 DySec\Step 9 DownloadSelectedBenignPackages\Benign_Packages\discord-ui-5.1.6.tar.gz,tar,discord-ui-5.1.6/setup.py,2145,ast,1,1,setuptools
discord-web-utils-0.2.0,D:\10. RQ1 DySec\Step 9 DownloadSelectedBenignPackages\Benign_Packages\discord-web-utils-0.2.0.tar.gz,tar,discord-web-utils-0.2.0/setup.py,527,ast,1,1,setuptools
discord-ws-0.0.1,D:\10. RQ1 DySec\Step 9 DownloadSelectedBenignPackages\Benign_Packages\discord-ws-0.0.1.tar.gz,tar,discord-ws-0.0.1/setup.py,248,ast,1,1,setuptools
discord_app-0.0.1a1,D:\10. RQ1 DySec\Step 9 DownloadSelectedBenignPackages\Benign_Packages\discord_app-0.0.1a1.tar.gz,tar,discord_app-0.0.1a1/setup.py,3167,ast,1,1,setuptools
discord_bot_manager-1.0.0,D:\10. RQ1 DySec\Step 9 DownloadSelectedBenignPackages\Benign_Packages\discord_bot_manager-1.0.0.tar.gz,tar,discord_bot_manager-1.0.0/setup.py,948,ast,2,2,distutils; setuptools
discord_colorize-0.0.8,D:\10. RQ1 DySec\Step 9 DownloadSelectedBenignPackages\Benign_Packages\discord_colorize-0.0.8.tar.gz,tar,discord_colorize-0.0.8/setup.py,1007,ast,2,2,ast; setuptools
discord_command-0.0.2,D:\10. RQ1 DySec\Step 9 DownloadSelectedBenignPackages\Benign_Packages\discord_command-0.0.2.tar.gz,tar,discord_command-0.0.2/setup.py,637,ast,1,1,setuptools
discord_game-0.1.3,D:\10. RQ1 DySec\Step 9 DownloadSelectedBenignPackages\Benign_Packages\discord_game-0.1.3.tar.gz,tar,discord_game-0.1.3/setup.py,787,ast,2,2,pathlib; setuptools
discord_hooks-1.0,D:\10. RQ1 DySec\Step 9 DownloadSelectedBenignPackages\Benign_Packages\discord_hooks-1.0.tar.gz,tar,discord_hooks-1.0/setup.py,120,ast,1,1,setuptools
discord_markdown-0.4.0,D:\10. RQ1 DySec\Step 9 DownloadSelectedBenignPackages\Benign_Packages\discord_markdown-0.4.0.tar.gz,tar,discord_markdown-0.4.0/setup.py,1488,ast,1,1,setuptools
discord_port-1.4,D:\10. RQ1 DySec\Step 9 DownloadSelectedBenignPackages\Benign_Packages\discord_port-1.4.tar.gz,tar,discord_port-1.4/setup.py,840,ast,1,1,setuptools
discord_py-2.4.0,D:\10. RQ1 DySec\Step 9 DownloadSelectedBenignPackages\Benign_Packages\discord_py-2.4.0.tar.gz,tar,discord_py-2.4.0/setup.py,1024,ast,3,3,re; setuptools; subprocess
discordapi-0.1,D:\10. RQ1 DySec\Step 9 DownloadSelectedBenignPackages\Benign_Packages\discordapi-0.1.tar.gz,tar,discordapi-0.1/setup.py,533,ast,1,1,setuptools
discordbook-0.2.4,D:\10. RQ1 DySec\Step 9 DownloadSelectedBenignPackages\Benign_Packages\discordbook-0.2.4.tar.gz,tar,discordbook-0.2.4/setup.py,696,ast,1,1,setuptools
discordbot.py-0.2.3a3,D:\10. RQ1 DySec\Step 9 DownloadSelectedBenignPackages\Benign_Packages\discordbot.py-0.2.3a3.tar.gz,tar,discordbot.py-0.2.3a3/setup.py,1341,ast,3,3,codecs; os; setuptools
discordce-0.1,D:\10. RQ1 DySec\Step 9 DownloadSelectedBenignPackages\Benign_Packages\discordce-0.1.tar.gz,tar,discordce-0.1/setup.py,547,ast,1,1,setuptools
DiscordColours-0.0.1,D:\10. RQ1 DySec\Step 9 DownloadSelectedBenignPackages\Benign_Packages\DiscordColours-0.0.1.tar.gz,tar,DiscordColours-0.0.1/setup.py,1096,ast,3,3,codecs; os; setuptools
DiscordDB-0.0.6,D:\10. RQ1 DySec\Step 9 DownloadSelectedBenignPackages\Benign_Packages\DiscordDB-0.0.6.tar.gz,tar,DiscordDB-0.0.6/setup.py,1452,ast,3,3,os; re; setuptools
discorddd.py-0.1.4,D:\10. RQ1 DySec\Step 9 DownloadSelectedBenignPackages\Benign_Packages\discorddd.py-0.1.4.tar.gz,tar,discorddd.py-0.1.4/setup.py,873,ast,1,1,setuptools
DiscordHooks-1.0,D:\10. RQ1 DySec\Step 9 DownloadSelectedBenignPackages\Benign_Packages\DiscordHooks-1.0.tar.gz,tar,DiscordHooks-1.0/setup.py,336,ast,1,1,setuptools
discordion-0.1.2,D:\10. RQ1 DySec\Step 9 DownloadSelectedBenignPackages\Benign_Packages\discordion-0.1.2.tar.gz,tar,discordion-0.1.2/setup.py,853,ast,1,1,setuptools
discordmc-1.1.0,D:\10. RQ1 DySec\Step 9 DownloadSelectedBenignPackages\Benign_Packages\discordmc-1.1.0.tar.gz,tar,discordmc-1.1.0/setup.py,370,ast,1,1,setuptools
DiscordOauth-1.0.0,D:\10. RQ1 DySec\Step 9 DownloadSelectedBenignPackages\Benign_Packages\DiscordOauth-1.0.0.tar.gz,tar,DiscordOauth-1.0.0/setup.py,694,ast,1,1,setuptools
discordpy_slash-9.0.0,D:\10. RQ1 DySec\Step 9 DownloadSelectedBenignPackages\Benign_Packages\discordpy_slash-9.0.0.tar.gz,tar,discordpy_slash-9.0.0/setup.py,38,ast,1,1,setuptools
discordrouter-0.0.5,D:\10. RQ1 DySec\Step 9 DownloadSelectedBenignPackages\Benign_Packages\discordrouter-0.0.5.tar.gz,tar,discordrouter-0.0.5/setup.py,567,ast,1,1,setuptools
discordrpc-0.0.0,D:\10. RQ1 DySec\Step 9 DownloadSelectedBenignPackages\Benign_Packages\discordrpc-0.0.0.tar.gz,tar,discordrpc-0.0.0/setup.py,423,ast,1,1,setuptools
discordspy-0.1.2,D:\10. RQ1 DySec\Step 9 DownloadSelectedBenignPackages\Benign_Packages\discordspy-0.1.2.tar.gz,tar,discordspy-0.1.2/setup.py,694,ast,1,1,setuptools
discordtool-0.1,D:\10. RQ1 DySec\Step 9 DownloadSelectedBenignPackages\Benign_Packages\discordtool-0.1.tar.gz,tar,discordtool-0.1/setup.py,87,ast,1,1,setuptools
discordtr-0.9.5,D:\10. RQ1 DySec\Step 9 DownloadSelectedBenignPackages\Benign_Packages\discordtr-0.9.5.zip,zip,discordtr-0.9.5/setup.py,1203,ast,1,1,distutils
discordup-0.0.9,D:\10. RQ1 DySec\Step 9 DownloadSelectedBenignPackages\Benign_Packages\discordup-0.0.9.tar.gz,tar,discordup-0.0.9/setup.py,36,ast,1,1,setuptools
DiscordUtils-1.3.4,D:\10. RQ1 DySec\Step 9 DownloadSelectedBenignPackages\Benign_Packages\DiscordUtils-1.3.4.tar.gz,tar,DiscordUtils-1.3.4/setup.py,825,ast,1,1,setuptools
discordwebhook-1.0.3,D:\10. RQ1 DySec\Step 9 DownloadSelectedBenignPackages\Benign_Packages\discordwebhook-1.0.3.tar.gz,tar,discordwebhook-1.0.3/setup.py,1192,ast,1,1,setuptools
discordyml-1.0.1,D:\10. RQ1 DySec\Step 9 DownloadSelectedBenignPackages\Benign_Packages\discordyml-1.0.1.tar.gz,tar,discordyml-1.0.1/setup.py,627,ast,1,1,setuptools
discorpy-1.6.0,D:\10. RQ1 DySec\Step 9 DownloadSelectedBenignPackages\Benign_Packages\discorpy-1.6.0.tar.gz,tar,discorpy-1.6.0/setup.py,1883,ast,3,3,pathlib; setuptools; sys
discotool-0.5.3,D:\10. RQ1 DySec\Step 9 DownloadSelectedBenignPackages\Benign_Packages\discotool-0.5.3.tar.gz,tar,discotool-0.5.3/setup.py,2303,ast,5,5,os; re; setuptools; subprocess; sys
dislib-0.9.0,D:\10. RQ1 DySec\Step 9 DownloadSelectedBenignPackages\Benign_Packages\dislib-0.9.0.tar.gz,tar,dislib-0.9.0/setup.py,1749,ast,2,2,pkg_resources; setuptools
dismusic-1.2.1,D:\10. RQ1 DySec\Step 9 DownloadSelectedBenignPackages\Benign_Packages\dismusic-1.2.1.tar.gz,tar,dismusic-1.2.1/setup.py,1852,ast,3,3,importlib; pathlib; setuptools
dispatcher-1.0,D:\10. RQ1 DySec\Step 9 DownloadSelectedBenignPackages\Benign_Packages\dispatcher-1.0.tar.gz,tar,dispatcher-1.0/setup.py,581,ast,1,1,distutils
dist_calculating-0.0.1,D:\10. RQ1 DySec\Step 9 DownloadSelectedBenignPackages\Benign_Packages\dist_calculating-0.0.1.tar.gz,tar,dist_calculating-0.0.1/setup.py,1271,ast,3,3,codecs; os; setuptools
distool-1.0.2.1,D:\10. RQ1 DySec\Step 9 DownloadSelectedBenignPackages\Benign_Packages\distool-1.0.2.1.tar.gz,tar,distool-1.0.2.1/setup.py,1330,ast,2,2,distutils; setuptools
distri_py-1,D:\10. RQ1 DySec\Step 9 DownloadSelectedBenignPackages\Benign_Packages\distri_py-1.tar.gz,tar,distri_py-1/setup.py,182,ast,1,1,setuptools
distsuper-1.0.0,D:\10. RQ1 DySec\Step 9 DownloadSelectedBenignPackages\Benign_Packages\distsuper-1.0.0.tar.gz,tar,distsuper-1.0.0/setup.py,1760,ast,4,4,logging; os; setuptools; ssl
disutils-1.4.32.post2,D:\10. RQ1 DySec\Step 9 DownloadSelectedBenignPackages\Benign_Packages\disutils-1.4.32.post2.tar.gz,tar,disutils-1.4.32.post2/setup.py,1307,ast,2,2,re; setuptools
divide-6,D:\10. RQ1 DySec\Step 9 DownloadSelectedBenignPackages\Benign_Packages\divide-6.tar.gz,tar,divide-6/setup.py,450,ast,2,2,os; setuptools
dj-paypal-0.9.1,D:\10. RQ1 DySec\Step 9 DownloadSelectedBenignPackages\Benign_Packages\dj-paypal-0.9.1.tar.gz,tar,dj-paypal-0.9.1/setup.py,61,ast,1,1,setuptools
djangae-2.0.0rc4,D:\10. RQ1 DySec\Step 9 DownloadSelectedBenignPackages\Benign_Packages\djangae-2.0.0rc4.tar.gz,tar,djangae-2.0.0rc4/setup.py,1924,ast,2,2,os; setuptools
django-async-test-0.2.2,D:\10. RQ1 DySec\Step 9 DownloadSelectedBenignPackages\Benign_Packages\django-async-test-0.2.2.tar.gz,tar,django-async-test-0.2.2/setup.py,2981,ast,5,5,codecs; os; re; setuptools; sys
django-auth-0.1.9,D:\10. RQ1 DySec\Step 9 DownloadSelectedBenignPackages\Benign_Packages\django-auth-0.1.9.tar.gz,tar,django-auth-0.1.9/setup.py,1093,ast,4,5,django_auth; ez_setup; os; setuptools
django-bs5-5.0.0b1.post1,D:\10. RQ1 DySec\Step 9 DownloadSelectedBenignPackages\Benign_Packages\django-bs5-5.0.0b1.post1.tar.gz,tar,django-bs5-5.0.0b1.post1/setup.py,478,ast,1,1,setuptools
django-dev-0.2.1,D:\10. RQ1 DySec\Step 9 DownloadSelectedBenignPackages\Benign_Packages\django-dev-0.2.1.tar.gz,tar,django-dev-0.2.1/setup.py,1461,ast,3,3,django_dev; os; setuptools
django-faq-0.8.3,D:\10. RQ1 DySec\Step 9 DownloadSelectedBenignPackages\Benign_Packages\django-faq-0.8.3.tar.gz,tar,django-faq-0.8.3/setup.py,1569,ast,2,2,distutils; os
django-metamask-auth-0.1,D:\10. RQ1 DySec\Step 9 DownloadSelectedBenignPackages\Benign_Packages\django-metamask-auth-0.1.tar.gz,tar,django-metamask-auth-0.1/setup.py,38,ast,1,1,setuptools
django-mysqlpool-0.1-9,D:\10. RQ1 DySec\Step 9 DownloadSelectedBenignPackages\Benign_Packages\django-mysqlpool-0.1-9.tar.gz,tar,django-mysqlpool-0.1-9/setup.py,1125,ast,2,2,distutils; os
django-om-0.1.0-alpha9,D:\10. RQ1 DySec\Step 9 DownloadSelectedBenignPackages\Benign_Packages\django-om-0.1.0-alpha9.tar.gz,tar,django-om-0.1.0-alpha9/setup.py,1231,ast,3,3,distutils; os; re
django-oscar-sagepay-0.1.2,D:\10. RQ1 DySec\Step 9 DownloadSelectedBenignPackages\Benign_Packages\django-oscar-sagepay-0.1.2.tar.gz,tar,django-oscar-sagepay-0.1.2/setup.py,2141,ast,3,3,os; sagepay; setuptools
django-paypal-2.1,D:\10. RQ1 DySec\Step 9 DownloadSelectedBenignPackages\Benign_Packages\django-paypal-2.1.tar.gz,tar,django-paypal-2.1/setup.py,1529,ast,2,2,os; setuptools
django-pyc-1.1.0,D:\10. RQ1 DySec\Step 9 DownloadSelectedBenignPackages\Benign_Packages\django-pyc-1.1.0.tar.gz,tar,django-pyc-1.1.0/setup.py,61,ast,1,1,setuptools
django-pypal-0.1.0,D:\10. RQ1 DySec\Step 9 DownloadSelectedBenignPackages\Benign_Packages\django-pypal-0.1.0.tar.gz,tar,django-pypal-0.1.0/setup.py,632,ast,1,1,setuptools
django-replace-2020.7.1,D:\10. RQ1 DySec\Step 9 DownloadSelectedBenignPackages\Benign_Packages\django-replace-2020.7.1.tar.gz,tar,django-replace-2020.7.1/setup.py,173,ast,1,1,setuptools
django-request-1.6.3,D:\10. RQ1 DySec\Step 9 DownloadSelectedBenignPackages\Benign_Packages\django-request-1.6.3.tar.gz,tar,django-request-1.6.3/setup.py,60,ast,1,1,setuptools
django-template-backend-1.0,D:\10. RQ1 DySec\Step 9 DownloadSelectedBenignPackages\Benign_Packages\django-template-backend-1.0.tar.gz,tar,django-template-backend-1.0/setup.py,1269,ast,2,2,os; setuptools
django-url-tracker-versiontools-url-tracker-,D:\10. RQ1 DySec\Step 9 DownloadSelectedBenignPackages\Benign_Packages\django-url-tracker-versiontools-url-tracker-.tar.gz,tar,django-url-tracker-versiontools-url-tracker-/setup.py,1345,ast,1,1,setuptools
django-web3-auth-0.1.6,D:\10. RQ1 DySec\Step 9 DownloadSelectedBenignPackages\Benign_Packages\django-web3-auth-0.1.6.tar.gz,tar,django-web3-auth-0.1.6/setup.py,2563,ast,6,6,distutils; os; re; setuptools; sys; wheel
django-webshell-0.4.0,D:\10. RQ1 DySec\Step 9 DownloadSelectedBenignPackages\Benign_Packages\django-webshell-0.4.0.tar.gz,tar,django-webshell-0.4.0/setup.py,1183,ast,2,2,setuptools; webshell
django2go-0.1.3,D:\10. RQ1 DySec\Step 9 DownloadSelectedBenignPackages\Benign_Packages\django2go-0.1.3.tar.gz,tar,django2go-0.1.3/setup.py,1608,ast,3,3,os; setuptools; six
django_http2_push-0.0b2,D:\10. RQ1 DySec\Step 9 DownloadSelectedBenignPackages\Benign_Packages\django_http2_push-0.0b2.tar.gz,tar,django_http2_push-0.0b2/setup.py,1298,ast,2,2,os; setuptools
django_requesting_os_analyzer-0.1.4,D:\10. RQ1 DySec\Step 9 DownloadSelectedBenignPackages\Benign_Packages\django_requesting_os_analyzer-0.1.4.tar.gz,tar,django_requesting_os_analyzer-0.1.4/setup.py,1824,ast,1,1,setuptools
django_smb-0.1.0,D:\10. RQ1 DySec\Step 9 DownloadSelectedBenignPackages\Benign_Packages\django_smb-0.1.0.tar.gz,tar,django_smb-0.1.0/setup.py,1217,ast,2,2,os; setuptools
djangox-0.1.9,D:\10. RQ1 DySec\Step 9 DownloadSelectedBenignPackages\Benign_Packages\djangox-0.1.9.tar.gz,tar,djangox-0.1.9/setup.py,1021,ast,2,2,os; setuptools
djonet-0.3,D:\10. RQ1 DySec\Step 9 DownloadSelectedBenignPackages\Benign_Packages\djonet-0.3.tar.gz,tar,djonet-0.3/setup.py,331,ast,1,1,distutils
dlib2mediapipe-0.0.2,D:\10. RQ1 DySec\Step 9 DownloadSelectedBenignPackages\Benign_Packages\dlib2mediapipe-0.0.2.tar.gz,tar,dlib2mediapipe-0.0.2/setup.py,994,ast,1,2,setuptools
dlsopticscore-0.1.1,D:\10. RQ1 DySec\Step 9 DownloadSelectedBenignPackages\Benign_Packages\dlsopticscore-0.1.1.tar.gz,tar,dlsopticscore-0.1.1/setup.py,37,ast,1,1,setuptools
do_nothing-1.2,D:\10. RQ1 DySec\Step 9 DownloadSelectedBenignPackages\Benign_Packages\do_nothing-1.2.tar.gz,tar,do_nothing-1.2/setup.py,126,ast,1,1,setuptools
do_utils-0.0.4.2,D:\10. RQ1 DySec\Step 9 DownloadSelectedBenignPackages\Benign_Packages\do_utils-0.0.4.2.tar.gz,tar,do_utils-0.0.4.2/setup.py,2253,ast,3,3,codecs; os; setuptools
doc-utils-0.0.2,D:\10. RQ1 DySec\Step 9 DownloadSelectedBenignPackages\Benign_Packages\doc-utils-0.0.2.tar.gz,tar,doc-utils-0.0.2/setup.py,662,ast,1,1,setuptools
docker-pycreds-0.4.0,D:\10. RQ1 DySec\Step 9 DownloadSelectedBenignPackages\Benign_Packages\docker-pycreds-0.4.0.tar.gz,tar,docker-pycreds-0.4.0/setup.py,1595,ast,2,2,os; setuptools
docker-utils-0.1.4,D:\10. RQ1 DySec\Step 9 DownloadSelectedBenignPackages\Benign_Packages\docker-utils-0.1.4.tar.gz,tar,docker-utils-0.1.4/setup.py,798,ast,3,3,os; re; setuptools
dockerfile-3.3.1,D:\10. RQ1 DySec\Step 9 DownloadSelectedBenignPackages\Benign_Packages\dockerfile-3.3.1.tar.gz,tar,dockerfile-3.3.1/setup.py,832,ast,5,6,__future__; platform; setuptools; sys; wheel
docopt-0.6.2,D:\10. RQ1 DySec\Step 9 DownloadSelectedBenignPackages\Benign_Packages\docopt-0.6.2.tar.gz,tar,docopt-0.6.2/setup.py,842,ast,2,2,docopt; setuptools
docsix-0.1,D:\10. RQ1 DySec\Step 9 DownloadSelectedBenignPackages\Benign_Packages\docsix-0.1.tar.gz,tar,docsix-0.1/setup.py,802,ast,3,3,os; setuptools; sys
docstring-0.1dev,D:\10. RQ1 DySec\Step 9 DownloadSelectedBenignPackages\Benign_Packages\docstring-0.1dev.tar.gz,tar,docstring-0.1dev/setup.py,392,ast,1,1,distutils
dosprotector-0.45,D:\10. RQ1 DySec\Step 9 DownloadSelectedBenignPackages\Benign_Packages\dosprotector-0.45.tar.gz,tar,dosprotector-0.45/setup.py,1724,ast,1,1,distutils
doubly_linked_list-1.0.0,D:\10. RQ1 DySec\Step 9 DownloadSelectedBenignPackages\Benign_Packages\doubly_linked_list-1.0.0.tar.gz,tar,doubly_linked_list-1.0.0/setup.py,767,ast,1,1,distutils
downloader-0.98,D:\10. RQ1 DySec\Step 9 DownloadSelectedBenignPackages\Benign_Packages\downloader-0.98.tar.gz,tar,downloader-0.98/setup.py,795,ast,1,1,distutils
dp-client-1.0,D:\10. RQ1 DySec\Step 9 DownloadSelectedBenignPackages\Benign_Packages\dp-client-1.0.zip,zip,dp-client-1.0/setup.py,1089,ast,1,1,setuptools
dp_translation-1.0.0,D:\10. RQ1 DySec\Step 9 DownloadSelectedBenignPackages\Benign_Packages\dp_translation-1.0.0.tar.gz,tar,dp_translation-1.0.0/setup.py,5996,ast,2,2,pathlib; setuptools
dpuser-0.0.3,D:\10. RQ1 DySec\Step 9 DownloadSelectedBenignPackages\Benign_Packages\dpuser-0.0.3.tar.gz,tar,dpuser-0.0.3/setup.py,1398,ast,2,2,os; setuptools
dpy-0.0.1,D:\10. RQ1 DySec\Step 9 DownloadSelectedBenignPackages\Benign_Packages\dpy-0.0.1.tar.gz,tar,dpy-0.0.1/setup.py,640,ast,1,1,distutils
dram-0.0.4,D:\10. RQ1 DySec\Step 9 DownloadSelectedBenignPackages\Benign_Packages\dram-0.0.4.tar.gz,tar,dram-0.0.4/setup.py,914,ast,2,2,__future__; setuptools
dramacool-0.5,D:\10. RQ1 DySec\Step 9 DownloadSelectedBenignPackages\Benign_Packages\dramacool-0.5.tar.gz,tar,dramacool-0.5/setup.py,961,ast,1,1,setuptools
draw_mempool-0.1.2,D:\10. RQ1 DySec\Step 9 DownloadSelectedBenignPackages\Benign_Packages\draw_mempool-0.1.2.tar.gz,tar,draw_mempool-0.1.2/setup.py,1262,ast,3,3,os; re; setuptools
dreamhack-1.1.6,D:\10. RQ1 DySec\Step 9 DownloadSelectedBenignPackages\Benign_Packages\dreamhack-1.1.6.tar.gz,tar,dreamhack-1.1.6/setup.py,2823,ast,1,1,setuptools
dreq-0.2.0.1,D:\10. RQ1 DySec\Step 9 DownloadSelectedBenignPackages\Benign_Packages\dreq-0.2.0.1.tar.gz,tar,dreq-0.2.0.1/setup.py,2283,ast,4,6,codecs; os; re; setuptools
dreque-0.3.0,D:\10. RQ1 DySec\Step 9 DownloadSelectedBenignPackages\Benign_Packages\dreque-0.3.0.tar.gz,tar,dreque-0.3.0/setup.py,753,ast,2,2,distutils; dreque
drequests-1.3,D:\10. RQ1 DySec\Step 9 DownloadSelectedBenignPackages\Benign_Packages\drequests-1.3.tar.gz,tar,drequests-1.3/setup.py,1959,ast,3,3,os; setuptools; sys
dressy-0.0.1,D:\10. RQ1 DySec\Step 9 DownloadSelectedBenignPackages\Benign_Packages\dressy-0.0.1.tar.gz,tar,dressy-0.0.1/setup.py,601,ast,1,1,setuptools
drf-docs-from-tests-0.1.0,D:\10. RQ1 DySec\Step 9 DownloadSelectedBenignPackages\Benign_Packages\drf-docs-from-tests-0.1.0.tar.gz,tar,drf-docs-from-tests-0.1.0/setup.py,1154,ast,1,1,setuptools
drgn-0.0.9,D:\10. RQ1 DySec\Step 9 DownloadSelectedBenignPackages\Benign_Packages\drgn-0.0.9.tar.gz,tar,drgn-0.0.9/setup.py,12280,ast,12,23,contextlib; distutils; os; pathlib; re; setuptools; shlex; subprocess; sys; unittest; util; vmtest
drift-0.0.7,D:\10. RQ1 DySec\Step 9 DownloadSelectedBenignPackages\Benign_Packages\drift-0.0.7.tar.gz,tar,drift-0.0.7/setup.py,1125,ast,3,3,distutils; os; setuptools
drifter-0.0.3,D:\10. RQ1 DySec\Step 9 DownloadSelectedBenignPackages\Benign_Packages\drifter-0.0.3.tar.gz,tar,drifter-0.0.3/setup.py,1591,ast,1,1,setuptools
drivtime-0.0.3,D:\10. RQ1 DySec\Step 9 DownloadSelectedBenignPackages\Benign_Packages\drivtime-0.0.3.tar.gz,tar,drivtime-0.0.3/setup.py,852,ast,1,1,setuptools
DSDownload-1.6.0.2,D:\10. RQ1 DySec\Step 9 DownloadSelectedBenignPackages\Benign_Packages\DSDownload-1.6.0.2.tar.gz,tar,DSDownload-1.6.0.2/setup.py,591,ast,1,1,setuptools
dstr-0.0.1,D:\10. RQ1 DySec\Step 9 DownloadSelectedBenignPackages\Benign_Packages\dstr-0.0.1.tar.gz,tar,dstr-0.0.1/setup.py,2585,ast,4,4,configparser; pkg_resources; setuptools; shlex
dsx-0.9.9,D:\10. RQ1 DySec\Step 9 DownloadSelectedBenignPackages\Benign_Packages\dsx-0.9.9.tar.gz,tar,dsx-0.9.9/setup.py,53,ast,1,1,setuptools
dtoolcore-3.9.0,D:\10. RQ1 DySec\Step 9 DownloadSelectedBenignPackages\Benign_Packages\dtoolcore-3.9.0.tar.gz,tar,dtoolcore-3.9.0/setup.py,663,ast,1,1,setuptools
dtreq-0.2,D:\10. RQ1 DySec\Step 9 DownloadSelectedBenignPackages\Benign_Packages\dtreq-0.2.zip,zip,dtreq-0.2/setup.py,401,ast,1,1,distutils
dtw-1.4.0,D:\10. RQ1 DySec\Step 9 DownloadSelectedBenignPackages\Benign_Packages\dtw-1.4.0.tar.gz,tar,dtw-1.4.0/setup.py,1043,ast,2,2,imp; setuptools
dueros-0.0.1,D:\10. RQ1 DySec\Step 9 DownloadSelectedBenignPackages\Benign_Packages\dueros-0.0.1.tar.gz,tar,dueros-0.0.1/setup.py,691,ast,1,2,setuptools
dulwich-0.22.1,D:\10. RQ1 DySec\Step 9 DownloadSelectedBenignPackages\Benign_Packages\dulwich-0.22.1.tar.gz,tar,dulwich-0.22.1/setup.py,1811,ast,5,5,os; setuptools; setuptools_rust; subprocess; sys
durl-0.0.3,D:\10. RQ1 DySec\Step 9 DownloadSelectedBenignPackages\Benign_Packages\durl-0.0.3.tar.gz,tar,durl-0.0.3/setup.py,1230,ast,1,1,setuptools
duyan-debug-0.0.6,D:\10. RQ1 DySec\Step 9 DownloadSelectedBenignPackages\Benign_Packages\duyan-debug-0.0.6.tar.gz,tar,duyan-debug-0.0.6/setup.py,820,ast,1,1,setuptools
dycode-0.0.5,D:\10. RQ1 DySec\Step 9 DownloadSelectedBenignPackages\Benign_Packages\dycode-0.0.5.tar.gz,tar,dycode-0.0.5/setup.py,1409,ast,2,2,dycode; setuptools
eagle_http-1.0.0,D:\10. RQ1 DySec\Step 9 DownloadSelectedBenignPackages\Benign_Packages\eagle_http-1.0.0.tar.gz,tar,eagle_http-1.0.0/setup.py,239,ast,1,1,setuptools
earn-newlibrary-1.0,D:\10. RQ1 DySec\Step 9 DownloadSelectedBenignPackages\Benign_Packages\earn-newlibrary-1.0.tar.gz,tar,earn-newlibrary-1.0/setup.py,270,ast,1,1,setuptools
ears-0.2.9,D:\10. RQ1 DySec\Step 9 DownloadSelectedBenignPackages\Benign_Packages\ears-0.2.9.tar.gz,tar,ears-0.2.9/setup.py,699,ast,1,1,setuptools
eastofeaton.paypal-1.0a1,D:\10. RQ1 DySec\Step 9 DownloadSelectedBenignPackages\Benign_Packages\eastofeaton.paypal-1.0a1.tar.gz,tar,eastofeaton.paypal-1.0a1/setup.py,1225,ast,1,1,setuptools
easy-password-generator-0.0.7,D:\10. RQ1 DySec\Step 9 DownloadSelectedBenignPackages\Benign_Packages\easy-password-generator-0.0.7.tar.gz,tar,easy-password-generator-0.0.7/setup.py,728,ast,1,1,setuptools
easy-visualiser-0.2.0,D:\10. RQ1 DySec\Step 9 DownloadSelectedBenignPackages\Benign_Packages\easy-visualiser-0.2.0.tar.gz,tar,easy-visualiser-0.2.0/setup.py,1073,ast,1,1,setuptools
easy_tf_log-1.9,D:\10. RQ1 DySec\Step 9 DownloadSelectedBenignPackages\Benign_Packages\easy_tf_log-1.9.tar.gz,tar,easy_tf_log-1.9/setup.py,525,ast,2,2,os; setuptools
easyencode-0.1.0,D:\10. RQ1 DySec\Step 9 DownloadSelectedBenignPackages\Benign_Packages\easyencode-0.1.0.tar.gz,tar,easyencode-0.1.0/setup.py,8992,ast,3,3,io; os; setuptools
easyfunc-0.2.5.1,D:\10. RQ1 DySec\Step 9 DownloadSelectedBenignPackages\Benign_Packages\easyfunc-0.2.5.1.tar.gz,tar,easyfunc-0.2.5.1/setup.py,863,ast,1,1,setuptools
easygeo-0.0.6,D:\10. RQ1 DySec\Step 9 DownloadSelectedBenignPackages\Benign_Packages\easygeo-0.0.6.tar.gz,tar,easygeo-0.0.6/setup.py,970,ast,1,1,setuptools
easyhttp-0.0.5,D:\10. RQ1 DySec\Step 9 DownloadSelectedBenignPackages\Benign_Packages\easyhttp-0.0.5.tar.gz,tar,easyhttp-0.0.5/setup.py,1039,ast,3,3,codecs; os; setuptools
easyload-1.0.9,D:\10. RQ1 DySec\Step 9 DownloadSelectedBenignPackages\Benign_Packages\easyload-1.0.9.tar.gz,tar,easyload-1.0.9/setup.py,2736,ast,2,2,os; setuptools
easypost_aiohttp-3.4.1,D:\10. RQ1 DySec\Step 9 DownloadSelectedBenignPackages\Benign_Packages\easypost_aiohttp-3.4.1.tar.gz,tar,easypost_aiohttp-3.4.1/setup.py,970,ast,7,7,distutils; importer; json; os; setuptools; sys; version
EasyPyRequests-1.0.0,D:\10. RQ1 DySec\Step 9 DownloadSelectedBenignPackages\Benign_Packages\EasyPyRequests-1.0.0.tar.gz,tar,EasyPyRequests-1.0.0/setup.py,482,ast,1,1,setuptools
easytap-66.0.3,D:\10. RQ1 DySec\Step 9 DownloadSelectedBenignPackages\Benign_Packages\easytap-66.0.3.tar.gz,tar,easytap-66.0.3/setup.py,805,ast,1,2,setuptools
ebhook-receiver-0.0.2,D:\10. RQ1 DySec\Step 9 DownloadSelectedBenignPackages\Benign_Packages\ebhook-receiver-0.0.2.tar.gz,tar,ebhook-receiver-0.0.2/setup.py,527,ast,1,1,setuptools
ec3-0.9.2,D:\10. RQ1 DySec\Step 9 DownloadSelectedBenignPackages\Benign_Packages\ec3-0.9.2.tar.gz,tar,ec3-0.9.2/setup.py,686,ast,2,2,os; setuptools
ecdsa-0.9,D:\10. RQ1 DySec\Step 9 DownloadSelectedBenignPackages\Benign_Packages\ecdsa-0.9.tar.gz,tar,ecdsa-0.9/setup.py,3023,ast,5,10,distutils; ecdsa; os; re; subprocess
econlib-0.0.3,D:\10. RQ1 DySec\Step 9 DownloadSelectedBenignPackages\Benign_Packages\econlib-0.0.3.tar.gz,tar,econlib-0.0.3/setup.py,680,ast,1,1,setuptools
ecscontrol-1.0.1,D:\10. RQ1 DySec\Step 9 DownloadSelectedBenignPackages\Benign_Packages\ecscontrol-1.0.1.tar.gz,tar,ecscontrol-1.0.1/setup.py,1332,ast,1,1,setuptools
ecstasy-0.1.3,D:\10. RQ1 DySec\Step 9 DownloadSelectedBenignPackages\Benign_Packages\ecstasy-0.1.3.tar.gz,tar,ecstasy-0.1.3/setup.py,1341,ast,3,3,codecs; re; setuptools
ed-pywc-1.0.0,D:\10. RQ1 DySec\Step 9 DownloadSelectedBenignPackages\Benign_Packages\ed-pywc-1.0.0.tar.gz,tar,ed-pywc-1.0.0/setup.py,1226,ast,1,1,setuptools
edam-2.1.3,D:\10. RQ1 DySec\Step 9 DownloadSelectedBenignPackages\Benign_Packages\edam-2.1.3.tar.gz,tar,edam-2.1.3/setup.py,4729,ast,7,9,errno; io; os; pytest; setuptools; shutil; sys
edenredpt-0.1.2,D:\10. RQ1 DySec\Step 9 DownloadSelectedBenignPackages\Benign_Packages\edenredpt-0.1.2.tar.gz,tar,edenredpt-0.1.2/setup.py,661,ast,1,1,setuptools
edge-tts-6.1.9,D:\10. RQ1 DySec\Step 9 DownloadSelectedBenignPackages\Benign_Packages\edge-tts-6.1.9.tar.gz,tar,edge-tts-6.1.9/setup.py,223,ast,1,1,setuptools
edge_impulse_linux-1.0.9,D:\10. RQ1 DySec\Step 9 DownloadSelectedBenignPackages\Benign_Packages\edge_impulse_linux-1.0.9.tar.gz,tar,edge_impulse_linux-1.0.9/setup.py,38,ast,1,1,setuptools
ediel-0.0.9,D:\10. RQ1 DySec\Step 9 DownloadSelectedBenignPackages\Benign_Packages\ediel-0.0.9.tar.gz,tar,ediel-0.0.9/setup.py,2860,ast,3,3,codecs; os; setuptools
edost-0.1,D:\10. RQ1 DySec\Step 9 DownloadSelectedBenignPackages\Benign_Packages\edost-0.1.tar.gz,tar,edost-0.1/setup.py,376,ast,1,1,distutils
edtools-1.0.4,D:\10. RQ1 DySec\Step 9 DownloadSelectedBenignPackages\Benign_Packages\edtools-1.0.4.tar.gz,tar,edtools-1.0.4/setup.py,2963,ast,3,3,distutils; os; setuptools
edtools-1.0.4,D:\10. RQ1 DySec\Step 9 DownloadSelectedBenignPackages\Benign_Packages\edtools-1.0.4.tar.gz,tar,edtools-1.0.4/setup.py,7845,ast,1,1,setuptools
edup-utils-1.0.0,D:\10. RQ1 DySec\Step 9 DownloadSelectedBenignPackages\Benign_Packages\edup-utils-1.0.0.tar.gz,tar,edup-utils-1.0.0/setup.py,2497,ast,1,1,setuptools
ehttp-0.1.7.3,D:\10. RQ1 DySec\Step 9 DownloadSelectedBenignPackages\Benign_Packages\ehttp-0.1.7.3.tar.gz,tar,ehttp-0.1.7.3/setup.py,497,ast,1,1,setuptools
eintyping-0.1.0,D:\10. RQ1 DySec\Step 9 DownloadSelectedBenignPackages\Benign_Packages\eintyping-0.1.0.tar.gz,tar,eintyping-0.1.0/setup.py,505,ast,1,1,setuptools
eisplottingtool-0.1.5,D:\10. RQ1 DySec\Step 9 DownloadSelectedBenignPackages\Benign_Packages\eisplottingtool-0.1.5.tar.gz,tar,eisplottingtool-0.1.5/setup.py,1192,ast,1,1,setuptools
eldar_extended-0.1.0,D:\10. RQ1 DySec\Step 9 DownloadSelectedBenignPackages\Benign_Packages\eldar_extended-0.1.0.tar.gz,tar,eldar_extended-0.1.0/setup.py,748,ast,2,2,pathlib; setuptools
elem-0.3.0,D:\10. RQ1 DySec\Step 9 DownloadSelectedBenignPackages\Benign_Packages\elem-0.3.0.tar.gz,tar,elem-0.3.0/setup.py,1996,ast,5,6,distutils; os; setuptools; sys; unittest
elflib-0.1.2,D:\10. RQ1 DySec\Step 9 DownloadSelectedBenignPackages\Benign_Packages\elflib-0.1.2.tar.gz,tar,elflib-0.1.2/setup.py,847,ast,3,3,distutils; os; re
elpepe-1.0.1,D:\10. RQ1 DySec\Step 9 DownloadSelectedBenignPackages\Benign_Packages\elpepe-1.0.1.tar.gz,tar,elpepe-1.0.1/setup.py,779,ast,1,1,setuptools
elsi-testing-0.1,D:\10. RQ1 DySec\Step 9 DownloadSelectedBenignPackages\Benign_Packages\elsi-testing-0.1.tar.gz,tar,elsi-testing-0.1/setup.py,621,ast,1,1,setuptools
elsi-testing-one-0.1,D:\10. RQ1 DySec\Step 9 DownloadSelectedBenignPackages\Benign_Packages\elsi-testing-one-0.1.tar.gz,tar,elsi-testing-one-0.1/setup.py,627,ast,1,1,setuptools
elvis-0.1.3,D:\10. RQ1 DySec\Step 9 DownloadSelectedBenignPackages\Benign_Packages\elvis-0.1.3.tar.gz,tar,elvis-0.1.3/setup.py,416,ast,1,1,setuptools
email_validator-2.2.0,D:\10. RQ1 DySec\Step 9 DownloadSelectedBenignPackages\Benign_Packages\email_validator-2.2.0.tar.gz,tar,email_validator-2.2.0/setup.py,37,ast,1,1,setuptools
emailspoofergui-3.2,D:\10. RQ1 DySec\Step 9 DownloadSelectedBenignPackages\Benign_Packages\emailspoofergui-3.2.tar.gz,tar,emailspoofergui-3.2/setup.py,1145,ast,1,1,setuptools
emiolarandomcsv-1.0,D:\10. RQ1 DySec\Step 9 DownloadSelectedBenignPackages\Benign_Packages\emiolarandomcsv-1.0.tar.gz,tar,emiolarandomcsv-1.0/setup.py,234,ast,2,2,pathlib; setuptools
emoji-flags-0.1.0,D:\10. RQ1 DySec\Step 9 DownloadSelectedBenignPackages\Benign_Packages\emoji-flags-0.1.0.tar.gz,tar,emoji-flags-0.1.0/setup.py,732,ast,2,2,distutils; os
emokit-0.0.8,D:\10. RQ1 DySec\Step 9 DownloadSelectedBenignPackages\Benign_Packages\emokit-0.0.8.tar.gz,tar,emokit-0.0.8/setup.py,955,ast,3,3,emokit; platform; setuptools
emptyorchestra-0.1.0,D:\10. RQ1 DySec\Step 9 DownloadSelectedBenignPackages\Benign_Packages\emptyorchestra-0.1.0.tar.gz,tar,emptyorchestra-0.1.0/setup.py,979,ast,1,1,setuptools
enasearch-0.2.0,D:\10. RQ1 DySec\Step 9 DownloadSelectedBenignPackages\Benign_Packages\enasearch-0.2.0.tar.gz,tar,enasearch-0.2.0/setup.py,1561,ast,1,1,setuptools
encode-0.0.0,D:\10. RQ1 DySec\Step 9 DownloadSelectedBenignPackages\Benign_Packages\encode-0.0.0.tar.gz,tar,encode-0.0.0/setup.py,1807,ast,3,3,os; re; setuptools
encodec-0.1.1,D:\10. RQ1 DySec\Step 9 DownloadSelectedBenignPackages\Benign_Packages\encodec-0.1.1.tar.gz,tar,encodec-0.1.1/setup.py,1870,ast,2,2,pathlib; setuptools
encodeci-0.0.1,D:\10. RQ1 DySec\Step 9 DownloadSelectedBenignPackages\Benign_Packages\encodeci-0.0.1.tar.gz,tar,encodeci-0.0.1/setup.py,735,ast,1,1,setuptools
encoded-video-0.0.2,D:\10. RQ1 DySec\Step 9 DownloadSelectedBenignPackages\Benign_Packages\encoded-video-0.0.2.tar.gz,tar,encoded-video-0.0.2/setup.py,523,ast,1,1,setuptools
encodepacakge-0.0.9,D:\10. RQ1 DySec\Step 9 DownloadSelectedBenignPackages\Benign_Packages\encodepacakge-0.0.9.tar.gz,tar,encodepacakge-0.0.9/setup.py,999,ast,3,3,io; os; setuptools
encodeproject-1.0.9,D:\10. RQ1 DySec\Step 9 DownloadSelectedBenignPackages\Benign_Packages\encodeproject-1.0.9.tar.gz,tar,encodeproject-1.0.9/setup.py,1777,ast,4,4,codecs; os; re; setuptools
Encoder-1.1,D:\10. RQ1 DySec\Step 9 DownloadSelectedBenignPackages\Benign_Packages\Encoder-1.1.tar.gz,tar,Encoder-1.1/setup.py,1133,ast,1,1,setuptools
encoders-0.0.4,D:\10. RQ1 DySec\Step 9 DownloadSelectedBenignPackages\Benign_Packages\encoders-0.0.4.tar.gz,tar,encoders-0.0.4/setup.py,2401,ast,5,5,Cython; numpy; platform; setuptools; sys
encodetext-0.0.3,D:\10. RQ1 DySec\Step 9 DownloadSelectedBenignPackages\Benign_Packages\encodetext-0.0.3.tar.gz,tar,encodetext-0.0.3/setup.py,1971,ast,1,1,setuptools
EncodeURL-1.0.1,D:\10. RQ1 DySec\Step 9 DownloadSelectedBenignPackages\Benign_Packages\EncodeURL-1.0.1.tar.gz,tar,EncodeURL-1.0.1/setup.py,740,ast,1,1,setuptools
encorelib-0.1.2,D:\10. RQ1 DySec\Step 9 DownloadSelectedBenignPackages\Benign_Packages\encorelib-0.1.2.tar.gz,tar,encorelib-0.1.2/setup.py,961,ast,1,1,setuptools
endgame-0.3.0,D:\10. RQ1 DySec\Step 9 DownloadSelectedBenignPackages\Benign_Packages\endgame-0.3.0.tar.gz,tar,endgame-0.3.0/setup.py,1535,ast,3,3,os; re; setuptools
endpointsplitter-0.0.1,D:\10. RQ1 DySec\Step 9 DownloadSelectedBenignPackages\Benign_Packages\endpointsplitter-0.0.1.tar.gz,tar,endpointsplitter-0.0.1/setup.py,836,ast,3,3,codecs; os; setuptools
ensurecvs-1.0.3,D:\10. RQ1 DySec\Step 9 DownloadSelectedBenignPackages\Benign_Packages\ensurecvs-1.0.3.tar.gz,tar,ensurecvs-1.0.3/setup.py,1674,ast,2,2,setuptools; subprocess
enumer-iam-1.0.0,D:\10. RQ1 DySec\Step 9 DownloadSelectedBenignPackages\Benign_Packages\enumer-iam-1.0.0.tar.gz,tar,enumer-iam-1.0.0/setup.py,1503,ast,3,3,os; re; setuptools
enumerate-smiles-0.0.1.post1,D:\10. RQ1 DySec\Step 9 DownloadSelectedBenignPackages\Benign_Packages\enumerate-smiles-0.0.1.post1.tar.gz,tar,enumerate-smiles-0.0.1.post1/setup.py,123,ast,1,1,setuptools
env_replace-1.1.0,D:\10. RQ1 DySec\Step 9 DownloadSelectedBenignPackages\Benign_Packages\env_replace-1.1.0.tar.gz,tar,env_replace-1.1.0/setup.py,555,ast,1,1,distutils
envisage-7.0.3,D:\10. RQ1 DySec\Step 9 DownloadSelectedBenignPackages\Benign_Packages\envisage-7.0.3.tar.gz,tar,envisage-7.0.3/envisage/tests/bad_eggs/acme-bad/setup.py,849,ast,1,1,setuptools
envisage-7.0.3,D:\10. RQ1 DySec\Step 9 DownloadSelectedBenignPackages\Benign_Packages\envisage-7.0.3.tar.gz,tar,envisage-7.0.3/envisage/tests/eggs/acme-bar/setup.py,849,ast,1,1,setuptools
envisage-7.0.3,D:\10. RQ1 DySec\Step 9 DownloadSelectedBenignPackages\Benign_Packages\envisage-7.0.3.tar.gz,tar,envisage-7.0.3/envisage/tests/eggs/acme-baz/setup.py,849,ast,1,1,setuptools
envisage-7.0.3,D:\10. RQ1 DySec\Step 9 DownloadSelectedBenignPackages\Benign_Packages\envisage-7.0.3.tar.gz,tar,envisage-7.0.3/envisage/tests/eggs/acme-foo/setup.py,839,ast,1,1,setuptools
envreplace-1.0.0,D:\10. RQ1 DySec\Step 9 DownloadSelectedBenignPackages\Benign_Packages\envreplace-1.0.0.tar.gz,tar,envreplace-1.0.0/setup.py,550,ast,1,1,distutils
eolfixer-1.1,D:\10. RQ1 DySec\Step 9 DownloadSelectedBenignPackages\Benign_Packages\eolfixer-1.1.tar.gz,tar,eolfixer-1.1/setup.py,1176,ast,1,1,setuptools
epipack-0.1.5,D:\10. RQ1 DySec\Step 9 DownloadSelectedBenignPackages\Benign_Packages\epipack-0.1.5.tar.gz,tar,epipack-0.1.5/setup.py,1658,ast,3,4,os; setuptools; sys
epprintname-0.0.1,D:\10. RQ1 DySec\Step 9 DownloadSelectedBenignPackages\Benign_Packages\epprintname-0.0.1.tar.gz,tar,epprintname-0.0.1/setup.py,423,ast,1,1,setuptools
epsonprinter-api-1.0.1,D:\10. RQ1 DySec\Step 9 DownloadSelectedBenignPackages\Benign_Packages\epsonprinter-api-1.0.1.tar.gz,tar,epsonprinter-api-1.0.1/setup.py,683,ast,1,1,setuptools
equipment-0.0.9,D:\10. RQ1 DySec\Step 9 DownloadSelectedBenignPackages\Benign_Packages\equipment-0.0.9.tar.gz,tar,equipment-0.0.9/setup.py,1766,ast,2,2,setuptools; sys
eqversion-0.1.3,D:\10. RQ1 DySec\Step 9 DownloadSelectedBenignPackages\Benign_Packages\eqversion-0.1.3.tar.gz,tar,eqversion-0.1.3/setup.py,3185,ast,1,1,setuptools
erequests-0.4.1,D:\10. RQ1 DySec\Step 9 DownloadSelectedBenignPackages\Benign_Packages\erequests-0.4.1.tar.gz,tar,erequests-0.4.1/setup.py,1035,ast,1,1,setuptools
errand-0.2.9,D:\10. RQ1 DySec\Step 9 DownloadSelectedBenignPackages\Benign_Packages\errand-0.2.9.tar.gz,tar,errand-0.2.9/setup.py,1351,ast,3,3,errand; multiprocessing; setuptools
errandpy-0.4.4,D:\10. RQ1 DySec\Step 9 DownloadSelectedBenignPackages\Benign_Packages\errandpy-0.4.4.tar.gz,tar,errandpy-0.4.4/setup.py,653,ast,2,2,os; setuptools
erxepym-0.0.7,D:\10. RQ1 DySec\Step 9 DownloadSelectedBenignPackages\Benign_Packages\erxepym-0.0.7.tar.gz,tar,erxepym-0.0.7/setup.py,886,ast,1,1,setuptools
es_interface-0.1.0,D:\10. RQ1 DySec\Step 9 DownloadSelectedBenignPackages\Benign_Packages\es_interface-0.1.0.tar.gz,tar,es_interface-0.1.0/setup.py,197,ast,1,1,setuptools
esadmin-1.0.1,D:\10. RQ1 DySec\Step 9 DownloadSelectedBenignPackages\Benign_Packages\esadmin-1.0.1.tar.gz,tar,esadmin-1.0.1/setup.py,388,ast,1,1,distutils
escode-3.0.1,D:\10. RQ1 DySec\Step 9 DownloadSelectedBenignPackages\Benign_Packages\escode-3.0.1.tar.gz,tar,escode-3.0.1/setup.py,496,ast,4,5,enscons; os; subprocess; sys
escolors-0.0.4,D:\10. RQ1 DySec\Step 9 DownloadSelectedBenignPackages\Benign_Packages\escolors-0.0.4.tar.gz,tar,escolors-0.0.4/setup.py,685,ast,1,1,setuptools
escore-0.1.0,D:\10. RQ1 DySec\Step 9 DownloadSelectedBenignPackages\Benign_Packages\escore-0.1.0.tar.gz,tar,escore-0.1.0/setup.py,2079,ast,1,1,setuptools
escpos-2.0.0,D:\10. RQ1 DySec\Step 9 DownloadSelectedBenignPackages\Benign_Packages\escpos-2.0.0.tar.gz,tar,escpos-2.0.0/.eggs/setuptools-56.1.0-py3.7.egg/pkg_resources/tests/data/my-test-package-source/setup.py,104,ast,1,1,setuptools
escpos-2.0.0,D:\10. RQ1 DySec\Step 9 DownloadSelectedBenignPackages\Benign_Packages\escpos-2.0.0.tar.gz,tar,escpos-2.0.0/setup.py,1633,ast,3,3,os; setuptools; sys
escposgen-0.0.3,D:\10. RQ1 DySec\Step 9 DownloadSelectedBenignPackages\Benign_Packages\escposgen-0.0.3.tar.gz,tar,escposgen-0.0.3/setup.py,888,ast,1,1,setuptools
escposprinter-6.2,D:\10. RQ1 DySec\Step 9 DownloadSelectedBenignPackages\Benign_Packages\escposprinter-6.2.tar.gz,tar,escposprinter-6.2/setup.py,782,ast,2,2,distutils; setuptools
escpy-0.2.3,D:\10. RQ1 DySec\Step 9 DownloadSelectedBenignPackages\Benign_Packages\escpy-0.2.3.tar.gz,tar,escpy-0.2.3/setup.py,891,ast,2,2,distutils; setuptools
esetinspect-0.3.0,D:\10. RQ1 DySec\Step 9 DownloadSelectedBenignPackages\Benign_Packages\esetinspect-0.3.0.tar.gz,tar,esetinspect-0.3.0/setup.py,652,ast,1,1,setuptools
esockets-3.0.7,D:\10. RQ1 DySec\Step 9 DownloadSelectedBenignPackages\Benign_Packages\esockets-3.0.7.tar.gz,tar,esockets-3.0.7/setup.py,1522,ast,3,3,esockets; setuptools; sys
esprovision-0.1,D:\10. RQ1 DySec\Step 9 DownloadSelectedBenignPackages\Benign_Packages\esprovision-0.1.tar.gz,tar,esprovision-0.1/setup.py,1263,ast,4,4,io; os; pathlib; setuptools
esqlite-0.0.1,D:\10. RQ1 DySec\Step 9 DownloadSelectedBenignPackages\Benign_Packages\esqlite-0.0.1.tar.gz,tar,esqlite-0.0.1/setup.py,656,ast,1,1,setuptools
essential-0.0.1,D:\10. RQ1 DySec\Step 9 DownloadSelectedBenignPackages\Benign_Packages\essential-0.0.1.tar.gz,tar,essential-0.0.1/setup.py,202,ast,1,1,setuptools
estring-1.7,D:\10. RQ1 DySec\Step 9 DownloadSelectedBenignPackages\Benign_Packages\estring-1.7.tar.gz,tar,estring-1.7/setup.py,1759,ast,1,1,setuptools
esutil-0.6.9,D:\10. RQ1 DySec\Step 9 DownloadSelectedBenignPackages\Benign_Packages\esutil-0.6.9.tar.gz,tar,esutil-0.6.9/setup.py,9247,ast,10,11,glob; numpy; os; platform; setuptools; shutil; subprocess; sys; tempfile; time
esyslog-uvp-1.0.1,D:\10. RQ1 DySec\Step 9 DownloadSelectedBenignPackages\Benign_Packages\esyslog-uvp-1.0.1.tar.gz,tar,esyslog-uvp-1.0.1/setup.py,258,ast,2,2,os; setuptools
et_xmlfile-1.1.0,D:\10. RQ1 DySec\Step 9 DownloadSelectedBenignPackages\Benign_Packages\et_xmlfile-1.1.0.tar.gz,tar,et_xmlfile-1.1.0/setup.py,1416,ast,4,4,et_xmlfile; os; setuptools; sys
ethereum-2.3.2,D:\10. RQ1 DySec\Step 9 DownloadSelectedBenignPackages\Benign_Packages\ethereum-2.3.2.tar.gz,tar,ethereum-2.3.2/setup.py,1460,ast,1,1,setuptools
ethereum2-etl-0.0.7,D:\10. RQ1 DySec\Step 9 DownloadSelectedBenignPackages\Benign_Packages\ethereum2-etl-0.0.7.tar.gz,tar,ethereum2-etl-0.0.7/setup.py,1647,ast,2,2,os; setuptools
etherionz-1.1,D:\10. RQ1 DySec\Step 9 DownloadSelectedBenignPackages\Benign_Packages\etherionz-1.1.tar.gz,tar,etherionz-1.1/setup.py,1591,ast,2,2,distutils; pathlib
etherrain-0.6,D:\10. RQ1 DySec\Step 9 DownloadSelectedBenignPackages\Benign_Packages\etherrain-0.6.tar.gz,tar,etherrain-0.6/setup.py,2137,ast,4,4,codecs; os; re; setuptools
ethers-0.1.1,D:\10. RQ1 DySec\Step 9 DownloadSelectedBenignPackages\Benign_Packages\ethers-0.1.1.tar.gz,tar,ethers-0.1.1/setup.py,1303,ast,2,2,setuptools; setuptools_rust
ethminer_supervisor-1.1.0,D:\10. RQ1 DySec\Step 9 DownloadSelectedBenignPackages\Benign_Packages\ethminer_supervisor-1.1.0.tar.gz,tar,ethminer_supervisor-1.1.0/setup.py,1316,ast,1,1,setuptools
ethtool-0.15,D:\10. RQ1 DySec\Step 9 DownloadSelectedBenignPackages\Benign_Packages\ethtool-0.15.tar.gz,tar,ethtool-0.15/setup.py,4923,ast,6,6,__future__; commands; io; setuptools; subprocess; sys
ethtools-1.0.7,D:\10. RQ1 DySec\Step 9 DownloadSelectedBenignPackages\Benign_Packages\ethtools-1.0.7.tar.gz,tar,ethtools-1.0.7/setup.py,606,ast,1,1,setuptools
etlstat-0.9.3,D:\10. RQ1 DySec\Step 9 DownloadSelectedBenignPackages\Benign_Packages\etlstat-0.9.3.tar.gz,tar,etlstat-0.9.3/setup.py,1478,ast,1,1,setuptools
ev3-python-0.0.2,D:\10. RQ1 DySec\Step 9 DownloadSelectedBenignPackages\Benign_Packages\ev3-python-0.0.2.tar.gz,tar,ev3-python-0.0.2/setup.py,720,ast,1,1,setuptools
eventstudy-0.1a9,D:\10. RQ1 DySec\Step 9 DownloadSelectedBenignPackages\Benign_Packages\eventstudy-0.1a9.tar.gz,tar,eventstudy-0.1a9/setup.py,849,ast,2,2,eventstudy; setuptools
evergate-0.1.0,D:\10. RQ1 DySec\Step 9 DownloadSelectedBenignPackages\Benign_Packages\evergate-0.1.0.tar.gz,tar,evergate-0.1.0/setup.py,881,ast,1,1,setuptools
evergreen_py-3.10.1,D:\10. RQ1 DySec\Step 9 DownloadSelectedBenignPackages\Benign_Packages\evergreen_py-3.10.1.tar.gz,tar,evergreen_py-3.10.1/setup.py,7715,ast,1,1,setuptools
evident-0.4.0,D:\10. RQ1 DySec\Step 9 DownloadSelectedBenignPackages\Benign_Packages\evident-0.4.0.tar.gz,tar,evident-0.4.0/setup.py,1957,ast,3,3,ast; re; setuptools
exampl-0.0.1,D:\10. RQ1 DySec\Step 9 DownloadSelectedBenignPackages\Benign_Packages\exampl-0.0.1.tar.gz,tar,exampl-0.0.1/setup.py,1277,ast,2,2,__future__; setuptools
excalibur-1.0.9,D:\10. RQ1 DySec\Step 9 DownloadSelectedBenignPackages\Benign_Packages\excalibur-1.0.9.tar.gz,tar,excalibur-1.0.9/setup.py,1366,ast,1,2,setuptools
excludedwordslint-0.1.1,D:\10. RQ1 DySec\Step 9 DownloadSelectedBenignPackages\Benign_Packages\excludedwordslint-0.1.1.tar.gz,tar,excludedwordslint-0.1.1/setup.py,1633,ast,1,1,setuptools
execute-1.2,D:\10. RQ1 DySec\Step 9 DownloadSelectedBenignPackages\Benign_Packages\execute-1.2.tar.gz,tar,execute-1.2/setup.py,945,ast,2,2,os; setuptools
executing-2.1.0,D:\10. RQ1 DySec\Step 9 DownloadSelectedBenignPackages\Benign_Packages\executing-2.1.0.tar.gz,tar,executing-2.1.0/setup.py,54,ast,1,1,setuptools
exman-0.1.9,D:\10. RQ1 DySec\Step 9 DownloadSelectedBenignPackages\Benign_Packages\exman-0.1.9.tar.gz,tar,exman-0.1.9/setup.py,998,ast,3,3,pathlib; re; setuptools
exoflow-0.1.2.4,D:\10. RQ1 DySec\Step 9 DownloadSelectedBenignPackages\Benign_Packages\exoflow-0.1.2.4.tar.gz,tar,exoflow-0.1.2.4/setup.py,318,ast,1,1,setuptools
extcolors-1.0.0,D:\10. RQ1 DySec\Step 9 DownloadSelectedBenignPackages\Benign_Packages\extcolors-1.0.0.tar.gz,tar,extcolors-1.0.0/setup.py,1389,ast,1,1,setuptools
extender-0.1.0,D:\10. RQ1 DySec\Step 9 DownloadSelectedBenignPackages\Benign_Packages\extender-0.1.0.zip,zip,extender-0.1.0/setup.py,1275,ast,3,3,__future__; os; setuptools
extender-0.1.0,D:\10. RQ1 DySec\Step 9 DownloadSelectedBenignPackages\Benign_Packages\extender-0.1.0.zip,zip,extender-0.1.0/tests/plugin1/setup.py,487,ast,1,1,setuptools
extender-0.1.0,D:\10. RQ1 DySec\Step 9 DownloadSelectedBenignPackages\Benign_Packages\extender-0.1.0.zip,zip,extender-0.1.0/tests/plugin2/setup.py,487,ast,1,1,setuptools
extender-0.1.0,D:\10. RQ1 DySec\Step 9 DownloadSelectedBenignPackages\Benign_Packages\extender-0.1.0.zip,zip,extender-0.1.0/tests/plugin3/setup.py,487,ast,1,1,setuptools
extension-1.0.0,D:\10. RQ1 DySec\Step 9 DownloadSelectedBenignPackages\Benign_Packages\extension-1.0.0.tar.gz,tar,extension-1.0.0/setup.py,1235,ast,2,2,extension; setuptools
extractionstring-0.8.2,D:\10. RQ1 DySec\Step 9 DownloadSelectedBenignPackages\Benign_Packages\extractionstring-0.8.2.tar.gz,tar,extractionstring-0.8.2/setup.py,1341,ast,1,1,setuptools
extractor_v02-0.0.9,D:\10. RQ1 DySec\Step 9 DownloadSelectedBenignPackages\Benign_Packages\extractor_v02-0.0.9.tar.gz,tar,extractor_v02-0.0.9/setup.py,978,ast,1,1,setuptools
ezblockvirtual-0.1.5,D:\10. RQ1 DySec\Step 9 DownloadSelectedBenignPackages\Benign_Packages\ezblockvirtual-0.1.5.tar.gz,tar,ezblockvirtual-0.1.5/setup.py,717,ast,1,1,setuptools
ezgame-0.0.2rc1,D:\10. RQ1 DySec\Step 9 DownloadSelectedBenignPackages\Benign_Packages\ezgame-0.0.2rc1.tar.gz,tar,ezgame-0.0.2rc1/setup.py,848,ast,1,1,setuptools
ezgui-1.0.0,D:\10. RQ1 DySec\Step 9 DownloadSelectedBenignPackages\Benign_Packages\ezgui-1.0.0.zip,zip,ezgui-1.0.0/setup.py,315,ast,1,1,distutils
ezselenium-0.1.5,D:\10. RQ1 DySec\Step 9 DownloadSelectedBenignPackages\Benign_Packages\ezselenium-0.1.5.tar.gz,tar,ezselenium-0.1.5/setup.py,646,ast,1,1,setuptools
f34f34wef4ew3r-1.7,D:\10. RQ1 DySec\Step 9 DownloadSelectedBenignPackages\Benign_Packages\f34f34wef4ew3r-1.7.tar.gz,tar,f34f34wef4ew3r-1.7/setup.py,1916,ast,2,4,distutils; setuptools
failSafePackage-0.0.4,D:\10. RQ1 DySec\Step 9 DownloadSelectedBenignPackages\Benign_Packages\failSafePackage-0.0.4.tar.gz,tar,failSafePackage-0.0.4/setup.py,323,ast,1,1,setuptools
FairCrypt-1.6.0,D:\10. RQ1 DySec\Step 9 DownloadSelectedBenignPackages\Benign_Packages\FairCrypt-1.6.0.tar.gz,tar,FairCrypt-1.6.0/setup.py,746,ast,2,2,os; setuptools
fake-ssh-0.1.0a5,D:\10. RQ1 DySec\Step 9 DownloadSelectedBenignPackages\Benign_Packages\fake-ssh-0.1.0a5.tar.gz,tar,fake-ssh-0.1.0a5/setup.py,3078,ast,1,1,setuptools
fakedcm-1.0.0,D:\10. RQ1 DySec\Step 9 DownloadSelectedBenignPackages\Benign_Packages\fakedcm-1.0.0.tar.gz,tar,fakedcm-1.0.0/setup.py,274,ast,1,1,setuptools
faker-28.4.1,D:\10. RQ1 DySec\Step 9 DownloadSelectedBenignPackages\Benign_Packages\faker-28.4.1.tar.gz,tar,faker-28.4.1/setup.py,2571,ast,4,4,pathlib; pkgutil; setuptools; zipimport
fakes-0.1.1,D:\10. RQ1 DySec\Step 9 DownloadSelectedBenignPackages\Benign_Packages\fakes-0.1.1.tar.gz,tar,fakes-0.1.1/setup.py,5181,ast,5,5,locale; os; setuptools; subprocess; warnings
falskk-0.1.0,D:\10. RQ1 DySec\Step 9 DownloadSelectedBenignPackages\Benign_Packages\falskk-0.1.0.tar.gz,tar,falskk-0.1.0/setup.py,485,ast,1,1,setuptools
fastapi-wraps-0.1.4,D:\10. RQ1 DySec\Step 9 DownloadSelectedBenignPackages\Benign_Packages\fastapi-wraps-0.1.4.tar.gz,tar,fastapi-wraps-0.1.4/setup.py,2575,ast,1,1,setuptools
fastapi_toolkit-0.0.9,D:\10. RQ1 DySec\Step 9 DownloadSelectedBenignPackages\Benign_Packages\fastapi_toolkit-0.0.9.tar.gz,tar,fastapi_toolkit-0.0.9/setup.py,886,ast,1,1,setuptools
fastavro-1.9.7,D:\10. RQ1 DySec\Step 9 DownloadSelectedBenignPackages\Benign_Packages\fastavro-1.9.7.tar.gz,tar,fastavro-1.9.7/setup.py,2816,ast,6,6,Cython; ast; re; setuptools; sys; typing
fastdownload-0.0.7,D:\10. RQ1 DySec\Step 9 DownloadSelectedBenignPackages\Benign_Packages\fastdownload-0.0.7.tar.gz,tar,fastdownload-0.0.7/setup.py,2300,ast,3,3,configparser; pkg_resources; setuptools
fastencode-1.4,D:\10. RQ1 DySec\Step 9 DownloadSelectedBenignPackages\Benign_Packages\fastencode-1.4.tar.gz,tar,fastencode-1.4/setup.py,2167,ast,2,2,pathlib; setuptools
fastentrypoints-0.9,D:\10. RQ1 DySec\Step 9 DownloadSelectedBenignPackages\Benign_Packages\fastentrypoints-0.9.tar.gz,tar,fastentrypoints-0.9/setup.py,492,ast,2,2,fastentrypoints; setuptools
fastjsonschema-2.20.0,D:\10. RQ1 DySec\Step 9 DownloadSelectedBenignPackages\Benign_Packages\fastjsonschema-2.20.0.tar.gz,tar,fastjsonschema-2.20.0/setup.py,1990,ast,3,3,distutils; os; setuptools
fastnorm-24.4.2,D:\10. RQ1 DySec\Step 9 DownloadSelectedBenignPackages\Benign_Packages\fastnorm-24.4.2.tar.gz,tar,fastnorm-24.4.2/setup.py,523,ast,1,1,setuptools
fastperm-0.4,D:\10. RQ1 DySec\Step 9 DownloadSelectedBenignPackages\Benign_Packages\fastperm-0.4.tar.gz,tar,fastperm-0.4/setup.py,607,ast,1,1,setuptools
fastpip-1.7.0,D:\10. RQ1 DySec\Step 9 DownloadSelectedBenignPackages\Benign_Packages\fastpip-1.7.0.tar.gz,tar,fastpip-1.7.0/setup.py,1410,ast,3,3,fastpip; os; setuptools
fastqsplitter-1.2.0,D:\10. RQ1 DySec\Step 9 DownloadSelectedBenignPackages\Benign_Packages\fastqsplitter-1.2.0.tar.gz,tar,fastqsplitter-1.2.0/setup.py,2833,ast,2,2,os; setuptools
fastrandom-0.1.0,D:\10. RQ1 DySec\Step 9 DownloadSelectedBenignPackages\Benign_Packages\fastrandom-0.1.0.tar.gz,tar,fastrandom-0.1.0/setup.py,1467,ast,5,5,codecs; os; re; setuptools; sys
fastrepo-1.4.0,D:\10. RQ1 DySec\Step 9 DownloadSelectedBenignPackages\Benign_Packages\fastrepo-1.4.0.tar.gz,tar,fastrepo-1.4.0/setup.py,1696,ast,1,1,setuptools
fbxtools-1.2,D:\10. RQ1 DySec\Step 9 DownloadSelectedBenignPackages\Benign_Packages\fbxtools-1.2.tar.gz,tar,fbxtools-1.2/setup.py,689,ast,1,1,setuptools
fdfs_client-py-1.2.6,D:\10. RQ1 DySec\Step 9 DownloadSelectedBenignPackages\Benign_Packages\fdfs_client-py-1.2.6.tar.gz,tar,fdfs_client-py-1.2.6/setup.py,1183,ast,4,4,distutils; fdfs_client; os; setuptools
fdfs_client_py34-0.1,D:\10. RQ1 DySec\Step 9 DownloadSelectedBenignPackages\Benign_Packages\fdfs_client_py34-0.1.tar.gz,tar,fdfs_client_py34-0.1/setup.py,719,ast,2,2,os; setuptools
fedcloudclient-1.4.3,D:\10. RQ1 DySec\Step 9 DownloadSelectedBenignPackages\Benign_Packages\fedcloudclient-1.4.3.tar.gz,tar,fedcloudclient-1.4.3/setup.py,92,ast,1,1,setuptools
fern-0.2,D:\10. RQ1 DySec\Step 9 DownloadSelectedBenignPackages\Benign_Packages\fern-0.2.tar.gz,tar,fern-0.2/setup.py,1011,ast,1,1,setuptools
ferne-0.0.1,D:\10. RQ1 DySec\Step 9 DownloadSelectedBenignPackages\Benign_Packages\ferne-0.0.1.tar.gz,tar,ferne-0.0.1/setup.py,75,ast,1,1,setuptools
fernet-1.0.1,D:\10. RQ1 DySec\Step 9 DownloadSelectedBenignPackages\Benign_Packages\fernet-1.0.1.tar.gz,tar,fernet-1.0.1/setup.py,782,ast,1,1,setuptools
fetch_data-0.2.5.2,D:\10. RQ1 DySec\Step 9 DownloadSelectedBenignPackages\Benign_Packages\fetch_data-0.2.5.2.tar.gz,tar,fetch_data-0.2.5.2/setup.py,248,ast,1,1,setuptools
ffffff-2020.8.31rc2,D:\10. RQ1 DySec\Step 9 DownloadSelectedBenignPackages\Benign_Packages\ffffff-2020.8.31rc2.tar.gz,tar,ffffff-2020.8.31rc2/setup.py,38,ast,1,1,setuptools
fgjhfg-1.0.1,D:\10. RQ1 DySec\Step 9 DownloadSelectedBenignPackages\Benign_Packages\fgjhfg-1.0.1.tar.gz,tar,fgjhfg-1.0.1/setup.py,202,ast,1,1,setuptools
fh-matplotlib-0.0.4,D:\10. RQ1 DySec\Step 9 DownloadSelectedBenignPackages\Benign_Packages\fh-matplotlib-0.0.4.tar.gz,tar,fh-matplotlib-0.0.4/setup.py,524,ast,2,2,pathlib; setuptools
fibretracker-0.1.0,D:\10. RQ1 DySec\Step 9 DownloadSelectedBenignPackages\Benign_Packages\fibretracker-0.1.0.tar.gz,tar,fibretracker-0.1.0/setup.py,1600,ast,1,1,setuptools
figlib-1.0.1,D:\10. RQ1 DySec\Step 9 DownloadSelectedBenignPackages\Benign_Packages\figlib-1.0.1.tar.gz,tar,figlib-1.0.1/setup.py,711,ast,5,5,ez_setup; figlib; imp; platform; setuptools
FileBacked-2.1.0,D:\10. RQ1 DySec\Step 9 DownloadSelectedBenignPackages\Benign_Packages\FileBacked-2.1.0.tar.gz,tar,FileBacked-2.1.0/setup.py,518,ast,1,1,setuptools
filecrypter-3.11,D:\10. RQ1 DySec\Step 9 DownloadSelectedBenignPackages\Benign_Packages\filecrypter-3.11.tar.gz,tar,filecrypter-3.11/setup.py,1588,ast,1,1,setuptools
filehydra-0.1.5,D:\10. RQ1 DySec\Step 9 DownloadSelectedBenignPackages\Benign_Packages\filehydra-0.1.5.tar.gz,tar,filehydra-0.1.5/setup.py,763,ast,1,1,setuptools
fileinfo-0.3.3,D:\10. RQ1 DySec\Step 9 DownloadSelectedBenignPackages\Benign_Packages\fileinfo-0.3.3.tar.gz,tar,fileinfo-0.3.3/setup.py,419,ast,4,4,ez_setup; metainfo; setuptools; sys
FileScaner-1.1,D:\10. RQ1 DySec\Step 9 DownloadSelectedBenignPackages\Benign_Packages\FileScaner-1.1.tar.gz,tar,FileScaner-1.1/setup.py,1172,ast,1,1,setuptools
filesplit-4.0.1,D:\10. RQ1 DySec\Step 9 DownloadSelectedBenignPackages\Benign_Packages\filesplit-4.0.1.tar.gz,tar,filesplit-4.0.1/setup.py,1326,ast,2,2,os; setuptools
filesync-0.1.3,D:\10. RQ1 DySec\Step 9 DownloadSelectedBenignPackages\Benign_Packages\filesync-0.1.3.tar.gz,tar,filesync-0.1.3/setup.py,1274,ast,2,2,os; setuptools
fileUts-0.0.2,D:\10. RQ1 DySec\Step 9 DownloadSelectedBenignPackages\Benign_Packages\fileUts-0.0.2.tar.gz,tar,fileUts-0.0.2/setup.py,754,ast,1,1,setuptools
filter_api-0.1.8,D:\10. RQ1 DySec\Step 9 DownloadSelectedBenignPackages\Benign_Packages\filter_api-0.1.8.tar.gz,tar,filter_api-0.1.8/setup.py,567,ast,1,1,setuptools
filterparams-1.0.2,D:\10. RQ1 DySec\Step 9 DownloadSelectedBenignPackages\Benign_Packages\filterparams-1.0.2.tar.gz,tar,filterparams-1.0.2/setup.py,4409,ast,9,9,distutils; fnmatch; lib2to3; lib3to2; logging; nose; pip; setuptools; sys
finac-0.5.8,D:\10. RQ1 DySec\Step 9 DownloadSelectedBenignPackages\Benign_Packages\finac-0.5.8.tar.gz,tar,finac-0.5.8/setup.py,1105,ast,1,1,setuptools
finance-0.2502,D:\10. RQ1 DySec\Step 9 DownloadSelectedBenignPackages\Benign_Packages\finance-0.2502.tar.gz,tar,finance-0.2502/setup.py,1693,ast,1,1,distutils
find_and_replace_strings-1.0.1,D:\10. RQ1 DySec\Step 9 DownloadSelectedBenignPackages\Benign_Packages\find_and_replace_strings-1.0.1.tar.gz,tar,find_and_replace_strings-1.0.1/setup.py,77,ast,1,1,setuptools
FindAndReplace-0.1.2,D:\10. RQ1 DySec\Step 9 DownloadSelectedBenignPackages\Benign_Packages\FindAndReplace-0.1.2.tar.gz,tar,FindAndReplace-0.1.2/setup.py,1020,ast,1,1,distutils
findreplace-2018.6.24.1,D:\10. RQ1 DySec\Step 9 DownloadSelectedBenignPackages\Benign_Packages\findreplace-2018.6.24.1.tar.gz,tar,findreplace-2018.6.24.1/setup.py,2612,ast,5,5,io; os; setuptools; shutil; sys
fingerprint-0.1.6,D:\10. RQ1 DySec\Step 9 DownloadSelectedBenignPackages\Benign_Packages\fingerprint-0.1.6.tar.gz,tar,fingerprint-0.1.6/setup.py,892,ast,1,1,setuptools
firmiana-0.0.4,D:\10. RQ1 DySec\Step 9 DownloadSelectedBenignPackages\Benign_Packages\firmiana-0.0.4.tar.gz,tar,firmiana-0.0.4/setup.py,3853,ast,5,5,io; os; setuptools; shutil; sys
firstscrap-0.2.0,D:\10. RQ1 DySec\Step 9 DownloadSelectedBenignPackages\Benign_Packages\firstscrap-0.2.0.tar.gz,tar,firstscrap-0.2.0/setup.py,933,ast,2,2,pathlib; setuptools
fkit-0.0.9,D:\10. RQ1 DySec\Step 9 DownloadSelectedBenignPackages\Benign_Packages\fkit-0.0.9.tar.gz,tar,fkit-0.0.9/setup.py,982,ast,2,2,setuptools; src
Flag-0.1.1,D:\10. RQ1 DySec\Step 9 DownloadSelectedBenignPackages\Benign_Packages\Flag-0.1.1.tar.gz,tar,Flag-0.1.1/setup.py,613,ast,3,3,ast; re; setuptools
flake8-7.1.1,D:\10. RQ1 DySec\Step 9 DownloadSelectedBenignPackages\Benign_Packages\flake8-7.1.1.tar.gz,tar,flake8-7.1.1/setup.py,198,ast,4,4,__future__; os; setuptools; sys
flakey-1.0,D:\10. RQ1 DySec\Step 9 DownloadSelectedBenignPackages\Benign_Packages\flakey-1.0.tar.gz,tar,flakey-1.0/setup.py,864,ast,1,1,distutils
flaky-3.8.1,D:\10. RQ1 DySec\Step 9 DownloadSelectedBenignPackages\Benign_Packages\flaky-3.8.1.tar.gz,tar,flaky-3.8.1/setup.py,2435,ast,5,6,os; setuptools; shlex; sys; tox
flameprof-0.4,D:\10. RQ1 DySec\Step 9 DownloadSelectedBenignPackages\Benign_Packages\flameprof-0.4.tar.gz,tar,flameprof-0.4/setup.py,1278,ast,2,2,flameprof; setuptools
flask_dbhydra-0.1.7,D:\10. RQ1 DySec\Step 9 DownloadSelectedBenignPackages\Benign_Packages\flask_dbhydra-0.1.7.tar.gz,tar,flask_dbhydra-0.1.7/setup.py,759,ast,1,1,setuptools
flask_req_parser-0.1.4,D:\10. RQ1 DySec\Step 9 DownloadSelectedBenignPackages\Benign_Packages\flask_req_parser-0.1.4.tar.gz,tar,flask_req_parser-0.1.4/setup.py,1010,ast,1,1,setuptools
flask_requests-0.0.9,D:\10. RQ1 DySec\Step 9 DownloadSelectedBenignPackages\Benign_Packages\flask_requests-0.0.9.tar.gz,tar,flask_requests-0.0.9/setup.py,490,ast,1,2,setuptools
flaskapitools-0.1.98,D:\10. RQ1 DySec\Step 9 DownloadSelectedBenignPackages\Benign_Packages\flaskapitools-0.1.98.tar.gz,tar,flaskapitools-0.1.98/setup.py,813,ast,1,1,setuptools
flaskpaypallib-0.0.2,D:\10. RQ1 DySec\Step 9 DownloadSelectedBenignPackages\Benign_Packages\flaskpaypallib-0.0.2.tar.gz,tar,flaskpaypallib-0.0.2/setup.py,1065,ast,1,1,setuptools
flaskwebgui-1.1.3,D:\10. RQ1 DySec\Step 9 DownloadSelectedBenignPackages\Benign_Packages\flaskwebgui-1.1.3.tar.gz,tar,flaskwebgui-1.1.3/setup.py,851,ast,1,1,setuptools
flatbencode-0.2.1,D:\10. RQ1 DySec\Step 9 DownloadSelectedBenignPackages\Benign_Packages\flatbencode-0.2.1.tar.gz,tar,flatbencode-0.2.1/setup.py,1093,ast,2,2,os; setuptools
flatbuffers-24.3.25,D:\10. RQ1 DySec\Step 9 DownloadSelectedBenignPackages\Benign_Packages\flatbuffers-24.3.25.tar.gz,tar,flatbuffers-24.3.25/setup.py,1733,ast,1,1,setuptools
flatlib-0.2.3,D:\10. RQ1 DySec\Step 9 DownloadSelectedBenignPackages\Benign_Packages\flatlib-0.2.3.tar.gz,tar,flatlib-0.2.3/setup.py,1203,ast,1,2,setuptools
flayers-2.6,D:\10. RQ1 DySec\Step 9 DownloadSelectedBenignPackages\Benign_Packages\flayers-2.6.tar.gz,tar,flayers-2.6/setup.py,2157,regex,5,6,metainfos; os; setuptools; subprocess; sys
flexfolio-1.0.4,D:\10. RQ1 DySec\Step 9 DownloadSelectedBenignPackages\Benign_Packages\flexfolio-1.0.4.tar.gz,tar,flexfolio-1.0.4/setup.py,104,ast,1,1,setuptools
flightcontrol-0.2.0,D:\10. RQ1 DySec\Step 9 DownloadSelectedBenignPackages\Benign_Packages\flightcontrol-0.2.0.tar.gz,tar,flightcontrol-0.2.0/setup.py,539,ast,1,2,setuptools
FLite-1.0.1,D:\10. RQ1 DySec\Step 9 DownloadSelectedBenignPackages\Benign_Packages\FLite-1.0.1.tar.gz,tar,FLite-1.0.1/setup.py,5547,ast,4,4,os; re; setuptools; sys
flix-0.0.1,D:\10. RQ1 DySec\Step 9 DownloadSelectedBenignPackages\Benign_Packages\flix-0.0.1.tar.gz,tar,flix-0.0.1/setup.py,651,ast,1,1,setuptools
fonttools-4.53.1,D:\10. RQ1 DySec\Step 9 DownloadSelectedBenignPackages\Benign_Packages\fonttools-4.53.1.tar.gz,tar,fonttools-4.53.1/setup.py,18216,ast,17,23,Cython; StringIO; __future__; bumpversion; contextlib; datetime; distutils; glob; io; logging; os; py_compile; re; readme_renderer; setuptools; subprocess; sys
foolproof-0.1.8,D:\10. RQ1 DySec\Step 9 DownloadSelectedBenignPackages\Benign_Packages\foolproof-0.1.8.tar.gz,tar,foolproof-0.1.8/setup.py,1678,ast,4,4,distutils; os; package_obfuscator; setuptools
forg-1.4.0,D:\10. RQ1 DySec\Step 9 DownloadSelectedBenignPackages\Benign_Packages\forg-1.4.0.tar.gz,tar,forg-1.4.0/setup.py,194,ast,1,1,setuptools
forge-0.9.1,D:\10. RQ1 DySec\Step 9 DownloadSelectedBenignPackages\Benign_Packages\forge-0.9.1.tar.gz,tar,forge-0.9.1/setup.py,5210,ast,1,1,setuptools
forge-python-wrapper-0.0.1b4,D:\10. RQ1 DySec\Step 9 DownloadSelectedBenignPackages\Benign_Packages\forge-python-wrapper-0.0.1b4.tar.gz,tar,forge-python-wrapper-0.0.1b4/setup.py,1250,ast,1,1,setuptools
ForgeryPy-0.1,D:\10. RQ1 DySec\Step 9 DownloadSelectedBenignPackages\Benign_Packages\ForgeryPy-0.1.tar.gz,tar,ForgeryPy-0.1/setup.py,3557,ast,2,2,codecs; distutils
ForgeryPy3-0.3.1,D:\10. RQ1 DySec\Step 9 DownloadSelectedBenignPackages\Benign_Packages\ForgeryPy3-0.3.1.tar.gz,tar,ForgeryPy3-0.3.1/setup.py,4960,ast,2,2,codecs; distutils
forrin-0.1-alpha,D:\10. RQ1 DySec\Step 9 DownloadSelectedBenignPackages\Benign_Packages\forrin-0.1-alpha.tar.gz,tar,forrin-0.1-alpha/setup.py,571,ast,2,2,setuptools; sys
forspentz-2.1,D:\10. RQ1 DySec\Step 9 DownloadSelectedBenignPackages\Benign_Packages\forspentz-2.1.tar.gz,tar,forspentz-2.1/setup.py,1590,ast,2,2,distutils; pathlib
fortnite-0.0.8,D:\10. RQ1 DySec\Step 9 DownloadSelectedBenignPackages\Benign_Packages\fortnite-0.0.8.tar.gz,tar,fortnite-0.0.8/setup.py,883,ast,3,3,codecs; os; setuptools
fortranformat-2.0.0,D:\10. RQ1 DySec\Step 9 DownloadSelectedBenignPackages\Benign_Packages\fortranformat-2.0.0.tar.gz,tar,fortranformat-2.0.0/setup.py,1140,ast,2,2,os; setuptools
forward-password-0.6,D:\10. RQ1 DySec\Step 9 DownloadSelectedBenignPackages\Benign_Packages\forward-password-0.6.tar.gz,tar,forward-password-0.6/setup.py,592,ast,1,1,setuptools
foxpy-1.0.0,D:\10. RQ1 DySec\Step 9 DownloadSelectedBenignPackages\Benign_Packages\foxpy-1.0.0.tar.gz,tar,foxpy-1.0.0/setup.py,447,ast,1,1,setuptools
fpath-0.1.2,D:\10. RQ1 DySec\Step 9 DownloadSelectedBenignPackages\Benign_Packages\fpath-0.1.2.tar.gz,tar,fpath-0.1.2/setup.py,972,ast,2,2,setuptools; setuptools_rust
fqdn-1.5.1,D:\10. RQ1 DySec\Step 9 DownloadSelectedBenignPackages\Benign_Packages\fqdn-1.5.1.tar.gz,tar,fqdn-1.5.1/setup.py,1567,ast,1,1,setuptools
freddi-2.0b0,D:\10. RQ1 DySec\Step 9 DownloadSelectedBenignPackages\Benign_Packages\freddi-2.0b0.tar.gz,tar,freddi-2.0b0/setup.py,1192,ast,3,3,os; setuptools; skbuild
fredlibs-0.1.4,D:\10. RQ1 DySec\Step 9 DownloadSelectedBenignPackages\Benign_Packages\fredlibs-0.1.4.tar.gz,tar,fredlibs-0.1.4/setup.py,1275,ast,2,2,fredlibs; setuptools
free-0.0.2,D:\10. RQ1 DySec\Step 9 DownloadSelectedBenignPackages\Benign_Packages\free-0.0.2.tar.gz,tar,free-0.0.2/setup.py,596,ast,2,2,setuptools; sys
freenect2-0.2.3,D:\10. RQ1 DySec\Step 9 DownloadSelectedBenignPackages\Benign_Packages\freenect2-0.2.3.tar.gz,tar,freenect2-0.2.3/setup.py,643,ast,2,2,os; setuptools
freenit-0.3.3,D:\10. RQ1 DySec\Step 9 DownloadSelectedBenignPackages\Benign_Packages\freenit-0.3.3.tar.gz,tar,freenit-0.3.3/setup.py,2435,ast,3,3,freenit; pathlib; setuptools
freenit-0.3.3,D:\10. RQ1 DySec\Step 9 DownloadSelectedBenignPackages\Benign_Packages\freenit-0.3.3.tar.gz,tar,freenit-0.3.3/freenit/project/setup.py,1301,ast,2,2,pathlib; setuptools
freezefrog-0.4.1,D:\10. RQ1 DySec\Step 9 DownloadSelectedBenignPackages\Benign_Packages\freezefrog-0.4.1.tar.gz,tar,freezefrog-0.4.1/setup.py,1061,ast,1,1,setuptools
freezer-api-9.0.0.0rc1,D:\10. RQ1 DySec\Step 9 DownloadSelectedBenignPackages\Benign_Packages\freezer-api-9.0.0.0rc1.tar.gz,tar,freezer-api-9.0.0.0rc1/setup.py,697,ast,1,1,setuptools
freq_ope-1.0.2,D:\10. RQ1 DySec\Step 9 DownloadSelectedBenignPackages\Benign_Packages\freq_ope-1.0.2.tar.gz,tar,freq_ope-1.0.2/setup.py,514,ast,2,2,pathlib; setuptools
freqtrade-2024.7.1,D:\10. RQ1 DySec\Step 9 DownloadSelectedBenignPackages\Benign_Packages\freqtrade-2024.7.1.tar.gz,tar,freqtrade-2024.7.1/setup.py,2418,ast,1,1,setuptools
freqtrade-2024.8,D:\10. RQ1 DySec\Step 9 DownloadSelectedBenignPackages\Benign_Packages\freqtrade-2024.8.tar.gz,tar,freqtrade-2024.8/setup.py,2418,ast,1,1,setuptools
friendly-0.7.9,D:\10. RQ1 DySec\Step 9 DownloadSelectedBenignPackages\Benign_Packages\friendly-0.7.9.tar.gz,tar,friendly-0.7.9/setup.py,41,ast,1,1,setuptools
frostaura-1.0.9,D:\10. RQ1 DySec\Step 9 DownloadSelectedBenignPackages\Benign_Packages\frostaura-1.0.9.tar.gz,tar,frostaura-1.0.9/setup.py,1236,ast,2,2,pathlib; setuptools
fstring-1.7.4,D:\10. RQ1 DySec\Step 9 DownloadSelectedBenignPackages\Benign_Packages\fstring-1.7.4.tar.gz,tar,fstring-1.7.4/setup.py,1043,ast,1,1,setuptools
fstrings-0.1.0,D:\10. RQ1 DySec\Step 9 DownloadSelectedBenignPackages\Benign_Packages\fstrings-0.1.0.tar.gz,tar,fstrings-0.1.0/setup.py,1071,ast,2,2,fstrings; setuptools
funcache-0.1.2,D:\10. RQ1 DySec\Step 9 DownloadSelectedBenignPackages\Benign_Packages\funcache-0.1.2.tar.gz,tar,funcache-0.1.2/setup.py,3958,ast,3,3,codecs; os; setuptools
funcsigs-1.0.2,D:\10. RQ1 DySec\Step 9 DownloadSelectedBenignPackages\Benign_Packages\funcsigs-1.0.2.tar.gz,tar,funcsigs-1.0.2/setup.py,1892,ast,3,3,re; setuptools; sys
function-chain-0.1.0,D:\10. RQ1 DySec\Step 9 DownloadSelectedBenignPackages\Benign_Packages\function-chain-0.1.0.tar.gz,tar,function-chain-0.1.0/setup.py,354,ast,1,1,setuptools
function_logger-0.2,D:\10. RQ1 DySec\Step 9 DownloadSelectedBenignPackages\Benign_Packages\function_logger-0.2.tar.gz,tar,function_logger-0.2/setup.py,525,ast,1,1,setuptools
future-1.0.0,D:\10. RQ1 DySec\Step 9 DownloadSelectedBenignPackages\Benign_Packages\future-1.0.0.tar.gz,tar,future-1.0.0/setup.py,5839,ast,6,7,__future__; distutils; os; setuptools; src; sys
futurecandy-1.3,D:\10. RQ1 DySec\Step 9 DownloadSelectedBenignPackages\Benign_Packages\futurecandy-1.3.tar.gz,tar,futurecandy-1.3/setup.py,2635,ast,1,1,setuptools
futureproof-0.3.1,D:\10. RQ1 DySec\Step 9 DownloadSelectedBenignPackages\Benign_Packages\futureproof-0.3.1.tar.gz,tar,futureproof-0.3.1/setup.py,2107,ast,3,3,os; re; setuptools
Fuzzy-1.2.2,D:\10. RQ1 DySec\Step 9 DownloadSelectedBenignPackages\Benign_Packages\Fuzzy-1.2.2.tar.gz,tar,Fuzzy-1.2.2/setup.py,1691,ast,2,2,io; setuptools
fuzzywuzzy-0.9.0,D:\10. RQ1 DySec\Step 9 DownloadSelectedBenignPackages\Benign_Packages\fuzzywuzzy-0.9.0.tar.gz,tar,fuzzywuzzy-0.9.0/setup.py,1009,ast,4,4,distutils; fuzzywuzzy; os; setuptools
fyle-db-connector-0.9.0,D:\10. RQ1 DySec\Step 9 DownloadSelectedBenignPackages\Benign_Packages\fyle-db-connector-0.9.0.tar.gz,tar,fyle-db-connector-0.9.0/setup.py,992,ast,1,1,setuptools
fynance-1.1.0,D:\10. RQ1 DySec\Step 9 DownloadSelectedBenignPackages\Benign_Packages\fynance-1.1.0.tar.gz,tar,fynance-1.1.0/setup.py,5094,ast,5,7,Cython; distutils; numpy; setuptools; sys
g-python-0.1.6,D:\10. RQ1 DySec\Step 9 DownloadSelectedBenignPackages\Benign_Packages\g-python-0.1.6.tar.gz,tar,g-python-0.1.6/setup.py,677,ast,1,1,setuptools
gamecontrollermt-1.2.9,D:\10. RQ1 DySec\Step 9 DownloadSelectedBenignPackages\Benign_Packages\gamecontrollermt-1.2.9.tar.gz,tar,gamecontrollermt-1.2.9/setup.py,1519,ast,1,1,setuptools
gamecord-0.0.9,D:\10. RQ1 DySec\Step 9 DownloadSelectedBenignPackages\Benign_Packages\gamecord-0.0.9.tar.gz,tar,gamecord-0.0.9/setup.py,746,ast,1,1,setuptools
gamegui-1.3.1,D:\10. RQ1 DySec\Step 9 DownloadSelectedBenignPackages\Benign_Packages\gamegui-1.3.1.tar.gz,tar,gamegui-1.3.1/setup.py,1345,ast,1,1,setuptools
gamelanpy-0.1.2,D:\10. RQ1 DySec\Step 9 DownloadSelectedBenignPackages\Benign_Packages\gamelanpy-0.1.2.tar.gz,tar,gamelanpy-0.1.2/setup.py,717,ast,2,2,distutils; numpy
gamelibgames-1.1.4,D:\10. RQ1 DySec\Step 9 DownloadSelectedBenignPackages\Benign_Packages\gamelibgames-1.1.4.tar.gz,tar,gamelibgames-1.1.4/setup.py,1198,ast,1,1,setuptools
gamepadinfo-0.9.1,D:\10. RQ1 DySec\Step 9 DownloadSelectedBenignPackages\Benign_Packages\gamepadinfo-0.9.1.tar.gz,tar,gamepadinfo-0.9.1/setup.py,2027,ast,3,3,codecs; os; setuptools
gamepy-0.1.5,D:\10. RQ1 DySec\Step 9 DownloadSelectedBenignPackages\Benign_Packages\gamepy-0.1.5.tar.gz,tar,gamepy-0.1.5/setup.py,261,ast,1,1,distutils
gamera-4.1.0,D:\10. RQ1 DySec\Step 9 DownloadSelectedBenignPackages\Benign_Packages\gamera-4.1.0.tar.gz,tar,gamera-4.1.0/setup.py,8986,ast,10,12,concurrent; distutils; gamera; glob; multiprocessing; os; pathlib; platform; setuptools; sys
gamest-4.0.1,D:\10. RQ1 DySec\Step 9 DownloadSelectedBenignPackages\Benign_Packages\gamest-4.0.1.tar.gz,tar,gamest-4.0.1/setup.py,1045,ast,1,1,setuptools
GameTools-0.2.0,D:\10. RQ1 DySec\Step 9 DownloadSelectedBenignPackages\Benign_Packages\GameTools-0.2.0.tar.gz,tar,GameTools-0.2.0/setup.py,967,ast,1,1,setuptools
gapsplit-1.1.1,D:\10. RQ1 DySec\Step 9 DownloadSelectedBenignPackages\Benign_Packages\gapsplit-1.1.1.tar.gz,tar,gapsplit-1.1.1/setup.py,660,ast,3,3,io; os; setuptools
gassman-2.0.0,D:\10. RQ1 DySec\Step 9 DownloadSelectedBenignPackages\Benign_Packages\gassman-2.0.0.tar.gz,tar,gassman-2.0.0/setup.py,162,ast,1,1,setuptools
gast-0.6.0,D:\10. RQ1 DySec\Step 9 DownloadSelectedBenignPackages\Benign_Packages\gast-0.6.0.tar.gz,tar,gast-0.6.0/setup.py,1924,ast,3,3,distutils; os; setuptools
gasyncio-0.0.1,D:\10. RQ1 DySec\Step 9 DownloadSelectedBenignPackages\Benign_Packages\gasyncio-0.0.1.tar.gz,tar,gasyncio-0.0.1/setup.py,97,ast,1,1,setuptools
gatherer-0.0.1,D:\10. RQ1 DySec\Step 9 DownloadSelectedBenignPackages\Benign_Packages\gatherer-0.0.1.tar.gz,tar,gatherer-0.0.1/setup.py,1297,ast,3,3,codecs; os; setuptools
gcandy-1.0.2,D:\10. RQ1 DySec\Step 9 DownloadSelectedBenignPackages\Benign_Packages\gcandy-1.0.2.tar.gz,tar,gcandy-1.0.2/setup.py,774,ast,2,2,os; setuptools
gcsfs-2024.9.0.post1,D:\10. RQ1 DySec\Step 9 DownloadSelectedBenignPackages\Benign_Packages\gcsfs-2024.9.0.post1.tar.gz,tar,gcsfs-2024.9.0.post1/setup.py,1184,ast,3,3,os; setuptools; versioneer
genBarcode-1.0.1,D:\10. RQ1 DySec\Step 9 DownloadSelectedBenignPackages\Benign_Packages\genBarcode-1.0.1.tar.gz,tar,genBarcode-1.0.1/setup.py,3710,ast,1,1,setuptools
genbase-0.3.6,D:\10. RQ1 DySec\Step 9 DownloadSelectedBenignPackages\Benign_Packages\genbase-0.3.6.tar.gz,tar,genbase-0.3.6/setup.py,1504,ast,3,3,distutils; os; setuptools
genCode-1.0.1,D:\10. RQ1 DySec\Step 9 DownloadSelectedBenignPackages\Benign_Packages\genCode-1.0.1.tar.gz,tar,genCode-1.0.1/setup.py,679,ast,2,2,gencode; setuptools
general-0.0.3.dev9,D:\10. RQ1 DySec\Step 9 DownloadSelectedBenignPackages\Benign_Packages\general-0.0.3.dev9.tar.gz,tar,general-0.0.3.dev9/general/project_gen/target/commutils/setup.py,209,ast,1,1,setuptools
general-0.0.3.dev9,D:\10. RQ1 DySec\Step 9 DownloadSelectedBenignPackages\Benign_Packages\general-0.0.3.dev9.tar.gz,tar,general-0.0.3.dev9/general/project_gen/template/project/setup.py,209,ast,1,1,setuptools
general-0.0.3.dev9,D:\10. RQ1 DySec\Step 9 DownloadSelectedBenignPackages\Benign_Packages\general-0.0.3.dev9.tar.gz,tar,general-0.0.3.dev9/setup.py,208,ast,1,1,setuptools
generalvector-1.5.9,D:\10. RQ1 DySec\Step 9 DownloadSelectedBenignPackages\Benign_Packages\generalvector-1.5.9.tar.gz,tar,generalvector-1.5.9/setup.py,969,ast,2,2,pathlib; setuptools
generata-0.0.2,D:\10. RQ1 DySec\Step 9 DownloadSelectedBenignPackages\Benign_Packages\generata-0.0.2.tar.gz,tar,generata-0.0.2/setup.py,973,ast,2,2,pathlib; setuptools
geninstaller-1.2.3,D:\10. RQ1 DySec\Step 9 DownloadSelectedBenignPackages\Benign_Packages\geninstaller-1.2.3.tar.gz,tar,geninstaller-1.2.3/setup.py,1833,ast,3,3,geninstaller; pathlib; setuptools
gensim-4.3.3,D:\10. RQ1 DySec\Step 9 DownloadSelectedBenignPackages\Benign_Packages\gensim-4.3.3.tar.gz,tar,gensim-4.3.3/setup.py,14778,ast,11,12,Cython; builtins; collections; itertools; numpy; os; platform; setuptools; shutil; sys; wheelhouse_uploader
genus-0.0.1,D:\10. RQ1 DySec\Step 9 DownloadSelectedBenignPackages\Benign_Packages\genus-0.0.1.tar.gz,tar,genus-0.0.1/setup.py,816,ast,2,2,pathlib; setuptools
geodata-1.7.1,D:\10. RQ1 DySec\Step 9 DownloadSelectedBenignPackages\Benign_Packages\geodata-1.7.1.tar.gz,tar,geodata-1.7.1/setup.py,4207,ast,5,5,io; os; setuptools; shutil; sys
geodataset-0.3.0,D:\10. RQ1 DySec\Step 9 DownloadSelectedBenignPackages\Benign_Packages\geodataset-0.3.0.tar.gz,tar,geodataset-0.3.0/setup.py,1196,ast,2,2,os; setuptools
geoint-0.2,D:\10. RQ1 DySec\Step 9 DownloadSelectedBenignPackages\Benign_Packages\geoint-0.2.tar.gz,tar,geoint-0.2/setup.py,1624,ast,1,1,setuptools
GeoIP-1.3.2,D:\10. RQ1 DySec\Step 9 DownloadSelectedBenignPackages\Benign_Packages\GeoIP-1.3.2.tar.gz,tar,GeoIP-1.3.2/setup.py,1570,ast,3,3,distutils; setuptools; sys
Gervis-0.0.1,D:\10. RQ1 DySec\Step 9 DownloadSelectedBenignPackages\Benign_Packages\Gervis-0.0.1.tar.gz,tar,Gervis-0.0.1/setup.py,890,ast,1,1,setuptools
get_crypto_price-0.2.2,D:\10. RQ1 DySec\Step 9 DownloadSelectedBenignPackages\Benign_Packages\get_crypto_price-0.2.2.tar.gz,tar,get_crypto_price-0.2.2/setup.py,1146,ast,1,1,setuptools
get_fshare-2.5.0,D:\10. RQ1 DySec\Step 9 DownloadSelectedBenignPackages\Benign_Packages\get_fshare-2.5.0.tar.gz,tar,get_fshare-2.5.0/setup.py,653,ast,2,2,os; setuptools
getcp-1.0.24,D:\10. RQ1 DySec\Step 9 DownloadSelectedBenignPackages\Benign_Packages\getcp-1.0.24.tar.gz,tar,getcp-1.0.24/setup.py,1485,ast,1,2,setuptools
getfontname-0.0.3,D:\10. RQ1 DySec\Step 9 DownloadSelectedBenignPackages\Benign_Packages\getfontname-0.0.3.zip,zip,getfontname-0.0.3/setup.py,447,ast,1,1,setuptools
getipping-0.0.1,D:\10. RQ1 DySec\Step 9 DownloadSelectedBenignPackages\Benign_Packages\getipping-0.0.1.tar.gz,tar,getipping-0.0.1/setup.py,628,ast,1,1,setuptools
getmin-0.1,D:\10. RQ1 DySec\Step 9 DownloadSelectedBenignPackages\Benign_Packages\getmin-0.1.tar.gz,tar,getmin-0.1/setup.py,171,ast,1,1,setuptools
getpaid.paypal-0.4.4,D:\10. RQ1 DySec\Step 9 DownloadSelectedBenignPackages\Benign_Packages\getpaid.paypal-0.4.4.tar.gz,tar,getpaid.paypal-0.4.4/setup.py,1595,ast,2,2,os; setuptools
getport-0.1.2,D:\10. RQ1 DySec\Step 9 DownloadSelectedBenignPackages\Benign_Packages\getport-0.1.2.tar.gz,tar,getport-0.1.2/setup.py,678,ast,2,2,os; setuptools
getsiteinfo-0.1.1,D:\10. RQ1 DySec\Step 9 DownloadSelectedBenignPackages\Benign_Packages\getsiteinfo-0.1.1.tar.gz,tar,getsiteinfo-0.1.1/setup.py,839,ast,3,3,codecs; os; setuptools
getter-0.0.0.dev0,D:\10. RQ1 DySec\Step 9 DownloadSelectedBenignPackages\Benign_Packages\getter-0.0.0.dev0.tar.gz,tar,getter-0.0.0.dev0/setup.py,191,ast,1,1,setuptools
geturl-0.2.1,D:\10. RQ1 DySec\Step 9 DownloadSelectedBenignPackages\Benign_Packages\geturl-0.2.1.tar.gz,tar,geturl-0.2.1/setup.py,624,ast,1,1,distutils
gevent-24.2.1,D:\10. RQ1 DySec\Step 9 DownloadSelectedBenignPackages\Benign_Packages\gevent-24.2.1.tar.gz,tar,gevent-24.2.1/setup.py,17494,ast,7,17,__future__; _setupares; _setuplibev; _setuputils; os; setuptools; sys
ghostsplitfile-0.5,D:\10. RQ1 DySec\Step 9 DownloadSelectedBenignPackages\Benign_Packages\ghostsplitfile-0.5.zip,zip,ghostsplitfile-0.5/setup.py,365,ast,1,1,distutils
gias3.testing-3.0.0,D:\10. RQ1 DySec\Step 9 DownloadSelectedBenignPackages\Benign_Packages\gias3.testing-3.0.0.tar.gz,tar,gias3.testing-3.0.0/setup.py,73,ast,1,1,setuptools
gift-0.1.0,D:\10. RQ1 DySec\Step 9 DownloadSelectedBenignPackages\Benign_Packages\gift-0.1.0.tar.gz,tar,gift-0.1.0/setup.py,1862,ast,3,3,codecs; os; setuptools
git-fingerprint-0.0.3,D:\10. RQ1 DySec\Step 9 DownloadSelectedBenignPackages\Benign_Packages\git-fingerprint-0.0.3.tar.gz,tar,git-fingerprint-0.0.3/setup.py,3781,ast,6,6,io; os; re; setuptools; shutil; sys
git-remote-aws-0.5.4,D:\10. RQ1 DySec\Step 9 DownloadSelectedBenignPackages\Benign_Packages\git-remote-aws-0.5.4.tar.gz,tar,git-remote-aws-0.5.4/setup.py,1665,ast,2,2,os; setuptools
git-semver-gen-0.1.0,D:\10. RQ1 DySec\Step 9 DownloadSelectedBenignPackages\Benign_Packages\git-semver-gen-0.1.0.tar.gz,tar,git-semver-gen-0.1.0/setup.py,478,ast,1,1,setuptools
git-split-0.0.1,D:\10. RQ1 DySec\Step 9 DownloadSelectedBenignPackages\Benign_Packages\git-split-0.0.1.tar.gz,tar,git-split-0.0.1/setup.py,763,ast,1,1,setuptools
gitbuster-2.1b8,D:\10. RQ1 DySec\Step 9 DownloadSelectedBenignPackages\Benign_Packages\gitbuster-2.1b8.tar.gz,tar,gitbuster-2.1b8/setup.py,2440,regex,4,4,ConfigParser; distutils; setuptools; sys
gitdb-4.0.11,D:\10. RQ1 DySec\Step 9 DownloadSelectedBenignPackages\Benign_Packages\gitdb-4.0.11.tar.gz,tar,gitdb-4.0.11/setup.py,1718,ast,1,1,setuptools
gitmine-0.0.9,D:\10. RQ1 DySec\Step 9 DownloadSelectedBenignPackages\Benign_Packages\gitmine-0.0.9.tar.gz,tar,gitmine-0.0.9/setup.py,949,ast,2,2,gitmine; setuptools
gitprof-1.1.1,D:\10. RQ1 DySec\Step 9 DownloadSelectedBenignPackages\Benign_Packages\gitprof-1.1.1.tar.gz,tar,gitprof-1.1.1/setup.py,2494,ast,4,4,chdir; gitprof; re; setuptools
gitpull-0.2,D:\10. RQ1 DySec\Step 9 DownloadSelectedBenignPackages\Benign_Packages\gitpull-0.2.tar.gz,tar,gitpull-0.2/setup.py,383,ast,1,1,setuptools
gitpy-0.0.5,D:\10. RQ1 DySec\Step 9 DownloadSelectedBenignPackages\Benign_Packages\gitpy-0.0.5.tar.gz,tar,gitpy-0.0.5/setup.py,689,ast,1,1,setuptools
GitPython-3.1.9,D:\10. RQ1 DySec\Step 9 DownloadSelectedBenignPackages\Benign_Packages\GitPython-3.1.9.tar.gz,tar,GitPython-3.1.9/setup.py,4392,ast,7,10,__future__; distutils; ez_setup; fnmatch; os; setuptools; sys
glver-1.0.0,D:\10. RQ1 DySec\Step 9 DownloadSelectedBenignPackages\Benign_Packages\glver-1.0.0.zip,zip,glver-1.0.0/setup.py,406,ast,1,1,setuptools
gmaps-locator-0.0.2,D:\10. RQ1 DySec\Step 9 DownloadSelectedBenignPackages\Benign_Packages\gmaps-locator-0.0.2.tar.gz,tar,gmaps-locator-0.0.2/setup.py,1187,ast,3,3,codecs; os; setuptools
golodranets-0.1.3,D:\10. RQ1 DySec\Step 9 DownloadSelectedBenignPackages\Benign_Packages\golodranets-0.1.3.tar.gz,tar,golodranets-0.1.3/setup.py,4479,ast,6,7,multiprocessing; os; pytest; setuptools; shutil; sys
good-0.0.8,D:\10. RQ1 DySec\Step 9 DownloadSelectedBenignPackages\Benign_Packages\good-0.0.8.tar.gz,tar,good-0.0.8/setup.py,1145,ast,1,1,setuptools
google-auth-httplib2-0.2.0,D:\10. RQ1 DySec\Step 9 DownloadSelectedBenignPackages\Benign_Packages\google-auth-httplib2-0.2.0.tar.gz,tar,google-auth-httplib2-0.2.0/setup.py,2043,ast,2,2,io; setuptools
google-cloud-aiplatform-1.67.0,D:\10. RQ1 DySec\Step 9 DownloadSelectedBenignPackages\Benign_Packages\google-cloud-aiplatform-1.67.0.tar.gz,tar,google-cloud-aiplatform-1.67.0/setup.py,9754,ast,3,3,io; os; setuptools
google-cloud-bigquery-3.25.0,D:\10. RQ1 DySec\Step 9 DownloadSelectedBenignPackages\Benign_Packages\google-cloud-bigquery-3.25.0.tar.gz,tar,google-cloud-bigquery-3.25.0/setup.py,5236,ast,3,3,io; os; setuptools
google-cloud-core-2.4.1,D:\10. RQ1 DySec\Step 9 DownloadSelectedBenignPackages\Benign_Packages\google-cloud-core-2.4.1.tar.gz,tar,google-cloud-core-2.4.1/setup.py,2941,ast,3,3,io; os; setuptools
google-cloud-storage-2.9.0,D:\10. RQ1 DySec\Step 9 DownloadSelectedBenignPackages\Benign_Packages\google-cloud-storage-2.9.0.tar.gz,tar,google-cloud-storage-2.9.0/setup.py,3047,ast,3,3,io; os; setuptools
google-pasta-0.2.0,D:\10. RQ1 DySec\Step 9 DownloadSelectedBenignPackages\Benign_Packages\google-pasta-0.2.0.tar.gz,tar,google-pasta-0.2.0/setup.py,1865,ast,3,5,__future__; setuptools; unittest
google_api_core-2.19.2,D:\10. RQ1 DySec\Step 9 DownloadSelectedBenignPackages\Benign_Packages\google_api_core-2.19.2.tar.gz,tar,google_api_core-2.19.2/setup.py,3284,ast,3,3,io; os; setuptools
google_api_python_client-2.146.0,D:\10. RQ1 DySec\Step 9 DownloadSelectedBenignPackages\Benign_Packages\google_api_python_client-2.146.0.tar.gz,tar,google_api_python_client-2.146.0/setup.py,3286,ast,5,5,__future__; io; os; setuptools; sys
google_auth-2.34.0,D:\10. RQ1 DySec\Step 9 DownloadSelectedBenignPackages\Benign_Packages\google_auth-2.34.0.tar.gz,tar,google_auth-2.34.0/setup.py,2886,ast,3,4,io; os; setuptools
google_auth_oauthlib-1.2.1,D:\10. RQ1 DySec\Step 9 DownloadSelectedBenignPackages\Benign_Packages\google_auth_oauthlib-1.2.1.tar.gz,tar,google_auth_oauthlib-1.2.1/setup.py,2387,ast,2,3,io; setuptools
google_cloud_appengine_logging-1.4.5,D:\10. RQ1 DySec\Step 9 DownloadSelectedBenignPackages\Benign_Packages\google_cloud_appengine_logging-1.4.5.tar.gz,tar,google_cloud_appengine_logging-1.4.5/setup.py,3191,ast,4,4,io; os; re; setuptools
google_cloud_audit_log-0.3.0,D:\10. RQ1 DySec\Step 9 DownloadSelectedBenignPackages\Benign_Packages\google_cloud_audit_log-0.3.0.tar.gz,tar,google_cloud_audit_log-0.3.0/setup.py,2308,ast,3,4,io; os; setuptools
google_cloud_bigquery_storage-2.26.0,D:\10. RQ1 DySec\Step 9 DownloadSelectedBenignPackages\Benign_Packages\google_cloud_bigquery_storage-2.26.0.tar.gz,tar,google_cloud_bigquery_storage-2.26.0/setup.py,3306,ast,3,3,io; os; setuptools
google_cloud_dataproc-5.12.0,D:\10. RQ1 DySec\Step 9 DownloadSelectedBenignPackages\Benign_Packages\google_cloud_dataproc-5.12.0.tar.gz,tar,google_cloud_dataproc-5.12.0/setup.py,3196,ast,4,4,io; os; re; setuptools
google_cloud_dlp-3.22.0,D:\10. RQ1 DySec\Step 9 DownloadSelectedBenignPackages\Benign_Packages\google_cloud_dlp-3.22.0.tar.gz,tar,google_cloud_dlp-3.22.0/setup.py,3129,ast,4,4,io; os; re; setuptools
google_cloud_kms-2.24.2,D:\10. RQ1 DySec\Step 9 DownloadSelectedBenignPackages\Benign_Packages\google_cloud_kms-2.24.2.tar.gz,tar,google_cloud_kms-2.24.2/setup.py,3176,ast,4,4,io; os; re; setuptools
google_cloud_logging-3.11.2,D:\10. RQ1 DySec\Step 9 DownloadSelectedBenignPackages\Benign_Packages\google_cloud_logging-3.11.2.tar.gz,tar,google_cloud_logging-3.11.2/setup.py,3291,ast,3,3,io; os; setuptools
google_cloud_monitoring-2.22.2,D:\10. RQ1 DySec\Step 9 DownloadSelectedBenignPackages\Benign_Packages\google_cloud_monitoring-2.22.2.tar.gz,tar,google_cloud_monitoring-2.22.2/setup.py,3225,ast,4,4,io; os; re; setuptools
google_cloud_pubsub-2.23.1,D:\10. RQ1 DySec\Step 9 DownloadSelectedBenignPackages\Benign_Packages\google_cloud_pubsub-2.23.1.tar.gz,tar,google_cloud_pubsub-2.23.1/setup.py,3281,ast,3,3,io; os; setuptools
google_cloud_resource_manager-1.12.5,D:\10. RQ1 DySec\Step 9 DownloadSelectedBenignPackages\Benign_Packages\google_cloud_resource_manager-1.12.5.tar.gz,tar,google_cloud_resource_manager-1.12.5/setup.py,3233,ast,4,4,io; os; re; setuptools
google_cloud_secret_manager-2.20.2,D:\10. RQ1 DySec\Step 9 DownloadSelectedBenignPackages\Benign_Packages\google_cloud_secret_manager-2.20.2.tar.gz,tar,google_cloud_secret_manager-2.20.2/setup.py,3225,ast,4,4,io; os; re; setuptools
google_cloud_spanner-3.49.1,D:\10. RQ1 DySec\Step 9 DownloadSelectedBenignPackages\Benign_Packages\google_cloud_spanner-3.49.1.tar.gz,tar,google_cloud_spanner-3.49.1/setup.py,3265,ast,3,3,io; os; setuptools
google_cloud_vision-3.7.4,D:\10. RQ1 DySec\Step 9 DownloadSelectedBenignPackages\Benign_Packages\google_cloud_vision-3.7.4.tar.gz,tar,google_cloud_vision-3.7.4/setup.py,3141,ast,4,4,io; os; re; setuptools
google_crc32c-1.6.0,D:\10. RQ1 DySec\Step 9 DownloadSelectedBenignPackages\Benign_Packages\google_crc32c-1.6.0.tar.gz,tar,google_crc32c-1.6.0/setup.py,4515,ast,5,6,logging; os; platform; setuptools; shutil
google_resumable_media-2.7.2,D:\10. RQ1 DySec\Step 9 DownloadSelectedBenignPackages\Benign_Packages\google_resumable_media-2.7.2.tar.gz,tar,google_resumable_media-2.7.2/setup.py,2265,ast,2,2,os; setuptools
googleapis_common_protos-1.65.0,D:\10. RQ1 DySec\Step 9 DownloadSelectedBenignPackages\Benign_Packages\googleapis_common_protos-1.65.0.tar.gz,tar,googleapis_common_protos-1.65.0/setup.py,2409,ast,3,4,io; os; setuptools
gp-toolkit-0.2.0,D:\10. RQ1 DySec\Step 9 DownloadSelectedBenignPackages\Benign_Packages\gp-toolkit-0.2.0.tar.gz,tar,gp-toolkit-0.2.0/setup.py,1628,ast,1,1,setuptools
gpgliblib-0.2.0,D:\10. RQ1 DySec\Step 9 DownloadSelectedBenignPackages\Benign_Packages\gpgliblib-0.2.0.tar.gz,tar,gpgliblib-0.2.0/setup.py,2326,ast,2,3,__future__; setuptools
gpi_core-2.4.0,D:\10. RQ1 DySec\Step 9 DownloadSelectedBenignPackages\Benign_Packages\gpi_core-2.4.0.tar.gz,tar,gpi_core-2.4.0/setup.py,650,ast,2,3,pathlib; setuptools
gpush-3.1.2,D:\10. RQ1 DySec\Step 9 DownloadSelectedBenignPackages\Benign_Packages\gpush-3.1.2.tar.gz,tar,gpush-3.1.2/setup.py,773,ast,2,2,_version; setuptools
gpython-2.0.0,D:\10. RQ1 DySec\Step 9 DownloadSelectedBenignPackages\Benign_Packages\gpython-2.0.0.tar.gz,tar,gpython-2.0.0/setup.py,115,ast,1,1,setuptools
grabber-0.1.0,D:\10. RQ1 DySec\Step 9 DownloadSelectedBenignPackages\Benign_Packages\grabber-0.1.0.tar.gz,tar,grabber-0.1.0/setup.py,2355,ast,6,8,grabber; os; setuptools; shlex; sys; tox
gradient-2.0.6,D:\10. RQ1 DySec\Step 9 DownloadSelectedBenignPackages\Benign_Packages\gradient-2.0.6.tar.gz,tar,gradient-2.0.6/setup.py,2759,ast,7,8,codecs; io; os; pypandoc; re; setuptools; sys
gradientcobra-1.1.4,D:\10. RQ1 DySec\Step 9 DownloadSelectedBenignPackages\Benign_Packages\gradientcobra-1.1.4.tar.gz,tar,gradientcobra-1.1.4/setup.py,1615,ast,1,1,setuptools
gradinit-0.1.1,D:\10. RQ1 DySec\Step 9 DownloadSelectedBenignPackages\Benign_Packages\gradinit-0.1.1.tar.gz,tar,gradinit-0.1.1/setup.py,409,ast,1,1,setuptools
GranadaCultura-0.1.2,D:\10. RQ1 DySec\Step 9 DownloadSelectedBenignPackages\Benign_Packages\GranadaCultura-0.1.2.tar.gz,tar,GranadaCultura-0.1.2/setup.py,769,ast,1,1,setuptools
granadilla-0.7.3,D:\10. RQ1 DySec\Step 9 DownloadSelectedBenignPackages\Benign_Packages\granadilla-0.7.3.tar.gz,tar,granadilla-0.7.3/setup.py,3263,ast,5,6,glob; granadilla; os; setuptools; subprocess
grandeur-0.1.6,D:\10. RQ1 DySec\Step 9 DownloadSelectedBenignPackages\Benign_Packages\grandeur-0.1.6.tar.gz,tar,grandeur-0.1.6/setup.py,2012,ast,3,3,io; os; setuptools
grandma-0.1a2,D:\10. RQ1 DySec\Step 9 DownloadSelectedBenignPackages\Benign_Packages\grandma-0.1a2.tar.gz,tar,grandma-0.1a2/setup.py,1460,ast,2,2,distutils; setuptools
grandpa-0.6.3,D:\10. RQ1 DySec\Step 9 DownloadSelectedBenignPackages\Benign_Packages\grandpa-0.6.3.tar.gz,tar,grandpa-0.6.3/setup.py,569,ast,1,1,distutils
granitepy-0.4.2,D:\10. RQ1 DySec\Step 9 DownloadSelectedBenignPackages\Benign_Packages\granitepy-0.4.2.tar.gz,tar,granitepy-0.4.2/setup.py,1298,ast,1,1,setuptools
granoloader-0.4.7,D:\10. RQ1 DySec\Step 9 DownloadSelectedBenignPackages\Benign_Packages\granoloader-0.4.7.tar.gz,tar,granoloader-0.4.7/setup.py,916,ast,2,2,os; setuptools
graphcore-0.9.1,D:\10. RQ1 DySec\Step 9 DownloadSelectedBenignPackages\Benign_Packages\graphcore-0.9.1.tar.gz,tar,graphcore-0.9.1/setup.py,792,ast,2,2,setuptools; sys
graphene_mongodb-1.0.1,D:\10. RQ1 DySec\Step 9 DownloadSelectedBenignPackages\Benign_Packages\graphene_mongodb-1.0.1.tar.gz,tar,graphene_mongodb-1.0.1/setup.py,1230,ast,2,2,os; setuptools
graphql-core-3.2.4,D:\10. RQ1 DySec\Step 9 DownloadSelectedBenignPackages\Benign_Packages\graphql-core-3.2.4.tar.gz,tar,graphql-core-3.2.4/setup.py,1627,ast,2,2,re; setuptools
great_expectations-1.0.4,D:\10. RQ1 DySec\Step 9 DownloadSelectedBenignPackages\Benign_Packages\great_expectations-1.0.4.tar.gz,tar,great_expectations-1.0.4/setup.py,5863,ast,6,6,os; pathlib; pkg_resources; re; setuptools; versioneer
greencode-0.1,D:\10. RQ1 DySec\Step 9 DownloadSelectedBenignPackages\Benign_Packages\greencode-0.1.tar.gz,tar,greencode-0.1/setup.py,947,ast,4,4,__future__; distutils; greencode; setuptools
greenlet-3.1.0,D:\10. RQ1 DySec\Step 9 DownloadSelectedBenignPackages\Benign_Packages\greenlet-3.1.0.tar.gz,tar,greenlet-3.1.0/setup.py,10027,ast,6,8,__future__; glob; os; platform; setuptools; sys
gremlinpython-3.7.2,D:\10. RQ1 DySec\Step 9 DownloadSelectedBenignPackages\Benign_Packages\gremlinpython-3.7.2.tar.gz,tar,gremlinpython-3.7.2/setup.py,3092,ast,6,6,codecs; gremlin_python; os; setuptools; sys; time
grequests-0.7.0,D:\10. RQ1 DySec\Step 9 DownloadSelectedBenignPackages\Benign_Packages\grequests-0.7.0.tar.gz,tar,grequests-0.7.0/setup.py,1598,ast,1,1,setuptools
grndvc-0.0.1,D:\10. RQ1 DySec\Step 9 DownloadSelectedBenignPackages\Benign_Packages\grndvc-0.0.1.tar.gz,tar,grndvc-0.0.1/setup.py,525,ast,1,1,setuptools
groundcontrol-0.1.0-dev,D:\10. RQ1 DySec\Step 9 DownloadSelectedBenignPackages\Benign_Packages\groundcontrol-0.1.0-dev.tar.gz,tar,groundcontrol-0.1.0-dev/setup.py,1186,ast,1,1,distutils
grpc-google-iam-v1-0.13.1,D:\10. RQ1 DySec\Step 9 DownloadSelectedBenignPackages\Benign_Packages\grpc-google-iam-v1-0.13.1.tar.gz,tar,grpc-google-iam-v1-0.13.1/setup.py,2390,ast,3,3,io; os; setuptools
grpcio-1.66.1,D:\10. RQ1 DySec\Step 9 DownloadSelectedBenignPackages\Benign_Packages\grpcio-1.66.1.tar.gz,tar,grpcio-1.66.1/setup.py,21537,ast,18,22,Cython; _metadata; _parallel_compile_patch; _spawn_patch; commands; distutils; grpc_core_dependencies; grpc_version; os; pathlib; platform; re; setuptools; shlex; shutil; subprocess; sys; sysconfig
grpcio_status-1.66.1,D:\10. RQ1 DySec\Step 9 DownloadSelectedBenignPackages\Benign_Packages\grpcio_status-1.66.1.tar.gz,tar,grpcio_status-1.66.1/setup.py,2948,ast,4,4,grpc_version; os; setuptools; status_commands
grpcio_tools-1.66.1,D:\10. RQ1 DySec\Step 9 DownloadSelectedBenignPackages\Benign_Packages\grpcio_tools-1.66.1.tar.gz,tar,grpcio_tools-1.66.1/setup.py,13408,ast,15,19,Cython; _parallel_compile_patch; _spawn_patch; errno; grpc_version; os; platform; protoc_lib_deps; re; setuptools; shlex; shutil; subprocess; sys; sysconfig
grunt-django-0.2.4,D:\10. RQ1 DySec\Step 9 DownloadSelectedBenignPackages\Benign_Packages\grunt-django-0.2.4.tar.gz,tar,grunt-django-0.2.4/setup.py,1196,ast,2,2,os; setuptools
gs123-3.0.0,D:\10. RQ1 DySec\Step 9 DownloadSelectedBenignPackages\Benign_Packages\gs123-3.0.0.tar.gz,tar,gs123-3.0.0/setup.py,2399,ast,5,5,os; re; setuptools; sys; wheel
gsgp_slim-0.1.1,D:\10. RQ1 DySec\Step 9 DownloadSelectedBenignPackages\Benign_Packages\gsgp_slim-0.1.1.tar.gz,tar,gsgp_slim-0.1.1/setup.py,1035,ast,1,1,setuptools
gslrandom-0.1.4,D:\10. RQ1 DySec\Step 9 DownloadSelectedBenignPackages\Benign_Packages\gslrandom-0.1.4.tar.gz,tar,gslrandom-0.1.4/setup.py,932,ast,4,6,Cython; distutils; numpy; os
gsystemctl-0.3.0,D:\10. RQ1 DySec\Step 9 DownloadSelectedBenignPackages\Benign_Packages\gsystemctl-0.3.0.tar.gz,tar,gsystemctl-0.3.0/setup.py,1176,ast,1,1,setuptools
gtoolz-0.1.5,D:\10. RQ1 DySec\Step 9 DownloadSelectedBenignPackages\Benign_Packages\gtoolz-0.1.5.tar.gz,tar,gtoolz-0.1.5/setup.py,126,ast,1,1,setuptools
guess_num_package-1,D:\10. RQ1 DySec\Step 9 DownloadSelectedBenignPackages\Benign_Packages\guess_num_package-1.tar.gz,tar,guess_num_package-1/setup.py,425,ast,1,1,setuptools
guesser_game-0.1.0,D:\10. RQ1 DySec\Step 9 DownloadSelectedBenignPackages\Benign_Packages\guesser_game-0.1.0.tar.gz,tar,guesser_game-0.1.0/setup.py,885,ast,2,2,os; setuptools
guided-0.0.4,D:\10. RQ1 DySec\Step 9 DownloadSelectedBenignPackages\Benign_Packages\guided-0.0.4.tar.gz,tar,guided-0.0.4/setup.py,91,ast,1,1,setuptools
guikit-0.3.0,D:\10. RQ1 DySec\Step 9 DownloadSelectedBenignPackages\Benign_Packages\guikit-0.3.0.tar.gz,tar,guikit-0.3.0/setup.py,188,ast,1,1,setuptools
guippy-0.1.5dev,D:\10. RQ1 DySec\Step 9 DownloadSelectedBenignPackages\Benign_Packages\guippy-0.1.5dev.tar.gz,tar,guippy-0.1.5dev/setup.py,1901,ast,3,3,os; setuptools; sys
guipy-0.0.2,D:\10. RQ1 DySec\Step 9 DownloadSelectedBenignPackages\Benign_Packages\guipy-0.0.2.tar.gz,tar,guipy-0.0.2/setup.py,2246,ast,3,3,codecs; re; setuptools
guispec-0.0.1,D:\10. RQ1 DySec\Step 9 DownloadSelectedBenignPackages\Benign_Packages\guispec-0.0.1.tar.gz,tar,guispec-0.0.1/setup.py,33,ast,0,0,
guitar-0.1.1,D:\10. RQ1 DySec\Step 9 DownloadSelectedBenignPackages\Benign_Packages\guitar-0.1.1.tar.gz,tar,guitar-0.1.1/setup.py,1029,ast,3,3,distutils; guitar; setuptools
gumbelcodes-0.9,D:\10. RQ1 DySec\Step 9 DownloadSelectedBenignPackages\Benign_Packages\gumbelcodes-0.9.tar.gz,tar,gumbelcodes-0.9/setup.py,1679,ast,1,1,setuptools
gunstar-0.2.2,D:\10. RQ1 DySec\Step 9 DownloadSelectedBenignPackages\Benign_Packages\gunstar-0.2.2.tar.gz,tar,gunstar-0.2.2/setup.py,1456,ast,3,3,gunstar; setuptools; sys
gupy-0.0.1,D:\10. RQ1 DySec\Step 9 DownloadSelectedBenignPackages\Benign_Packages\gupy-0.0.1.tar.gz,tar,gupy-0.0.1/setup.py,465,ast,1,1,distutils
gyps-0.0.1,D:\10. RQ1 DySec\Step 9 DownloadSelectedBenignPackages\Benign_Packages\gyps-0.0.1.tar.gz,tar,gyps-0.0.1/setup.py,961,ast,2,2,os; setuptools
h11-0.14.0,D:\10. RQ1 DySec\Step 9 DownloadSelectedBenignPackages\Benign_Packages\h11-0.14.0.tar.gz,tar,h11-0.14.0/setup.py,1471,ast,1,1,setuptools
h5py-3.11.0,D:\10. RQ1 DySec\Step 9 DownloadSelectedBenignPackages\Benign_Packages\h5py-3.11.0.tar.gz,tar,h5py-3.11.0/setup.py,2656,ast,5,5,os; setup_build; setup_configure; setuptools; sys
hacked-http-0.0.1,D:\10. RQ1 DySec\Step 9 DownloadSelectedBenignPackages\Benign_Packages\hacked-http-0.0.1.tar.gz,tar,hacked-http-0.0.1/setup.py,2324,ast,4,4,multiprocessing; os; setuptools; sys
hackedit-1.0a2,D:\10. RQ1 DySec\Step 9 DownloadSelectedBenignPackages\Benign_Packages\hackedit-1.0a2.tar.gz,tar,hackedit-1.0a2/tests/data/FooBarProj/setup.py,0,none,0,0,
hackedit-1.0a2,D:\10. RQ1 DySec\Step 9 DownloadSelectedBenignPackages\Benign_Packages\hackedit-1.0a2.tar.gz,tar,hackedit-1.0a2/tests/data/SpamEggsProj/setup.py,0,none,0,0,
hackedit-1.0a2,D:\10. RQ1 DySec\Step 9 DownloadSelectedBenignPackages\Benign_Packages\hackedit-1.0a2.tar.gz,tar,hackedit-1.0a2/tests/data/SpamEggsProj2/setup.py,0,none,0,0,
hackedit-1.0a2,D:\10. RQ1 DySec\Step 9 DownloadSelectedBenignPackages\Benign_Packages\hackedit-1.0a2.tar.gz,tar,hackedit-1.0a2/tests/data/SpamEggsProj3/setup.py,0,none,0,0,
hackedit-1.0a2,D:\10. RQ1 DySec\Step 9 DownloadSelectedBenignPackages\Benign_Packages\hackedit-1.0a2.tar.gz,tar,hackedit-1.0a2/tests/data/templates/python/python_library/setup.py,541,ast,3,3,os; setuptools; sys
hackedit-1.0a2,D:\10. RQ1 DySec\Step 9 DownloadSelectedBenignPackages\Benign_Packages\hackedit-1.0a2.tar.gz,tar,hackedit-1.0a2/setup.py,6012,ast,7,8,babel; hackedit; os; pyqt_distutils; pytest; setuptools; sys
hackedu-cli-0.1.8,D:\10. RQ1 DySec\Step 9 DownloadSelectedBenignPackages\Benign_Packages\hackedu-cli-0.1.8.tar.gz,tar,hackedu-cli-0.1.8/setup.py,867,ast,2,2,os; setuptools
hacker-0.3.1,D:\10. RQ1 DySec\Step 9 DownloadSelectedBenignPackages\Benign_Packages\hacker-0.3.1.tar.gz,tar,hacker-0.3.1/setup.py,1542,ast,2,2,pypandoc; setuptools
hackercafe-1.0.1,D:\10. RQ1 DySec\Step 9 DownloadSelectedBenignPackages\Benign_Packages\hackercafe-1.0.1.tar.gz,tar,hackercafe-1.0.1/setup.py,662,ast,1,1,setuptools
hackergpt-0.0.1,D:\10. RQ1 DySec\Step 9 DownloadSelectedBenignPackages\Benign_Packages\hackergpt-0.0.1.tar.gz,tar,hackergpt-0.0.1/setup.py,1078,ast,1,1,setuptools
hackerhelp-0.1,D:\10. RQ1 DySec\Step 9 DownloadSelectedBenignPackages\Benign_Packages\hackerhelp-0.1.tar.gz,tar,hackerhelp-0.1/setup.py,712,ast,1,1,setuptools
hackerman-0.99.2,D:\10. RQ1 DySec\Step 9 DownloadSelectedBenignPackages\Benign_Packages\hackerman-0.99.2.tar.gz,tar,hackerman-0.99.2/setup.py,826,ast,2,2,os; setuptools
hackerpaper-1.0.0,D:\10. RQ1 DySec\Step 9 DownloadSelectedBenignPackages\Benign_Packages\hackerpaper-1.0.0.tar.gz,tar,hackerpaper-1.0.0/setup.py,901,ast,2,2,os; setuptools
hackerrank-sdk-1.2.4,D:\10. RQ1 DySec\Step 9 DownloadSelectedBenignPackages\Benign_Packages\hackerrank-sdk-1.2.4.tar.gz,tar,hackerrank-sdk-1.2.4/setup.py,997,ast,1,1,setuptools
hackertray-4.0.2,D:\10. RQ1 DySec\Step 9 DownloadSelectedBenignPackages\Benign_Packages\hackertray-4.0.2.tar.gz,tar,hackertray-4.0.2/setup.py,917,ast,2,3,setuptools; sys
hacking-7.0.0,D:\10. RQ1 DySec\Step 9 DownloadSelectedBenignPackages\Benign_Packages\hacking-7.0.0.tar.gz,tar,hacking-7.0.0/setup.py,697,ast,1,1,setuptools
hamstring-1.1,D:\10. RQ1 DySec\Step 9 DownloadSelectedBenignPackages\Benign_Packages\hamstring-1.1.tar.gz,tar,hamstring-1.1/setup.py,1791,ast,4,4,io; re; setuptools; sys
handprint-1.6.0,D:\10. RQ1 DySec\Step 9 DownloadSelectedBenignPackages\Benign_Packages\handprint-1.6.0.tar.gz,tar,handprint-1.6.0/setup.py,922,ast,2,3,os; setuptools
hangpy-0.1.8,D:\10. RQ1 DySec\Step 9 DownloadSelectedBenignPackages\Benign_Packages\hangpy-0.1.8.tar.gz,tar,hangpy-0.1.8/setup.py,858,ast,2,2,os; setuptools
hansol-0.0.1,D:\10. RQ1 DySec\Step 9 DownloadSelectedBenignPackages\Benign_Packages\hansol-0.0.1.tar.gz,tar,hansol-0.0.1/setup.py,409,ast,1,1,setuptools
happy_control-0.1.1,D:\10. RQ1 DySec\Step 9 DownloadSelectedBenignPackages\Benign_Packages\happy_control-0.1.1.tar.gz,tar,happy_control-0.1.1/setup.py,887,ast,1,1,setuptools
HarishStringReplace-0.0.1,D:\10. RQ1 DySec\Step 9 DownloadSelectedBenignPackages\Benign_Packages\HarishStringReplace-0.0.1.tar.gz,tar,HarishStringReplace-0.0.1/setup.py,706,ast,1,1,setuptools
hdl_checker-0.7.4,D:\10. RQ1 DySec\Step 9 DownloadSelectedBenignPackages\Benign_Packages\hdl_checker-0.7.4.tar.gz,tar,hdl_checker-0.7.4/setup.py,3321,ast,2,2,setuptools; versioneer
hedge_intel-0.1.2,D:\10. RQ1 DySec\Step 9 DownloadSelectedBenignPackages\Benign_Packages\hedge_intel-0.1.2.tar.gz,tar,hedge_intel-0.1.2/setup.py,263,ast,1,1,setuptools
hehehehe-1.0,D:\10. RQ1 DySec\Step 9 DownloadSelectedBenignPackages\Benign_Packages\hehehehe-1.0.tar.gz,tar,hehehehe-1.0/setup.py,365,ast,1,1,distutils
helga-repost-1.0.2,D:\10. RQ1 DySec\Step 9 DownloadSelectedBenignPackages\Benign_Packages\helga-repost-1.0.2.tar.gz,tar,helga-repost-1.0.2/setup.py,944,ast,1,1,setuptools
hello-world-example-0.1.1,D:\10. RQ1 DySec\Step 9 DownloadSelectedBenignPackages\Benign_Packages\hello-world-example-0.1.1.tar.gz,tar,hello-world-example-0.1.1/setup.py,531,ast,1,1,setuptools
hello_maiya-0.1,D:\10. RQ1 DySec\Step 9 DownloadSelectedBenignPackages\Benign_Packages\hello_maiya-0.1.zip,zip,hello_maiya-0.1/setup.py,325,ast,1,1,setuptools
hellodoycode-0.0.2,D:\10. RQ1 DySec\Step 9 DownloadSelectedBenignPackages\Benign_Packages\hellodoycode-0.0.2.tar.gz,tar,hellodoycode-0.0.2/setup.py,720,ast,1,1,setuptools
hellohuehue-0.0.2,D:\10. RQ1 DySec\Step 9 DownloadSelectedBenignPackages\Benign_Packages\hellohuehue-0.0.2.tar.gz,tar,hellohuehue-0.0.2/setup.py,713,ast,1,1,setuptools
helloMyname-0.2,D:\10. RQ1 DySec\Step 9 DownloadSelectedBenignPackages\Benign_Packages\helloMyname-0.2.tar.gz,tar,helloMyname-0.2/setup.py,478,ast,1,1,setuptools
helloparamkusham-0.0.4,D:\10. RQ1 DySec\Step 9 DownloadSelectedBenignPackages\Benign_Packages\helloparamkusham-0.0.4.tar.gz,tar,helloparamkusham-0.0.4/setup.py,1056,ast,3,3,codecs; os; setuptools
hellosign-python-sdk-6.0.0b0,D:\10. RQ1 DySec\Step 9 DownloadSelectedBenignPackages\Benign_Packages\hellosign-python-sdk-6.0.0b0.tar.gz,tar,hellosign-python-sdk-6.0.0b0/setup.py,989,ast,1,1,setuptools
helmer-0.0.4,D:\10. RQ1 DySec\Step 9 DownloadSelectedBenignPackages\Benign_Packages\helmer-0.0.4.tar.gz,tar,helmer-0.0.4/setup.py,326,ast,1,1,setuptools
helptoprogramm-1.0.1,D:\10. RQ1 DySec\Step 9 DownloadSelectedBenignPackages\Benign_Packages\helptoprogramm-1.0.1.tar.gz,tar,helptoprogramm-1.0.1/setup.py,425,ast,1,1,setuptools
heresuperset-0.27.6,D:\10. RQ1 DySec\Step 9 DownloadSelectedBenignPackages\Benign_Packages\heresuperset-0.27.6.tar.gz,tar,heresuperset-0.27.6/setup.py,3102,ast,6,9,__future__; io; json; os; setuptools; subprocess
herm-0.1,D:\10. RQ1 DySec\Step 9 DownloadSelectedBenignPackages\Benign_Packages\herm-0.1.tar.gz,tar,herm-0.1/setup.py,192,ast,1,1,setuptools
herman-1.2.5,D:\10. RQ1 DySec\Step 9 DownloadSelectedBenignPackages\Benign_Packages\herman-1.2.5.tar.gz,tar,herman-1.2.5/setup.py,2394,ast,5,8,Cython; distutils; os; sys; warnings
HexColors-0.0.2,D:\10. RQ1 DySec\Step 9 DownloadSelectedBenignPackages\Benign_Packages\HexColors-0.0.2.tar.gz,tar,HexColors-0.0.2/setup.py,569,ast,1,1,setuptools
hhttpp-0.1.0,D:\10. RQ1 DySec\Step 9 DownloadSelectedBenignPackages\Benign_Packages\hhttpp-0.1.0.tar.gz,tar,hhttpp-0.1.0/setup.py,1857,ast,2,2,hhttpp; setuptools
hiscore-1.6.0,D:\10. RQ1 DySec\Step 9 DownloadSelectedBenignPackages\Benign_Packages\hiscore-1.6.0.tar.gz,tar,hiscore-1.6.0/setup.py,957,ast,1,1,setuptools
Historic_Crypto-0.1.6,D:\10. RQ1 DySec\Step 9 DownloadSelectedBenignPackages\Benign_Packages\Historic_Crypto-0.1.6.tar.gz,tar,Historic_Crypto-0.1.6/setup.py,913,ast,2,2,pathlib; setuptools
history-manager-1.1.1,D:\10. RQ1 DySec\Step 9 DownloadSelectedBenignPackages\Benign_Packages\history-manager-1.1.1.tar.gz,tar,history-manager-1.1.1/setup.py,2547,ast,2,3,os; setuptools
hkshiteshpkgtest-0.0.1,D:\10. RQ1 DySec\Step 9 DownloadSelectedBenignPackages\Benign_Packages\hkshiteshpkgtest-0.0.1.tar.gz,tar,hkshiteshpkgtest-0.0.1/setup.py,532,ast,1,1,setuptools
hmeter-1.0.5,D:\10. RQ1 DySec\Step 9 DownloadSelectedBenignPackages\Benign_Packages\hmeter-1.0.5.tar.gz,tar,hmeter-1.0.5/setup.py,807,ast,1,1,setuptools
holodeck-gw-1.5.2,D:\10. RQ1 DySec\Step 9 DownloadSelectedBenignPackages\Benign_Packages\holodeck-gw-1.5.2.tar.gz,tar,holodeck-gw-1.5.2/setup.py,3648,ast,4,5,Cython; numpy; os; setuptools
hook-0.0.2,D:\10. RQ1 DySec\Step 9 DownloadSelectedBenignPackages\Benign_Packages\hook-0.0.2.tar.gz,tar,hook-0.0.2/setup.py,969,ast,3,3,os; pkg_resources; setuptools
horama-0.0.5,D:\10. RQ1 DySec\Step 9 DownloadSelectedBenignPackages\Benign_Packages\horama-0.0.5.tar.gz,tar,horama-0.0.5/setup.py,855,ast,1,1,setuptools
hostedpi-0.3.0,D:\10. RQ1 DySec\Step 9 DownloadSelectedBenignPackages\Benign_Packages\hostedpi-0.3.0.tar.gz,tar,hostedpi-0.3.0/setup.py,38,ast,1,1,setuptools
hovercraft-2.7b1,D:\10. RQ1 DySec\Step 9 DownloadSelectedBenignPackages\Benign_Packages\hovercraft-2.7b1.tar.gz,tar,hovercraft-2.7b1/setup.py,38,ast,1,1,setuptools
howlongtobeatpy-1.0.7,D:\10. RQ1 DySec\Step 9 DownloadSelectedBenignPackages\Benign_Packages\howlongtobeatpy-1.0.7.tar.gz,tar,howlongtobeatpy-1.0.7/setup.py,788,ast,1,1,setuptools
html5lib-1.1,D:\10. RQ1 DySec\Step 9 DownloadSelectedBenignPackages\Benign_Packages\html5lib-1.1.tar.gz,tar,html5lib-1.1/setup.py,4655,ast,8,9,__future__; _markerlib; ast; codecs; os; pkg_resources; setuptools; sys
htmlmerger-0.1.46,D:\10. RQ1 DySec\Step 9 DownloadSelectedBenignPackages\Benign_Packages\htmlmerger-0.1.46.tar.gz,tar,htmlmerger-0.1.46/setup.py,291,ast,3,3,pathlib; setuptools; versioneer
htping-0.1.0,D:\10. RQ1 DySec\Step 9 DownloadSelectedBenignPackages\Benign_Packages\htping-0.1.0.tar.gz,tar,htping-0.1.0/setup.py,1509,ast,1,1,setuptools
httoop-0.1.1,D:\10. RQ1 DySec\Step 9 DownloadSelectedBenignPackages\Benign_Packages\httoop-0.1.1.tar.gz,tar,httoop-0.1.1/setup.py,1717,ast,2,2,httoop; setuptools
http-0.1,D:\10. RQ1 DySec\Step 9 DownloadSelectedBenignPackages\Benign_Packages\http-0.1.tar.gz,tar,http-0.1/setup.py,706,ast,2,2,http; setuptools
http3-0.6.7,D:\10. RQ1 DySec\Step 9 DownloadSelectedBenignPackages\Benign_Packages\http3-0.6.7.tar.gz,tar,http3-0.6.7/setup.py,1831,ast,3,3,os; re; setuptools
http_access-0.1.3,D:\10. RQ1 DySec\Step 9 DownloadSelectedBenignPackages\Benign_Packages\http_access-0.1.3.tar.gz,tar,http_access-0.1.3/setup.py,640,ast,1,1,setuptools
http_client-0.1.22,D:\10. RQ1 DySec\Step 9 DownloadSelectedBenignPackages\Benign_Packages\http_client-0.1.22.tar.gz,tar,http_client-0.1.22/setup.py,362,ast,1,1,setuptools
http_pycurl-1.0.2,D:\10. RQ1 DySec\Step 9 DownloadSelectedBenignPackages\Benign_Packages\http_pycurl-1.0.2.tar.gz,tar,http_pycurl-1.0.2/setup.py,698,ast,1,1,setuptools
http_requester-1.0.9,D:\10. RQ1 DySec\Step 9 DownloadSelectedBenignPackages\Benign_Packages\http_requester-1.0.9.tar.gz,tar,http_requester-1.0.9/setup.py,790,ast,1,1,setuptools
http_requests-0.1,D:\10. RQ1 DySec\Step 9 DownloadSelectedBenignPackages\Benign_Packages\http_requests-0.1.tar.gz,tar,http_requests-0.1/setup.py,957,ast,1,1,setuptools
httpackage-1.0.1,D:\10. RQ1 DySec\Step 9 DownloadSelectedBenignPackages\Benign_Packages\httpackage-1.0.1.tar.gz,tar,httpackage-1.0.1/setup.py,687,ast,1,1,setuptools
httpasilib-2.0.0,D:\10. RQ1 DySec\Step 9 DownloadSelectedBenignPackages\Benign_Packages\httpasilib-2.0.0.tar.gz,tar,httpasilib-2.0.0/setup.py,1393,ast,3,3,os; setuptools; sys
httpcatlab-0.6,D:\10. RQ1 DySec\Step 9 DownloadSelectedBenignPackages\Benign_Packages\httpcatlab-0.6.tar.gz,tar,httpcatlab-0.6/setup.py,719,ast,1,1,setuptools
httpcats-and-httpdog-0.1,D:\10. RQ1 DySec\Step 9 DownloadSelectedBenignPackages\Benign_Packages\httpcats-and-httpdog-0.1.tar.gz,tar,httpcats-and-httpdog-0.1/setup.py,1003,ast,1,1,setuptools
httpchunked-0.1.2,D:\10. RQ1 DySec\Step 9 DownloadSelectedBenignPackages\Benign_Packages\httpchunked-0.1.2.tar.gz,tar,httpchunked-0.1.2/setup.py,659,ast,1,1,setuptools
httpcode-0.6,D:\10. RQ1 DySec\Step 9 DownloadSelectedBenignPackages\Benign_Packages\httpcode-0.6.tar.gz,tar,httpcode-0.6/setup.py,1011,ast,2,2,os; setuptools
httpfloat-0.0.1,D:\10. RQ1 DySec\Step 9 DownloadSelectedBenignPackages\Benign_Packages\httpfloat-0.0.1.tar.gz,tar,httpfloat-0.0.1/setup.py,696,ast,1,1,setuptools
httpget-1.1.0,D:\10. RQ1 DySec\Step 9 DownloadSelectedBenignPackages\Benign_Packages\httpget-1.1.0.tar.gz,tar,httpget-1.1.0/setup.py,671,ast,1,1,setuptools
httpie-http2-0.0.1,D:\10. RQ1 DySec\Step 9 DownloadSelectedBenignPackages\Benign_Packages\httpie-http2-0.0.1.tar.gz,tar,httpie-http2-0.0.1/setup.py,991,ast,1,1,setuptools
httping-0.1,D:\10. RQ1 DySec\Step 9 DownloadSelectedBenignPackages\Benign_Packages\httping-0.1.tar.gz,tar,httping-0.1/setup.py,592,ast,1,1,setuptools
httplib2-0.22.0,D:\10. RQ1 DySec\Step 9 DownloadSelectedBenignPackages\Benign_Packages\httplib2-0.22.0.tar.gz,tar,httplib2-0.22.0/setup.py,3828,ast,4,5,os; pytest; setuptools; sys
httplog-1.2.0,D:\10. RQ1 DySec\Step 9 DownloadSelectedBenignPackages\Benign_Packages\httplog-1.2.0.zip,zip,httplog-1.2.0/setup.py,1140,ast,5,5,codecs; distutils; os; setuptools; sys
httpmeter-0.1.0,D:\10. RQ1 DySec\Step 9 DownloadSelectedBenignPackages\Benign_Packages\httpmeter-0.1.0.tar.gz,tar,httpmeter-0.1.0/setup.py,819,ast,1,1,setuptools
httpoutputstream-1.0.0,D:\10. RQ1 DySec\Step 9 DownloadSelectedBenignPackages\Benign_Packages\httpoutputstream-1.0.0.tar.gz,tar,httpoutputstream-1.0.0/setup.py,691,ast,1,1,setuptools
httpproxy-0.5,D:\10. RQ1 DySec\Step 9 DownloadSelectedBenignPackages\Benign_Packages\httpproxy-0.5.tar.gz,tar,httpproxy-0.5/setup.py,671,ast,2,2,os; setuptools
HttpPy-0.0.9,D:\10. RQ1 DySec\Step 9 DownloadSelectedBenignPackages\Benign_Packages\HttpPy-0.0.9.tar.gz,tar,HttpPy-0.0.9/setup.py,902,ast,2,2,pathlib; setuptools
HTTPReplay-0.2.6,D:\10. RQ1 DySec\Step 9 DownloadSelectedBenignPackages\Benign_Packages\HTTPReplay-0.2.6.tar.gz,tar,HTTPReplay-0.2.6/setup.py,927,ast,1,1,setuptools
httpreq-0.0.1,D:\10. RQ1 DySec\Step 9 DownloadSelectedBenignPackages\Benign_Packages\httpreq-0.0.1.tar.gz,tar,httpreq-0.0.1/setup.py,242,ast,1,1,setuptools
HTTPrequest-0.1release,D:\10. RQ1 DySec\Step 9 DownloadSelectedBenignPackages\Benign_Packages\HTTPrequest-0.1release.tar.gz,tar,HTTPrequest-0.1/setup.py,809,ast,1,1,distutils
httprequests-0.3,D:\10. RQ1 DySec\Step 9 DownloadSelectedBenignPackages\Benign_Packages\httprequests-0.3.tar.gz,tar,httprequests-0.3/setup.py,345,ast,1,1,setuptools
httproxy-0.9.0,D:\10. RQ1 DySec\Step 9 DownloadSelectedBenignPackages\Benign_Packages\httproxy-0.9.0.tar.gz,tar,httproxy-0.9.0/setup.py,3380,ast,3,3,os; setuptools; sys
httpsec-0.3.0,D:\10. RQ1 DySec\Step 9 DownloadSelectedBenignPackages\Benign_Packages\httpsec-0.3.0.tar.gz,tar,httpsec-0.3.0/setup.py,2191,ast,2,2,os; setuptools
httpself-1.0.0,D:\10. RQ1 DySec\Step 9 DownloadSelectedBenignPackages\Benign_Packages\httpself-1.0.0.tar.gz,tar,httpself-1.0.0/setup.py,1840,ast,1,1,setuptools
httpsig-1.3.0,D:\10. RQ1 DySec\Step 9 DownloadSelectedBenignPackages\Benign_Packages\httpsig-1.3.0.tar.gz,tar,httpsig-1.3.0/setup.py,1461,ast,1,1,setuptools
httpsqs-1.4,D:\10. RQ1 DySec\Step 9 DownloadSelectedBenignPackages\Benign_Packages\httpsqs-1.4.tar.gz,tar,httpsqs-1.4/setup.py,166,ast,1,1,distutils
httpsrequests-1,D:\10. RQ1 DySec\Step 9 DownloadSelectedBenignPackages\Benign_Packages\httpsrequests-1.tar.gz,tar,httpsrequests-1/setup.py,968,ast,1,1,setuptools
httpsx-0.0.1,D:\10. RQ1 DySec\Step 9 DownloadSelectedBenignPackages\Benign_Packages\httpsx-0.0.1.tar.gz,tar,httpsx-0.0.1/setup.py,1377,ast,1,1,setuptools
httptest-2.1.1,D:\10. RQ1 DySec\Step 9 DownloadSelectedBenignPackages\Benign_Packages\httptest-2.1.1.tar.gz,tar,httptest-2.1.1/setup.py,177,ast,3,3,setuptools; site; sys
httptesting-1.2.9,D:\10. RQ1 DySec\Step 9 DownloadSelectedBenignPackages\Benign_Packages\httptesting-1.2.9.tar.gz,tar,HttpTesting-1.2.9/setup.py,19036,ast,1,1,distutils
httptools-0.6.1,D:\10. RQ1 DySec\Step 9 DownloadSelectedBenignPackages\Benign_Packages\httptools-0.6.1.tar.gz,tar,httptools-0.6.1/setup.py,7299,ast,5,7,Cython; os; pathlib; setuptools; sys
httputil-0.6.7,D:\10. RQ1 DySec\Step 9 DownloadSelectedBenignPackages\Benign_Packages\httputil-0.6.7.tar.gz,tar,httputil-0.6.7/setup.py,1116,ast,1,1,setuptools
httpx-1.0.0b0,D:\10. RQ1 DySec\Step 9 DownloadSelectedBenignPackages\Benign_Packages\httpx-1.0.0b0.tar.gz,tar,httpx-1.0.0b0/setup.py,2899,ast,3,3,pathlib; re; setuptools
httpx-oauth-0.9.1,D:\10. RQ1 DySec\Step 9 DownloadSelectedBenignPackages\Benign_Packages\httpx-oauth-0.9.1.tar.gz,tar,httpx-oauth-0.9.1/setup.py,1140,ast,1,1,distutils
httpx_ntlm-1.4.0,D:\10. RQ1 DySec\Step 9 DownloadSelectedBenignPackages\Benign_Packages\httpx_ntlm-1.4.0.tar.gz,tar,httpx_ntlm-1.4.0/setup.py,1139,ast,1,1,setuptools
httpxy-0.0.0a1,D:\10. RQ1 DySec\Step 9 DownloadSelectedBenignPackages\Benign_Packages\httpxy-0.0.0a1.tar.gz,tar,httpxy-0.0.0a1/setup.py,2915,ast,1,1,setuptools
httpy-client-1.1.0,D:\10. RQ1 DySec\Step 9 DownloadSelectedBenignPackages\Benign_Packages\httpy-client-1.1.0.tar.gz,tar,httpy-client-1.1.0/setup.py,1476,ast,2,2,setuptools; sys
httpython-0.2.7,D:\10. RQ1 DySec\Step 9 DownloadSelectedBenignPackages\Benign_Packages\httpython-0.2.7.tar.gz,tar,httpython-0.2.7/setup.py,711,ast,1,1,setuptools
httreplay-0.2.0,D:\10. RQ1 DySec\Step 9 DownloadSelectedBenignPackages\Benign_Packages\httreplay-0.2.0.tar.gz,tar,httreplay-0.2.0/setup.py,1820,ast,1,1,distutils
httrip-0.1.0,D:\10. RQ1 DySec\Step 9 DownloadSelectedBenignPackages\Benign_Packages\httrip-0.1.0.tar.gz,tar,httrip-0.1.0/setup.py,615,ast,1,1,setuptools
huggingface_hub-0.25.0,D:\10. RQ1 DySec\Step 9 DownloadSelectedBenignPackages\Benign_Packages\huggingface_hub-0.25.0.tar.gz,tar,huggingface_hub-0.25.0/setup.py,4088,ast,1,1,setuptools
human-learn-0.3.5,D:\10. RQ1 DySec\Step 9 DownloadSelectedBenignPackages\Benign_Packages\human-learn-0.3.5.tar.gz,tar,human-learn-0.3.5/setup.py,1944,ast,3,3,hulearn; os; setuptools
humanfriendly-10.0,D:\10. RQ1 DySec\Step 9 DownloadSelectedBenignPackages\Benign_Packages\humanfriendly-10.0.tar.gz,tar,humanfriendly-10.0/setup.py,5156,ast,6,7,codecs; os; pkg_resources; re; setuptools; sys
humann-3.9,D:\10. RQ1 DySec\Step 9 DownloadSelectedBenignPackages\Benign_Packages\humann-3.9.tar.gz,tar,humann-3.9/setup.py,26458,ast,12,14,distutils; os; re; setuptools; shutil; subprocess; sys; tarfile; tempfile; time; urllib; zipfile
hunter-3.7.0,D:\10. RQ1 DySec\Step 9 DownloadSelectedBenignPackages\Benign_Packages\hunter-3.7.0.tar.gz,tar,hunter-3.7.0/setup.py,6596,ast,7,15,Cython; itertools; os; pathlib; re; setuptools; sys
hunter-3.7.0,D:\10. RQ1 DySec\Step 9 DownloadSelectedBenignPackages\Benign_Packages\hunter-3.7.0.tar.gz,tar,hunter-3.7.0/tests/setup.py,1318,ast,6,12,Cython; __future__; glob; os; setuptools; sys
Hydra-2.5,D:\10. RQ1 DySec\Step 9 DownloadSelectedBenignPackages\Benign_Packages\Hydra-2.5.tar.gz,tar,Hydra-2.5/setup.py,1600,ast,2,4,os; setuptools
hydra-base-0.1.7,D:\10. RQ1 DySec\Step 9 DownloadSelectedBenignPackages\Benign_Packages\hydra-base-0.1.7.tar.gz,tar,hydra-base-0.1.7/setup.py,1912,ast,7,8,ez_setup; logging; multiprocessing; os; platform; setuptools; sys
hydra-ui-1.1.0,D:\10. RQ1 DySec\Step 9 DownloadSelectedBenignPackages\Benign_Packages\hydra-ui-1.1.0.tar.gz,tar,hydra-ui-1.1.0/setup.py,827,ast,1,1,setuptools
hydra_framework-0.2.2,D:\10. RQ1 DySec\Step 9 DownloadSelectedBenignPackages\Benign_Packages\hydra_framework-0.2.2.tar.gz,tar,hydra_framework-0.2.2/setup.py,717,ast,1,1,setuptools
hydra_rhl-0.2,D:\10. RQ1 DySec\Step 9 DownloadSelectedBenignPackages\Benign_Packages\hydra_rhl-0.2.tar.gz,tar,hydra_rhl-0.2/setup.py,38,ast,1,1,setuptools
hydrachain-0.3.2,D:\10. RQ1 DySec\Step 9 DownloadSelectedBenignPackages\Benign_Packages\hydrachain-0.3.2.tar.gz,tar,hydrachain-0.3.2/setup.py,2211,ast,3,4,distutils; pytest; setuptools
hydragen-0.0.0,D:\10. RQ1 DySec\Step 9 DownloadSelectedBenignPackages\Benign_Packages\hydragen-0.0.0.tar.gz,tar,hydragen-0.0.0/setup.py,39,ast,1,1,setuptools
HydraGNN-3.0rc1,D:\10. RQ1 DySec\Step 9 DownloadSelectedBenignPackages\Benign_Packages\HydraGNN-3.0rc1.tar.gz,tar,HydraGNN-3.0rc1/setup.py,1095,ast,2,2,os; setuptools
hydrah-0.1.1,D:\10. RQ1 DySec\Step 9 DownloadSelectedBenignPackages\Benign_Packages\hydrah-0.1.1.tar.gz,tar,hydrah-0.1.1/setup.py,3920,ast,1,1,setuptools
hydralisk-0.1.0,D:\10. RQ1 DySec\Step 9 DownloadSelectedBenignPackages\Benign_Packages\hydralisk-0.1.0.tar.gz,tar,hydralisk-0.1.0/setup.py,636,ast,1,1,setuptools
hydralit-1.0.9,D:\10. RQ1 DySec\Step 9 DownloadSelectedBenignPackages\Benign_Packages\hydralit-1.0.9.tar.gz,tar,hydralit-1.0.9/setup.py,1546,ast,2,2,os; setuptools
hydraml-0.0.1,D:\10. RQ1 DySec\Step 9 DownloadSelectedBenignPackages\Benign_Packages\hydraml-0.0.1.tar.gz,tar,hydraml-0.0.1/setup.py,571,ast,1,1,setuptools
hydrant-0.3.0,D:\10. RQ1 DySec\Step 9 DownloadSelectedBenignPackages\Benign_Packages\hydrant-0.3.0.tar.gz,tar,hydrant-0.3.0/setup.py,875,ast,1,1,setuptools
hydrapy-0.0.1,D:\10. RQ1 DySec\Step 9 DownloadSelectedBenignPackages\Benign_Packages\hydrapy-0.0.1.tar.gz,tar,hydrapy-0.0.1/setup.py,571,ast,1,1,setuptools
hydrapyxl-0.0.3,D:\10. RQ1 DySec\Step 9 DownloadSelectedBenignPackages\Benign_Packages\hydrapyxl-0.0.3.tar.gz,tar,hydrapyxl-0.0.3/setup.py,718,ast,1,1,setuptools
Hydras-3.1.2,D:\10. RQ1 DySec\Step 9 DownloadSelectedBenignPackages\Benign_Packages\Hydras-3.1.2.tar.gz,tar,Hydras-3.1.2/setup.py,863,ast,1,1,setuptools
hydraspa-0.3.1,D:\10. RQ1 DySec\Step 9 DownloadSelectedBenignPackages\Benign_Packages\hydraspa-0.3.1.tar.gz,tar,hydraspa-0.3.1/setup.py,624,ast,3,3,os; re; setuptools
hydrat-0.9.5,D:\10. RQ1 DySec\Step 9 DownloadSelectedBenignPackages\Benign_Packages\hydrat-0.9.5.tar.gz,tar,hydrat-0.9.5/setup.py,1347,ast,3,3,os; setuptools; sys
hydrate-0.0.0,D:\10. RQ1 DySec\Step 9 DownloadSelectedBenignPackages\Benign_Packages\hydrate-0.0.0.tar.gz,tar,hydrate-0.0.0/setup.py,1199,ast,5,5,__future__; io; os; setuptools; sys
hydrator-0.2.0,D:\10. RQ1 DySec\Step 9 DownloadSelectedBenignPackages\Benign_Packages\hydrator-0.2.0.tar.gz,tar,hydrator-0.2.0/setup.py,1737,ast,6,6,__future__; io; os; re; setuptools; sys
hydroinform-0.1.9,D:\10. RQ1 DySec\Step 9 DownloadSelectedBenignPackages\Benign_Packages\hydroinform-0.1.9.tar.gz,tar,hydroinform-0.1.9/setup.py,1122,ast,3,3,os; setuptools; sys
hydrointerp-1.2.9,D:\10. RQ1 DySec\Step 9 DownloadSelectedBenignPackages\Benign_Packages\hydrointerp-1.2.9.tar.gz,tar,hydrointerp-1.2.9/setup.py,7440,ast,3,3,codecs; os; setuptools
hydrolib-0.2.0,D:\10. RQ1 DySec\Step 9 DownloadSelectedBenignPackages\Benign_Packages\hydrolib-0.2.0.tar.gz,tar,hydrolib-0.2.0/hydrolib/profile_optimizer/setup.py,2679,ast,4,4,codecs; os; profile_optimizer; setuptools
hydrolib-0.2.0,D:\10. RQ1 DySec\Step 9 DownloadSelectedBenignPackages\Benign_Packages\hydrolib-0.2.0.tar.gz,tar,hydrolib-0.2.0/setup.py,2776,ast,1,1,setuptools
hydroloader-0.1.9,D:\10. RQ1 DySec\Step 9 DownloadSelectedBenignPackages\Benign_Packages\hydroloader-0.1.9.tar.gz,tar,hydroloader-0.1.9/setup.py,93,ast,1,1,setuptools
hypixel-0.8.0,D:\10. RQ1 DySec\Step 9 DownloadSelectedBenignPackages\Benign_Packages\hypixel-0.8.0.tar.gz,tar,hypixel-0.8.0/setup.py,2846,ast,5,5,io; os; setuptools; shutil; sys
hypixelpy-0.1.1,D:\10. RQ1 DySec\Step 9 DownloadSelectedBenignPackages\Benign_Packages\hypixelpy-0.1.1.tar.gz,tar,hypixelpy-0.1.1/setup.py,999,ast,1,1,setuptools
ibmodules-0.1.2,D:\10. RQ1 DySec\Step 9 DownloadSelectedBenignPackages\Benign_Packages\ibmodules-0.1.2.tar.gz,tar,ibmodules-0.1.2/setup.py,1829,ast,1,1,setuptools
ibmsecurity-2024.6.7.0,D:\10. RQ1 DySec\Step 9 DownloadSelectedBenignPackages\Benign_Packages\ibmsecurity-2024.6.7.0.tar.gz,tar,ibmsecurity-2024.6.7.0/setup.py,1171,ast,1,1,setuptools
ibmsupervisor-0.26,D:\10. RQ1 DySec\Step 9 DownloadSelectedBenignPackages\Benign_Packages\ibmsupervisor-0.26.tar.gz,tar,ibmsupervisor-0.26/setup.py,820,ast,2,2,pathlib; setuptools
ibsplib-0.1.0,D:\10. RQ1 DySec\Step 9 DownloadSelectedBenignPackages\Benign_Packages\ibsplib-0.1.0.tar.gz,tar,ibsplib-0.1.0/setup.py,330,ast,1,1,setuptools
ibstract-1.0.0a2,D:\10. RQ1 DySec\Step 9 DownloadSelectedBenignPackages\Benign_Packages\ibstract-1.0.0a2.tar.gz,tar,ibstract-1.0.0a2/setup.py,2009,ast,5,5,codecs; os; re; setuptools; sys
ibuprofen-0.0.1,D:\10. RQ1 DySec\Step 9 DownloadSelectedBenignPackages\Benign_Packages\ibuprofen-0.0.1.tar.gz,tar,ibuprofen-0.0.1/setup.py,80,ast,1,1,setuptools
iCypress-0.9,D:\10. RQ1 DySec\Step 9 DownloadSelectedBenignPackages\Benign_Packages\iCypress-0.9.tar.gz,tar,iCypress-0.9/setup.py,1344,ast,1,1,setuptools
identify-2.6.1,D:\10. RQ1 DySec\Step 9 DownloadSelectedBenignPackages\Benign_Packages\identify-2.6.1.tar.gz,tar,identify-2.6.1/setup.py,73,ast,2,2,__future__; setuptools
idgen-0.0.1,D:\10. RQ1 DySec\Step 9 DownloadSelectedBenignPackages\Benign_Packages\idgen-0.0.1.tar.gz,tar,idgen-0.0.1/setup.py,880,ast,1,1,distutils
idna-3.1,D:\10. RQ1 DySec\Step 9 DownloadSelectedBenignPackages\Benign_Packages\idna-3.1.tar.gz,tar,idna-3.1/setup.py,2256,ast,3,3,io; setuptools; sys
iencode-ng-0.9.5,D:\10. RQ1 DySec\Step 9 DownloadSelectedBenignPackages\Benign_Packages\iencode-ng-0.9.5.tar.gz,tar,iencode-ng-0.9.5/setup.py,536,ast,1,1,setuptools
igo-python-1.0.0,D:\10. RQ1 DySec\Step 9 DownloadSelectedBenignPackages\Benign_Packages\igo-python-1.0.0.tar.gz,tar,igo-python-1.0.0/setup.py,1672,ast,2,2,io; setuptools
ijsfhsf123-1.1.0,D:\10. RQ1 DySec\Step 9 DownloadSelectedBenignPackages\Benign_Packages\ijsfhsf123-1.1.0.zip,zip,ijsfhsf123-1.1.0/setup.py,279,ast,1,1,distutils
iliantest-0.0.1,D:\10. RQ1 DySec\Step 9 DownloadSelectedBenignPackages\Benign_Packages\iliantest-0.0.1.tar.gz,tar,iliantest-0.0.1/setup.py,715,ast,3,3,re; setuptools; subprocess
imageio-2.35.1,D:\10. RQ1 DySec\Step 9 DownloadSelectedBenignPackages\Benign_Packages\imageio-2.35.1.tar.gz,tar,imageio-2.35.1/setup.py,5256,ast,4,4,distutils; itertools; os; setuptools
ImageResolver-0.4.2,D:\10. RQ1 DySec\Step 9 DownloadSelectedBenignPackages\Benign_Packages\ImageResolver-0.4.2.tar.gz,tar,ImageResolver-0.4.2/setup.py,715,ast,2,2,__future__; distutils
imagesize-1.4.1,D:\10. RQ1 DySec\Step 9 DownloadSelectedBenignPackages\Benign_Packages\imagesize-1.4.1.tar.gz,tar,imagesize-1.4.1/setup.py,1647,ast,2,2,imagesize; setuptools
imbalanced-learn-0.12.3,D:\10. RQ1 DySec\Step 9 DownloadSelectedBenignPackages\Benign_Packages\imbalanced-learn-0.12.3.tar.gz,tar,imbalanced-learn-0.12.3/setup.py,2647,ast,6,6,__builtin__; builtins; codecs; imblearn; os; setuptools
imbibed-0.1.1,D:\10. RQ1 DySec\Step 9 DownloadSelectedBenignPackages\Benign_Packages\imbibed-0.1.1.tar.gz,tar,imbibed-0.1.1/setup.py,38,ast,1,1,setuptools
important-0.1.4,D:\10. RQ1 DySec\Step 9 DownloadSelectedBenignPackages\Benign_Packages\important-0.1.4.tar.gz,tar,important-0.1.4/setup.py,1908,ast,3,3,distutils; re; setuptools
importlib_metadata-8.2.0,D:\10. RQ1 DySec\Step 9 DownloadSelectedBenignPackages\Benign_Packages\importlib_metadata-8.2.0.tar.gz,tar,importlib_metadata-8.2.0/tests/data/sources/example/setup.py,250,ast,1,1,setuptools
importlib_metadata-8.4.0,D:\10. RQ1 DySec\Step 9 DownloadSelectedBenignPackages\Benign_Packages\importlib_metadata-8.4.0.tar.gz,tar,importlib_metadata-8.4.0/tests/data/sources/example/setup.py,250,ast,1,1,setuptools
imreplace-0.0.1,D:\10. RQ1 DySec\Step 9 DownloadSelectedBenignPackages\Benign_Packages\imreplace-0.0.1.tar.gz,tar,imreplace-0.0.1/setup.py,740,ast,1,1,setuptools
incomevis-1.0,D:\10. RQ1 DySec\Step 9 DownloadSelectedBenignPackages\Benign_Packages\incomevis-1.0.tar.gz,tar,incomevis-0.3/setup.py,1370,ast,1,1,setuptools
indiatools-0.1.0,D:\10. RQ1 DySec\Step 9 DownloadSelectedBenignPackages\Benign_Packages\indiatools-0.1.0.tar.gz,tar,indiatools-0.1.0/setup.py,698,ast,1,1,setuptools
infer-0.1,D:\10. RQ1 DySec\Step 9 DownloadSelectedBenignPackages\Benign_Packages\infer-0.1.zip,zip,infer-0.1/setup.py,2146,ast,3,4,distutils; nltk; setuptools
infercode-0.0.9,D:\10. RQ1 DySec\Step 9 DownloadSelectedBenignPackages\Benign_Packages\infercode-0.0.9.tar.gz,tar,infercode-0.0.9/setup.py,1099,ast,1,1,setuptools
inflection-0.5.1,D:\10. RQ1 DySec\Step 9 DownloadSelectedBenignPackages\Benign_Packages\inflection-0.5.1.tar.gz,tar,inflection-0.5.1/setup.py,1180,ast,2,2,inflection; setuptools
infocircle-2.0.1,D:\10. RQ1 DySec\Step 9 DownloadSelectedBenignPackages\Benign_Packages\infocircle-2.0.1.tar.gz,tar,infocircle-2.0.1/setup.py,1031,ast,1,1,setuptools
infogram-0.1.1,D:\10. RQ1 DySec\Step 9 DownloadSelectedBenignPackages\Benign_Packages\infogram-0.1.1.tar.gz,tar,infogram-0.1.1/setup.py,849,ast,1,1,setuptools
infoind-3897,D:\10. RQ1 DySec\Step 9 DownloadSelectedBenignPackages\Benign_Packages\infoind-3897.tar.gz,tar,infoind-3897/setup.py,1511,ast,1,1,distutils
infoindia-1.1.2,D:\10. RQ1 DySec\Step 9 DownloadSelectedBenignPackages\Benign_Packages\infoindia-1.1.2.tar.gz,tar,infoindia-1.1.2/setup.py,687,ast,1,1,setuptools
infolib-0.2.9,D:\10. RQ1 DySec\Step 9 DownloadSelectedBenignPackages\Benign_Packages\infolib-0.2.9.tar.gz,tar,infolib-0.2.9/setup.py,1983,ast,3,3,os; setuptools; sys
inform-1.9.0,D:\10. RQ1 DySec\Step 9 DownloadSelectedBenignPackages\Benign_Packages\inform-1.9.0.tar.gz,tar,inform-1.9.0/setup.py,1420,ast,3,3,distutils; setuptools; sys
infostop-0.1.9,D:\10. RQ1 DySec\Step 9 DownloadSelectedBenignPackages\Benign_Packages\infostop-0.1.9.tar.gz,tar,infostop-0.1.9/setup.py,3842,ast,4,6,pybind11; setuptools; sys; tempfile
infostore-1.0,D:\10. RQ1 DySec\Step 9 DownloadSelectedBenignPackages\Benign_Packages\infostore-1.0.tar.gz,tar,infostore-1.0/setup.py,632,ast,1,1,setuptools
infotr-1.0.0,D:\10. RQ1 DySec\Step 9 DownloadSelectedBenignPackages\Benign_Packages\infotr-1.0.0.tar.gz,tar,infotr-1.0.0/setup.py,1160,ast,1,1,setuptools
ingram-2.0.35,D:\10. RQ1 DySec\Step 9 DownloadSelectedBenignPackages\Benign_Packages\ingram-2.0.35.tar.gz,tar,ingram-2.0.35/setup.py,3474,ast,4,5,compiler; re; setuptools; sys
initialize-1.1.1,D:\10. RQ1 DySec\Step 9 DownloadSelectedBenignPackages\Benign_Packages\initialize-1.1.1.tar.gz,tar,initialize-1.1.1/setup.py,1003,ast,1,1,setuptools
initpro-0.2.2,D:\10. RQ1 DySec\Step 9 DownloadSelectedBenignPackages\Benign_Packages\initpro-0.2.2.tar.gz,tar,initpro-0.2.2/setup.py,483,ast,1,1,setuptools
inject-emoji-1.0.0,D:\10. RQ1 DySec\Step 9 DownloadSelectedBenignPackages\Benign_Packages\inject-emoji-1.0.0.tar.gz,tar,inject-emoji-1.0.0/setup.py,1723,ast,2,2,codecs; setuptools
injector-0.9.1,D:\10. RQ1 DySec\Step 9 DownloadSelectedBenignPackages\Benign_Packages\injector-0.9.1.tar.gz,tar,injector-0.9.1/setup.py,1410,ast,5,5,injector; pypandoc; setuptools; subprocess; sys
innerPrinter-1.4.0,D:\10. RQ1 DySec\Step 9 DownloadSelectedBenignPackages\Benign_Packages\innerPrinter-1.4.0.zip,zip,innerPrinter-1.4.0/setup.py,312,ast,1,1,distutils
instabot-0.99.0,D:\10. RQ1 DySec\Step 9 DownloadSelectedBenignPackages\Benign_Packages\instabot-0.99.0.tar.gz,tar,instabot-0.99.0/setup.py,1858,ast,3,3,codecs; os; setuptools
instaffo-scikit-learn-0.2.2,D:\10. RQ1 DySec\Step 9 DownloadSelectedBenignPackages\Benign_Packages\instaffo-scikit-learn-0.2.2.tar.gz,tar,instaffo-scikit-learn-0.2.2/setup.py,2924,ast,1,1,distutils
instaget-0.2.1,D:\10. RQ1 DySec\Step 9 DownloadSelectedBenignPackages\Benign_Packages\instaget-0.2.1.tar.gz,tar,instaget-0.2.1/setup.py,742,ast,1,1,distutils
instagram-python-1.4,D:\10. RQ1 DySec\Step 9 DownloadSelectedBenignPackages\Benign_Packages\instagram-python-1.4.tar.gz,tar,instagram-python-1.4/setup.py,1118,ast,2,2,os; setuptools
install-scripts-0.1.6,D:\10. RQ1 DySec\Step 9 DownloadSelectedBenignPackages\Benign_Packages\install-scripts-0.1.6.tar.gz,tar,install-scripts-0.1.6/setup.py,1610,ast,2,2,os; setuptools
install_name-0.0.3,D:\10. RQ1 DySec\Step 9 DownloadSelectedBenignPackages\Benign_Packages\install_name-0.0.3.tar.gz,tar,install_name-0.0.3/setup.py,1083,ast,3,3,os; pathlib; setuptools
installib-0.6,D:\10. RQ1 DySec\Step 9 DownloadSelectedBenignPackages\Benign_Packages\installib-0.6.tar.gz,tar,installib-0.6/setup.py,699,ast,1,1,setuptools
installify-0.0.1,D:\10. RQ1 DySec\Step 9 DownloadSelectedBenignPackages\Benign_Packages\installify-0.0.1.tar.gz,tar,installify-0.0.1/setup.py,250,ast,1,1,setuptools
instapull-1.0,D:\10. RQ1 DySec\Step 9 DownloadSelectedBenignPackages\Benign_Packages\instapull-1.0.tar.gz,tar,instapull-1.0/setup.py,601,ast,1,1,setuptools
instapush-0.1.2,D:\10. RQ1 DySec\Step 9 DownloadSelectedBenignPackages\Benign_Packages\instapush-0.1.2.tar.gz,tar,instapush-0.1.2/setup.py,894,ast,2,2,os; setuptools
instapy-0.6.9,D:\10. RQ1 DySec\Step 9 DownloadSelectedBenignPackages\Benign_Packages\instapy-0.6.9.tar.gz,tar,instapy-0.6.9/setup.py,3428,ast,4,4,io; os; re; setuptools
intc-0.1.0,D:\10. RQ1 DySec\Step 9 DownloadSelectedBenignPackages\Benign_Packages\intc-0.1.0.tar.gz,tar,intc-0.1.0/setup.py,1303,ast,2,2,os; setuptools
intelli-0.4.2,D:\10. RQ1 DySec\Step 9 DownloadSelectedBenignPackages\Benign_Packages\intelli-0.4.2.tar.gz,tar,intelli-0.4.2/setup.py,872,ast,1,1,setuptools
intelli-0.4.6,D:\10. RQ1 DySec\Step 9 DownloadSelectedBenignPackages\Benign_Packages\intelli-0.4.6.tar.gz,tar,intelli-0.4.6/setup.py,870,ast,1,1,setuptools
intellibitz-0.0.1,D:\10. RQ1 DySec\Step 9 DownloadSelectedBenignPackages\Benign_Packages\intellibitz-0.0.1.tar.gz,tar,intellibitz-0.0.1/setup.py,1085,ast,1,1,setuptools
IntelliMaint-0.9,D:\10. RQ1 DySec\Step 9 DownloadSelectedBenignPackages\Benign_Packages\IntelliMaint-0.9.tar.gz,tar,IntelliMaint-0.9/setup.py,999,ast,1,1,setuptools
intellino-0.0.1.dev9,D:\10. RQ1 DySec\Step 9 DownloadSelectedBenignPackages\Benign_Packages\intellino-0.0.1.dev9.tar.gz,tar,intellino-0.0.1.dev9/setup.py,2321,ast,6,6,__builtin__; builtins; intellino; io; os; setuptools
intellipush-0.2.0,D:\10. RQ1 DySec\Step 9 DownloadSelectedBenignPackages\Benign_Packages\intellipush-0.2.0.tar.gz,tar,intellipush-0.2.0/setup.py,650,ast,1,1,setuptools
intellisys-0.1.8,D:\10. RQ1 DySec\Step 9 DownloadSelectedBenignPackages\Benign_Packages\intellisys-0.1.8.tar.gz,tar,intellisys-0.1.8/setup.py,803,ast,1,1,setuptools
intelurls-0.0.5,D:\10. RQ1 DySec\Step 9 DownloadSelectedBenignPackages\Benign_Packages\intelurls-0.0.5.tar.gz,tar,intelurls-0.0.5/setup.py,1109,ast,2,2,os; setuptools
intelxpy-5.0.0,D:\10. RQ1 DySec\Step 9 DownloadSelectedBenignPackages\Benign_Packages\intelxpy-5.0.0.tar.gz,tar,intelxpy-5.0.0/setup.py,2535,ast,3,3,os; pathlib; setuptools
intent-0.0.4,D:\10. RQ1 DySec\Step 9 DownloadSelectedBenignPackages\Benign_Packages\intent-0.0.4.tar.gz,tar,intent-0.0.4/setup.py,1412,ast,1,1,setuptools
inter-0.1.5,D:\10. RQ1 DySec\Step 9 DownloadSelectedBenignPackages\Benign_Packages\inter-0.1.5.tar.gz,tar,inter-0.1.5/setup.py,1451,ast,2,2,os; setuptools
interads-0.2,D:\10. RQ1 DySec\Step 9 DownloadSelectedBenignPackages\Benign_Packages\interads-0.2.tar.gz,tar,interads-0.2/setup.py,564,ast,1,1,setuptools
intergrid-2020.2.20,D:\10. RQ1 DySec\Step 9 DownloadSelectedBenignPackages\Benign_Packages\intergrid-2020.2.20.tar.gz,tar,intergrid-2020.2.20/setup.py,260,ast,1,1,setuptools
interlib-0.0.1,D:\10. RQ1 DySec\Step 9 DownloadSelectedBenignPackages\Benign_Packages\interlib-0.0.1.tar.gz,tar,interlib-0.0.1/setup.py,725,ast,1,1,setuptools
interprog-0.2.0,D:\10. RQ1 DySec\Step 9 DownloadSelectedBenignPackages\Benign_Packages\interprog-0.2.0.tar.gz,tar,interprog-0.2.0/setup.py,1958,ast,1,1,setuptools
intinfo-0.1,D:\10. RQ1 DySec\Step 9 DownloadSelectedBenignPackages\Benign_Packages\intinfo-0.1.tar.gz,tar,intinfo-0.1/setup.py,538,ast,1,2,setuptools
intinput-1.3.0,D:\10. RQ1 DySec\Step 9 DownloadSelectedBenignPackages\Benign_Packages\intinput-1.3.0.tar.gz,tar,intinput-1.3.0/setup.py,687,ast,2,2,os; setuptools
intperm-1.1.1,D:\10. RQ1 DySec\Step 9 DownloadSelectedBenignPackages\Benign_Packages\intperm-1.1.1.tar.gz,tar,intperm-1.1.1/setup.py,1274,ast,1,1,setuptools
IntPy-0.1.3,D:\10. RQ1 DySec\Step 9 DownloadSelectedBenignPackages\Benign_Packages\IntPy-0.1.3.zip,zip,IntPy-0.1.3/setup.py,3018,ast,1,2,distutils
intset-1.0.0,D:\10. RQ1 DySec\Step 9 DownloadSelectedBenignPackages\Benign_Packages\intset-1.0.0.tar.gz,tar,intset-1.0.0/setup.py,1952,ast,2,2,os; setuptools
intstr-0.12,D:\10. RQ1 DySec\Step 9 DownloadSelectedBenignPackages\Benign_Packages\intstr-0.12.tar.gz,tar,intstr-0.12/setup.py,732,ast,1,1,setuptools
intype-0.0.3,D:\10. RQ1 DySec\Step 9 DownloadSelectedBenignPackages\Benign_Packages\intype-0.0.3.tar.gz,tar,intype-0.0.3/setup.py,683,ast,1,1,setuptools
invidia-0.3,D:\10. RQ1 DySec\Step 9 DownloadSelectedBenignPackages\Benign_Packages\invidia-0.3.tar.gz,tar,invidia-0.3/setup.py,310,ast,1,1,setuptools
invirtualenv-21.6.718895,D:\10. RQ1 DySec\Step 9 DownloadSelectedBenignPackages\Benign_Packages\invirtualenv-21.6.718895.tar.gz,tar,invirtualenv-21.6.718895/setup.py,885,ast,3,3,json; os; setuptools
invoke-2.2.0,D:\10. RQ1 DySec\Step 9 DownloadSelectedBenignPackages\Benign_Packages\invoke-2.2.0.tar.gz,tar,invoke-2.2.0/setup.py,2711,ast,1,1,setuptools
iobio-0.1.0,D:\10. RQ1 DySec\Step 9 DownloadSelectedBenignPackages\Benign_Packages\iobio-0.1.0.tar.gz,tar,iobio-0.1.0/setup.py,875,ast,3,3,codecs; os; setuptools
iosxe-0.3,D:\10. RQ1 DySec\Step 9 DownloadSelectedBenignPackages\Benign_Packages\iosxe-0.3.tar.gz,tar,iosxe-0.3/setup.py,844,ast,1,1,setuptools
iotoolz-0.1.0rc9,D:\10. RQ1 DySec\Step 9 DownloadSelectedBenignPackages\Benign_Packages\iotoolz-0.1.0rc9.tar.gz,tar,iotoolz-0.1.0rc9/setup.py,11132,ast,1,1,setuptools
ip-utils-3.1.3,D:\10. RQ1 DySec\Step 9 DownloadSelectedBenignPackages\Benign_Packages\ip-utils-3.1.3.tar.gz,tar,ip-utils-3.1.3/setup.py,779,ast,1,1,setuptools
ipaddress-1.0.9,D:\10. RQ1 DySec\Step 9 DownloadSelectedBenignPackages\Benign_Packages\ipaddress-1.0.9.tar.gz,tar,ipaddress-1.0.9/setup.py,1049,ast,2,2,distutils; setuptools
ipdbplugin-1.5.0,D:\10. RQ1 DySec\Step 9 DownloadSelectedBenignPackages\Benign_Packages\ipdbplugin-1.5.0.tar.gz,tar,ipdbplugin-1.5.0/setup.py,1738,ast,1,1,setuptools
ipfcolor-0.3,D:\10. RQ1 DySec\Step 9 DownloadSelectedBenignPackages\Benign_Packages\ipfcolor-0.3.tar.gz,tar,ipfcolor-0.3/setup.py,381,ast,1,1,setuptools
ipfslib-0.1.5,D:\10. RQ1 DySec\Step 9 DownloadSelectedBenignPackages\Benign_Packages\ipfslib-0.1.5.tar.gz,tar,ipfslib-0.1.5/setup.py,758,ast,3,3,codecs; os; setuptools
iphack-1.4.7,D:\10. RQ1 DySec\Step 9 DownloadSelectedBenignPackages\Benign_Packages\iphack-1.4.7.tar.gz,tar,iphack-1.4.7/setup.py,2334,ast,1,1,setuptools
iphone-checker-0.0.1.dev9,D:\10. RQ1 DySec\Step 9 DownloadSelectedBenignPackages\Benign_Packages\iphone-checker-0.0.1.dev9.tar.gz,tar,iphone-checker-0.0.1.dev9/setup.py,70,ast,1,1,setuptools
ipinfo-5.1.1,D:\10. RQ1 DySec\Step 9 DownloadSelectedBenignPackages\Benign_Packages\ipinfo-5.1.1.tar.gz,tar,ipinfo-5.1.1/setup.py,868,ast,2,2,ipinfo; setuptools
ipp_utils-1.0.0b6,D:\10. RQ1 DySec\Step 9 DownloadSelectedBenignPackages\Benign_Packages\ipp_utils-1.0.0b6.tar.gz,tar,ipp_utils-1.0.0b6/setup.py,1026,ast,2,2,ipp_utils; setuptools
iproxy-0.0.0,D:\10. RQ1 DySec\Step 9 DownloadSelectedBenignPackages\Benign_Packages\iproxy-0.0.0.tar.gz,tar,iproxy-0.0.0/setup.py,599,ast,1,1,setuptools
ipyhtmx-0.1.0,D:\10. RQ1 DySec\Step 9 DownloadSelectedBenignPackages\Benign_Packages\ipyhtmx-0.1.0.tar.gz,tar,ipyhtmx-0.1.0/setup.py,897,ast,3,3,jupyter_packaging; pathlib; setuptools
ipyparams-0.2.1,D:\10. RQ1 DySec\Step 9 DownloadSelectedBenignPackages\Benign_Packages\ipyparams-0.2.1.tar.gz,tar,ipyparams-0.2.1/setup.py,972,ast,2,2,os; setuptools
ipython-8.9.0,D:\10. RQ1 DySec\Step 9 DownloadSelectedBenignPackages\Benign_Packages\ipython-8.9.0.tar.gz,tar,ipython-8.9.0/IPython/testing/plugin/setup.py,539,ast,1,1,setuptools
ipython-8.9.0,D:\10. RQ1 DySec\Step 9 DownloadSelectedBenignPackages\Benign_Packages\ipython-8.9.0.tar.gz,tar,ipython-8.9.0/setup.py,5179,ast,5,7,os; pip; setupbase; setuptools; sys
ipython-beautifulsoup-0.3,D:\10. RQ1 DySec\Step 9 DownloadSelectedBenignPackages\Benign_Packages\ipython-beautifulsoup-0.3.tar.gz,tar,ipython-beautifulsoup-0.3/setup.py,1842,ast,2,2,os; setuptools
ipython-mongo-0.3.3,D:\10. RQ1 DySec\Step 9 DownloadSelectedBenignPackages\Benign_Packages\ipython-mongo-0.3.3.tar.gz,tar,ipython-mongo-0.3.3/setup.py,1542,ast,4,4,distutils; os; setuptools; sys
ipytone-0.5.1,D:\10. RQ1 DySec\Step 9 DownloadSelectedBenignPackages\Benign_Packages\ipytone-0.5.1.tar.gz,tar,ipytone-0.5.1/setup.py,92,ast,0,0,
ipywidgets-8.1.5,D:\10. RQ1 DySec\Step 9 DownloadSelectedBenignPackages\Benign_Packages\ipywidgets-8.1.5.tar.gz,tar,ipywidgets-8.1.5/setup.py,235,ast,1,1,setuptools
ireland-1.0.1,D:\10. RQ1 DySec\Step 9 DownloadSelectedBenignPackages\Benign_Packages\ireland-1.0.1.tar.gz,tar,ireland-1.0.1/setup.py,1185,ast,1,1,setuptools
ironic-9.1.7,D:\10. RQ1 DySec\Step 9 DownloadSelectedBenignPackages\Benign_Packages\ironic-9.1.7.tar.gz,tar,ironic-9.1.7/setup.py,1030,ast,2,2,multiprocessing; setuptools
ironic-staging-drivers-0.9.1,D:\10. RQ1 DySec\Step 9 DownloadSelectedBenignPackages\Benign_Packages\ironic-staging-drivers-0.9.1.tar.gz,tar,ironic-staging-drivers-0.9.1/setup.py,1030,ast,2,2,multiprocessing; setuptools
isatools-0.9.5,D:\10. RQ1 DySec\Step 9 DownloadSelectedBenignPackages\Benign_Packages\isatools-0.9.5.tar.gz,tar,isatools-0.9.5/setup.py,2157,ast,1,1,setuptools
isfilled-0.5,D:\10. RQ1 DySec\Step 9 DownloadSelectedBenignPackages\Benign_Packages\isfilled-0.5.tar.gz,tar,isfilled-0.5/setup.py,957,ast,4,5,os; setuptools; subprocess; sys
ishell-0.1.8,D:\10. RQ1 DySec\Step 9 DownloadSelectedBenignPackages\Benign_Packages\ishell-0.1.8.tar.gz,tar,ishell-0.1.8/setup.py,1121,ast,2,2,setuptools; sys
isodate-0.6.1,D:\10. RQ1 DySec\Step 9 DownloadSelectedBenignPackages\Benign_Packages\isodate-0.6.1.tar.gz,tar,isodate-0.6.1/setup.py,3400,ast,2,2,os; setuptools
isoduration-20.11.0,D:\10. RQ1 DySec\Step 9 DownloadSelectedBenignPackages\Benign_Packages\isoduration-20.11.0.tar.gz,tar,isoduration-20.11.0/setup.py,1429,ast,1,1,setuptools
isort-5.13.2,D:\10. RQ1 DySec\Step 9 DownloadSelectedBenignPackages\Benign_Packages\isort-5.13.2.tar.gz,tar,isort-5.13.2/setup.py,11925,ast,1,1,setuptools
istrings-0.0.2,D:\10. RQ1 DySec\Step 9 DownloadSelectedBenignPackages\Benign_Packages\istrings-0.0.2.tar.gz,tar,istrings-0.0.2/setup.py,690,ast,1,1,setuptools
itanicpackagegna-0.0.4,D:\10. RQ1 DySec\Step 9 DownloadSelectedBenignPackages\Benign_Packages\itanicpackagegna-0.0.4.tar.gz,tar,itanicpackagegna-0.0.4/setup.py,1046,ast,3,3,codecs; os; setuptools
itertoolz-0.5,D:\10. RQ1 DySec\Step 9 DownloadSelectedBenignPackages\Benign_Packages\itertoolz-0.5.tar.gz,tar,itertoolz-0.5/setup.py,419,ast,2,2,os; setuptools
iTesting-1.0.1,D:\10. RQ1 DySec\Step 9 DownloadSelectedBenignPackages\Benign_Packages\iTesting-1.0.1.tar.gz,tar,iTesting-1.0.1/setup.py,1301,ast,1,1,setuptools
itpminer-0.0.9,D:\10. RQ1 DySec\Step 9 DownloadSelectedBenignPackages\Benign_Packages\itpminer-0.0.9.tar.gz,tar,itpminer-0.0.9/setup.py,1747,ast,3,3,io; os; setuptools
j-ython-0.0.1,D:\10. RQ1 DySec\Step 9 DownloadSelectedBenignPackages\Benign_Packages\j-ython-0.0.1.tar.gz,tar,j-ython-0.0.1/setup.py,1081,ast,1,1,setuptools
j_test-1.0.2,D:\10. RQ1 DySec\Step 9 DownloadSelectedBenignPackages\Benign_Packages\j_test-1.0.2.tar.gz,tar,j_test-1.0.2/setup.py,8837,ast,3,3,io; os; setuptools
ja3-1.0,D:\10. RQ1 DySec\Step 9 DownloadSelectedBenignPackages\Benign_Packages\ja3-1.0.tar.gz,tar,ja3-1.0/setup.py,310,ast,1,1,setuptools
janggu-0.9.9,D:\10. RQ1 DySec\Step 9 DownloadSelectedBenignPackages\Benign_Packages\janggu-0.9.9.tar.gz,tar,janggu-0.9.9/setup.py,2731,ast,6,11,__future__; glob; io; os; re; setuptools
jaqpotpy-6.2.1,D:\10. RQ1 DySec\Step 9 DownloadSelectedBenignPackages\Benign_Packages\jaqpotpy-6.2.1.tar.gz,tar,jaqpotpy-6.2.1/setup.py,1513,ast,3,3,codecs; os; setuptools
jason-0.1.7,D:\10. RQ1 DySec\Step 9 DownloadSelectedBenignPackages\Benign_Packages\jason-0.1.7.tar.gz,tar,jason-0.1.7/setup.py,550,ast,2,2,distutils; setuptools
jax_cfd-0.2.1,D:\10. RQ1 DySec\Step 9 DownloadSelectedBenignPackages\Benign_Packages\jax_cfd-0.2.1.tar.gz,tar,jax_cfd-0.2.1/setup.py,1421,ast,1,1,setuptools
jedi-0.19.1,D:\10. RQ1 DySec\Step 9 DownloadSelectedBenignPackages\Benign_Packages\jedi-0.19.1.tar.gz,tar,jedi-0.19.1/setup.py,4026,ast,2,3,os; setuptools
jedi-0.19.1,D:\10. RQ1 DySec\Step 9 DownloadSelectedBenignPackages\Benign_Packages\jedi-0.19.1.tar.gz,tar,jedi-0.19.1/test/examples/init_extension_module/setup.py,250,ast,1,1,distutils
jellyfin-mpv-shim-2.8.0,D:\10. RQ1 DySec\Step 9 DownloadSelectedBenignPackages\Benign_Packages\jellyfin-mpv-shim-2.8.0.tar.gz,tar,jellyfin-mpv-shim-2.8.0/setup.py,2162,ast,3,3,os; setuptools; sys
jesus-1.0,D:\10. RQ1 DySec\Step 9 DownloadSelectedBenignPackages\Benign_Packages\jesus-1.0.tar.gz,tar,jesus-1.0/setup.py,366,ast,1,1,distutils
jetkiller-1.1.0,D:\10. RQ1 DySec\Step 9 DownloadSelectedBenignPackages\Benign_Packages\jetkiller-1.1.0.tar.gz,tar,jetkiller-1.1.0/setup.py,683,ast,1,1,setuptools
jimplejson-1.0.0,D:\10. RQ1 DySec\Step 9 DownloadSelectedBenignPackages\Benign_Packages\jimplejson-1.0.0.tar.gz,tar,jimplejson-1.0.0/setup.py,4297,ast,6,9,__future__; distutils; os; setuptools; subprocess; sys
jmespath-1.0.1,D:\10. RQ1 DySec\Step 9 DownloadSelectedBenignPackages\Benign_Packages\jmespath-1.0.1.tar.gz,tar,jmespath-1.0.1/setup.py,1173,ast,2,2,io; setuptools
jndi_deobfuscate-0.0.2,D:\10. RQ1 DySec\Step 9 DownloadSelectedBenignPackages\Benign_Packages\jndi_deobfuscate-0.0.2.tar.gz,tar,jndi_deobfuscate-0.0.2/setup.py,5388,ast,1,1,setuptools
joblib-1.4.2,D:\10. RQ1 DySec\Step 9 DownloadSelectedBenignPackages\Benign_Packages\joblib-1.4.2.tar.gz,tar,joblib-1.4.2/joblib/test/_openmp_test_helper/setup.py,749,ast,4,5,Cython; distutils; os; sys
joblib-1.4.2,D:\10. RQ1 DySec\Step 9 DownloadSelectedBenignPackages\Benign_Packages\joblib-1.4.2.tar.gz,tar,joblib-1.4.2/setup.py,92,ast,1,1,setuptools
johnbucmoore_package-0.1,D:\10. RQ1 DySec\Step 9 DownloadSelectedBenignPackages\Benign_Packages\johnbucmoore_package-0.1.tar.gz,tar,johnbucmoore_package-0.1/setup.py,278,ast,1,1,setuptools
joker_test-0.1.1,D:\10. RQ1 DySec\Step 9 DownloadSelectedBenignPackages\Benign_Packages\joker_test-0.1.1.tar.gz,tar,joker_test-0.1.1/setup.py,456,ast,1,1,setuptools
jrl-0.0.9,D:\10. RQ1 DySec\Step 9 DownloadSelectedBenignPackages\Benign_Packages\jrl-0.0.9.tar.gz,tar,jrl-0.0.9/setup.py,2288,ast,3,3,os; pathlib; setuptools
js.ngupload-0.3.0,D:\10. RQ1 DySec\Step 9 DownloadSelectedBenignPackages\Benign_Packages\js.ngupload-0.3.0.tar.gz,tar,js.ngupload-0.3.0/setup.py,1528,ast,2,3,os; setuptools
jsdhgsdysdhggds-1.1,D:\10. RQ1 DySec\Step 9 DownloadSelectedBenignPackages\Benign_Packages\jsdhgsdysdhggds-1.1.tar.gz,tar,jsdhgsdysdhggds-1.1/setup.py,833,ast,2,2,pypandoc; setuptools
json-formatter-0.1.0-alpha-20141128-1014-94cc025,D:\10. RQ1 DySec\Step 9 DownloadSelectedBenignPackages\Benign_Packages\json-formatter-0.1.0-alpha-20141128-1014-94cc025.tar.gz,tar,json-formatter-0.1.0-alpha-20141128-1014-94cc025/setup.py,981,ast,2,2,setuptools; sys
json-replacer-1.0.1,D:\10. RQ1 DySec\Step 9 DownloadSelectedBenignPackages\Benign_Packages\json-replacer-1.0.1.tar.gz,tar,json-replacer-1.0.1/setup.py,1050,ast,1,1,setuptools
jsonpatch-1.33,D:\10. RQ1 DySec\Step 9 DownloadSelectedBenignPackages\Benign_Packages\jsonpatch-1.33.tar.gz,tar,jsonpatch-1.33/setup.py,2822,ast,5,5,distutils; io; pypandoc; re; setuptools
jsonpath-ng-1.6.1,D:\10. RQ1 DySec\Step 9 DownloadSelectedBenignPackages\Benign_Packages\jsonpath-ng-1.6.1.tar.gz,tar,jsonpath-ng-1.6.1/setup.py,1336,ast,2,2,io; setuptools
jsonpointer-3.0.0,D:\10. RQ1 DySec\Step 9 DownloadSelectedBenignPackages\Benign_Packages\jsonpointer-3.0.0.tar.gz,tar,jsonpointer-3.0.0/setup.py,1940,ast,4,4,io; os; re; setuptools
jsonpull-0.1.0,D:\10. RQ1 DySec\Step 9 DownloadSelectedBenignPackages\Benign_Packages\jsonpull-0.1.0.tar.gz,tar,jsonpull-0.1.0/setup.py,336,ast,1,1,setuptools
judyb-0.0.4,D:\10. RQ1 DySec\Step 9 DownloadSelectedBenignPackages\Benign_Packages\judyb-0.0.4.tar.gz,tar,judyb-0.0.4/setup.py,1147,ast,1,1,setuptools
junk-dbt-3.0.6,D:\10. RQ1 DySec\Step 9 DownloadSelectedBenignPackages\Benign_Packages\junk-dbt-3.0.6.tar.gz,tar,junk-dbt-3.0.6/setup.py,378,ast,2,2,setuptools; sys
junkdraw-0.1.0,D:\10. RQ1 DySec\Step 9 DownloadSelectedBenignPackages\Benign_Packages\junkdraw-0.1.0.tar.gz,tar,junkdraw-0.1.0/setup.py,1312,ast,1,1,setuptools
junker-0.2.0,D:\10. RQ1 DySec\Step 9 DownloadSelectedBenignPackages\Benign_Packages\junker-0.2.0.tar.gz,tar,junker-0.2.0/setup.py,4001,ast,3,3,codecs; os; setuptools
jupyter-1.0.0,D:\10. RQ1 DySec\Step 9 DownloadSelectedBenignPackages\Benign_Packages\jupyter-1.0.0.zip,zip,jupyter-1.0.0/setup.py,1672,ast,5,5,__future__; distutils; os; setuptools; sys
jupyter-analysis-extension-1.1.5,D:\10. RQ1 DySec\Step 9 DownloadSelectedBenignPackages\Benign_Packages\jupyter-analysis-extension-1.1.5.tar.gz,tar,jupyter-analysis-extension-1.1.5/setup.py,1236,ast,1,1,setuptools
jupyter-lsp-2.2.5,D:\10. RQ1 DySec\Step 9 DownloadSelectedBenignPackages\Benign_Packages\jupyter-lsp-2.2.5.tar.gz,tar,jupyter-lsp-2.2.5/setup.py,33,ast,0,0,
jupyter-openbis-extension-0.6.0,D:\10. RQ1 DySec\Step 9 DownloadSelectedBenignPackages\Benign_Packages\jupyter-openbis-extension-0.6.0.tar.gz,tar,jupyter-openbis-extension-0.6.0/setup.py,6747,ast,2,2,setuptools; sys
jupyter-pytest-2-1.0.1,D:\10. RQ1 DySec\Step 9 DownloadSelectedBenignPackages\Benign_Packages\jupyter-pytest-2-1.0.1.tar.gz,tar,jupyter-pytest-2-1.0.1/setup.py,1376,ast,1,1,setuptools
jupyter_ra_extension-0.1.8,D:\10. RQ1 DySec\Step 9 DownloadSelectedBenignPackages\Benign_Packages\jupyter_ra_extension-0.1.8.tar.gz,tar,jupyter_ra_extension-0.1.8/setup.py,33,ast,0,0,
jupyter_server-2.14.2,D:\10. RQ1 DySec\Step 9 DownloadSelectedBenignPackages\Benign_Packages\jupyter_server-2.14.2.tar.gz,tar,jupyter_server-2.14.2/examples/simple/setup.py,92,ast,0,0,
jupyterlab-4.2.5,D:\10. RQ1 DySec\Step 9 DownloadSelectedBenignPackages\Benign_Packages\jupyterlab-4.2.5.tar.gz,tar,jupyterlab-4.2.5/jupyterlab/tests/mock_packages/extension/setup.py,378,ast,3,3,json; os; setuptools
jupyterlab-4.2.5,D:\10. RQ1 DySec\Step 9 DownloadSelectedBenignPackages\Benign_Packages\jupyterlab-4.2.5.tar.gz,tar,jupyterlab-4.2.5/jupyterlab/tests/mock_packages/interop/consumer/setup.py,634,ast,4,4,glob; json; os; setuptools
jupyterlab-4.2.5,D:\10. RQ1 DySec\Step 9 DownloadSelectedBenignPackages\Benign_Packages\jupyterlab-4.2.5.tar.gz,tar,jupyterlab-4.2.5/jupyterlab/tests/mock_packages/interop/provider/setup.py,634,ast,4,4,glob; json; os; setuptools
jupyterlab-4.2.5,D:\10. RQ1 DySec\Step 9 DownloadSelectedBenignPackages\Benign_Packages\jupyterlab-4.2.5.tar.gz,tar,jupyterlab-4.2.5/jupyterlab/tests/mock_packages/test-hyphens/setup.py,950,ast,3,3,jupyter_packaging; os; setuptools
jupyterlab-4.2.5,D:\10. RQ1 DySec\Step 9 DownloadSelectedBenignPackages\Benign_Packages\jupyterlab-4.2.5.tar.gz,tar,jupyterlab-4.2.5/jupyterlab/tests/mock_packages/test-hyphens-underscore/setup.py,983,ast,3,3,jupyter_packaging; os; setuptools
jupyterlab-4.2.5,D:\10. RQ1 DySec\Step 9 DownloadSelectedBenignPackages\Benign_Packages\jupyterlab-4.2.5.tar.gz,tar,jupyterlab-4.2.5/jupyterlab/tests/mock_packages/test_no_hyphens/setup.py,909,ast,3,3,jupyter_packaging; os; setuptools
jupyterlab_atp_extension-1.0.3,D:\10. RQ1 DySec\Step 9 DownloadSelectedBenignPackages\Benign_Packages\jupyterlab_atp_extension-1.0.3.tar.gz,tar,jupyterlab_atp_extension-1.0.3/setup.py,33,ast,0,0,
jupyterlab_pygments-0.3.0,D:\10. RQ1 DySec\Step 9 DownloadSelectedBenignPackages\Benign_Packages\jupyterlab_pygments-0.3.0.tar.gz,tar,jupyterlab_pygments-0.3.0/setup.py,33,ast,0,0,
jupyterlab_server-2.27.3,D:\10. RQ1 DySec\Step 9 DownloadSelectedBenignPackages\Benign_Packages\jupyterlab_server-2.27.3.tar.gz,tar,jupyterlab_server-2.27.3/tests/translations/jupyterlab-language-pack-es_CO/setup.py,412,ast,1,1,setuptools
jupyterlab_server-2.27.3,D:\10. RQ1 DySec\Step 9 DownloadSelectedBenignPackages\Benign_Packages\jupyterlab_server-2.27.3.tar.gz,tar,jupyterlab_server-2.27.3/tests/translations/jupyterlab-some-package/setup.py,366,ast,1,1,setuptools
jupyterlab_widgets-3.0.13,D:\10. RQ1 DySec\Step 9 DownloadSelectedBenignPackages\Benign_Packages\jupyterlab_widgets-3.0.13.tar.gz,tar,jupyterlab_widgets-3.0.13/setup.py,907,ast,3,3,jupyter_packaging; pathlib; setuptools
jyl_selenium-4.8.1,D:\10. RQ1 DySec\Step 9 DownloadSelectedBenignPackages\Benign_Packages\jyl_selenium-4.8.1.tar.gz,tar,jyl_selenium-4.8.1/setup.py,3437,ast,3,4,distutils; os; setuptools
jylab-0.0.3,D:\10. RQ1 DySec\Step 9 DownloadSelectedBenignPackages\Benign_Packages\jylab-0.0.3.tar.gz,tar,jylab-0.0.3/setup.py,946,ast,2,2,os; setuptools
jyro-0.3.2,D:\10. RQ1 DySec\Step 9 DownloadSelectedBenignPackages\Benign_Packages\jyro-0.3.2.zip,zip,jyro-0.3.2/setup.py,1023,ast,4,4,distutils; io; setuptools; sys
kaalka-1.0,D:\10. RQ1 DySec\Step 9 DownloadSelectedBenignPackages\Benign_Packages\kaalka-1.0.tar.gz,tar,kaalka-1.0/setup.py,437,ast,1,1,setuptools
kafka-python-2.0.2,D:\10. RQ1 DySec\Step 9 DownloadSelectedBenignPackages\Benign_Packages\kafka-python-2.0.2.tar.gz,tar,kafka-python-2.0.2/setup.py,1829,ast,4,4,os; setuptools; sys; tox
kafka-python-dataclasses-2022.4.22.3,D:\10. RQ1 DySec\Step 9 DownloadSelectedBenignPackages\Benign_Packages\kafka-python-dataclasses-2022.4.22.3.tar.gz,tar,kafka-python-dataclasses-2022.4.22.3/setup.py,721,ast,1,1,setuptools
kahless-0.1,D:\10. RQ1 DySec\Step 9 DownloadSelectedBenignPackages\Benign_Packages\kahless-0.1.tar.gz,tar,kahless-0.1/setup.py,808,ast,1,1,setuptools
kamodo_ccmc-23.3.1,D:\10. RQ1 DySec\Step 9 DownloadSelectedBenignPackages\Benign_Packages\kamodo_ccmc-23.3.1.tar.gz,tar,kamodo_ccmc-23.3.1/setup.py,37,ast,1,1,setuptools
kanirequests-0.1.4,D:\10. RQ1 DySec\Step 9 DownloadSelectedBenignPackages\Benign_Packages\kanirequests-0.1.4.tar.gz,tar,kanirequests-0.1.4/setup.py,870,ast,1,1,setuptools
kanpy-0.1.1,D:\10. RQ1 DySec\Step 9 DownloadSelectedBenignPackages\Benign_Packages\kanpy-0.1.1.tar.gz,tar,kanpy-0.1.1/setup.py,358,ast,1,1,distutils
kars-0.0.0.9000,D:\10. RQ1 DySec\Step 9 DownloadSelectedBenignPackages\Benign_Packages\kars-0.0.0.9000.tar.gz,tar,kars-0.0.0.9000/setup.py,829,ast,1,1,setuptools
kathra-core-model-1.0.1,D:\10. RQ1 DySec\Step 9 DownloadSelectedBenignPackages\Benign_Packages\kathra-core-model-1.0.1.tar.gz,tar,kathra-core-model-1.0.1/setup.py,1640,ast,1,1,setuptools
kdGUI-1.0.0,D:\10. RQ1 DySec\Step 9 DownloadSelectedBenignPackages\Benign_Packages\kdGUI-1.0.0.tar.gz,tar,kdGUI-1.0.0/setup.py,1388,ast,1,1,setuptools
keccak_hash-1.4.3,D:\10. RQ1 DySec\Step 9 DownloadSelectedBenignPackages\Benign_Packages\keccak_hash-1.4.3.tar.gz,tar,keccak_hash-1.4.3/setup.py,730,ast,1,1,distutils
keepTrace-1.2.0,D:\10. RQ1 DySec\Step 9 DownloadSelectedBenignPackages\Benign_Packages\keepTrace-1.2.0.tar.gz,tar,keepTrace-1.2.0/setup.py,563,ast,3,3,distutils; os; setuptools
keras-3.5.0,D:\10. RQ1 DySec\Step 9 DownloadSelectedBenignPackages\Benign_Packages\keras-3.5.0.tar.gz,tar,keras-3.5.0/setup.py,1856,ast,3,4,os; pathlib; setuptools
kevopaypal-2.0.0,D:\10. RQ1 DySec\Step 9 DownloadSelectedBenignPackages\Benign_Packages\kevopaypal-2.0.0.tar.gz,tar,kevopaypal-2.0.0/setup.py,1399,ast,2,2,paypal; setuptools
keyauthy-0.2,D:\10. RQ1 DySec\Step 9 DownloadSelectedBenignPackages\Benign_Packages\keyauthy-0.2.tar.gz,tar,keyauthy-0.2/setup.py,785,ast,1,1,setuptools
keyboard-0.9.9,D:\10. RQ1 DySec\Step 9 DownloadSelectedBenignPackages\Benign_Packages\keyboard-0.9.9.zip,zip,keyboard-0.9.9/setup.py,1251,ast,4,4,keyboard; pypandoc; re; setuptools
keylocker-0.3.5,D:\10. RQ1 DySec\Step 9 DownloadSelectedBenignPackages\Benign_Packages\keylocker-0.3.5.tar.gz,tar,keylocker-0.3.5/setup.py,1739,ast,1,1,distutils
kgame-0.94,D:\10. RQ1 DySec\Step 9 DownloadSelectedBenignPackages\Benign_Packages\kgame-0.94.tar.gz,tar,kgame-0.94/setup.py,350,ast,1,1,distutils
kie_server_py-0.1.0,D:\10. RQ1 DySec\Step 9 DownloadSelectedBenignPackages\Benign_Packages\kie_server_py-0.1.0.tar.gz,tar,kie_server_py-0.1.0/setup.py,1346,ast,1,1,setuptools
killall-66.0.3,D:\10. RQ1 DySec\Step 9 DownloadSelectedBenignPackages\Benign_Packages\killall-66.0.3.tar.gz,tar,killall-66.0.3/setup.py,805,ast,1,2,setuptools
killit-0.0.3,D:\10. RQ1 DySec\Step 9 DownloadSelectedBenignPackages\Benign_Packages\killit-0.0.3.tar.gz,tar,killit-0.0.3/setup.py,1116,ast,1,1,setuptools
killproc-1.0.1,D:\10. RQ1 DySec\Step 9 DownloadSelectedBenignPackages\Benign_Packages\killproc-1.0.1.tar.gz,tar,killproc-1.0.1/setup.py,729,ast,1,1,setuptools
kindlepush-0.3.3,D:\10. RQ1 DySec\Step 9 DownloadSelectedBenignPackages\Benign_Packages\kindlepush-0.3.3.tar.gz,tar,kindlepush-0.3.3/setup.py,1259,ast,3,3,kindlepush; pypandoc; setuptools
kinggame-2.0.3,D:\10. RQ1 DySec\Step 9 DownloadSelectedBenignPackages\Benign_Packages\kinggame-2.0.3.tar.gz,tar,kinggame-2.0.3/setup.py,863,ast,3,3,codecs; os; setuptools
kintro-0.0.1rc7,D:\10. RQ1 DySec\Step 9 DownloadSelectedBenignPackages\Benign_Packages\kintro-0.0.1rc7.tar.gz,tar,kintro-0.0.1rc7/setup.py,90,ast,1,1,setuptools
kiqpolivereload-0.0.9,D:\10. RQ1 DySec\Step 9 DownloadSelectedBenignPackages\Benign_Packages\kiqpolivereload-0.0.9.tar.gz,tar,kiqpolivereload-0.0.9/setup.py,1818,ast,2,2,re; setuptools
kiran-0.0.1.dev0,D:\10. RQ1 DySec\Step 9 DownloadSelectedBenignPackages\Benign_Packages\kiran-0.0.1.dev0.tar.gz,tar,kiran-0.0.1.dev0/setup.py,987,ast,2,2,__future__; setuptools
kite-string-0.0.0.dev5,D:\10. RQ1 DySec\Step 9 DownloadSelectedBenignPackages\Benign_Packages\kite-string-0.0.0.dev5.tar.gz,tar,kite-string-0.0.0.dev5/setup.py,829,ast,2,2,kite; setuptools
kivia-1.1.6.1,D:\10. RQ1 DySec\Step 9 DownloadSelectedBenignPackages\Benign_Packages\kivia-1.1.6.1.tar.gz,tar,kivia-1.1.6.1/setup.py,910,ast,2,2,os; setuptools
kiwisolver-1.4.7,D:\10. RQ1 DySec\Step 9 DownloadSelectedBenignPackages\Benign_Packages\kiwisolver-1.4.7.tar.gz,tar,kiwisolver-1.4.7/setup.py,1246,ast,3,3,cppy; os; setuptools
klik-bencode-0.1,D:\10. RQ1 DySec\Step 9 DownloadSelectedBenignPackages\Benign_Packages\klik-bencode-0.1.tar.gz,tar,klik-bencode-0.1/setup.py,518,ast,1,1,setuptools
knack-0.12.0,D:\10. RQ1 DySec\Step 9 DownloadSelectedBenignPackages\Benign_Packages\knack-0.12.0.tar.gz,tar,knack-0.12.0/setup.py,1525,ast,2,2,setuptools; sys
knitter-1.0.0,D:\10. RQ1 DySec\Step 9 DownloadSelectedBenignPackages\Benign_Packages\knitter-1.0.0.tar.gz,tar,knitter-1.0.0/setup.py,1051,ast,1,1,setuptools
kongming-0.1.2,D:\10. RQ1 DySec\Step 9 DownloadSelectedBenignPackages\Benign_Packages\kongming-0.1.2.tar.gz,tar,kongming-0.1.2/setup.py,1491,ast,1,1,setuptools
koreanize-matplotlib-0.1.1,D:\10. RQ1 DySec\Step 9 DownloadSelectedBenignPackages\Benign_Packages\koreanize-matplotlib-0.1.1.tar.gz,tar,koreanize-matplotlib-0.1.1/setup.py,843,ast,3,3,distutils; os; setuptools
kping-0.1.0,D:\10. RQ1 DySec\Step 9 DownloadSelectedBenignPackages\Benign_Packages\kping-0.1.0.tar.gz,tar,kping-0.1.0/setup.py,595,ast,2,2,distutils; pypandoc
krllint-0.1.8,D:\10. RQ1 DySec\Step 9 DownloadSelectedBenignPackages\Benign_Packages\krllint-0.1.8.tar.gz,tar,krllint-0.1.8/setup.py,1115,ast,2,2,krllint; setuptools
ksana-0.0.2.2,D:\10. RQ1 DySec\Step 9 DownloadSelectedBenignPackages\Benign_Packages\ksana-0.0.2.2.tar.gz,tar,ksana-0.0.2.2/setup.py,691,ast,1,1,setuptools
kt_toolkit-0.0.1,D:\10. RQ1 DySec\Step 9 DownloadSelectedBenignPackages\Benign_Packages\kt_toolkit-0.0.1.tar.gz,tar,kt_toolkit-0.0.1/setup.py,909,ast,1,1,setuptools
kubepy-1.9.0,D:\10. RQ1 DySec\Step 9 DownloadSelectedBenignPackages\Benign_Packages\kubepy-1.9.0.tar.gz,tar,kubepy-1.9.0/setup.py,1080,ast,2,3,pip; setuptools
kubernetes-30.1.0,D:\10. RQ1 DySec\Step 9 DownloadSelectedBenignPackages\Benign_Packages\kubernetes-30.1.0.tar.gz,tar,kubernetes-30.1.0/setup.py,3147,ast,1,1,setuptools
kubes-1.2.0,D:\10. RQ1 DySec\Step 9 DownloadSelectedBenignPackages\Benign_Packages\kubes-1.2.0.tar.gz,tar,kubes-1.2.0/setup.py,600,ast,1,1,setuptools
kuga-0.1,D:\10. RQ1 DySec\Step 9 DownloadSelectedBenignPackages\Benign_Packages\kuga-0.1.tar.gz,tar,kuga-0.1/setup.py,272,ast,1,1,distutils
kurama-1.0.1,D:\10. RQ1 DySec\Step 9 DownloadSelectedBenignPackages\Benign_Packages\kurama-1.0.1.tar.gz,tar,kurama-1.0.1/setup.py,2488,ast,4,4,io; setuptools; sys; webbrowser
l-sys-1.1.2,D:\10. RQ1 DySec\Step 9 DownloadSelectedBenignPackages\Benign_Packages\l-sys-1.1.2.tar.gz,tar,l-sys-1.1.2/setup.py,980,ast,2,2,codecs; setuptools
L1test-3.1.1,D:\10. RQ1 DySec\Step 9 DownloadSelectedBenignPackages\Benign_Packages\L1test-3.1.1.tar.gz,tar,L1test-3.1.1/setup.py,1857,ast,2,2,os; setuptools
labinform-0.1.0.dev11,D:\10. RQ1 DySec\Step 9 DownloadSelectedBenignPackages\Benign_Packages\labinform-0.1.0.dev11.tar.gz,tar,labinform-0.1.0.dev11/setup.py,1366,ast,2,2,os; setuptools
labmachine-0.6.0,D:\10. RQ1 DySec\Step 9 DownloadSelectedBenignPackages\Benign_Packages\labmachine-0.6.0.tar.gz,tar,labmachine-0.6.0/setup.py,2833,ast,1,1,setuptools
lanfit-exceptions-0.1.1,D:\10. RQ1 DySec\Step 9 DownloadSelectedBenignPackages\Benign_Packages\lanfit-exceptions-0.1.1.tar.gz,tar,lanfit-exceptions-0.1.1/setup.py,514,ast,2,2,os; setuptools
languagestring-0.0.7,D:\10. RQ1 DySec\Step 9 DownloadSelectedBenignPackages\Benign_Packages\languagestring-0.0.7.tar.gz,tar,languagestring-0.0.7/setup.py,1036,ast,1,1,setuptools
lanplaypy-1.1.0,D:\10. RQ1 DySec\Step 9 DownloadSelectedBenignPackages\Benign_Packages\lanplaypy-1.1.0.tar.gz,tar,lanplaypy-1.1.0/setup.py,80,ast,1,1,setuptools
lawsplit-1.0.3,D:\10. RQ1 DySec\Step 9 DownloadSelectedBenignPackages\Benign_Packages\lawsplit-1.0.3.tar.gz,tar,lawsplit-1.0.3/setup.py,944,ast,1,1,distutils
lazy-object-proxy-1.10.0,D:\10. RQ1 DySec\Step 9 DownloadSelectedBenignPackages\Benign_Packages\lazy-object-proxy-1.10.0.tar.gz,tar,lazy-object-proxy-1.10.0/setup.py,5364,ast,6,10,os; pathlib; platform; re; setuptools; sys
lb_authorization-1.0.0,D:\10. RQ1 DySec\Step 9 DownloadSelectedBenignPackages\Benign_Packages\lb_authorization-1.0.0.tar.gz,tar,lb_authorization-1.0.0/setup.py,554,ast,1,1,setuptools
lb_controller-0.0.9,D:\10. RQ1 DySec\Step 9 DownloadSelectedBenignPackages\Benign_Packages\lb_controller-0.0.9.tar.gz,tar,lb_controller-0.0.9/setup.py,754,ast,1,1,setuptools
lcrmeter-0.0.2,D:\10. RQ1 DySec\Step 9 DownloadSelectedBenignPackages\Benign_Packages\lcrmeter-0.0.2.tar.gz,tar,lcrmeter-0.0.2/setup.py,661,ast,1,1,setuptools
ld-0.5.0,D:\10. RQ1 DySec\Step 9 DownloadSelectedBenignPackages\Benign_Packages\ld-0.5.0.tar.gz,tar,ld-0.5.0/setup.py,1895,ast,3,3,codecs; os; setuptools
ldclient-py-6.9.1,D:\10. RQ1 DySec\Step 9 DownloadSelectedBenignPackages\Benign_Packages\ldclient-py-6.9.1.tar.gz,tar,ldclient-py-6.9.1/setup.py,2465,ast,4,5,setuptools; subprocess; sys; uuid
ldsagrader-0.5.7,D:\10. RQ1 DySec\Step 9 DownloadSelectedBenignPackages\Benign_Packages\ldsagrader-0.5.7.tar.gz,tar,ldsagrader-0.5.7/setup.py,1547,ast,1,1,setuptools
lean-1.0.99,D:\10. RQ1 DySec\Step 9 DownloadSelectedBenignPackages\Benign_Packages\lean-1.0.99.tar.gz,tar,lean-1.0.99/setup.py,3291,ast,5,5,json; os; re; setuptools; urllib
learn-1.0.0,D:\10. RQ1 DySec\Step 9 DownloadSelectedBenignPackages\Benign_Packages\learn-1.0.0.zip,zip,learn-1.0.0/setup.py,276,ast,1,1,distutils
ledcontrol-0.2.0,D:\10. RQ1 DySec\Step 9 DownloadSelectedBenignPackages\Benign_Packages\ledcontrol-0.2.0.tar.gz,tar,ledcontrol-0.2.0/setup.py,568,ast,2,2,distutils; ledcontrol
leftronic-1.5.0,D:\10. RQ1 DySec\Step 9 DownloadSelectedBenignPackages\Benign_Packages\leftronic-1.5.0.zip,zip,leftronic-1.5.0/setup.py,344,ast,1,1,distutils
legal-pre-processing-0.3.2,D:\10. RQ1 DySec\Step 9 DownloadSelectedBenignPackages\Benign_Packages\legal-pre-processing-0.3.2.tar.gz,tar,legal-pre-processing-0.3.2/setup.py,4872,ast,1,1,setuptools
legos.apod-0.1.2,D:\10. RQ1 DySec\Step 9 DownloadSelectedBenignPackages\Benign_Packages\legos.apod-0.1.2.tar.gz,tar,legos.apod-0.1.2/setup.py,38,ast,1,1,setuptools
legrandom-1.2,D:\10. RQ1 DySec\Step 9 DownloadSelectedBenignPackages\Benign_Packages\legrandom-1.2.tar.gz,tar,legrandom-1.2/setup.py,676,ast,1,1,setuptools
lencode-0.1.2,D:\10. RQ1 DySec\Step 9 DownloadSelectedBenignPackages\Benign_Packages\lencode-0.1.2.tar.gz,tar,lencode-0.1.2/setup.py,694,ast,1,1,setuptools
less-0.0.1,D:\10. RQ1 DySec\Step 9 DownloadSelectedBenignPackages\Benign_Packages\less-0.0.1.tar.gz,tar,less-0.0.1/setup.py,1365,ast,3,3,less_version; os; setuptools
lfs-paypal-1.4.1,D:\10. RQ1 DySec\Step 9 DownloadSelectedBenignPackages\Benign_Packages\lfs-paypal-1.4.1.tar.gz,tar,lfs-paypal-1.4.1/setup.py,1009,ast,3,3,lfs_paypal; os; setuptools
lgad-0.0.9,D:\10. RQ1 DySec\Step 9 DownloadSelectedBenignPackages\Benign_Packages\lgad-0.0.9.tar.gz,tar,lgad-0.0.9/setup.py,700,ast,1,1,setuptools
lgame-0.0.6,D:\10. RQ1 DySec\Step 9 DownloadSelectedBenignPackages\Benign_Packages\lgame-0.0.6.tar.gz,tar,lgame-0.0.6/setup.py,568,ast,1,1,setuptools
lgtm-0.0.9,D:\10. RQ1 DySec\Step 9 DownloadSelectedBenignPackages\Benign_Packages\lgtm-0.0.9.tar.gz,tar,lgtm-0.0.9/setup.py,687,ast,1,1,setuptools
lib_parameter-1.1.9,D:\10. RQ1 DySec\Step 9 DownloadSelectedBenignPackages\Benign_Packages\lib_parameter-1.1.9.tar.gz,tar,lib_parameter-1.1.9/setup.py,4191,ast,5,6,codecs; os; pathlib; setuptools; typing
lib_pipeline-0.0.9,D:\10. RQ1 DySec\Step 9 DownloadSelectedBenignPackages\Benign_Packages\lib_pipeline-0.0.9.tar.gz,tar,lib_pipeline-0.0.9/setup.py,564,ast,1,1,setuptools
lib_repo_tool-2.0.7,D:\10. RQ1 DySec\Step 9 DownloadSelectedBenignPackages\Benign_Packages\lib_repo_tool-2.0.7.tar.gz,tar,lib_repo_tool-2.0.7/setup.py,473,ast,1,1,setuptools
lib_upgrade-0.2,D:\10. RQ1 DySec\Step 9 DownloadSelectedBenignPackages\Benign_Packages\lib_upgrade-0.2.tar.gz,tar,lib_upgrade-0.2/setup.py,5027,ast,6,6,codecs; distutils; fnmatch; os; setuptools; sys
libaloha-0.0.2,D:\10. RQ1 DySec\Step 9 DownloadSelectedBenignPackages\Benign_Packages\libaloha-0.0.2.tar.gz,tar,libaloha-0.0.2/setup.py,1531,ast,1,1,distutils
libase-1.0.9,D:\10. RQ1 DySec\Step 9 DownloadSelectedBenignPackages\Benign_Packages\libase-1.0.9.tar.gz,tar,libase-1.0.9/setup.py,1205,ast,2,2,os; setuptools
libastr-1.1.0,D:\10. RQ1 DySec\Step 9 DownloadSelectedBenignPackages\Benign_Packages\libastr-1.1.0.tar.gz,tar,libastr-1.1.0/setup.py,839,ast,1,1,setuptools
libbash-0.1.9,D:\10. RQ1 DySec\Step 9 DownloadSelectedBenignPackages\Benign_Packages\libbash-0.1.9.tar.gz,tar,libbash-0.1.9/setup.py,1428,ast,6,7,contextlib; os; setuptools; shutil; subprocess; sys
libbmc-0.2.1,D:\10. RQ1 DySec\Step 9 DownloadSelectedBenignPackages\Benign_Packages\libbmc-0.2.1.tar.gz,tar,libbmc-0.2.1/setup.py,1206,ast,2,3,pip; setuptools
libcatapult-0.1.6,D:\10. RQ1 DySec\Step 9 DownloadSelectedBenignPackages\Benign_Packages\libcatapult-0.1.6.tar.gz,tar,libcatapult-0.1.6/setup.py,1300,ast,1,1,setuptools
libccv-1.0.0,D:\10. RQ1 DySec\Step 9 DownloadSelectedBenignPackages\Benign_Packages\libccv-1.0.0.tar.gz,tar,libccv-1.0.0/setup.py,1073,ast,1,2,setuptools
libcflib-0.0.8,D:\10. RQ1 DySec\Step 9 DownloadSelectedBenignPackages\Benign_Packages\libcflib-0.0.8.tar.gz,tar,libcflib-0.0.8/setup.py,1283,ast,2,2,os; setuptools
libchangelog-0.0.1,D:\10. RQ1 DySec\Step 9 DownloadSelectedBenignPackages\Benign_Packages\libchangelog-0.0.1.tar.gz,tar,libchangelog-0.0.1/setup.py,351,ast,1,1,setuptools
libcontractvm-0.6.9.4,D:\10. RQ1 DySec\Step 9 DownloadSelectedBenignPackages\Benign_Packages\libcontractvm-0.6.9.4.tar.gz,tar,libcontractvm-0.6.9.4/setup.py,542,ast,1,2,setuptools
libcope-0.0.1,D:\10. RQ1 DySec\Step 9 DownloadSelectedBenignPackages\Benign_Packages\libcope-0.0.1.tar.gz,tar,libcope-0.0.1/setup.py,116,ast,1,1,setuptools
libcorepy-0.0.7,D:\10. RQ1 DySec\Step 9 DownloadSelectedBenignPackages\Benign_Packages\libcorepy-0.0.7.tar.gz,tar,libcorepy-0.0.7/setup.py,1158,ast,1,1,setuptools
libcpuid-0.1.0,D:\10. RQ1 DySec\Step 9 DownloadSelectedBenignPackages\Benign_Packages\libcpuid-0.1.0.tar.gz,tar,libcpuid-0.1.0/setup.py,99,ast,1,1,setuptools
libcrap-0.3.1,D:\10. RQ1 DySec\Step 9 DownloadSelectedBenignPackages\Benign_Packages\libcrap-0.3.1.tar.gz,tar,libcrap-0.3.1/setup.py,1133,ast,1,1,setuptools
libcreator-0.1.2,D:\10. RQ1 DySec\Step 9 DownloadSelectedBenignPackages\Benign_Packages\libcreator-0.1.2.tar.gz,tar,libcreator-0.1.2/setup.py,1073,ast,2,2,os; setuptools
libcredit.py-0.2.1,D:\10. RQ1 DySec\Step 9 DownloadSelectedBenignPackages\Benign_Packages\libcredit.py-0.2.1.tar.gz,tar,libcredit.py-0.2.1/setup.py,892,ast,2,2,DistUtilsExtra; distutils
libcst-1.4.0,D:\10. RQ1 DySec\Step 9 DownloadSelectedBenignPackages\Benign_Packages\libcst-1.4.0.tar.gz,tar,libcst-1.4.0/setup.py,1099,ast,3,3,os; setuptools; setuptools_rust
libcv-0.0.1,D:\10. RQ1 DySec\Step 9 DownloadSelectedBenignPackages\Benign_Packages\libcv-0.0.1.tar.gz,tar,libcv-0.0.1/setup.py,977,ast,1,1,setuptools
libdeye-1.2.0,D:\10. RQ1 DySec\Step 9 DownloadSelectedBenignPackages\Benign_Packages\libdeye-1.2.0.tar.gz,tar,libdeye-1.2.0/setup.py,703,ast,1,1,setuptools
libdrafter-py-0.1.1,D:\10. RQ1 DySec\Step 9 DownloadSelectedBenignPackages\Benign_Packages\libdrafter-py-0.1.1.tar.gz,tar,libdrafter-py-0.1.1/setup.py,477,ast,2,2,os; setuptools
libelle-0.0.1,D:\10. RQ1 DySec\Step 9 DownloadSelectedBenignPackages\Benign_Packages\libelle-0.0.1.tar.gz,tar,libelle-0.0.1/setup.py,1399,ast,3,3,pathlib; setuptools; sys
libervia-0.8.0b1,D:\10. RQ1 DySec\Step 9 DownloadSelectedBenignPackages\Benign_Packages\libervia-0.8.0b1.tar.gz,tar,libervia-0.8.0b1/setup.py,547,ast,1,1,setuptools
libervia-backend-0.8.0b1.post1,D:\10. RQ1 DySec\Step 9 DownloadSelectedBenignPackages\Benign_Packages\libervia-backend-0.8.0b1.post1.tar.gz,tar,libervia-backend-0.8.0b1.post1/setup.py,4848,ast,2,2,os; setuptools
libEscansion-1.0.1.post1,D:\10. RQ1 DySec\Step 9 DownloadSelectedBenignPackages\Benign_Packages\libEscansion-1.0.1.post1.tar.gz,tar,libEscansion-1.0.1.post1/setup.py,1286,ast,2,2,pathlib; setuptools
libff-0.0.1,D:\10. RQ1 DySec\Step 9 DownloadSelectedBenignPackages\Benign_Packages\libff-0.0.1.tar.gz,tar,libff-0.0.1/setup.py,878,ast,1,1,setuptools
libfilecreator-1.0,D:\10. RQ1 DySec\Step 9 DownloadSelectedBenignPackages\Benign_Packages\libfilecreator-1.0.tar.gz,tar,libfilecreator-1.0/setup.py,370,ast,1,1,distutils
libgaea-0.0.9,D:\10. RQ1 DySec\Step 9 DownloadSelectedBenignPackages\Benign_Packages\libgaea-0.0.9.tar.gz,tar,libgaea-0.0.9/setup.py,1005,ast,1,1,setuptools
libgenesis-0.1.9,D:\10. RQ1 DySec\Step 9 DownloadSelectedBenignPackages\Benign_Packages\libgenesis-0.1.9.tar.gz,tar,libgenesis-0.1.9/setup.py,1357,ast,5,5,__future__; codecs; libgenesis; os; setuptools
libgeosuitesnd-0.0.9,D:\10. RQ1 DySec\Step 9 DownloadSelectedBenignPackages\Benign_Packages\libgeosuitesnd-0.0.9.tar.gz,tar,libgeosuitesnd-0.0.9/setup.py,772,ast,2,2,os; setuptools
libgraphite-0.1.3dev,D:\10. RQ1 DySec\Step 9 DownloadSelectedBenignPackages\Benign_Packages\libgraphite-0.1.3dev.tar.gz,tar,libgraphite-0.1.3dev/setup.py,979,ast,3,3,os; setuptools; sys
libgreader-0.7.1,D:\10. RQ1 DySec\Step 9 DownloadSelectedBenignPackages\Benign_Packages\libgreader-0.7.1.tar.gz,tar,libgreader-0.7.1/setup.py,1128,ast,2,2,libgreader; setuptools
libhockey-0.9.0,D:\10. RQ1 DySec\Step 9 DownloadSelectedBenignPackages\Benign_Packages\libhockey-0.9.0.tar.gz,tar,libhockey-0.9.0/setup.py,1561,ast,1,1,distutils
libhttp-0.6.0,D:\10. RQ1 DySec\Step 9 DownloadSelectedBenignPackages\Benign_Packages\libhttp-0.6.0.tar.gz,tar,libhttp-0.6.0/setup.py,530,ast,1,1,setuptools
libhttpcam-0.1.4,D:\10. RQ1 DySec\Step 9 DownloadSelectedBenignPackages\Benign_Packages\libhttpcam-0.1.4.tar.gz,tar,libhttpcam-0.1.4/setup.py,705,ast,1,1,setuptools
libhttpdna-0.3.0,D:\10. RQ1 DySec\Step 9 DownloadSelectedBenignPackages\Benign_Packages\libhttpdna-0.3.0.tar.gz,tar,libhttpdna-0.3.0/setup.py,535,ast,1,1,setuptools
libhttprequests-0.2,D:\10. RQ1 DySec\Step 9 DownloadSelectedBenignPackages\Benign_Packages\libhttprequests-0.2.tar.gz,tar,libhttprequests-0.2/setup.py,4883,ast,6,6,codecs; distutils; fnmatch; os; setuptools; sys
libido-0.0.9,D:\10. RQ1 DySec\Step 9 DownloadSelectedBenignPackages\Benign_Packages\libido-0.0.9.tar.gz,tar,libido-0.0.9/setup.py,38,ast,1,1,setuptools
libigl-2.5.3.dev0,D:\10. RQ1 DySec\Step 9 DownloadSelectedBenignPackages\Benign_Packages\libigl-2.5.3.dev0.tar.gz,tar,libigl-2.5.3.dev0/setup.py,4867,ast,7,9,os; packaging; platform; re; setuptools; subprocess; sys
libimg-0.1.0,D:\10. RQ1 DySec\Step 9 DownloadSelectedBenignPackages\Benign_Packages\libimg-0.1.0.tar.gz,tar,libimg-0.1.0/setup.py,319,ast,2,2,distutils; setuptools
libindic-payyans-1.0.2,D:\10. RQ1 DySec\Step 9 DownloadSelectedBenignPackages\Benign_Packages\libindic-payyans-1.0.2.tar.gz,tar,libindic-payyans-1.0.2/setup.py,174,ast,1,1,setuptools
libinfilect-0.0.3,D:\10. RQ1 DySec\Step 9 DownloadSelectedBenignPackages\Benign_Packages\libinfilect-0.0.3.tar.gz,tar,libinfilect-0.0.3/setup.py,597,ast,1,1,setuptools
libinfoblox-2.2,D:\10. RQ1 DySec\Step 9 DownloadSelectedBenignPackages\Benign_Packages\libinfoblox-2.2.tar.gz,tar,libinfoblox-2.2/setup.py,439,ast,1,1,setuptools
libinsitu-1.6.1,D:\10. RQ1 DySec\Step 9 DownloadSelectedBenignPackages\Benign_Packages\libinsitu-1.6.1.tar.gz,tar,libinsitu-1.6.1/docs/source/_deps/gitrep2/setup.py,1488,ast,1,1,pathlib
libinsitu-1.6.1,D:\10. RQ1 DySec\Step 9 DownloadSelectedBenignPackages\Benign_Packages\libinsitu-1.6.1.tar.gz,tar,libinsitu-1.6.1/setup.py,2821,ast,5,5,os; pkg_resources; pkgutil; setuptools; subprocess
libinstall-0.1,D:\10. RQ1 DySec\Step 9 DownloadSelectedBenignPackages\Benign_Packages\libinstall-0.1.tar.gz,tar,libinstall-0.1/setup.py,901,ast,1,1,setuptools
libioc-0.8.2,D:\10. RQ1 DySec\Step 9 DownloadSelectedBenignPackages\Benign_Packages\libioc-0.8.2.tar.gz,tar,libioc-0.8.2/setup.py,2970,ast,5,6,pip; setuptools; setuptools_scm; sys; typing
libipa-0.0.6,D:\10. RQ1 DySec\Step 9 DownloadSelectedBenignPackages\Benign_Packages\libipa-0.0.6.tar.gz,tar,libipa-0.0.6/setup.py,555,ast,1,1,setuptools
libkdv-1.1.9,D:\10. RQ1 DySec\Step 9 DownloadSelectedBenignPackages\Benign_Packages\libkdv-1.1.9.tar.gz,tar,libkdv-1.1.9/setup.py,947,ast,1,1,setuptools
libkural-1.0.1,D:\10. RQ1 DySec\Step 9 DownloadSelectedBenignPackages\Benign_Packages\libkural-1.0.1.tar.gz,tar,libkural-1.0.1/setup.py,601,ast,1,1,distutils
liblapack-0.0.1,D:\10. RQ1 DySec\Step 9 DownloadSelectedBenignPackages\Benign_Packages\liblapack-0.0.1.tar.gz,tar,liblapack-0.0.1/setup.py,236,ast,1,1,setuptools
libLAS-1.8.1,D:\10. RQ1 DySec\Step 9 DownloadSelectedBenignPackages\Benign_Packages\libLAS-1.8.1.tar.gz,tar,libLAS-1.8.1/setup.py,1594,ast,5,5,distutils; os; setuptools; socket; sys
liblinear-official-2.47.0,D:\10. RQ1 DySec\Step 9 DownloadSelectedBenignPackages\Benign_Packages\liblinear-official-2.47.0.tar.gz,tar,liblinear-official-2.47.0/setup.py,3607,ast,6,8,distutils; glob; os; setuptools; shutil; sys
liblistloader-1.0.1.post2,D:\10. RQ1 DySec\Step 9 DownloadSelectedBenignPackages\Benign_Packages\liblistloader-1.0.1.post2.tar.gz,tar,liblistloader-1.0.1.post2/setup.py,688,ast,1,1,setuptools
libloader-0.21,D:\10. RQ1 DySec\Step 9 DownloadSelectedBenignPackages\Benign_Packages\libloader-0.21.tar.gz,tar,libloader-0.21/setup.py,532,ast,2,2,libloader; setuptools
liblora-0.0.3,D:\10. RQ1 DySec\Step 9 DownloadSelectedBenignPackages\Benign_Packages\liblora-0.0.3.tar.gz,tar,liblora-0.0.3/setup.py,627,ast,1,1,setuptools
libmaker-0.1,D:\10. RQ1 DySec\Step 9 DownloadSelectedBenignPackages\Benign_Packages\libmaker-0.1.tar.gz,tar,libmaker-0.1/setup.py,441,ast,1,1,setuptools
libmapper-2.4.9,D:\10. RQ1 DySec\Step 9 DownloadSelectedBenignPackages\Benign_Packages\libmapper-2.4.9.tar.gz,tar,libmapper-2.4.9/setup.py,2272,ast,4,4,distutils; platform; re; wheel
libmath-1.0.2,D:\10. RQ1 DySec\Step 9 DownloadSelectedBenignPackages\Benign_Packages\libmath-1.0.2.tar.gz,tar,libmath-1.0.2/setup.py,762,ast,2,2,pathlib; setuptools
libmesh-0.0.6,D:\10. RQ1 DySec\Step 9 DownloadSelectedBenignPackages\Benign_Packages\libmesh-0.0.6.tar.gz,tar,libmesh-0.0.6/setup.py,720,ast,1,1,setuptools
libmidi-1.1.0,D:\10. RQ1 DySec\Step 9 DownloadSelectedBenignPackages\Benign_Packages\libmidi-1.1.0.tar.gz,tar,libmidi-1.1.0/setup.py,2025,ast,1,1,setuptools
libmlist,D:\10. RQ1 DySec\Step 9 DownloadSelectedBenignPackages\Benign_Packages\libmlist.tar.gz,tar,setup.py,38,ast,1,1,setuptools
libname-0.1,D:\10. RQ1 DySec\Step 9 DownloadSelectedBenignPackages\Benign_Packages\libname-0.1.tar.gz,tar,libname-0.1/setup.py,1592,ast,1,1,setuptools
libopencore-0.7.1,D:\10. RQ1 DySec\Step 9 DownloadSelectedBenignPackages\Benign_Packages\libopencore-0.7.1.tar.gz,tar,libopencore-0.7.1/setup.py,1521,ast,3,3,os; setuptools; sys
libparsing-0.9.2,D:\10. RQ1 DySec\Step 9 DownloadSelectedBenignPackages\Benign_Packages\libparsing-0.9.2.tar.gz,tar,libparsing-0.9.2/setup.py,2479,ast,5,5,distutils; os; setuptools; sys; tempfile
libpg_hvm-0.0.9,D:\10. RQ1 DySec\Step 9 DownloadSelectedBenignPackages\Benign_Packages\libpg_hvm-0.0.9.tar.gz,tar,libpg_hvm-0.0.9/setup.py,383,ast,1,1,distutils
libpgm-1.3,D:\10. RQ1 DySec\Step 9 DownloadSelectedBenignPackages\Benign_Packages\libpgm-1.3.tar.gz,tar,libpgm-1.3/setup.py,906,ast,1,1,distutils
libpgm3-1.3.6,D:\10. RQ1 DySec\Step 9 DownloadSelectedBenignPackages\Benign_Packages\libpgm3-1.3.6.tar.gz,tar,libpgm3-1.3.6/setup.py,1116,ast,1,1,distutils
libpipe-0.4,D:\10. RQ1 DySec\Step 9 DownloadSelectedBenignPackages\Benign_Packages\libpipe-0.4.tar.gz,tar,libpipe-0.4/setup.py,1149,ast,1,1,setuptools
libpng-bins-0.0.3,D:\10. RQ1 DySec\Step 9 DownloadSelectedBenignPackages\Benign_Packages\libpng-bins-0.0.3.tar.gz,tar,libpng-bins-0.0.3/setup.py,486,ast,1,1,setuptools
libprobe-0.2.9,D:\10. RQ1 DySec\Step 9 DownloadSelectedBenignPackages\Benign_Packages\libprobe-0.2.9.tar.gz,tar,libprobe-0.2.9/setup.py,1560,ast,2,2,libprobe; setuptools
libprot-0.1.5,D:\10. RQ1 DySec\Step 9 DownloadSelectedBenignPackages\Benign_Packages\libprot-0.1.5.tar.gz,tar,libprot-0.1.5/setup.py,1732,ast,1,1,setuptools
libprotein-0.3.6,D:\10. RQ1 DySec\Step 9 DownloadSelectedBenignPackages\Benign_Packages\libprotein-0.3.6.tar.gz,tar,libprotein-0.3.6/setup.py,1889,ast,2,3,os; setuptools
libproton-3.3,D:\10. RQ1 DySec\Step 9 DownloadSelectedBenignPackages\Benign_Packages\libproton-3.3.tar.gz,tar,libproton-3.3/setup.py,1269,ast,1,1,setuptools
libpup-0.1.0,D:\10. RQ1 DySec\Step 9 DownloadSelectedBenignPackages\Benign_Packages\libpup-0.1.0.tar.gz,tar,libpup-0.1.0/setup.py,1567,ast,1,1,setuptools
libpy-0.2.5,D:\10. RQ1 DySec\Step 9 DownloadSelectedBenignPackages\Benign_Packages\libpy-0.2.5.tar.gz,tar,libpy-0.2.5/setup.py,2901,ast,7,7,ast; distutils; os; pathlib; setuptools; shutil; stat
libpymarcel-0.1,D:\10. RQ1 DySec\Step 9 DownloadSelectedBenignPackages\Benign_Packages\libpymarcel-0.1.tar.gz,tar,libpymarcel-0.1/setup.py,5131,ast,6,6,codecs; distutils; fnmatch; os; setuptools; sys
libpyn-1.0.3,D:\10. RQ1 DySec\Step 9 DownloadSelectedBenignPackages\Benign_Packages\libpyn-1.0.3.tar.gz,tar,libpyn-1.0.3/setup.py,723,ast,2,2,os; setuptools
libpypostal-0.0.6,D:\10. RQ1 DySec\Step 9 DownloadSelectedBenignPackages\Benign_Packages\libpypostal-0.0.6.tar.gz,tar,libpypostal-0.0.6/setup.py,363,ast,1,1,setuptools
libpypro-1.0,D:\10. RQ1 DySec\Step 9 DownloadSelectedBenignPackages\Benign_Packages\libpypro-1.0.tar.gz,tar,libpypro-1.0/setup.py,4949,ast,6,6,codecs; distutils; fnmatch; os; setuptools; sys
libpysat-1.3.3,D:\10. RQ1 DySec\Step 9 DownloadSelectedBenignPackages\Benign_Packages\libpysat-1.3.3.tar.gz,tar,libpysat-1.3.3/setup.py,2084,ast,3,3,libpysat; os; setuptools
libPyshell-0.4.0,D:\10. RQ1 DySec\Step 9 DownloadSelectedBenignPackages\Benign_Packages\libPyshell-0.4.0.tar.gz,tar,libPyshell-0.4.0/setup.py,595,ast,1,1,distutils
libpythongian-0.2,D:\10. RQ1 DySec\Step 9 DownloadSelectedBenignPackages\Benign_Packages\libpythongian-0.2.tar.gz,tar,libpythongian-0.2/setup.py,4955,ast,6,6,codecs; distutils; fnmatch; os; setuptools; sys
libpythonpro-Adolfo-0.1,D:\10. RQ1 DySec\Step 9 DownloadSelectedBenignPackages\Benign_Packages\libpythonpro-Adolfo-0.1.tar.gz,tar,libpythonpro-Adolfo-0.1/setup.py,5129,ast,6,6,codecs; distutils; fnmatch; os; setuptools; sys
libpythonpro_leandro-1.0,D:\10. RQ1 DySec\Step 9 DownloadSelectedBenignPackages\Benign_Packages\libpythonpro_leandro-1.0.tar.gz,tar,libpythonpro_leandro-1.0/setup.py,5137,ast,6,6,codecs; distutils; fnmatch; os; setuptools; sys
libpyvinyl-1.3.0,D:\10. RQ1 DySec\Step 9 DownloadSelectedBenignPackages\Benign_Packages\libpyvinyl-1.3.0.tar.gz,tar,libpyvinyl-1.3.0/setup.py,2070,ast,4,4,codecs; os; setuptools; sys
libpyvivotek-0.4.0,D:\10. RQ1 DySec\Step 9 DownloadSelectedBenignPackages\Benign_Packages\libpyvivotek-0.4.0.tar.gz,tar,libpyvivotek-0.4.0/setup.py,852,ast,1,1,setuptools
libqrencode-cffi-0.1.1,D:\10. RQ1 DySec\Step 9 DownloadSelectedBenignPackages\Benign_Packages\libqrencode-cffi-0.1.1.tar.gz,tar,libqrencode-cffi-0.1.1/setup.py,917,ast,3,3,os; setuptools; sys
libqrencode-ctypes-0.1.0,D:\10. RQ1 DySec\Step 9 DownloadSelectedBenignPackages\Benign_Packages\libqrencode-ctypes-0.1.0.tar.gz,tar,libqrencode-ctypes-0.1.0/setup.py,4051,ast,3,3,codecs; os; setuptools
libra-1.2.5,D:\10. RQ1 DySec\Step 9 DownloadSelectedBenignPackages\Benign_Packages\libra-1.2.5.tar.gz,tar,libra-1.2.5/setup.py,823,ast,1,2,setuptools
libranker-66.0.3,D:\10. RQ1 DySec\Step 9 DownloadSelectedBenignPackages\Benign_Packages\libranker-66.0.3.tar.gz,tar,libranker-66.0.3/setup.py,809,ast,1,2,setuptools
librapid-0.7.5,D:\10. RQ1 DySec\Step 9 DownloadSelectedBenignPackages\Benign_Packages\librapid-0.7.5.tar.gz,tar,librapid-0.7.5/librapid/vendor/CLBlast/src/pyclblast/setup.py,1743,ast,4,4,Cython; distutils; platform; setuptools
librarian-0.3.0,D:\10. RQ1 DySec\Step 9 DownloadSelectedBenignPackages\Benign_Packages\librarian-0.3.0.tar.gz,tar,librarian-0.3.0/setup.py,1878,ast,5,6,distutils; os; pytest; setuptools; sys
Library-0.0.0,D:\10. RQ1 DySec\Step 9 DownloadSelectedBenignPackages\Benign_Packages\Library-0.0.0.tar.gz,tar,Library-0.0.0/setup.py,495,ast,1,1,distutils
library_kostya-0.0.1,D:\10. RQ1 DySec\Step 9 DownloadSelectedBenignPackages\Benign_Packages\library_kostya-0.0.1.tar.gz,tar,library_kostya-0.0.1/setup.py,274,ast,1,1,setuptools
library_simulator-0.1,D:\10. RQ1 DySec\Step 9 DownloadSelectedBenignPackages\Benign_Packages\library_simulator-0.1.tar.gz,tar,library_simulator-0.1/setup.py,997,ast,3,4,numpy; setuptools; sys
libraryname-0.4,D:\10. RQ1 DySec\Step 9 DownloadSelectedBenignPackages\Benign_Packages\libraryname-0.4.tar.gz,tar,libraryname-0.4/setup.py,1859,ast,1,1,distutils
libratod-0.1.2,D:\10. RQ1 DySec\Step 9 DownloadSelectedBenignPackages\Benign_Packages\libratod-0.1.2.tar.gz,tar,libratod-0.1.2/setup.py,2027,ast,1,1,setuptools
libratom-0.7.1.dev3,D:\10. RQ1 DySec\Step 9 DownloadSelectedBenignPackages\Benign_Packages\libratom-0.7.1.dev3.tar.gz,tar,libratom-0.7.1.dev3/setup.py,104,ast,1,1,setuptools
libratone-0.1.0,D:\10. RQ1 DySec\Step 9 DownloadSelectedBenignPackages\Benign_Packages\libratone-0.1.0.tar.gz,tar,libratone-0.1.0/setup.py,302,ast,2,2,distutils; libratone
libray-0.0.9,D:\10. RQ1 DySec\Step 9 DownloadSelectedBenignPackages\Benign_Packages\libray-0.0.9.tar.gz,tar,libray-0.0.9/setup.py,762,ast,1,1,setuptools
librbac-2.1.0,D:\10. RQ1 DySec\Step 9 DownloadSelectedBenignPackages\Benign_Packages\librbac-2.1.0.tar.gz,tar,librbac-2.1.0/setup.py,2360,ast,4,5,pathlib; pkg_resources; re; setuptools
librdflib-0.0.1,D:\10. RQ1 DySec\Step 9 DownloadSelectedBenignPackages\Benign_Packages\librdflib-0.0.1.tar.gz,tar,librdflib-0.0.1/setup.py,1444,ast,2,2,re; setuptools
libre-1.2,D:\10. RQ1 DySec\Step 9 DownloadSelectedBenignPackages\Benign_Packages\libre-1.2.tar.gz,tar,libre-1.2/setup.py,3041,ast,5,5,distutils; libre; os; setuptools; sys
libreant-0.6,D:\10. RQ1 DySec\Step 9 DownloadSelectedBenignPackages\Benign_Packages\libreant-0.6.tar.gz,tar,libreant-0.6/setup.py,6087,ast,6,10,distutils; msgfmt; nose; os; setuptools; sys
librecell-0.0.9,D:\10. RQ1 DySec\Step 9 DownloadSelectedBenignPackages\Benign_Packages\librecell-0.0.9.tar.gz,tar,librecell-0.0.9/setup.py,924,ast,1,1,setuptools
librecell-lib-0.0.9,D:\10. RQ1 DySec\Step 9 DownloadSelectedBenignPackages\Benign_Packages\librecell-lib-0.0.9.tar.gz,tar,librecell-lib-0.0.9/setup.py,2501,ast,1,1,setuptools
libreeye-0.4.1,D:\10. RQ1 DySec\Step 9 DownloadSelectedBenignPackages\Benign_Packages\libreeye-0.4.1.tar.gz,tar,libreeye-0.4.1/setup.py,1342,ast,2,2,os; setuptools
librelay-0.9.4,D:\10. RQ1 DySec\Step 9 DownloadSelectedBenignPackages\Benign_Packages\librelay-0.9.4.tar.gz,tar,librelay-0.9.4/setup.py,1179,ast,1,1,setuptools
librelingo_yaml_loader-1.9.3,D:\10. RQ1 DySec\Step 9 DownloadSelectedBenignPackages\Benign_Packages\librelingo_yaml_loader-1.9.3.tar.gz,tar,librelingo_yaml_loader-1.9.3/setup.py,1290,ast,1,1,setuptools
librep-0.0.5,D:\10. RQ1 DySec\Step 9 DownloadSelectedBenignPackages\Benign_Packages\librep-0.0.5.tar.gz,tar,librep-0.0.5/setup.py,463,ast,2,2,pathlib; setuptools
libreshop-0.1,D:\10. RQ1 DySec\Step 9 DownloadSelectedBenignPackages\Benign_Packages\libreshop-0.1.tar.gz,tar,libreshop-0.1/setup.py,815,ast,1,1,distutils
libresoc-0.0.1,D:\10. RQ1 DySec\Step 9 DownloadSelectedBenignPackages\Benign_Packages\libresoc-0.0.1.tar.gz,tar,libresoc-0.0.1/setup.py,1773,ast,3,3,os; setuptools; sys
librespeed-1.0.0a1,D:\10. RQ1 DySec\Step 9 DownloadSelectedBenignPackages\Benign_Packages\librespeed-1.0.0a1.tar.gz,tar,librespeed-1.0.0a1/setup.py,2235,ast,1,1,setuptools
librouteros-3.2.1,D:\10. RQ1 DySec\Step 9 DownloadSelectedBenignPackages\Benign_Packages\librouteros-3.2.1.tar.gz,tar,librouteros-3.2.1/setup.py,1477,ast,2,2,os; setuptools
librus_scraper-0.0.1,D:\10. RQ1 DySec\Step 9 DownloadSelectedBenignPackages\Benign_Packages\librus_scraper-0.0.1.tar.gz,tar,librus_scraper-0.0.1/setup.py,404,ast,1,1,setuptools
libs-0.0.9,D:\10. RQ1 DySec\Step 9 DownloadSelectedBenignPackages\Benign_Packages\libs-0.0.9.tar.gz,tar,libs-0.0.9/setup.py,610,ast,1,1,setuptools
libsam-0.1.8,D:\10. RQ1 DySec\Step 9 DownloadSelectedBenignPackages\Benign_Packages\libsam-0.1.8.tar.gz,tar,libsam-0.1.8/setup.py,1277,ast,2,2,os; setuptools
libscrc-1.8.1,D:\10. RQ1 DySec\Step 9 DownloadSelectedBenignPackages\Benign_Packages\libscrc-1.8.1.tar.gz,tar,libscrc-1.8.1/setup.py,4047,ast,3,3,codecs; os; setuptools
libscreen-69.0.8,D:\10. RQ1 DySec\Step 9 DownloadSelectedBenignPackages\Benign_Packages\libscreen-69.0.8.tar.gz,tar,libscreen-69.0.8/setup.py,916,ast,1,1,setuptools
libshipkore-0.4.2,D:\10. RQ1 DySec\Step 9 DownloadSelectedBenignPackages\Benign_Packages\libshipkore-0.4.2.tar.gz,tar,libshipkore-0.4.2/setup.py,1525,ast,1,1,setuptools
libsock4-0.1.3,D:\10. RQ1 DySec\Step 9 DownloadSelectedBenignPackages\Benign_Packages\libsock4-0.1.3.tar.gz,tar,libsock4-0.1.3/setup.py,1924,ast,4,5,os; setuptools; sys; tempfile
libsocks-0.0.2,D:\10. RQ1 DySec\Step 9 DownloadSelectedBenignPackages\Benign_Packages\libsocks-0.0.2.tar.gz,tar,libsocks-0.0.2/setup.py,1081,ast,3,3,os; re; setuptools
libsoni-1.0.2,D:\10. RQ1 DySec\Step 9 DownloadSelectedBenignPackages\Benign_Packages\libsoni-1.0.2.tar.gz,tar,libsoni-1.0.2/setup.py,1532,ast,1,1,setuptools
libsrcvdmtl-v1.7,D:\10. RQ1 DySec\Step 9 DownloadSelectedBenignPackages\Benign_Packages\libsrcvdmtl-v1.7.tar.gz,tar,libsrcvdmtl-v1.7/setup.py,1726,ast,1,1,distutils
libstorages-0.0.2,D:\10. RQ1 DySec\Step 9 DownloadSelectedBenignPackages\Benign_Packages\libstorages-0.0.2.tar.gz,tar,libstorages-0.0.2/setup.py,1982,ast,4,5,os; setuptools; subprocess; sys
libsystem-0.0.2,D:\10. RQ1 DySec\Step 9 DownloadSelectedBenignPackages\Benign_Packages\libsystem-0.0.2.tar.gz,tar,libsystem-0.0.2/setup.py,852,ast,1,1,distutils
libta_lib-0.4.0rc2,D:\10. RQ1 DySec\Step 9 DownloadSelectedBenignPackages\Benign_Packages\libta_lib-0.4.0rc2.tar.gz,tar,libta_lib-0.4.0rc2/setup.py,569,ast,1,1,skbuild
libtad-1.1.1,D:\10. RQ1 DySec\Step 9 DownloadSelectedBenignPackages\Benign_Packages\libtad-1.1.1.tar.gz,tar,libtad-1.1.1/setup.py,308,ast,1,1,setuptools
libtakiyasha-2.1.1.post1,D:\10. RQ1 DySec\Step 9 DownloadSelectedBenignPackages\Benign_Packages\libtakiyasha-2.1.1.post1.tar.gz,tar,libtakiyasha-2.1.1.post1/setup.py,105,ast,2,2,__future__; setuptools
libtapedrive-0.1.1,D:\10. RQ1 DySec\Step 9 DownloadSelectedBenignPackages\Benign_Packages\libtapedrive-0.1.1.tar.gz,tar,libtapedrive-0.1.1/setup.py,1800,ast,1,1,distutils
libtng-0.6.3,D:\10. RQ1 DySec\Step 9 DownloadSelectedBenignPackages\Benign_Packages\libtng-0.6.3.tar.gz,tar,libtng-0.6.3/setup.py,4053,ast,3,4,distutils; os; sys
libtool-1.1.0,D:\10. RQ1 DySec\Step 9 DownloadSelectedBenignPackages\Benign_Packages\libtool-1.1.0.tar.gz,tar,libtool-1.1.0/setup.py,903,ast,1,1,setuptools
libtools-0.4.2,D:\10. RQ1 DySec\Step 9 DownloadSelectedBenignPackages\Benign_Packages\libtools-0.4.2.tar.gz,tar,libtools-0.4.2/setup.py,3572,ast,9,9,codecs; getpass; libtools; os; platform; setuptools; shutil; subprocess; sys
libtree-6.0.1,D:\10. RQ1 DySec\Step 9 DownloadSelectedBenignPackages\Benign_Packages\libtree-6.0.1.tar.gz,tar,libtree-6.0.1/setup.py,1971,ast,7,9,ez_setup; os; platform; pytest; setuptools; subprocess; sys
libtrust-py-0.2,D:\10. RQ1 DySec\Step 9 DownloadSelectedBenignPackages\Benign_Packages\libtrust-py-0.2.tar.gz,tar,libtrust-py-0.2/setup.py,474,ast,2,2,os; setuptools
libulb-0.1.3,D:\10. RQ1 DySec\Step 9 DownloadSelectedBenignPackages\Benign_Packages\libulb-0.1.3.tar.gz,tar,libulb-0.1.3/setup.py,1212,ast,1,1,setuptools
liburing-2024.5.3,D:\10. RQ1 DySec\Step 9 DownloadSelectedBenignPackages\Benign_Packages\liburing-2024.5.3.tar.gz,tar,liburing-2024.5.3/setup.py,3012,ast,6,10,Cython; os; setuptools; shutil; subprocess; tempfile
liburl-0.0.3,D:\10. RQ1 DySec\Step 9 DownloadSelectedBenignPackages\Benign_Packages\liburl-0.0.3.tar.gz,tar,liburl-0.0.3/setup.py,578,ast,1,1,setuptools
libuuid-1.0.0,D:\10. RQ1 DySec\Step 9 DownloadSelectedBenignPackages\Benign_Packages\libuuid-1.0.0.tar.gz,tar,libuuid-1.0.0/setup.py,2529,ast,6,9,Cython; codecs; distutils; glob; os; setuptools
libversion-1.2.4,D:\10. RQ1 DySec\Step 9 DownloadSelectedBenignPackages\Benign_Packages\libversion-1.2.4.tar.gz,tar,libversion-1.2.4/setup.py,3553,ast,5,5,os; setuptools; shlex; subprocess; sys
LibVersioning-0.1.0,D:\10. RQ1 DySec\Step 9 DownloadSelectedBenignPackages\Benign_Packages\LibVersioning-0.1.0.tar.gz,tar,LibVersioning-0.1.0/setup.py,485,ast,1,1,setuptools
libvis-0.1.3,D:\10. RQ1 DySec\Step 9 DownloadSelectedBenignPackages\Benign_Packages\libvis-0.1.3.tar.gz,tar,libvis-0.1.3/setup.py,1395,ast,2,2,os; setuptools
libvisualwebarena-0.0.7,D:\10. RQ1 DySec\Step 9 DownloadSelectedBenignPackages\Benign_Packages\libvisualwebarena-0.0.7.tar.gz,tar,libvisualwebarena-0.0.7/setup.py,68,ast,1,1,setuptools
libvsapm-python-20240503,D:\10. RQ1 DySec\Step 9 DownloadSelectedBenignPackages\Benign_Packages\libvsapm-python-20240503.tar.gz,tar,libvsapm-20240503/setup.py,9278,ast,15,18,__future__; copy; datetime; distutils; glob; gzip; os; platform; setuptools; shlex; shutil; subprocess; sys; tarfile; zipfile
libvxe_py-0.2,D:\10. RQ1 DySec\Step 9 DownloadSelectedBenignPackages\Benign_Packages\libvxe_py-0.2.tar.gz,tar,libvxe_py-0.2/setup.py,351,ast,1,1,setuptools
libwinmedia-1.0.1,D:\10. RQ1 DySec\Step 9 DownloadSelectedBenignPackages\Benign_Packages\libwinmedia-1.0.1.tar.gz,tar,libwinmedia-1.0.1/setup.py,1042,ast,1,1,setuptools
libwsgi-0.13.2,D:\10. RQ1 DySec\Step 9 DownloadSelectedBenignPackages\Benign_Packages\libwsgi-0.13.2.tar.gz,tar,libwsgi-0.13.2/setup.py,947,ast,1,1,setuptools
libxbydragon-0.0.2,D:\10. RQ1 DySec\Step 9 DownloadSelectedBenignPackages\Benign_Packages\libxbydragon-0.0.2.tar.gz,tar,libxbydragon-0.0.2/setup.py,689,ast,1,1,setuptools
lick-0.6.0,D:\10. RQ1 DySec\Step 9 DownloadSelectedBenignPackages\Benign_Packages\lick-0.6.0.tar.gz,tar,lick-0.6.0/setup.py,665,ast,4,4,Cython; distutils; numpy; setuptools
lifeproof-0.0.1,D:\10. RQ1 DySec\Step 9 DownloadSelectedBenignPackages\Benign_Packages\lifeproof-0.0.1.tar.gz,tar,lifeproof-0.0.1/setup.py,1588,ast,2,2,os; setuptools
ligament-0.0.7.dev,D:\10. RQ1 DySec\Step 9 DownloadSelectedBenignPackages\Benign_Packages\ligament-0.0.7.dev.tar.gz,tar,ligament-0.0.7.dev/setup.py,1352,ast,3,3,codecs; os; setuptools
lightmgb-1.0.0,D:\10. RQ1 DySec\Step 9 DownloadSelectedBenignPackages\Benign_Packages\lightmgb-1.0.0.tar.gz,tar,lightmgb-1.0.0/setup.py,1052,ast,2,2,pathlib; setuptools
lightspot-1.0b2,D:\10. RQ1 DySec\Step 9 DownloadSelectedBenignPackages\Benign_Packages\lightspot-1.0b2.tar.gz,tar,lightspot-1.0b2/setup.py,3829,ast,6,8,os; pybind11; re; setuptools; sys; tempfile
lightxdb-1.1,D:\10. RQ1 DySec\Step 9 DownloadSelectedBenignPackages\Benign_Packages\lightxdb-1.1.tar.gz,tar,lightxdb-1.1/setup.py,1858,ast,1,1,distutils
ligo-requests-0.0.1,D:\10. RQ1 DySec\Step 9 DownloadSelectedBenignPackages\Benign_Packages\ligo-requests-0.0.1.tar.gz,tar,ligo-requests-0.0.1/setup.py,617,ast,4,4,pkg_resources; setuptools; sys; versioneer
lilyponddist-1.0.1,D:\10. RQ1 DySec\Step 9 DownloadSelectedBenignPackages\Benign_Packages\lilyponddist-1.0.1.tar.gz,tar,lilyponddist-1.0.1/setup.py,721,ast,4,4,os; setuptools; subprocess; sys
limalist,D:\10. RQ1 DySec\Step 9 DownloadSelectedBenignPackages\Benign_Packages\limalist.tar.gz,tar,setup.py,38,ast,1,1,setuptools
limitless-0.0.2,D:\10. RQ1 DySec\Step 9 DownloadSelectedBenignPackages\Benign_Packages\limitless-0.0.2.tar.gz,tar,limitless-0.0.2/setup.py,994,ast,1,1,setuptools
limitys-2022.9.25,D:\10. RQ1 DySec\Step 9 DownloadSelectedBenignPackages\Benign_Packages\limitys-2022.9.25.tar.gz,tar,limitys-2022.9.25/setup.py,38,ast,1,1,setuptools
lin-algebra-1.0.5,D:\10. RQ1 DySec\Step 9 DownloadSelectedBenignPackages\Benign_Packages\lin-algebra-1.0.5.tar.gz,tar,lin-algebra-1.0.5/setup.py,39,ast,1,1,setuptools
lind-0.0.14,D:\10. RQ1 DySec\Step 9 DownloadSelectedBenignPackages\Benign_Packages\lind-0.0.14.tar.gz,tar,lind-0.0.14/setup.py,2237,ast,3,3,os; setuptools; versioneer
lindle-1.0.0,D:\10. RQ1 DySec\Step 9 DownloadSelectedBenignPackages\Benign_Packages\lindle-1.0.0.tar.gz,tar,lindle-1.0.0/setup.py,715,ast,1,1,setuptools
linefreq-0.2.2,D:\10. RQ1 DySec\Step 9 DownloadSelectedBenignPackages\Benign_Packages\linefreq-0.2.2.tar.gz,tar,linefreq-0.2.2/setup.py,748,ast,1,1,setuptools
linelib-2.2.6,D:\10. RQ1 DySec\Step 9 DownloadSelectedBenignPackages\Benign_Packages\linelib-2.2.6.tar.gz,tar,linelib-2.2.6/setup.py,1050,ast,1,1,distutils
lineproto-0.2.1,D:\10. RQ1 DySec\Step 9 DownloadSelectedBenignPackages\Benign_Packages\lineproto-0.2.1.tar.gz,tar,lineproto-0.2.1/setup.py,850,ast,1,1,distutils
lingpy-2.6.9,D:\10. RQ1 DySec\Step 9 DownloadSelectedBenignPackages\Benign_Packages\lingpy-2.6.9.tar.gz,tar,lingpy-2.6.9/setup.py,2156,ast,1,1,setuptools
linguadoc-0.1.5,D:\10. RQ1 DySec\Step 9 DownloadSelectedBenignPackages\Benign_Packages\linguadoc-0.1.5.tar.gz,tar,linguadoc-0.1.5/setup.py,2467,ast,1,1,setuptools
linguistics-2022.5.8,D:\10. RQ1 DySec\Step 9 DownloadSelectedBenignPackages\Benign_Packages\linguistics-2022.5.8.tar.gz,tar,linguistics-2022.5.8/setup.py,1345,ast,3,3,os; setuptools; spacy
linkedin_cv-0.1.1,D:\10. RQ1 DySec\Step 9 DownloadSelectedBenignPackages\Benign_Packages\linkedin_cv-0.1.1.tar.gz,tar,linkedin_cv-0.1.1/setup.py,1518,ast,1,1,setuptools
linkedin_scraper-2.9.2,D:\10. RQ1 DySec\Step 9 DownloadSelectedBenignPackages\Benign_Packages\linkedin_scraper-2.9.2.tar.gz,tar,linkedin_scraper-2.9.2/setup.py,1175,ast,4,4,codecs; os; re; setuptools
linkedin_user_scrape-1.0.6,D:\10. RQ1 DySec\Step 9 DownloadSelectedBenignPackages\Benign_Packages\linkedin_user_scrape-1.0.6.tar.gz,tar,linkedin_user_scrape-1.0.6/setup.py,844,ast,2,2,pathlib; setuptools
linkzilla-0.1.5,D:\10. RQ1 DySec\Step 9 DownloadSelectedBenignPackages\Benign_Packages\linkzilla-0.1.5.tar.gz,tar,linkzilla-0.1.5/setup.py,1573,ast,2,2,os; setuptools
linode-0.4,D:\10. RQ1 DySec\Step 9 DownloadSelectedBenignPackages\Benign_Packages\linode-0.4.tar.gz,tar,linode-0.4/setup.py,394,ast,1,1,setuptools
linuxp-plugin-1.0.3,D:\10. RQ1 DySec\Step 9 DownloadSelectedBenignPackages\Benign_Packages\linuxp-plugin-1.0.3.tar.gz,tar,linuxp-plugin-1.0.3/setup.py,1548,ast,2,3,linux_profile_plugin; setuptools
lipidhandler-0.0.6,D:\10. RQ1 DySec\Step 9 DownloadSelectedBenignPackages\Benign_Packages\lipidhandler-0.0.6.tar.gz,tar,lipidhandler-0.0.6/setup.py,1004,ast,2,2,os; setuptools
lipisha-0.3.0,D:\10. RQ1 DySec\Step 9 DownloadSelectedBenignPackages\Benign_Packages\lipisha-0.3.0.tar.gz,tar,lipisha-0.3.0/setup.py,1722,ast,2,2,distutils; setuptools
lipostdate-0.0.1,D:\10. RQ1 DySec\Step 9 DownloadSelectedBenignPackages\Benign_Packages\lipostdate-0.0.1.tar.gz,tar,lipostdate-0.0.1/setup.py,1461,ast,1,1,setuptools
lisatools-0.5.1,D:\10. RQ1 DySec\Step 9 DownloadSelectedBenignPackages\Benign_Packages\lisatools-0.5.1.tar.gz,tar,lisatools-0.5.1/setup.py,2088,ast,1,1,setuptools
liscraper-0.2.3,D:\10. RQ1 DySec\Step 9 DownloadSelectedBenignPackages\Benign_Packages\liscraper-0.2.3.tar.gz,tar,liscraper-0.2.3/setup.py,682,ast,1,1,setuptools
listful-0.3.0,D:\10. RQ1 DySec\Step 9 DownloadSelectedBenignPackages\Benign_Packages\listful-0.3.0.tar.gz,tar,listful-0.3.0/setup.py,5218,ast,1,1,setuptools
listinfo-1.0,D:\10. RQ1 DySec\Step 9 DownloadSelectedBenignPackages\Benign_Packages\listinfo-1.0.tar.gz,tar,listinfo-1.0/setup.py,1240,ast,1,1,setuptools
listPrint-1.0.0,D:\10. RQ1 DySec\Step 9 DownloadSelectedBenignPackages\Benign_Packages\listPrint-1.0.0.zip,zip,listPrint-1.0.0/setup.py,277,ast,1,1,distutils
listsprint-1.3.0,D:\10. RQ1 DySec\Step 9 DownloadSelectedBenignPackages\Benign_Packages\listsprint-1.3.0.zip,zip,listsprint-1.3.0/setup.py,337,ast,1,1,distutils
listupy-0.1.0,D:\10. RQ1 DySec\Step 9 DownloadSelectedBenignPackages\Benign_Packages\listupy-0.1.0.tar.gz,tar,listupy-0.1.0/setup.py,984,ast,2,2,ezpip; setuptools
litecoder-0.3.2,D:\10. RQ1 DySec\Step 9 DownloadSelectedBenignPackages\Benign_Packages\litecoder-0.3.2.tar.gz,tar,litecoder-0.3.2/setup.py,1009,ast,1,1,setuptools
litedram-2023.8,D:\10. RQ1 DySec\Step 9 DownloadSelectedBenignPackages\Benign_Packages\litedram-2023.8.tar.gz,tar,litedram-2023.8/setup.py,1424,ast,1,2,setuptools
litegrade-0.0.62,D:\10. RQ1 DySec\Step 9 DownloadSelectedBenignPackages\Benign_Packages\litegrade-0.0.62.tar.gz,tar,litegrade-0.0.62/setup.py,792,ast,1,1,setuptools
litepipeline-0.1.5,D:\10. RQ1 DySec\Step 9 DownloadSelectedBenignPackages\Benign_Packages\litepipeline-0.1.5.tar.gz,tar,litepipeline-0.1.5/setup.py,1979,ast,2,2,litepipeline; setuptools
litstudy-1.0.6,D:\10. RQ1 DySec\Step 9 DownloadSelectedBenignPackages\Benign_Packages\litstudy-1.0.6.tar.gz,tar,litstudy-1.0.6/setup.py,77,ast,1,1,setuptools
liupengpypi-0.0.1,D:\10. RQ1 DySec\Step 9 DownloadSelectedBenignPackages\Benign_Packages\liupengpypi-0.0.1.tar.gz,tar,liupengpypi-0.0.1/setup.py,1558,ast,4,4,codecs; distutils; os; setuptools
liveandletdie-0.0.9,D:\10. RQ1 DySec\Step 9 DownloadSelectedBenignPackages\Benign_Packages\liveandletdie-0.0.9.tar.gz,tar,liveandletdie-0.0.9/setup.py,1648,ast,2,2,os; setuptools
liveisstracker-1.1.9,D:\10. RQ1 DySec\Step 9 DownloadSelectedBenignPackages\Benign_Packages\liveisstracker-1.1.9.tar.gz,tar,liveisstracker-1.1.9/setup.py,1315,ast,3,3,io; os; setuptools
livepng-0.1.7,D:\10. RQ1 DySec\Step 9 DownloadSelectedBenignPackages\Benign_Packages\livepng-0.1.7.tar.gz,tar,livepng-0.1.7/setup.py,1422,ast,1,1,distutils
liveproxy-2.0.0,D:\10. RQ1 DySec\Step 9 DownloadSelectedBenignPackages\Benign_Packages\liveproxy-2.0.0.tar.gz,tar,liveproxy-2.0.0/setup.py,2011,ast,4,4,codecs; os; re; setuptools
livepy-0.0.1,D:\10. RQ1 DySec\Step 9 DownloadSelectedBenignPackages\Benign_Packages\livepy-0.0.1.tar.gz,tar,livepy-0.0.1/setup.py,691,ast,1,1,setuptools
liver-0.5.6,D:\10. RQ1 DySec\Step 9 DownloadSelectedBenignPackages\Benign_Packages\liver-0.5.6.tar.gz,tar,liver-0.5.6/setup.py,1452,ast,1,1,setuptools
livereload-2.7.0,D:\10. RQ1 DySec\Step 9 DownloadSelectedBenignPackages\Benign_Packages\livereload-2.7.0.tar.gz,tar,livereload-2.7.0/setup.py,2020,ast,2,2,re; setuptools
livestreamer-1.9.0,D:\10. RQ1 DySec\Step 9 DownloadSelectedBenignPackages\Benign_Packages\livestreamer-1.9.0.tar.gz,tar,livestreamer-1.9.0/setup.py,2436,ast,3,4,os; setuptools; sys
livetrader-0.1,D:\10. RQ1 DySec\Step 9 DownloadSelectedBenignPackages\Benign_Packages\livetrader-0.1.tar.gz,tar,livetrader-0.1/setup.py,670,ast,1,1,setuptools
liyc_hand_superset-0.0.0,D:\10. RQ1 DySec\Step 9 DownloadSelectedBenignPackages\Benign_Packages\liyc_hand_superset-0.0.0.tar.gz,tar,liyc_hand_superset-0.0.0/setup.py,2081,ast,6,6,io; json; os; setuptools; subprocess; sys
llb3d-0.0.3,D:\10. RQ1 DySec\Step 9 DownloadSelectedBenignPackages\Benign_Packages\llb3d-0.0.3.tar.gz,tar,llb3d-0.0.3/setup.py,5957,ast,6,7,os; pathlib; setuptools; subprocess; sys; textwrap
llmanalyst-0.0.1,D:\10. RQ1 DySec\Step 9 DownloadSelectedBenignPackages\Benign_Packages\llmanalyst-0.0.1.tar.gz,tar,llmanalyst-0.0.1/setup.py,931,ast,1,1,setuptools
llmint-0.0.4,D:\10. RQ1 DySec\Step 9 DownloadSelectedBenignPackages\Benign_Packages\llmint-0.0.4.tar.gz,tar,llmint-0.0.4/setup.py,414,ast,1,1,setuptools
llvm_installer-1.4.7,D:\10. RQ1 DySec\Step 9 DownloadSelectedBenignPackages\Benign_Packages\llvm_installer-1.4.7.tar.gz,tar,llvm_installer-1.4.7/setup.py,2235,ast,2,3,os; setuptools
llvmlite-0.43.0,D:\10. RQ1 DySec\Step 9 DownloadSelectedBenignPackages\Benign_Packages\llvmlite-0.43.0.tar.gz,tar,llvmlite-0.43.0/setup.py,6911,ast,7,17,distutils; llvmlite; os; setuptools; sys; versioneer; wheel
lmfinstall-1.6.7,D:\10. RQ1 DySec\Step 9 DownloadSelectedBenignPackages\Benign_Packages\lmfinstall-1.6.7.zip,zip,lmfinstall-1.6.7/setup.py,1494,ast,3,3,__future__; setuptools; sys
lmproof-0.3.0,D:\10. RQ1 DySec\Step 9 DownloadSelectedBenignPackages\Benign_Packages\lmproof-0.3.0.tar.gz,tar,lmproof-0.3.0/setup.py,3278,ast,1,1,setuptools
lmstudio_api-1.0.1,D:\10. RQ1 DySec\Step 9 DownloadSelectedBenignPackages\Benign_Packages\lmstudio_api-1.0.1.tar.gz,tar,lmstudio_api-1.0.1/setup.py,660,ast,1,1,setuptools
load_MySQL-2.0,D:\10. RQ1 DySec\Step 9 DownloadSelectedBenignPackages\Benign_Packages\load_MySQL-2.0.tar.gz,tar,load_MySQL-2.0/setup.py,1207,ast,2,2,setuptools; typing
loadlab-0.1.0,D:\10. RQ1 DySec\Step 9 DownloadSelectedBenignPackages\Benign_Packages\loadlab-0.1.0.tar.gz,tar,loadlab-0.1.0/setup.py,1324,ast,1,1,setuptools
loadlamb-0.5.8,D:\10. RQ1 DySec\Step 9 DownloadSelectedBenignPackages\Benign_Packages\loadlamb-0.5.8.tar.gz,tar,loadlamb-0.5.8/setup.py,1714,ast,1,1,distutils
loadshape-0.2.1,D:\10. RQ1 DySec\Step 9 DownloadSelectedBenignPackages\Benign_Packages\loadshape-0.2.1.tar.gz,tar,loadshape-0.2.1/setup.py,3110,ast,3,3,os; setuptools; subprocess
local_reload-1.2.4,D:\10. RQ1 DySec\Step 9 DownloadSelectedBenignPackages\Benign_Packages\local_reload-1.2.4.tar.gz,tar,local_reload-1.2.4/setup.py,848,ast,1,1,setuptools
localdeps-0.0.2,D:\10. RQ1 DySec\Step 9 DownloadSelectedBenignPackages\Benign_Packages\localdeps-0.0.2.tar.gz,tar,localdeps-0.0.2/setup.py,1065,ast,2,2,os; setuptools
localhttps-0.4.1,D:\10. RQ1 DySec\Step 9 DownloadSelectedBenignPackages\Benign_Packages\localhttps-0.4.1.tar.gz,tar,localhttps-0.4.1/setup.py,941,ast,1,1,setuptools
Localization-0.1.7,D:\10. RQ1 DySec\Step 9 DownloadSelectedBenignPackages\Benign_Packages\Localization-0.1.7.tar.gz,tar,Localization-0.1.7/setup.py,442,ast,2,2,distutils; setuptools
locate-1.1.1,D:\10. RQ1 DySec\Step 9 DownloadSelectedBenignPackages\Benign_Packages\locate-1.1.1.tar.gz,tar,locate-1.1.1/setup.py,867,ast,1,1,setuptools
locatebash-9,D:\10. RQ1 DySec\Step 9 DownloadSelectedBenignPackages\Benign_Packages\locatebash-9.tar.gz,tar,locatebash-9/setup.py,937,ast,1,1,setuptools
lockfile-0.12.2,D:\10. RQ1 DySec\Step 9 DownloadSelectedBenignPackages\Benign_Packages\lockfile-0.12.2.tar.gz,tar,lockfile-0.12.2/setup.py,1028,ast,2,2,multiprocessing; setuptools
loft-0.0.3,D:\10. RQ1 DySec\Step 9 DownloadSelectedBenignPackages\Benign_Packages\loft-0.0.3.tar.gz,tar,loft-0.0.3/setup.py,1294,ast,3,3,platform; setuptools; sys
lofter_utils-0.1.4,D:\10. RQ1 DySec\Step 9 DownloadSelectedBenignPackages\Benign_Packages\lofter_utils-0.1.4.tar.gz,tar,lofter_utils-0.1.4/setup.py,771,ast,1,1,setuptools
log2http-0.1.1,D:\10. RQ1 DySec\Step 9 DownloadSelectedBenignPackages\Benign_Packages\log2http-0.1.1.tar.gz,tar,log2http-0.1.1/setup.py,1091,ast,1,1,setuptools
logcraft-0.0.1.post1,D:\10. RQ1 DySec\Step 9 DownloadSelectedBenignPackages\Benign_Packages\logcraft-0.0.1.post1.tar.gz,tar,logcraft-0.0.1.post1/setup.py,1440,ast,2,2,logcraft; setuptools
logdiv-0.0.2.7,D:\10. RQ1 DySec\Step 9 DownloadSelectedBenignPackages\Benign_Packages\logdiv-0.0.2.7.tar.gz,tar,logdiv-0.0.2.7/setup.py,579,ast,1,1,setuptools
logdna-1.9.0,D:\10. RQ1 DySec\Step 9 DownloadSelectedBenignPackages\Benign_Packages\logdna-1.9.0.tar.gz,tar,logdna-1.9.0/setup.py,1306,ast,2,2,os; setuptools
logger_color-0.0.8,D:\10. RQ1 DySec\Step 9 DownloadSelectedBenignPackages\Benign_Packages\logger_color-0.0.8.tar.gz,tar,logger_color-0.0.8/setup.py,1318,ast,3,3,logger_color; pathlib; setuptools
loggly-search-0.1.0,D:\10. RQ1 DySec\Step 9 DownloadSelectedBenignPackages\Benign_Packages\loggly-search-0.1.0.tar.gz,tar,loggly-search-0.1.0/setup.py,1543,ast,1,1,setuptools
loggui-0.2.5,D:\10. RQ1 DySec\Step 9 DownloadSelectedBenignPackages\Benign_Packages\loggui-0.2.5.tar.gz,tar,loggui-0.2.5/setup.py,716,ast,1,1,setuptools
logic-0.2.3,D:\10. RQ1 DySec\Step 9 DownloadSelectedBenignPackages\Benign_Packages\logic-0.2.3.tar.gz,tar,logic-0.2.3/setup.py,1072,ast,2,2,os; setuptools
logitboost-0.7,D:\10. RQ1 DySec\Step 9 DownloadSelectedBenignPackages\Benign_Packages\logitboost-0.7.tar.gz,tar,logitboost-0.7/setup.py,2467,ast,3,3,pathlib; re; setuptools
loglib-1.2.1,D:\10. RQ1 DySec\Step 9 DownloadSelectedBenignPackages\Benign_Packages\loglib-1.2.1.tar.gz,tar,loglib-1.2.1/setup.py,810,ast,2,2,os; setuptools
logload-0.1.1,D:\10. RQ1 DySec\Step 9 DownloadSelectedBenignPackages\Benign_Packages\logload-0.1.1.tar.gz,tar,logload-0.1.1/setup.py,1153,ast,2,2,os; setuptools
logorama-0.0.3,D:\10. RQ1 DySec\Step 9 DownloadSelectedBenignPackages\Benign_Packages\logorama-0.0.3.tar.gz,tar,logorama-0.0.3/setup.py,489,ast,2,2,logorama; setuptools
logpandas-0.0.1,D:\10. RQ1 DySec\Step 9 DownloadSelectedBenignPackages\Benign_Packages\logpandas-0.0.1.tar.gz,tar,logpandas-0.0.1/setup.py,2144,ast,2,2,os; setuptools
logtrek-0.0.1.9,D:\10. RQ1 DySec\Step 9 DownloadSelectedBenignPackages\Benign_Packages\logtrek-0.0.1.9.tar.gz,tar,logtrek-0.0.1.9/setup.py,911,ast,3,3,codecs; os; setuptools
loguru-0.7.2,D:\10. RQ1 DySec\Step 9 DownloadSelectedBenignPackages\Benign_Packages\loguru-0.7.2.tar.gz,tar,loguru-0.7.2/setup.py,3764,ast,3,3,distutils; re; setuptools
lol_scraper-0.2.1,D:\10. RQ1 DySec\Step 9 DownloadSelectedBenignPackages\Benign_Packages\lol_scraper-0.2.1.tar.gz,tar,lol_scraper-0.2.1/setup.py,1267,ast,1,1,setuptools
LOLComicGrabber-0.0.5,D:\10. RQ1 DySec\Step 9 DownloadSelectedBenignPackages\Benign_Packages\LOLComicGrabber-0.0.5.tar.gz,tar,LOLComicGrabber-0.0.5/setup.py,786,ast,1,1,setuptools
lolcut-0.1.0,D:\10. RQ1 DySec\Step 9 DownloadSelectedBenignPackages\Benign_Packages\lolcut-0.1.0.tar.gz,tar,lolcut-0.1.0/setup.py,1684,ast,2,2,ez_setup; setuptools
loleventdata-0.2.0,D:\10. RQ1 DySec\Step 9 DownloadSelectedBenignPackages\Benign_Packages\loleventdata-0.2.0.tar.gz,tar,loleventdata-0.2.0/setup.py,861,ast,3,3,os; setuptools; sys
lomosplit-1.0.0,D:\10. RQ1 DySec\Step 9 DownloadSelectedBenignPackages\Benign_Packages\lomosplit-1.0.0.tar.gz,tar,lomosplit-1.0.0/setup.py,541,ast,1,1,setuptools
longurl-0.1,D:\10. RQ1 DySec\Step 9 DownloadSelectedBenignPackages\Benign_Packages\longurl-0.1.zip,zip,longurl-0.1/setup.py,1165,ast,1,1,distutils
lookeng-0.0.1,D:\10. RQ1 DySec\Step 9 DownloadSelectedBenignPackages\Benign_Packages\lookeng-0.0.1.tar.gz,tar,lookeng-0.0.1/setup.py,1244,ast,1,1,setuptools
looker_sdk-24.16.2,D:\10. RQ1 DySec\Step 9 DownloadSelectedBenignPackages\Benign_Packages\looker_sdk-24.16.2.tar.gz,tar,looker_sdk-24.16.2/setup.py,2163,ast,1,1,setuptools
loosers-0.0.12,D:\10. RQ1 DySec\Step 9 DownloadSelectedBenignPackages\Benign_Packages\loosers-0.0.12.tar.gz,tar,loosers-0.0.12/setup.py,254,ast,2,2,io; setuptools
lorekeeper-0.0.2,D:\10. RQ1 DySec\Step 9 DownloadSelectedBenignPackages\Benign_Packages\lorekeeper-0.0.2.tar.gz,tar,lorekeeper-0.0.2/setup.py,821,ast,1,1,distutils
lorentz-0.0.1,D:\10. RQ1 DySec\Step 9 DownloadSelectedBenignPackages\Benign_Packages\lorentz-0.0.1.tar.gz,tar,lorentz-0.0.1/setup.py,255,ast,1,1,setuptools
loter-1.0.1,D:\10. RQ1 DySec\Step 9 DownloadSelectedBenignPackages\Benign_Packages\loter-1.0.1.tar.gz,tar,loter-1.0.1/setup.py,2101,ast,5,6,distutils; glob; os; setuptools; sys
lotore-0.2,D:\10. RQ1 DySec\Step 9 DownloadSelectedBenignPackages\Benign_Packages\lotore-0.2.tar.gz,tar,lotore-0.2/setup.py,293,ast,1,1,setuptools
lowpy-0.4.3,D:\10. RQ1 DySec\Step 9 DownloadSelectedBenignPackages\Benign_Packages\lowpy-0.4.3.tar.gz,tar,lowpy-0.4.3/setup.py,730,ast,1,1,setuptools
LPCTorch-0.1.4,D:\10. RQ1 DySec\Step 9 DownloadSelectedBenignPackages\Benign_Packages\LPCTorch-0.1.4.tar.gz,tar,LPCTorch-0.1.4/setup.py,1160,ast,4,4,io; json; os; setuptools
lsf_stats-0.3.0,D:\10. RQ1 DySec\Step 9 DownloadSelectedBenignPackages\Benign_Packages\lsf_stats-0.3.0.tar.gz,tar,lsf_stats-0.3.0/setup.py,2838,ast,1,1,setuptools
lsq_linear-0.1.0,D:\10. RQ1 DySec\Step 9 DownloadSelectedBenignPackages\Benign_Packages\lsq_linear-0.1.0.tar.gz,tar,lsq_linear-0.1.0/setup.py,916,ast,1,1,distutils
ltipinfo-1.6.0,D:\10. RQ1 DySec\Step 9 DownloadSelectedBenignPackages\Benign_Packages\ltipinfo-1.6.0.tar.gz,tar,ltipinfo-1.6.0/setup.py,835,ast,1,1,setuptools
lucifer-1.3,D:\10. RQ1 DySec\Step 9 DownloadSelectedBenignPackages\Benign_Packages\lucifer-1.3.tar.gz,tar,lucifer-1.3/setup.py,708,ast,2,2,os; setuptools
luckstring-1.0.0,D:\10. RQ1 DySec\Step 9 DownloadSelectedBenignPackages\Benign_Packages\luckstring-1.0.0.tar.gz,tar,luckstring-1.0.0/setup.py,1082,ast,4,4,luckdog; os; setuptools; sys
luigi-td-0.6.9,D:\10. RQ1 DySec\Step 9 DownloadSelectedBenignPackages\Benign_Packages\luigi-td-0.6.9.tar.gz,tar,luigi-td-0.6.9/setup.py,772,ast,1,1,setuptools
lumberpy-0.1.0,D:\10. RQ1 DySec\Step 9 DownloadSelectedBenignPackages\Benign_Packages\lumberpy-0.1.0.tar.gz,tar,lumberpy-0.1.0/setup.py,1347,ast,1,1,setuptools
luoluo-1.0,D:\10. RQ1 DySec\Step 9 DownloadSelectedBenignPackages\Benign_Packages\luoluo-1.0.tar.gz,tar,luoluo-1.0/setup.py,1158,ast,3,3,__future__; luoluo; setuptools
lupin_utils-0.2.9,D:\10. RQ1 DySec\Step 9 DownloadSelectedBenignPackages\Benign_Packages\lupin_utils-0.2.9.tar.gz,tar,lupin_utils-0.2.9/setup.py,636,ast,1,1,setuptools
lurklib-1.0.1,D:\10. RQ1 DySec\Step 9 DownloadSelectedBenignPackages\Benign_Packages\lurklib-1.0.1.tar.gz,tar,lurklib-1.0.1/setup.py,1058,ast,2,2,distutils; lurklib
lutra-0.0.0.dev0,D:\10. RQ1 DySec\Step 9 DownloadSelectedBenignPackages\Benign_Packages\lutra-0.0.0.dev0.tar.gz,tar,lutra-0.0.0.dev0/setup.py,357,ast,1,1,distutils
lutstrings-0.1.4,D:\10. RQ1 DySec\Step 9 DownloadSelectedBenignPackages\Benign_Packages\lutstrings-0.1.4.tar.gz,tar,lutstrings-0.1.4/setup.py,646,ast,2,2,pathlib; setuptools
lvmc-0.1,D:\10. RQ1 DySec\Step 9 DownloadSelectedBenignPackages\Benign_Packages\lvmc-0.1.tar.gz,tar,lvmc-0.1/setup.py,405,ast,1,1,setuptools
lxml-5.3.0,D:\10. RQ1 DySec\Step 9 DownloadSelectedBenignPackages\Benign_Packages\lxml-5.3.0.tar.gz,tar,lxml-5.3.0/setup.py,10039,ast,10,11,distutils; fnmatch; os; pkg_resources; re; setupinfo; setuptools; sys; test; versioninfo
lyft-logging-9999.9999.9999,D:\10. RQ1 DySec\Step 9 DownloadSelectedBenignPackages\Benign_Packages\lyft-logging-9999.9999.9999.tar.gz,tar,lyft-logging-9999.9999.9999/setup.py,281,ast,2,2,os; setuptools
lz4-4.3.3,D:\10. RQ1 DySec\Step 9 DownloadSelectedBenignPackages\Benign_Packages\lz4-4.3.3.tar.gz,tar,lz4-4.3.3/setup.py,6129,ast,4,6,os; pkgconfig; setuptools; sys
m-validator-0.1,D:\10. RQ1 DySec\Step 9 DownloadSelectedBenignPackages\Benign_Packages\m-validator-0.1.tar.gz,tar,m-validator-0.1/setup.py,670,ast,3,3,distutils; os; setuptools
m2crypto-0.42.0,D:\10. RQ1 DySec\Step 9 DownloadSelectedBenignPackages\Benign_Packages\m2crypto-0.42.0.tar.gz,tar,m2crypto-0.42.0/setup.py,10831,ast,13,17,ctypes; distutils; glob; logging; os; platform; re; setuptools; shlex; shutil; subprocess; sys; typing
m_client-0.0.1,D:\10. RQ1 DySec\Step 9 DownloadSelectedBenignPackages\Benign_Packages\m_client-0.0.1.tar.gz,tar,m_client-0.0.1/client/setup.py,303,ast,1,1,setuptools
m_client-0.0.1,D:\10. RQ1 DySec\Step 9 DownloadSelectedBenignPackages\Benign_Packages\m_client-0.0.1.tar.gz,tar,m_client-0.0.1/server/setup.py,302,ast,1,1,setuptools
m_lib-3.1.0.post2,D:\10. RQ1 DySec\Step 9 DownloadSelectedBenignPackages\Benign_Packages\m_lib-3.1.0.post2.tar.gz,tar,m_lib-3.1.0.post2/setup.py,2090,ast,1,1,setuptools
macleod-0.2.8,D:\10. RQ1 DySec\Step 9 DownloadSelectedBenignPackages\Benign_Packages\macleod-0.2.8.tar.gz,tar,macleod-0.2.8/macleod/setup.py,1757,ast,1,2,setuptools
madgrad-1.3,D:\10. RQ1 DySec\Step 9 DownloadSelectedBenignPackages\Benign_Packages\madgrad-1.3.tar.gz,tar,madgrad-1.3/setup.py,845,ast,1,1,setuptools
maestral-gui-0.1,D:\10. RQ1 DySec\Step 9 DownloadSelectedBenignPackages\Benign_Packages\maestral-gui-0.1.tar.gz,tar,maestral-gui-0.1/setup.py,1072,ast,1,1,setuptools
magame-0.0.6,D:\10. RQ1 DySec\Step 9 DownloadSelectedBenignPackages\Benign_Packages\magame-0.0.6.tar.gz,tar,magame-0.0.6/magame/setup.py,589,ast,1,1,setuptools
magame-0.0.6,D:\10. RQ1 DySec\Step 9 DownloadSelectedBenignPackages\Benign_Packages\magame-0.0.6.tar.gz,tar,magame-0.0.6/setup.py,622,ast,1,1,setuptools
mahdixssss-0.1.6.8,D:\10. RQ1 DySec\Step 9 DownloadSelectedBenignPackages\Benign_Packages\mahdixssss-0.1.6.8.tar.gz,tar,mahdixssss-0.1.6.8/setup.py,1237,ast,1,1,setuptools
make_blue-0.1,D:\10. RQ1 DySec\Step 9 DownloadSelectedBenignPackages\Benign_Packages\make_blue-0.1.tar.gz,tar,make_blue-0.1/setup.py,124,ast,1,1,setuptools
make_colors-3.36,D:\10. RQ1 DySec\Step 9 DownloadSelectedBenignPackages\Benign_Packages\make_colors-3.36.tar.gz,tar,make_colors-3.36/setup.py,1910,ast,5,5,io; make_colors; os; setuptools; shutil
makefun-1.15.4,D:\10. RQ1 DySec\Step 9 DownloadSelectedBenignPackages\Benign_Packages\makefun-1.15.4.tar.gz,tar,makefun-1.15.4/setup.py,1447,ast,3,3,pkg_resources; setuptools; setuptools_scm
makit-lib-1.0.7,D:\10. RQ1 DySec\Step 9 DownloadSelectedBenignPackages\Benign_Packages\makit-lib-1.0.7.tar.gz,tar,makit-lib-1.0.7/setup.py,521,ast,1,1,setuptools
Mako-1.3.5,D:\10. RQ1 DySec\Step 9 DownloadSelectedBenignPackages\Benign_Packages\Mako-1.3.5.tar.gz,tar,Mako-1.3.5/setup.py,38,ast,1,1,setuptools
makrand-0.4.0,D:\10. RQ1 DySec\Step 9 DownloadSelectedBenignPackages\Benign_Packages\makrand-0.4.0.tar.gz,tar,makrand-0.4.0/setup.py,749,ast,2,2,os; setuptools
maliciouspackage-0.5,D:\10. RQ1 DySec\Step 9 DownloadSelectedBenignPackages\Benign_Packages\maliciouspackage-0.5.tar.gz,tar,maliciouspackage-0.5/setup.py,440,ast,2,2,os; setuptools
mallard-1.0.1,D:\10. RQ1 DySec\Step 9 DownloadSelectedBenignPackages\Benign_Packages\mallard-1.0.1.tar.gz,tar,mallard-1.0.1/setup.py,387,ast,1,1,setuptools
mallu-0.1.6,D:\10. RQ1 DySec\Step 9 DownloadSelectedBenignPackages\Benign_Packages\mallu-0.1.6.tar.gz,tar,mallu-0.1.6/setup.py,992,ast,1,1,setuptools
malware-1.0.0,D:\10. RQ1 DySec\Step 9 DownloadSelectedBenignPackages\Benign_Packages\malware-1.0.0.tar.gz,tar,malware-1.0.0/setup.py,618,ast,1,1,setuptools
manda-0.01,D:\10. RQ1 DySec\Step 9 DownloadSelectedBenignPackages\Benign_Packages\manda-0.01.tar.gz,tar,manda-0.01/setup.py,1480,ast,1,1,distutils
manganelo-1.6.1,D:\10. RQ1 DySec\Step 9 DownloadSelectedBenignPackages\Benign_Packages\manganelo-1.6.1.tar.gz,tar,manganelo-1.6.1/setup.py,1199,ast,1,1,setuptools
manhattan_secure-0.1.4,D:\10. RQ1 DySec\Step 9 DownloadSelectedBenignPackages\Benign_Packages\manhattan_secure-0.1.4.tar.gz,tar,manhattan_secure-0.1.4/setup.py,3979,ast,3,3,codecs; os; setuptools
manopot-1.0.0,D:\10. RQ1 DySec\Step 9 DownloadSelectedBenignPackages\Benign_Packages\manopot-1.0.0.tar.gz,tar,manopot-1.0.0/setup.py,447,ast,1,1,setuptools
map-1.3.0,D:\10. RQ1 DySec\Step 9 DownloadSelectedBenignPackages\Benign_Packages\map-1.3.0.tar.gz,tar,map-1.3.0/setup.py,1514,ast,3,3,distutils; os; setuptools
mapping-0.1.6,D:\10. RQ1 DySec\Step 9 DownloadSelectedBenignPackages\Benign_Packages\mapping-0.1.6.tar.gz,tar,mapping-0.1.6/setup.py,1483,ast,2,2,re; setuptools
maps-5.1.1,D:\10. RQ1 DySec\Step 9 DownloadSelectedBenignPackages\Benign_Packages\maps-5.1.1.tar.gz,tar,maps-5.1.1/setup.py,855,ast,1,1,setuptools
mariadb-1.1.9,D:\10. RQ1 DySec\Step 9 DownloadSelectedBenignPackages\Benign_Packages\mariadb-1.1.9.tar.gz,tar,mariadb-1.1.9/setup.py,6348,ast,5,6,configparser; mariadb_posix; mariadb_windows; os; setuptools
marketplace_handler-2.5.3,D:\10. RQ1 DySec\Step 9 DownloadSelectedBenignPackages\Benign_Packages\marketplace_handler-2.5.3.tar.gz,tar,marketplace_handler-2.5.3/setup.py,565,ast,1,1,setuptools
MarkupSafe-2.1.5,D:\10. RQ1 DySec\Step 9 DownloadSelectedBenignPackages\Benign_Packages\MarkupSafe-2.1.5.tar.gz,tar,MarkupSafe-2.1.5/setup.py,2351,ast,5,9,distutils; os; platform; setuptools; sys
mask-string-0.0.4,D:\10. RQ1 DySec\Step 9 DownloadSelectedBenignPackages\Benign_Packages\mask-string-0.0.4.tar.gz,tar,mask-string-0.0.4/setup.py,376,ast,1,1,distutils
maskara-1.0.0,D:\10. RQ1 DySec\Step 9 DownloadSelectedBenignPackages\Benign_Packages\maskara-1.0.0.tar.gz,tar,maskara-1.0.0/setup.py,678,ast,5,6,glob; maskara; os; pkg_resources; setuptools
maskattack.study-1.0.0,D:\10. RQ1 DySec\Step 9 DownloadSelectedBenignPackages\Benign_Packages\maskattack.study-1.0.0.zip,zip,maskattack.study-1.0.0/setup.py,4053,ast,4,4,os; setuptools; vtk; xbob
maskcovid-0.0.3,D:\10. RQ1 DySec\Step 9 DownloadSelectedBenignPackages\Benign_Packages\maskcovid-0.0.3.tar.gz,tar,maskcovid-0.0.3/setup.py,1069,ast,1,1,setuptools
masking-0.0.3,D:\10. RQ1 DySec\Step 9 DownloadSelectedBenignPackages\Benign_Packages\masking-0.0.3.tar.gz,tar,masking-0.0.3/setup.py,908,ast,2,2,os; setuptools
maskingPackage-1.0.9,D:\10. RQ1 DySec\Step 9 DownloadSelectedBenignPackages\Benign_Packages\maskingPackage-1.0.9.tar.gz,tar,maskingPackage-1.0.9/setup.py,243,ast,1,1,setuptools
maskmoment-1.2.0,D:\10. RQ1 DySec\Step 9 DownloadSelectedBenignPackages\Benign_Packages\maskmoment-1.2.0.tar.gz,tar,maskmoment-1.2.0/setup.py,848,ast,1,2,setuptools
maskstr-0.0.1,D:\10. RQ1 DySec\Step 9 DownloadSelectedBenignPackages\Benign_Packages\maskstr-0.0.1.tar.gz,tar,maskstr-0.0.1/setup.py,604,ast,1,1,setuptools
maskurl-1.0.1,D:\10. RQ1 DySec\Step 9 DownloadSelectedBenignPackages\Benign_Packages\maskurl-1.0.1.tar.gz,tar,maskurl-1.0.1/setup.py,1128,ast,2,2,os; setuptools
masosdk-0.0.5,D:\10. RQ1 DySec\Step 9 DownloadSelectedBenignPackages\Benign_Packages\masosdk-0.0.5.tar.gz,tar,masosdk-0.0.5/setup.py,396,ast,1,1,setuptools
mass-0.1.4,D:\10. RQ1 DySec\Step 9 DownloadSelectedBenignPackages\Benign_Packages\mass-0.1.4.tar.gz,tar,mass-0.1.4/setup.py,817,ast,2,2,os; setuptools
massie123-0.0.1,D:\10. RQ1 DySec\Step 9 DownloadSelectedBenignPackages\Benign_Packages\massie123-0.0.1.tar.gz,tar,massie123-0.0.1/setup.py,816,ast,3,3,codecs; os; setuptools
MastoWrapper-1.0.4,D:\10. RQ1 DySec\Step 9 DownloadSelectedBenignPackages\Benign_Packages\MastoWrapper-1.0.4.tar.gz,tar,MastoWrapper-1.0.4/setup.py,1264,ast,1,1,setuptools
mate-wrapper-1.2.1,D:\10. RQ1 DySec\Step 9 DownloadSelectedBenignPackages\Benign_Packages\mate-wrapper-1.2.1.tar.gz,tar,mate-wrapper-1.2.1/setup.py,709,ast,2,2,pathlib; setuptools
Matematica-0.9.3,D:\10. RQ1 DySec\Step 9 DownloadSelectedBenignPackages\Benign_Packages\Matematica-0.9.3.tar.gz,tar,Matematica-0.9.3/setup.py,669,ast,1,1,setuptools
mathter-0.0.2,D:\10. RQ1 DySec\Step 9 DownloadSelectedBenignPackages\Benign_Packages\mathter-0.0.2.tar.gz,tar,mathter-0.0.2/setup.py,651,ast,1,1,setuptools
matplot-0.1.9,D:\10. RQ1 DySec\Step 9 DownloadSelectedBenignPackages\Benign_Packages\matplot-0.1.9.tar.gz,tar,matplot-0.1.9/setup.py,461,ast,1,1,setuptools
matplotlib-hep-0.1.0,D:\10. RQ1 DySec\Step 9 DownloadSelectedBenignPackages\Benign_Packages\matplotlib-hep-0.1.0.tar.gz,tar,matplotlib-hep-0.1.0/setup.py,386,ast,1,1,setuptools
matplotlib-subsets-1.0,D:\10. RQ1 DySec\Step 9 DownloadSelectedBenignPackages\Benign_Packages\matplotlib-subsets-1.0.tar.gz,tar,matplotlib-subsets-1.0/setup.py,1041,ast,1,1,setuptools
matplotlib_ai-1.0.3,D:\10. RQ1 DySec\Step 9 DownloadSelectedBenignPackages\Benign_Packages\matplotlib_ai-1.0.3.tar.gz,tar,matplotlib_ai-1.0.3/setup.py,1002,ast,1,1,setuptools
matplotlib_inline-0.1.7,D:\10. RQ1 DySec\Step 9 DownloadSelectedBenignPackages\Benign_Packages\matplotlib_inline-0.1.7.tar.gz,tar,matplotlib_inline-0.1.7/setup.py,92,ast,0,0,
matplotlii-0.1,D:\10. RQ1 DySec\Step 9 DownloadSelectedBenignPackages\Benign_Packages\matplotlii-0.1.tar.gz,tar,matplotlii-0.1/setup.py,216,ast,1,1,setuptools
matplotlip-0.2,D:\10. RQ1 DySec\Step 9 DownloadSelectedBenignPackages\Benign_Packages\matplotlip-0.2.tar.gz,tar,matplotlip-0.2/setup.py,2633,ast,1,1,setuptools
matplotlylib-0.1.0,D:\10. RQ1 DySec\Step 9 DownloadSelectedBenignPackages\Benign_Packages\matplotlylib-0.1.0.tar.gz,tar,matplotlylib-0.1.0/setup.py,796,ast,2,2,distutils; setuptools
matplotview-1.0.1,D:\10. RQ1 DySec\Step 9 DownloadSelectedBenignPackages\Benign_Packages\matplotview-1.0.1.tar.gz,tar,matplotview-1.0.1/setup.py,1334,ast,1,1,setuptools
mavis-3.1.2,D:\10. RQ1 DySec\Step 9 DownloadSelectedBenignPackages\Benign_Packages\mavis-3.1.2.tar.gz,tar,mavis-3.1.2/setup.py,666,ast,4,4,os; re; setuptools; shutil
maya-0.6.1,D:\10. RQ1 DySec\Step 9 DownloadSelectedBenignPackages\Benign_Packages\maya-0.6.1.tar.gz,tar,maya-0.6.1/setup.py,2780,ast,6,6,codecs; io; os; setuptools; shutil; sys
mayplotlib-0.0.1,D:\10. RQ1 DySec\Step 9 DownloadSelectedBenignPackages\Benign_Packages\mayplotlib-0.0.1.tar.gz,tar,mayplotlib-0.0.1/setup.py,762,ast,1,1,setuptools
mazebox-0.0.3,D:\10. RQ1 DySec\Step 9 DownloadSelectedBenignPackages\Benign_Packages\mazebox-0.0.3.tar.gz,tar,mazebox-0.0.3/setup.py,1489,ast,4,5,io; os; setuptools; sys
mbf_qualitycontrol-0.1,D:\10. RQ1 DySec\Step 9 DownloadSelectedBenignPackages\Benign_Packages\mbf_qualitycontrol-0.1.tar.gz,tar,mbf_qualitycontrol-0.1/setup.py,545,ast,3,3,pkg_resources; setuptools; sys
mbot2-0.0.2,D:\10. RQ1 DySec\Step 9 DownloadSelectedBenignPackages\Benign_Packages\mbot2-0.0.2.tar.gz,tar,mbot2-0.0.2/setup.py,908,ast,2,2,os; setuptools
mcapi-0.3,D:\10. RQ1 DySec\Step 9 DownloadSelectedBenignPackages\Benign_Packages\mcapi-0.3.tar.gz,tar,mcapi-0.3/setup.py,236,ast,1,1,setuptools
mcbackend-0.5.2,D:\10. RQ1 DySec\Step 9 DownloadSelectedBenignPackages\Benign_Packages\mcbackend-0.5.2.tar.gz,tar,mcbackend-0.5.2/setup.py,1374,ast,3,3,pathlib; re; setuptools
mccabe-0.7.0,D:\10. RQ1 DySec\Step 9 DownloadSelectedBenignPackages\Benign_Packages\mccabe-0.7.0.tar.gz,tar,mccabe-0.7.0/setup.py,1722,ast,2,2,__future__; setuptools
mcheck-0.0.2,D:\10. RQ1 DySec\Step 9 DownloadSelectedBenignPackages\Benign_Packages\mcheck-0.0.2.tar.gz,tar,mcheck-0.0.2/setup.py,1520,ast,4,4,codecs; mcheck; os; setuptools
mcpy-pixel-0.0.1,D:\10. RQ1 DySec\Step 9 DownloadSelectedBenignPackages\Benign_Packages\mcpy-pixel-0.0.1.tar.gz,tar,mcpy-pixel-0.0.1/setup.py,1135,ast,1,1,setuptools
mcs_matplotlib-1.0.2,D:\10. RQ1 DySec\Step 9 DownloadSelectedBenignPackages\Benign_Packages\mcs_matplotlib-1.0.2.tar.gz,tar,mcs_matplotlib-1.0.2/setup.py,975,ast,2,2,pathlib; setuptools
mctx-0.0.5,D:\10. RQ1 DySec\Step 9 DownloadSelectedBenignPackages\Benign_Packages\mctx-0.0.5.tar.gz,tar,mctx-0.0.5/setup.py,2636,ast,2,3,os; setuptools
mdns-publisher-0.9.2,D:\10. RQ1 DySec\Step 9 DownloadSelectedBenignPackages\Benign_Packages\mdns-publisher-0.9.2.tar.gz,tar,mdns-publisher-0.9.2/setup.py,1330,ast,2,2,os; setuptools
mdrs-0.0.1,D:\10. RQ1 DySec\Step 9 DownloadSelectedBenignPackages\Benign_Packages\mdrs-0.0.1.tar.gz,tar,mdrs-0.0.1/setup.py,218,ast,1,1,setuptools
mds-sqlextension-0.1.8,D:\10. RQ1 DySec\Step 9 DownloadSelectedBenignPackages\Benign_Packages\mds-sqlextension-0.1.8.tar.gz,tar,mds-sqlextension-0.1.8/setup.py,1549,ast,4,4,codecs; os; re; setuptools
measuregreencode-1.2.0,D:\10. RQ1 DySec\Step 9 DownloadSelectedBenignPackages\Benign_Packages\measuregreencode-1.2.0.tar.gz,tar,measuregreencode-1.2.0/setup.py,494,ast,1,1,distutils
measurements-0.1.1.dev67,D:\10. RQ1 DySec\Step 9 DownloadSelectedBenignPackages\Benign_Packages\measurements-0.1.1.dev67.tar.gz,tar,measurements-0.1.1.dev67/setup.py,2783,ast,3,3,os; setuptools; setuptools_scm
medcv-1.0.0,D:\10. RQ1 DySec\Step 9 DownloadSelectedBenignPackages\Benign_Packages\medcv-1.0.0.tar.gz,tar,medcv-1.0.0/setup.py,1149,ast,2,3,os; setuptools
mediatimestamp-5.0.0,D:\10. RQ1 DySec\Step 9 DownloadSelectedBenignPackages\Benign_Packages\mediatimestamp-5.0.0.tar.gz,tar,mediatimestamp-5.0.0/setup.py,1926,ast,1,1,setuptools
medpos-0.0.0.2,D:\10. RQ1 DySec\Step 9 DownloadSelectedBenignPackages\Benign_Packages\medpos-0.0.0.2.tar.gz,tar,medpos-0.0.0.2/setup.py,2382,ast,3,3,io; os; setuptools
medvis-0.0.1,D:\10. RQ1 DySec\Step 9 DownloadSelectedBenignPackages\Benign_Packages\medvis-0.0.1.tar.gz,tar,medvis-0.0.1/setup.py,88,ast,1,1,setuptools
megatheriumz-1.1,D:\10. RQ1 DySec\Step 9 DownloadSelectedBenignPackages\Benign_Packages\megatheriumz-1.1.tar.gz,tar,megatheriumz-1.1/setup.py,1615,ast,2,2,distutils; pathlib
memory_profiler-0.9,D:\10. RQ1 DySec\Step 9 DownloadSelectedBenignPackages\Benign_Packages\memory_profiler-0.9.tar.gz,tar,memory_profiler-0.9/setup.py,777,ast,2,2,distutils; memory_profiler
metacrafter-0.0.4,D:\10. RQ1 DySec\Step 9 DownloadSelectedBenignPackages\Benign_Packages\metacrafter-0.0.4.tar.gz,tar,metacrafter-0.0.4/setup.py,3352,ast,6,7,argparse; codecs; metacrafter; pytest; setuptools; sys
metadate-0.5.77,D:\10. RQ1 DySec\Step 9 DownloadSelectedBenignPackages\Benign_Packages\metadate-0.5.77.tar.gz,tar,metadate-0.5.77/setup.py,1566,ast,1,2,setuptools
metanetwork-0.1.0,D:\10. RQ1 DySec\Step 9 DownloadSelectedBenignPackages\Benign_Packages\metanetwork-0.1.0.tar.gz,tar,metanetwork-0.1.0/setup.py,1595,ast,2,2,os; setuptools
metatask-1.0.2,D:\10. RQ1 DySec\Step 9 DownloadSelectedBenignPackages\Benign_Packages\metatask-1.0.2.tar.gz,tar,metatask-1.0.2/setup.py,1007,ast,2,2,os; setuptools
methplotlib-0.8.0,D:\10. RQ1 DySec\Step 9 DownloadSelectedBenignPackages\Benign_Packages\methplotlib-0.8.0.tar.gz,tar,methplotlib-0.8.0/setup.py,1704,ast,3,3,codecs; os; setuptools
metrica-1.1.1,D:\10. RQ1 DySec\Step 9 DownloadSelectedBenignPackages\Benign_Packages\metrica-1.1.1.tar.gz,tar,metrica-1.1.1/setup.py,336,ast,2,2,distutils; re
metro-0.0.1,D:\10. RQ1 DySec\Step 9 DownloadSelectedBenignPackages\Benign_Packages\metro-0.0.1.tar.gz,tar,metro-0.0.1/setup.py,639,ast,1,1,setuptools
metron-1.3.7,D:\10. RQ1 DySec\Step 9 DownloadSelectedBenignPackages\Benign_Packages\metron-1.3.7.tar.gz,tar,metron-1.3.7/setup.py,1494,ast,3,3,codecs; os; setuptools
mian-0.9.3,D:\10. RQ1 DySec\Step 9 DownloadSelectedBenignPackages\Benign_Packages\mian-0.9.3.tar.gz,tar,mian-0.9.3/setup.py,1317,ast,2,2,mian; setuptools
micro-utilities-0.1.7,D:\10. RQ1 DySec\Step 9 DownloadSelectedBenignPackages\Benign_Packages\micro-utilities-0.1.7.tar.gz,tar,micro-utilities-0.1.7/setup.py,1420,ast,1,2,setuptools
microsoft_scraper-1.0.1,D:\10. RQ1 DySec\Step 9 DownloadSelectedBenignPackages\Benign_Packages\microsoft_scraper-1.0.1.tar.gz,tar,microsoft_scraper-1.0.1/setup.py,821,ast,2,2,pathlib; setuptools
mielib-0.1.9,D:\10. RQ1 DySec\Step 9 DownloadSelectedBenignPackages\Benign_Packages\mielib-0.1.9.tar.gz,tar,mielib-0.1.9/setup.py,1296,ast,1,1,setuptools
Millet-3.0.0,D:\10. RQ1 DySec\Step 9 DownloadSelectedBenignPackages\Benign_Packages\Millet-3.0.0.tar.gz,tar,Millet-3.0.0/setup.py,973,ast,3,3,io; re; setuptools
millpy-1.0.9,D:\10. RQ1 DySec\Step 9 DownloadSelectedBenignPackages\Benign_Packages\millpy-1.0.9.tar.gz,tar,millpy-1.0.9/setup.py,678,ast,4,4,distutils; os; setuptools; sys
minbool-1.0,D:\10. RQ1 DySec\Step 9 DownloadSelectedBenignPackages\Benign_Packages\minbool-1.0.tar.gz,tar,minbool-1.0/setup.py,1916,ast,3,3,os; setuptools; sys
mindcontrol-0.9dev,D:\10. RQ1 DySec\Step 9 DownloadSelectedBenignPackages\Benign_Packages\mindcontrol-0.9dev.tar.gz,tar,mindcontrol-0.9dev/setup.py,919,ast,2,2,os; setuptools
mindustry-1.3.8,D:\10. RQ1 DySec\Step 9 DownloadSelectedBenignPackages\Benign_Packages\mindustry-1.3.8.tar.gz,tar,mindustry-1.3.8/setup.py,625,ast,1,1,setuptools
mine-init-0.2.2,D:\10. RQ1 DySec\Step 9 DownloadSelectedBenignPackages\Benign_Packages\mine-init-0.2.2.tar.gz,tar,mine-init-0.2.2/setup.py,3091,ast,1,1,setuptools
minecode-2.0.0,D:\10. RQ1 DySec\Step 9 DownloadSelectedBenignPackages\Benign_Packages\minecode-2.0.0.tar.gz,tar,minecode-2.0.0/setup.py,92,ast,1,1,setuptools
minecraft-forgePY-1.0.3,D:\10. RQ1 DySec\Step 9 DownloadSelectedBenignPackages\Benign_Packages\minecraft-forgePY-1.0.3.tar.gz,tar,minecraft-forgePY-1.0.3/setup.py,744,ast,3,3,codecs; os; setuptools
minecraft-monitoring-api-0.1.2,D:\10. RQ1 DySec\Step 9 DownloadSelectedBenignPackages\Benign_Packages\minecraft-monitoring-api-0.1.2.tar.gz,tar,minecraft-monitoring-api-0.1.2/setup.py,1084,ast,3,3,glob; pathlib; setuptools
minecraft_backup-1.0.1,D:\10. RQ1 DySec\Step 9 DownloadSelectedBenignPackages\Benign_Packages\minecraft_backup-1.0.1.tar.gz,tar,minecraft_backup-1.0.1/setup.py,1415,ast,3,3,pathlib; setuptools; textwrap
minecraftinfo-2.1,D:\10. RQ1 DySec\Step 9 DownloadSelectedBenignPackages\Benign_Packages\minecraftinfo-2.1.tar.gz,tar,minecraftinfo-2.1/setup.py,567,ast,1,1,setuptools
minecraftmap-0.3,D:\10. RQ1 DySec\Step 9 DownloadSelectedBenignPackages\Benign_Packages\minecraftmap-0.3.zip,zip,minecraftmap-0.3/setup.py,1025,ast,1,1,setuptools
minegauler-4.2.0b0,D:\10. RQ1 DySec\Step 9 DownloadSelectedBenignPackages\Benign_Packages\minegauler-4.2.0b0.tar.gz,tar,minegauler-4.2.0b0/setup.py,2318,ast,3,3,runpy; setuptools; sys
minepy-1.2.6,D:\10. RQ1 DySec\Step 9 DownloadSelectedBenignPackages\Benign_Packages\minepy-1.2.6.tar.gz,tar,minepy-1.2.6/setup.py,1766,ast,3,4,numpy; pkg_resources; setuptools
minihydra-0.5.0,D:\10. RQ1 DySec\Step 9 DownloadSelectedBenignPackages\Benign_Packages\minihydra-0.5.0.tar.gz,tar,minihydra-0.5.0/setup.py,1319,ast,1,1,setuptools
minilib-0.22,D:\10. RQ1 DySec\Step 9 DownloadSelectedBenignPackages\Benign_Packages\minilib-0.22.tar.gz,tar,minilib-0.22/setup.py,1068,ast,1,1,setuptools
minio_sdk-1.0.1,D:\10. RQ1 DySec\Step 9 DownloadSelectedBenignPackages\Benign_Packages\minio_sdk-1.0.1.tar.gz,tar,minio_sdk-1.0.1/setup.py,354,ast,1,1,setuptools
minipip-0.1b5,D:\10. RQ1 DySec\Step 9 DownloadSelectedBenignPackages\Benign_Packages\minipip-0.1b5.tar.gz,tar,minipip-0.1b5/setup.py,2117,ast,3,3,os; setuptools; sys
minitest-2.0.3,D:\10. RQ1 DySec\Step 9 DownloadSelectedBenignPackages\Benign_Packages\minitest-2.0.3.tar.gz,tar,minitest-2.0.3/setup.py,788,ast,4,4,__future__; distutils; minitest; setuptools
minitestlib-0.1.1,D:\10. RQ1 DySec\Step 9 DownloadSelectedBenignPackages\Benign_Packages\minitestlib-0.1.1.tar.gz,tar,minitestlib-0.1.1/setup.py,960,ast,2,2,distutils; setuptools
minos-http-aiohttp-0.8.0.dev2,D:\10. RQ1 DySec\Step 9 DownloadSelectedBenignPackages\Benign_Packages\minos-http-aiohttp-0.8.0.dev2.tar.gz,tar,minos-http-aiohttp-0.8.0.dev2/setup.py,3257,ast,1,1,setuptools
mipruebamartes-0.1,D:\10. RQ1 DySec\Step 9 DownloadSelectedBenignPackages\Benign_Packages\mipruebamartes-0.1.tar.gz,tar,mipruebamartes-0.1/setup.py,190,ast,1,1,setuptools
mirtop-0.4.9a0,D:\10. RQ1 DySec\Step 9 DownloadSelectedBenignPackages\Benign_Packages\mirtop-0.4.9a0.tar.gz,tar,mirtop-0.4.9a0/setup.py,1286,ast,2,2,os; setuptools
misaki-0.1.5,D:\10. RQ1 DySec\Step 9 DownloadSelectedBenignPackages\Benign_Packages\misaki-0.1.5.tar.gz,tar,misaki-0.1.5/setup.py,1097,ast,1,1,setuptools
mistune-3.0.2,D:\10. RQ1 DySec\Step 9 DownloadSelectedBenignPackages\Benign_Packages\mistune-3.0.2.tar.gz,tar,mistune-3.0.2/setup.py,52,ast,1,1,setuptools
mitos-2.1.9,D:\10. RQ1 DySec\Step 9 DownloadSelectedBenignPackages\Benign_Packages\mitos-2.1.9.tar.gz,tar,mitos-2.1.9/setup.py,1391,ast,1,1,setuptools
mkbasicauth-0.0,D:\10. RQ1 DySec\Step 9 DownloadSelectedBenignPackages\Benign_Packages\mkbasicauth-0.0.tar.gz,tar,mkbasicauth-0.0/setup.py,296,ast,1,1,setuptools
ml-crypto-0.7.811,D:\10. RQ1 DySec\Step 9 DownloadSelectedBenignPackages\Benign_Packages\ml-crypto-0.7.811.tar.gz,tar,ml-crypto-0.7.811/setup.py,1412,ast,2,2,os; setuptools
ml7-0.0.0,D:\10. RQ1 DySec\Step 9 DownloadSelectedBenignPackages\Benign_Packages\ml7-0.0.0.tar.gz,tar,ml7-0.0.0/setup.py,1373,ast,3,3,distutils; re; setuptools
mle-0.0.5,D:\10. RQ1 DySec\Step 9 DownloadSelectedBenignPackages\Benign_Packages\mle-0.0.5.tar.gz,tar,mle-0.0.5/setup.py,696,ast,1,1,setuptools
mlp-1.1,D:\10. RQ1 DySec\Step 9 DownloadSelectedBenignPackages\Benign_Packages\mlp-1.1.tar.gz,tar,mlp-1.1/setup.py,521,ast,1,1,setuptools
mlsplit-0.1.2,D:\10. RQ1 DySec\Step 9 DownloadSelectedBenignPackages\Benign_Packages\mlsplit-0.1.2.tar.gz,tar,mlsplit-0.1.2/setup.py,959,ast,1,1,setuptools
mmselfsup-1.0.0rc6,D:\10. RQ1 DySec\Step 9 DownloadSelectedBenignPackages\Benign_Packages\mmselfsup-1.0.0rc6.tar.gz,tar,mmselfsup-1.0.0rc6/setup.py,7138,ast,6,9,os; re; setuptools; shutil; sys; warnings
moana-0.1.1,D:\10. RQ1 DySec\Step 9 DownloadSelectedBenignPackages\Benign_Packages\moana-0.1.1.tar.gz,tar,moana-0.1.1/setup.py,3056,ast,3,4,io; os; setuptools
mobilelibrary-2.0.0,D:\10. RQ1 DySec\Step 9 DownloadSelectedBenignPackages\Benign_Packages\mobilelibrary-2.0.0.zip,zip,mobilelibrary-2.0.0/setup.py,2228,ast,4,4,ez_setup; os; setuptools; sys
mobilitydb-sqlalchemy-0.4,D:\10. RQ1 DySec\Step 9 DownloadSelectedBenignPackages\Benign_Packages\mobilitydb-sqlalchemy-0.4.tar.gz,tar,mobilitydb-sqlalchemy-0.4/setup.py,2186,ast,3,3,distutils; os; setuptools
mock-5.1.0,D:\10. RQ1 DySec\Step 9 DownloadSelectedBenignPackages\Benign_Packages\mock-5.1.0.tar.gz,tar,mock-5.1.0/setup.py,246,ast,3,3,os; re; setuptools
modelcraft-4.0.1,D:\10. RQ1 DySec\Step 9 DownloadSelectedBenignPackages\Benign_Packages\modelcraft-4.0.1.tar.gz,tar,modelcraft-4.0.1/setup.py,1352,ast,1,1,setuptools
modelz-0.0.1,D:\10. RQ1 DySec\Step 9 DownloadSelectedBenignPackages\Benign_Packages\modelz-0.0.1.tar.gz,tar,modelz-0.0.1/setup.py,329,ast,1,1,setuptools
modesolverpy-0.4.4,D:\10. RQ1 DySec\Step 9 DownloadSelectedBenignPackages\Benign_Packages\modesolverpy-0.4.4.tar.gz,tar,modesolverpy-0.4.4/setup.py,554,ast,1,1,setuptools
mofreinforce-1.0.1,D:\10. RQ1 DySec\Step 9 DownloadSelectedBenignPackages\Benign_Packages\mofreinforce-1.0.1.tar.gz,tar,mofreinforce-1.0.1/setup.py,1145,ast,3,3,re; setuptools; torch
mok-0.1.0,D:\10. RQ1 DySec\Step 9 DownloadSelectedBenignPackages\Benign_Packages\mok-0.1.0.tar.gz,tar,mok-0.1.0/setup.py,3796,ast,5,5,io; os; setuptools; shutil; sys
moneyprinterturbo-1.4.5,D:\10. RQ1 DySec\Step 9 DownloadSelectedBenignPackages\Benign_Packages\moneyprinterturbo-1.4.5.tar.gz,tar,moneyprinterturbo-1.4.5/setup.py,1972,ast,2,2,setuptools; shutil
mongo-0.2.0,D:\10. RQ1 DySec\Step 9 DownloadSelectedBenignPackages\Benign_Packages\mongo-0.2.0.tar.gz,tar,mongo-0.2.0/setup.py,1032,ast,4,4,doctest; os; setuptools; sys
mongogrant-0.3.3,D:\10. RQ1 DySec\Step 9 DownloadSelectedBenignPackages\Benign_Packages\mongogrant-0.3.3.tar.gz,tar,mongogrant-0.3.3/setup.py,1326,ast,2,2,os; setuptools
monkey-0.1,D:\10. RQ1 DySec\Step 9 DownloadSelectedBenignPackages\Benign_Packages\monkey-0.1.tar.gz,tar,monkey-0.1/setup.py,846,ast,3,3,os; setuptools; sys
monkeyrun-0.0.6,D:\10. RQ1 DySec\Step 9 DownloadSelectedBenignPackages\Benign_Packages\monkeyrun-0.0.6.tar.gz,tar,monkeyrun-0.0.6/setup.py,628,ast,1,1,setuptools
MonkeyType-23.3.0,D:\10. RQ1 DySec\Step 9 DownloadSelectedBenignPackages\Benign_Packages\MonkeyType-23.3.0.tar.gz,tar,MonkeyType-23.3.0/setup.py,239,ast,1,1,setuptools
monomorphic-0.1.9,D:\10. RQ1 DySec\Step 9 DownloadSelectedBenignPackages\Benign_Packages\monomorphic-0.1.9.tar.gz,tar,monomorphic-0.1.9/setup.py,221,ast,1,1,setuptools
monotonic-1.6,D:\10. RQ1 DySec\Step 9 DownloadSelectedBenignPackages\Benign_Packages\monotonic-1.6.tar.gz,tar,monotonic-1.6/setup.py,1697,ast,2,2,distutils; setuptools
monprojet-1.0.0,D:\10. RQ1 DySec\Step 9 DownloadSelectedBenignPackages\Benign_Packages\monprojet-1.0.0.tar.gz,tar,monprojet-1.0.0/setup.py,1596,ast,3,3,os; setuptools; sys
monster-0.0.1,D:\10. RQ1 DySec\Step 9 DownloadSelectedBenignPackages\Benign_Packages\monster-0.0.1.tar.gz,tar,monster-0.0.1/setup.py,320,ast,1,1,setuptools
moocore-0.0.9999,D:\10. RQ1 DySec\Step 9 DownloadSelectedBenignPackages\Benign_Packages\moocore-0.0.9999.tar.gz,tar,moocore-0.0.9999/setup.py,589,ast,2,2,setuptools; wheel
Moodangdd-0.0.2,D:\10. RQ1 DySec\Step 9 DownloadSelectedBenignPackages\Benign_Packages\Moodangdd-0.0.2.tar.gz,tar,Moodangdd-0.0.2/setup.py,2101,ast,2,2,distutils; os
moonlogger-0.9.5,D:\10. RQ1 DySec\Step 9 DownloadSelectedBenignPackages\Benign_Packages\moonlogger-0.9.5.tar.gz,tar,moonlogger-0.9.5/setup.py,2031,ast,4,5,os; requests; setuptools; subprocess
morcilla-0.5.9,D:\10. RQ1 DySec\Step 9 DownloadSelectedBenignPackages\Benign_Packages\morcilla-0.5.9.tar.gz,tar,morcilla-0.5.9/setup.py,2130,ast,3,3,os; re; setuptools
more-itertools-10.5.0,D:\10. RQ1 DySec\Step 9 DownloadSelectedBenignPackages\Benign_Packages\more-itertools-10.5.0.tar.gz,tar,more-itertools-10.5.0/setup.py,38,ast,1,1,setuptools
more.basicauth-0.5,D:\10. RQ1 DySec\Step 9 DownloadSelectedBenignPackages\Benign_Packages\more.basicauth-0.5.tar.gz,tar,more.basicauth-0.5/setup.py,1593,ast,1,1,setuptools
morerandoms-0.4,D:\10. RQ1 DySec\Step 9 DownloadSelectedBenignPackages\Benign_Packages\morerandoms-0.4.tar.gz,tar,morerandoms-0.4/setup.py,391,ast,1,1,setuptools
mosint-0.0.1,D:\10. RQ1 DySec\Step 9 DownloadSelectedBenignPackages\Benign_Packages\mosint-0.0.1.tar.gz,tar,mosint-0.0.1/setup.py,1075,ast,1,1,setuptools
motion2telegram-1.2.1,D:\10. RQ1 DySec\Step 9 DownloadSelectedBenignPackages\Benign_Packages\motion2telegram-1.2.1.tar.gz,tar,motion2telegram-1.2.1/setup.py,529,ast,1,1,setuptools
mountains-0.8.8,D:\10. RQ1 DySec\Step 9 DownloadSelectedBenignPackages\Benign_Packages\mountains-0.8.8.tar.gz,tar,mountains-0.8.8/setup.py,2205,ast,5,5,__future__; future; mountains; setuptools; sys
mountainsort5-0.5.6,D:\10. RQ1 DySec\Step 9 DownloadSelectedBenignPackages\Benign_Packages\mountainsort5-0.5.6.tar.gz,tar,mountainsort5-0.5.6/setup.py,788,ast,2,2,pathlib; setuptools
moves-0.1,D:\10. RQ1 DySec\Step 9 DownloadSelectedBenignPackages\Benign_Packages\moves-0.1.tar.gz,tar,moves-0.1/setup.py,878,ast,1,1,setuptools
mozia-modules-1.8.3,D:\10. RQ1 DySec\Step 9 DownloadSelectedBenignPackages\Benign_Packages\mozia-modules-1.8.3.tar.gz,tar,mozia-modules-1.8.3/setup.py,4742,ast,1,1,setuptools
mozilla_aws_cli_mozilla-1.3.1,D:\10. RQ1 DySec\Step 9 DownloadSelectedBenignPackages\Benign_Packages\mozilla_aws_cli_mozilla-1.3.1.tar.gz,tar,mozilla_aws_cli_mozilla-1.3.1/setup.py,991,ast,1,1,setuptools
mozmill-2.0rc6,D:\10. RQ1 DySec\Step 9 DownloadSelectedBenignPackages\Benign_Packages\mozmill-2.0rc6.tar.gz,tar,mozmill-2.0rc6/setup.py,2052,ast,2,2,os; setuptools
mpmath-1.3.0,D:\10. RQ1 DySec\Step 9 DownloadSelectedBenignPackages\Benign_Packages\mpmath-1.3.0.tar.gz,tar,mpmath-1.3.0/setup.py,62,ast,1,1,setuptools
msal-1.31.0,D:\10. RQ1 DySec\Step 9 DownloadSelectedBenignPackages\Benign_Packages\msal-1.31.0.tar.gz,tar,msal-1.31.0/setup.py,41,ast,1,1,setuptools
msal_extensions-1.2.0,D:\10. RQ1 DySec\Step 9 DownloadSelectedBenignPackages\Benign_Packages\msal_extensions-1.2.0.tar.gz,tar,msal_extensions-1.2.0/setup.py,829,ast,3,3,io; re; setuptools
msgpack-1.1.0,D:\10. RQ1 DySec\Step 9 DownloadSelectedBenignPackages\Benign_Packages\msgpack-1.1.0.tar.gz,tar,msgpack-1.1.0/setup.py,655,ast,3,3,os; setuptools; sys
msinfo-0.0.1,D:\10. RQ1 DySec\Step 9 DownloadSelectedBenignPackages\Benign_Packages\msinfo-0.0.1.tar.gz,tar,msinfo-0.0.1/setup.py,906,ast,3,3,io; os; setuptools
msrest-0.7.1,D:\10. RQ1 DySec\Step 9 DownloadSelectedBenignPackages\Benign_Packages\msrest-0.7.1.zip,zip,msrest-0.7.1/setup.py,2662,ast,1,1,setuptools
msrestazure-0.6.4.post1,D:\10. RQ1 DySec\Step 9 DownloadSelectedBenignPackages\Benign_Packages\msrestazure-0.6.4.post1.tar.gz,tar,msrestazure-0.6.4.post1/setup.py,2444,ast,1,1,setuptools
mss-9.0.1,D:\10. RQ1 DySec\Step 9 DownloadSelectedBenignPackages\Benign_Packages\mss-9.0.1.tar.gz,tar,mss-9.0.1/setup.py,39,ast,1,1,setuptools
mssm-0.2.0,D:\10. RQ1 DySec\Step 9 DownloadSelectedBenignPackages\Benign_Packages\mssm-0.2.0.tar.gz,tar,mssm-0.2.0/setup.py,1768,ast,5,5,git; os; pathlib; pybind11; setuptools
mu_build-0.3.2,D:\10. RQ1 DySec\Step 9 DownloadSelectedBenignPackages\Benign_Packages\mu_build-0.3.2.tar.gz,tar,mu_build-0.3.2/setup.py,2383,ast,1,1,setuptools
multi-requests-complex-0.0.1,D:\10. RQ1 DySec\Step 9 DownloadSelectedBenignPackages\Benign_Packages\multi-requests-complex-0.0.1.tar.gz,tar,multi-requests-complex-0.0.1/setup.py,149,ast,1,1,setuptools
multiadbconnect-0.10,D:\10. RQ1 DySec\Step 9 DownloadSelectedBenignPackages\Benign_Packages\multiadbconnect-0.10.tar.gz,tar,multiadbconnect-0.10/setup.py,1538,ast,4,4,codecs; os; pathlib; setuptools
multicolorfits-2.1.2,D:\10. RQ1 DySec\Step 9 DownloadSelectedBenignPackages\Benign_Packages\multicolorfits-2.1.2.tar.gz,tar,multicolorfits-2.1.2/setup.py,907,ast,1,1,setuptools
multicon-0.0.2,D:\10. RQ1 DySec\Step 9 DownloadSelectedBenignPackages\Benign_Packages\multicon-0.0.2.tar.gz,tar,multicon-0.0.2/setup.py,606,ast,1,1,setuptools
multicontents-0.4.0,D:\10. RQ1 DySec\Step 9 DownloadSelectedBenignPackages\Benign_Packages\multicontents-0.4.0.tar.gz,tar,multicontents-0.4.0/setup.py,1024,ast,2,3,os; setuptools
multicore-0.1.1,D:\10. RQ1 DySec\Step 9 DownloadSelectedBenignPackages\Benign_Packages\multicore-0.1.1.tar.gz,tar,multicore-0.1.1/setup.py,911,ast,1,1,setuptools
multicraft-0.0.2,D:\10. RQ1 DySec\Step 9 DownloadSelectedBenignPackages\Benign_Packages\multicraft-0.0.2.tar.gz,tar,multicraft-0.0.2/setup.py,1147,ast,1,1,setuptools
multidict-6.1.0,D:\10. RQ1 DySec\Step 9 DownloadSelectedBenignPackages\Benign_Packages\multidict-6.1.0.tar.gz,tar,multidict-6.1.0/setup.py,919,ast,4,4,os; platform; setuptools; sys
multiheats-0.402,D:\10. RQ1 DySec\Step 9 DownloadSelectedBenignPackages\Benign_Packages\multiheats-0.402.tar.gz,tar,multiheats-0.402/setup.py,833,ast,2,2,pathlib; setuptools
multilabelencoder-1.0.6,D:\10. RQ1 DySec\Step 9 DownloadSelectedBenignPackages\Benign_Packages\multilabelencoder-1.0.6.tar.gz,tar,multilabelencoder-1.0.6/setup.py,566,ast,1,1,setuptools
multipath-0.0.2,D:\10. RQ1 DySec\Step 9 DownloadSelectedBenignPackages\Benign_Packages\multipath-0.0.2.tar.gz,tar,multipath-0.0.2/setup.py,1450,ast,3,3,codecs; os; setuptools
multiport-0.1,D:\10. RQ1 DySec\Step 9 DownloadSelectedBenignPackages\Benign_Packages\multiport-0.1.tar.gz,tar,multiport-0.1/setup.py,293,ast,1,1,setuptools
multiprocess-0.70.16,D:\10. RQ1 DySec\Step 9 DownloadSelectedBenignPackages\Benign_Packages\multiprocess-0.70.16.tar.gz,tar,multiprocess-0.70.16/setup.py,11573,ast,9,12,dill; distutils; glob; os; re; setuptools; sys; traceback; version
multiproof-0.1.1,D:\10. RQ1 DySec\Step 9 DownloadSelectedBenignPackages\Benign_Packages\multiproof-0.1.1.tar.gz,tar,multiproof-0.1.1/setup.py,1585,ast,1,1,setuptools
multiquests-1.0.4,D:\10. RQ1 DySec\Step 9 DownloadSelectedBenignPackages\Benign_Packages\multiquests-1.0.4.tar.gz,tar,multiquests-1.0.4/setup.py,1296,ast,2,2,distutils; setuptools
multireplace-0.0.2,D:\10. RQ1 DySec\Step 9 DownloadSelectedBenignPackages\Benign_Packages\multireplace-0.0.2.tar.gz,tar,multireplace-0.0.2/setup.py,568,ast,1,1,setuptools
multisplitby-0.0.1,D:\10. RQ1 DySec\Step 9 DownloadSelectedBenignPackages\Benign_Packages\multisplitby-0.0.1.tar.gz,tar,multisplitby-0.0.1/setup.py,135,ast,1,1,setuptools
multitest-0.1.2,D:\10. RQ1 DySec\Step 9 DownloadSelectedBenignPackages\Benign_Packages\multitest-0.1.2.tar.gz,tar,multitest-0.1.2/setup.py,856,ast,2,2,multitest; setuptools
multitool-0.4.0,D:\10. RQ1 DySec\Step 9 DownloadSelectedBenignPackages\Benign_Packages\multitool-0.4.0.tar.gz,tar,multitool-0.4.0/setup.py,1443,ast,3,5,multitool; os; setuptools
multporn-1.4.0,D:\10. RQ1 DySec\Step 9 DownloadSelectedBenignPackages\Benign_Packages\multporn-1.4.0.tar.gz,tar,multporn-1.4.0/setup.py,73,ast,2,2,__future__; setuptools
mumuzi-1.2.3,D:\10. RQ1 DySec\Step 9 DownloadSelectedBenignPackages\Benign_Packages\mumuzi-1.2.3.tar.gz,tar,mumuzi-1.2.3/setup.py,1025,ast,1,1,setuptools
musketz-1.1,D:\10. RQ1 DySec\Step 9 DownloadSelectedBenignPackages\Benign_Packages\musketz-1.1.tar.gz,tar,musketz-1.1/setup.py,1575,ast,2,2,distutils; pathlib
mvmv-1.1,D:\10. RQ1 DySec\Step 9 DownloadSelectedBenignPackages\Benign_Packages\mvmv-1.1.tar.gz,tar,mvmv-1.1/setup.py,772,ast,1,1,setuptools
mvoauthapi-0.2,D:\10. RQ1 DySec\Step 9 DownloadSelectedBenignPackages\Benign_Packages\mvoauthapi-0.2.tar.gz,tar,mvoauthapi-0.2/setup.py,691,ast,2,2,mvoauthapi; setuptools
my_own_package-0.1.0,D:\10. RQ1 DySec\Step 9 DownloadSelectedBenignPackages\Benign_Packages\my_own_package-0.1.0.tar.gz,tar,my_own_package-0.1.0/setup.py,315,ast,1,1,setuptools
my_proofpoint_lib-0.1.1,D:\10. RQ1 DySec\Step 9 DownloadSelectedBenignPackages\Benign_Packages\my_proofpoint_lib-0.1.1.tar.gz,tar,my_proofpoint_lib-0.1.1/setup.py,633,ast,1,1,setuptools
myCalculate-0.0.0,D:\10. RQ1 DySec\Step 9 DownloadSelectedBenignPackages\Benign_Packages\myCalculate-0.0.0.tar.gz,tar,myCalculate-0.0.0/setup.py,1064,ast,1,1,setuptools
myfirstpip-0.0.6,D:\10. RQ1 DySec\Step 9 DownloadSelectedBenignPackages\Benign_Packages\myfirstpip-0.0.6.tar.gz,tar,myfirstpip-0.0.6/setup.py,659,ast,1,1,setuptools
mygene-3.2.2,D:\10. RQ1 DySec\Step 9 DownloadSelectedBenignPackages\Benign_Packages\mygene-3.2.2.tar.gz,tar,mygene-3.2.2/setup.py,1618,ast,2,2,os; setuptools
mygeoip-1,D:\10. RQ1 DySec\Step 9 DownloadSelectedBenignPackages\Benign_Packages\mygeoip-1.tar.gz,tar,mygeoip-1/setup.py,1690,ast,1,1,distutils
mykit_learn-0.1.2,D:\10. RQ1 DySec\Step 9 DownloadSelectedBenignPackages\Benign_Packages\mykit_learn-0.1.2.tar.gz,tar,mykit_learn-0.1.2/setup.py,1260,ast,3,3,io; os; setuptools
mylogginglibrary-0.0.1,D:\10. RQ1 DySec\Step 9 DownloadSelectedBenignPackages\Benign_Packages\mylogginglibrary-0.0.1.tar.gz,tar,mylogginglibrary-0.0.1/setup.py,728,ast,1,1,setuptools
mynameishh-0.0.1,D:\10. RQ1 DySec\Step 9 DownloadSelectedBenignPackages\Benign_Packages\mynameishh-0.0.1.tar.gz,tar,mynameishh-0.0.1/setup.py,1292,ast,3,3,io; os; setuptools
mynameisjay-0.0.1,D:\10. RQ1 DySec\Step 9 DownloadSelectedBenignPackages\Benign_Packages\mynameisjay-0.0.1.tar.gz,tar,mynameisjay-0.0.1/setup.py,1249,ast,3,3,io; os; setuptools
mynested-1.1.0,D:\10. RQ1 DySec\Step 9 DownloadSelectedBenignPackages\Benign_Packages\mynested-1.1.0.tar.gz,tar,mynested-1.1.0/setup.py,435,ast,1,1,distutils
mypackage1-0.1,D:\10. RQ1 DySec\Step 9 DownloadSelectedBenignPackages\Benign_Packages\mypackage1-0.1.tar.gz,tar,mypackage1-0.1/setup.py,1746,ast,1,1,distutils
mypackage123456-2.1.200,D:\10. RQ1 DySec\Step 9 DownloadSelectedBenignPackages\Benign_Packages\mypackage123456-2.1.200.tar.gz,tar,mypackage123456-2.1.200/setup.py,560,ast,2,2,os; setuptools
mypackage234234234-0.4,D:\10. RQ1 DySec\Step 9 DownloadSelectedBenignPackages\Benign_Packages\mypackage234234234-0.4.tar.gz,tar,mypackage234234234-0.4/setup.py,546,ast,1,1,distutils
mypackscal-0.0.1,D:\10. RQ1 DySec\Step 9 DownloadSelectedBenignPackages\Benign_Packages\mypackscal-0.0.1.tar.gz,tar,mypackscal-0.0.1/SETUP.py,594,ast,1,1,setuptools
mypiprandomdata-0.8.5,D:\10. RQ1 DySec\Step 9 DownloadSelectedBenignPackages\Benign_Packages\mypiprandomdata-0.8.5.tar.gz,tar,mypiprandomdata-0.8.5/setup.py,568,ast,1,1,setuptools
mypy-1.11.2,D:\10. RQ1 DySec\Step 9 DownloadSelectedBenignPackages\Benign_Packages\mypy-1.11.2.tar.gz,tar,mypy-1.11.2/mypyc/lib-rt/setup.py,1937,ast,6,7,__future__; distutils; os; subprocess; sys; typing
mypy-1.11.2,D:\10. RQ1 DySec\Step 9 DownloadSelectedBenignPackages\Benign_Packages\mypy-1.11.2.tar.gz,tar,mypy-1.11.2/setup.py,8318,ast,9,11,__future__; glob; mypy; mypyc; os; setuptools; sys; typing; typing_extensions
mypy-1.11.2,D:\10. RQ1 DySec\Step 9 DownloadSelectedBenignPackages\Benign_Packages\mypy-1.11.2.tar.gz,tar,mypy-1.11.2/test-data/pybind11_fixtures/setup.py,430,ast,2,2,pybind11; setuptools
mypy_extensions-1.0.0,D:\10. RQ1 DySec\Step 9 DownloadSelectedBenignPackages\Benign_Packages\mypy_extensions-1.0.0.tar.gz,tar,mypy_extensions-1.0.0/setup.py,1313,ast,1,1,setuptools
myriad-0.1.4,D:\10. RQ1 DySec\Step 9 DownloadSelectedBenignPackages\Benign_Packages\myriad-0.1.4.zip,zip,myriad-0.1.4/setup.py,1011,ast,5,5,os; re; setuptools; subprocess; sys
mysite1-1.0,D:\10. RQ1 DySec\Step 9 DownloadSelectedBenignPackages\Benign_Packages\mysite1-1.0.tar.gz,tar,mysite1-1.0/setup.py,470,ast,1,1,distutils
mysocks-1.1.0,D:\10. RQ1 DySec\Step 9 DownloadSelectedBenignPackages\Benign_Packages\mysocks-1.1.0.tar.gz,tar,mysocks-1.1.0/setup.py,826,ast,1,1,setuptools
mysql-connector-2.2.9,D:\10. RQ1 DySec\Step 9 DownloadSelectedBenignPackages\Benign_Packages\mysql-connector-2.2.9.tar.gz,tar,mysql-connector-2.2.9/setup.py,2419,ast,4,6,cpyint; distutils; setupinfo; setuptools
mysql-pydump-0.1.1,D:\10. RQ1 DySec\Step 9 DownloadSelectedBenignPackages\Benign_Packages\mysql-pydump-0.1.1.tar.gz,tar,mysql-pydump-0.1.1/setup.py,1176,ast,1,1,distutils
MySQL-python-1.2.5,D:\10. RQ1 DySec\Step 9 DownloadSelectedBenignPackages\Benign_Packages\MySQL-python-1.2.5.zip,zip,MySQL-python-1.2.5/setup.py,609,ast,6,6,distutils; os; setup_posix; setup_windows; setuptools; sys
mysqldump-0.0.9,D:\10. RQ1 DySec\Step 9 DownloadSelectedBenignPackages\Benign_Packages\mysqldump-0.0.9.tar.gz,tar,mysqldump-0.0.9/setup.py,885,ast,2,2,os; setuptools
mysqlite3-mod-0.0.12,D:\10. RQ1 DySec\Step 9 DownloadSelectedBenignPackages\Benign_Packages\mysqlite3-mod-0.0.12.tar.gz,tar,mysqlite3-mod-0.0.12/setup.py,66,ast,1,1,setuptools
nadia-proof-0.1.9,D:\10. RQ1 DySec\Step 9 DownloadSelectedBenignPackages\Benign_Packages\nadia-proof-0.1.9.tar.gz,tar,nadia-proof-0.1.9/setup.py,1068,ast,2,2,pathlib; setuptools
nadypy-5.2.2,D:\10. RQ1 DySec\Step 9 DownloadSelectedBenignPackages\Benign_Packages\nadypy-5.2.2.tar.gz,tar,nadypy-5.2.2/setup.py,3255,ast,1,1,setuptools
nagel-0.0.1,D:\10. RQ1 DySec\Step 9 DownloadSelectedBenignPackages\Benign_Packages\nagel-0.0.1.tar.gz,tar,nagel-0.0.1/setup.py,1855,ast,1,1,setuptools
nagi-0.1,D:\10. RQ1 DySec\Step 9 DownloadSelectedBenignPackages\Benign_Packages\nagi-0.1.tar.gz,tar,nagi-0.1/setup.py,861,ast,4,4,distutils; nagi; os; pypandoc
nago-1.7,D:\10. RQ1 DySec\Step 9 DownloadSelectedBenignPackages\Benign_Packages\nago-1.7.tar.gz,tar,nago-1.7/setup.py,1345,ast,3,3,nago; os; setuptools
naivepy-1.1,D:\10. RQ1 DySec\Step 9 DownloadSelectedBenignPackages\Benign_Packages\naivepy-1.1.tar.gz,tar,naivepy-1.1/setup.py,1123,ast,1,1,setuptools
namemapping-0.1.0.dev1,D:\10. RQ1 DySec\Step 9 DownloadSelectedBenignPackages\Benign_Packages\namemapping-0.1.0.dev1.tar.gz,tar,namemapping-0.1.0.dev1/setup.py,914,ast,2,2,os; setuptools
nanodb_driver-0.0.3,D:\10. RQ1 DySec\Step 9 DownloadSelectedBenignPackages\Benign_Packages\nanodb_driver-0.0.3.tar.gz,tar,nanodb_driver-0.0.3/setup.py,454,ast,1,1,setuptools
NanoPlot-1.9.3,D:\10. RQ1 DySec\Step 9 DownloadSelectedBenignPackages\Benign_Packages\NanoPlot-1.9.3.tar.gz,tar,NanoPlot-1.9.3/setup.py,1775,ast,3,3,codecs; os; setuptools
nanorequests-1.0.2,D:\10. RQ1 DySec\Step 9 DownloadSelectedBenignPackages\Benign_Packages\nanorequests-1.0.2.tar.gz,tar,nanorequests-1.0.2/setup.py,494,ast,1,1,setuptools
nanoStringPy-0.0.1,D:\10. RQ1 DySec\Step 9 DownloadSelectedBenignPackages\Benign_Packages\nanoStringPy-0.0.1.tar.gz,tar,nanoStringPy-0.0.1/setup.py,198,ast,1,1,setuptools
narrator-0.0.0.4,D:\10. RQ1 DySec\Step 9 DownloadSelectedBenignPackages\Benign_Packages\narrator-0.0.0.4.tar.gz,tar,narrator-0.0.0.4/setup.py,837,ast,1,1,setuptools
natera-data-uploader-1.0.4,D:\10. RQ1 DySec\Step 9 DownloadSelectedBenignPackages\Benign_Packages\natera-data-uploader-1.0.4.tar.gz,tar,natera-data-uploader-1.0.4/setup.py,901,ast,4,6,codecs; os; setuptools; soyuz
nats-client-py-0.3.1,D:\10. RQ1 DySec\Step 9 DownloadSelectedBenignPackages\Benign_Packages\nats-client-py-0.3.1.tar.gz,tar,nats-client-py-0.3.1/setup.py,208,ast,1,1,setuptools
Navigator-0.2.2,D:\10. RQ1 DySec\Step 9 DownloadSelectedBenignPackages\Benign_Packages\Navigator-0.2.2.tar.gz,tar,Navigator-0.2.2/setup.py,1450,ast,4,4,codecs; os; re; setuptools
nb_py-0.1.3,D:\10. RQ1 DySec\Step 9 DownloadSelectedBenignPackages\Benign_Packages\nb_py-0.1.3.tar.gz,tar,nb_py-0.1.3/setup.py,1788,ast,3,4,codecs; os; setuptools
Nbase-0.1.2,D:\10. RQ1 DySec\Step 9 DownloadSelectedBenignPackages\Benign_Packages\Nbase-0.1.2.tar.gz,tar,Nbase-0.1.2/setup.py,1002,ast,2,2,re; setuptools
nbdebug-1.3,D:\10. RQ1 DySec\Step 9 DownloadSelectedBenignPackages\Benign_Packages\nbdebug-1.3.tar.gz,tar,nbdebug-1.3/setup.py,1439,ast,2,2,distutils; nbdebug
nbhosting-0.57.1,D:\10. RQ1 DySec\Step 9 DownloadSelectedBenignPackages\Benign_Packages\nbhosting-0.57.1.tar.gz,tar,nbhosting-0.57.1/setup.py,1557,ast,1,1,setuptools
nbless-0.2.9,D:\10. RQ1 DySec\Step 9 DownloadSelectedBenignPackages\Benign_Packages\nbless-0.2.9.tar.gz,tar,nbless-0.2.9/setup.py,1115,ast,1,1,setuptools
nbmediasplit-0.2.0,D:\10. RQ1 DySec\Step 9 DownloadSelectedBenignPackages\Benign_Packages\nbmediasplit-0.2.0.tar.gz,tar,nbmediasplit-0.2.0/setup.py,4312,ast,1,1,distutils
nbstencilaproxy-0.1.1,D:\10. RQ1 DySec\Step 9 DownloadSelectedBenignPackages\Benign_Packages\nbstencilaproxy-0.1.1.tar.gz,tar,nbstencilaproxy-0.1.1/setup.py,1947,ast,6,6,distutils; glob; os; setuptools; subprocess; tempfile
ncache-0.3,D:\10. RQ1 DySec\Step 9 DownloadSelectedBenignPackages\Benign_Packages\ncache-0.3.tar.gz,tar,ncache-0.3/setup.py,1052,ast,3,3,io; ncache; setuptools
nccsv-0.2,D:\10. RQ1 DySec\Step 9 DownloadSelectedBenignPackages\Benign_Packages\nccsv-0.2.tar.gz,tar,nccsv-0.2/setup.py,1026,ast,2,2,pathlib; setuptools
ndeflib-0.3.3,D:\10. RQ1 DySec\Step 9 DownloadSelectedBenignPackages\Benign_Packages\ndeflib-0.3.3.tar.gz,tar,ndeflib-0.3.3/setup.py,2416,ast,4,4,codecs; os; re; setuptools
nec_sol_backend_cuda-0.0,D:\10. RQ1 DySec\Step 9 DownloadSelectedBenignPackages\Benign_Packages\nec_sol_backend_cuda-0.0.tar.gz,tar,nec-sol-backend-cuda-0.0/setup.py,7,ast,0,0,
nec_sol_device_nvidia-0.0,D:\10. RQ1 DySec\Step 9 DownloadSelectedBenignPackages\Benign_Packages\nec_sol_device_nvidia-0.0.tar.gz,tar,nec-sol-device-nvidia-0.0/setup.py,7,ast,0,0,
neotermcolor-2.0.9,D:\10. RQ1 DySec\Step 9 DownloadSelectedBenignPackages\Benign_Packages\neotermcolor-2.0.9.tar.gz,tar,neotermcolor-2.0.9/setup.py,759,ast,1,1,setuptools
NephLib-0.0.1,D:\10. RQ1 DySec\Step 9 DownloadSelectedBenignPackages\Benign_Packages\NephLib-0.0.1.tar.gz,tar,NephLib-0.0.1/setup.py,501,ast,1,1,setuptools
nesneat-1.0.7,D:\10. RQ1 DySec\Step 9 DownloadSelectedBenignPackages\Benign_Packages\nesneat-1.0.7.tar.gz,tar,nesneat-1.0.7/setup.py,953,ast,3,3,neatest; os; setuptools
nest_asyncio-1.6.0,D:\10. RQ1 DySec\Step 9 DownloadSelectedBenignPackages\Benign_Packages\nest_asyncio-1.6.0.tar.gz,tar,nest_asyncio-1.6.0/setup.py,70,ast,1,1,setuptools
nester123_321-1.0.0,D:\10. RQ1 DySec\Step 9 DownloadSelectedBenignPackages\Benign_Packages\nester123_321-1.0.0.tar.gz,tar,nester123_321-1.0.0/setup.py,336,ast,1,1,distutils
nester_example-1.3.3,D:\10. RQ1 DySec\Step 9 DownloadSelectedBenignPackages\Benign_Packages\nester_example-1.3.3.zip,zip,nester_example-1.3.3/setup.py,343,ast,1,1,distutils
nester_sssssssssssss-1.0.0,D:\10. RQ1 DySec\Step 9 DownloadSelectedBenignPackages\Benign_Packages\nester_sssssssssssss-1.0.0.tar.gz,tar,nester_sssssssssssss-1.0.0/setup.py,300,ast,1,1,distutils
nester_study-2.0.2,D:\10. RQ1 DySec\Step 9 DownloadSelectedBenignPackages\Benign_Packages\nester_study-2.0.2.tar.gz,tar,nester_study-2.0.2/setup.py,1059,ast,1,1,distutils
nestershan-1.1.0,D:\10. RQ1 DySec\Step 9 DownloadSelectedBenignPackages\Benign_Packages\nestershan-1.1.0.zip,zip,nestershan-1.1.0/setup.py,287,ast,1,1,distutils
nesterssssss-1.3.0,D:\10. RQ1 DySec\Step 9 DownloadSelectedBenignPackages\Benign_Packages\nesterssssss-1.3.0.zip,zip,nesterssssss-1.3.0/setup.py,291,ast,1,1,distutils
nesterstudy-1.1.0,D:\10. RQ1 DySec\Step 9 DownloadSelectedBenignPackages\Benign_Packages\nesterstudy-1.1.0.tar.gz,tar,nesterstudy-1.1.0/setup.py,271,ast,1,1,distutils
netcontrol-1.99,D:\10. RQ1 DySec\Step 9 DownloadSelectedBenignPackages\Benign_Packages\netcontrol-1.99.tar.gz,tar,netcontrol-1.99/setup.py,732,ast,1,1,setuptools
nethub-manager-0.0.8,D:\10. RQ1 DySec\Step 9 DownloadSelectedBenignPackages\Benign_Packages\nethub-manager-0.0.8.tar.gz,tar,nethub-manager-0.0.8/setup.py,449,ast,1,2,setuptools
netmask-0.1.0,D:\10. RQ1 DySec\Step 9 DownloadSelectedBenignPackages\Benign_Packages\netmask-0.1.0.tar.gz,tar,netmask-0.1.0/setup.py,817,ast,2,2,pathlib; setuptools
netsalt-0.2.0,D:\10. RQ1 DySec\Step 9 DownloadSelectedBenignPackages\Benign_Packages\netsalt-0.2.0.tar.gz,tar,netsalt-0.2.0/setup.py,648,ast,2,2,setuptools; sys
netservice-0.3,D:\10. RQ1 DySec\Step 9 DownloadSelectedBenignPackages\Benign_Packages\netservice-0.3.tar.gz,tar,netservice-0.3/setup.py,956,ast,1,1,setuptools
netster-1.3.0,D:\10. RQ1 DySec\Step 9 DownloadSelectedBenignPackages\Benign_Packages\netster-1.3.0.zip,zip,netster-1.3.0/setup.py,240,ast,1,1,distutils
network-0.1,D:\10. RQ1 DySec\Step 9 DownloadSelectedBenignPackages\Benign_Packages\network-0.1.tar.gz,tar,network-0.1/setup.py,486,ast,1,1,setuptools
network-runner-0.3.6,D:\10. RQ1 DySec\Step 9 DownloadSelectedBenignPackages\Benign_Packages\network-runner-0.3.6.tar.gz,tar,network-runner-0.3.6/setup.py,2269,ast,4,4,glob; os; setuptools; sys
network-x-0.1,D:\10. RQ1 DySec\Step 9 DownloadSelectedBenignPackages\Benign_Packages\network-x-0.1.tar.gz,tar,network-x-0.1/setup.py,1131,ast,4,6,distutils; pathlib; setuptools; subprocess
network_manager-1.0,D:\10. RQ1 DySec\Step 9 DownloadSelectedBenignPackages\Benign_Packages\network_manager-1.0.tar.gz,tar,network_manager-1.0/setup.py,1351,ast,3,3,codecs; os; setuptools
networkx-stubs-0.0.1,D:\10. RQ1 DySec\Step 9 DownloadSelectedBenignPackages\Benign_Packages\networkx-stubs-0.0.1.tar.gz,tar,networkx-stubs-0.0.1/setup.py,38,ast,1,1,setuptools
networth-1.2,D:\10. RQ1 DySec\Step 9 DownloadSelectedBenignPackages\Benign_Packages\networth-1.2.tar.gz,tar,networth-1.2/setup.py,1572,ast,2,2,codecs; setuptools
neurolib-0.6.2,D:\10. RQ1 DySec\Step 9 DownloadSelectedBenignPackages\Benign_Packages\neurolib-0.6.2.tar.gz,tar,neurolib-0.6.2/setup.py,932,ast,2,2,os; setuptools
neutron-25.0.0.0b1,D:\10. RQ1 DySec\Step 9 DownloadSelectedBenignPackages\Benign_Packages\neutron-25.0.0.0b1.tar.gz,tar,neutron-25.0.0.0b1/setup.py,697,ast,1,1,setuptools
nevis-0.1.0,D:\10. RQ1 DySec\Step 9 DownloadSelectedBenignPackages\Benign_Packages\nevis-0.1.0.tar.gz,tar,nevis-0.1.0/setup.py,2541,ast,4,4,_nevis_version; os; setuptools; sys
new-syntax-0.0.0,D:\10. RQ1 DySec\Step 9 DownloadSelectedBenignPackages\Benign_Packages\new-syntax-0.0.0.tar.gz,tar,new-syntax-0.0.0/setup.py,37,ast,1,1,setuptools
new_package-0.0.1,D:\10. RQ1 DySec\Step 9 DownloadSelectedBenignPackages\Benign_Packages\new_package-0.0.1.tar.gz,tar,new_package-0.0.1/setup.py,648,ast,1,1,setuptools
new_package11-1.0,D:\10. RQ1 DySec\Step 9 DownloadSelectedBenignPackages\Benign_Packages\new_package11-1.0.tar.gz,tar,new_package11-1.0/setup.py,254,ast,1,1,setuptools
newcli-2018.6.24.3,D:\10. RQ1 DySec\Step 9 DownloadSelectedBenignPackages\Benign_Packages\newcli-2018.6.24.3.tar.gz,tar,newcli-2018.6.24.3/setup.py,2762,ast,5,5,io; os; setuptools; shutil; sys
NewMoyeMoye-0.1,D:\10. RQ1 DySec\Step 9 DownloadSelectedBenignPackages\Benign_Packages\NewMoyeMoye-0.1.tar.gz,tar,NewMoyeMoye-0.1/setup.py,660,ast,1,1,setuptools
newstrends-0.0.9,D:\10. RQ1 DySec\Step 9 DownloadSelectedBenignPackages\Benign_Packages\newstrends-0.0.9.tar.gz,tar,newstrends-0.0.9/setup.py,1921,ast,3,3,configparser; pkg_resources; setuptools
nexinfosys-0.98,D:\10. RQ1 DySec\Step 9 DownloadSelectedBenignPackages\Benign_Packages\nexinfosys-0.98.tar.gz,tar,nexinfosys-0.98/setup.py,5437,ast,4,4,Cython; os; pkg_resources; setuptools
nexusproto-1.0.1,D:\10. RQ1 DySec\Step 9 DownloadSelectedBenignPackages\Benign_Packages\nexusproto-1.0.1.tar.gz,tar,nexusproto-1.0.1/setup.py,1377,ast,1,1,setuptools
ngram-4.0.3,D:\10. RQ1 DySec\Step 9 DownloadSelectedBenignPackages\Benign_Packages\ngram-4.0.3.tar.gz,tar,ngram-4.0.3/setup.py,36,ast,1,1,setuptools
nickyyyyy_nester-1.4.0,D:\10. RQ1 DySec\Step 9 DownloadSelectedBenignPackages\Benign_Packages\nickyyyyy_nester-1.4.0.zip,zip,nickyyyyy_nester-1.4.0/setup.py,219,ast,1,1,distutils
nielvis-2.2.8,D:\10. RQ1 DySec\Step 9 DownloadSelectedBenignPackages\Benign_Packages\nielvis-2.2.8.tar.gz,tar,nielvis-2.2.8/setup.py,1504,ast,2,2,os; setuptools
niltype-1.0.0,D:\10. RQ1 DySec\Step 9 DownloadSelectedBenignPackages\Benign_Packages\niltype-1.0.0.tar.gz,tar,niltype-1.0.0/setup.py,1120,ast,1,1,setuptools
ninja-1.11.1.1,D:\10. RQ1 DySec\Step 9 DownloadSelectedBenignPackages\Benign_Packages\ninja-1.11.1.1.tar.gz,tar,ninja-1.11.1.1/setup.py,2474,ast,4,4,distutils; os; skbuild; sys
nipals-0.5.8,D:\10. RQ1 DySec\Step 9 DownloadSelectedBenignPackages\Benign_Packages\nipals-0.5.8.tar.gz,tar,nipals-0.5.8/setup.py,2944,ast,7,12,__future__; glob; io; os; re; setuptools; sys
nitroapi-0.1.0,D:\10. RQ1 DySec\Step 9 DownloadSelectedBenignPackages\Benign_Packages\nitroapi-0.1.0.tar.gz,tar,nitroapi-0.1.0/setup.py,840,ast,4,4,codecs; os; setuptools; shutil
nium-1.0.0,D:\10. RQ1 DySec\Step 9 DownloadSelectedBenignPackages\Benign_Packages\nium-1.0.0.tar.gz,tar,nium-1.0.0/setup.py,1150,ast,2,2,pathlib; setuptools
nlab_essential-0.0.0,D:\10. RQ1 DySec\Step 9 DownloadSelectedBenignPackages\Benign_Packages\nlab_essential-0.0.0.tar.gz,tar,nlab_essential-0.0.0/setup.py,353,ast,1,1,distutils
nlcontrol-1.0.3,D:\10. RQ1 DySec\Step 9 DownloadSelectedBenignPackages\Benign_Packages\nlcontrol-1.0.3.tar.gz,tar,nlcontrol-1.0.3/setup.py,1538,ast,3,3,codecs; os; setuptools
nltk-3.9.1,D:\10. RQ1 DySec\Step 9 DownloadSelectedBenignPackages\Benign_Packages\nltk-3.9.1.tar.gz,tar,nltk-3.9.1/setup.py,3752,ast,3,3,codecs; os; setuptools
nnabla_ext_cuda102_nccl2_mpi3_1_6-1.30.1,D:\10. RQ1 DySec\Step 9 DownloadSelectedBenignPackages\Benign_Packages\nnabla_ext_cuda102_nccl2_mpi3_1_6-1.30.1.tar.gz,tar,nnabla_ext_cuda102_nccl2_mpi3_1_6-1.30.1/setup.py,3595,ast,5,8,__future__; collections; os; setuptools; sys
nnabla_ext_cuda110_nccl2_mpi3_1_6-1.30.1,D:\10. RQ1 DySec\Step 9 DownloadSelectedBenignPackages\Benign_Packages\nnabla_ext_cuda110_nccl2_mpi3_1_6-1.30.1.tar.gz,tar,nnabla_ext_cuda110_nccl2_mpi3_1_6-1.30.1/setup.py,3595,ast,5,8,__future__; collections; os; setuptools; sys
noclouddotnet-1.0.5,D:\10. RQ1 DySec\Step 9 DownloadSelectedBenignPackages\Benign_Packages\noclouddotnet-1.0.5.tar.gz,tar,noclouddotnet-1.0.5/setup.py,2981,ast,1,1,setuptools
nodeenv-1.9.1,D:\10. RQ1 DySec\Step 9 DownloadSelectedBenignPackages\Benign_Packages\nodeenv-1.9.1.tar.gz,tar,nodeenv-1.9.1/setup.py,1858,ast,5,5,codecs; nodeenv; os; setuptools; sys
nodens-update-24.3.2,D:\10. RQ1 DySec\Step 9 DownloadSelectedBenignPackages\Benign_Packages\nodens-update-24.3.2.tar.gz,tar,nodens-update-24.3.2/setup.py,53,ast,1,1,setuptools
nodetool-0.2.9,D:\10. RQ1 DySec\Step 9 DownloadSelectedBenignPackages\Benign_Packages\nodetool-0.2.9.tar.gz,tar,nodetool-0.2.9/src/comfy_custom_nodes/comfyui_controlnet_aux/src/controlnet_aux/normalbae/nets/submodules/efficientnet_repo/setup.py,1737,ast,3,3,codecs; os; setuptools
nodetool-0.2.9,D:\10. RQ1 DySec\Step 9 DownloadSelectedBenignPackages\Benign_Packages\nodetool-0.2.9.tar.gz,tar,nodetool-0.2.9/src/comfy_custom_nodes/comfyui_controlnet_aux/src/custom_oneformer/modeling/pixel_decoder/ops/setup.py,3038,ast,4,8,glob; os; setuptools; torch
nonsqlite-0.6.9,D:\10. RQ1 DySec\Step 9 DownloadSelectedBenignPackages\Benign_Packages\nonsqlite-0.6.9.tar.gz,tar,nonsqlite-0.6.9/setup.py,321,ast,1,1,setuptools
notrandom-1.0.0,D:\10. RQ1 DySec\Step 9 DownloadSelectedBenignPackages\Benign_Packages\notrandom-1.0.0.tar.gz,tar,notrandom-1.0.0/setup.py,38,ast,1,1,setuptools
nowcli-1.0.4,D:\10. RQ1 DySec\Step 9 DownloadSelectedBenignPackages\Benign_Packages\nowcli-1.0.4.tar.gz,tar,nowcli-1.0.4/setup.py,1999,ast,5,5,ast; io; os; re; setuptools
nowsync-0.3b3.dev30,D:\10. RQ1 DySec\Step 9 DownloadSelectedBenignPackages\Benign_Packages\nowsync-0.3b3.dev30.zip,zip,nowsync-0.3b3.dev30/setup.py,2027,ast,4,6,ez_setup; mercurial; os; setuptools
NPTFit-0.1rc1,D:\10. RQ1 DySec\Step 9 DownloadSelectedBenignPackages\Benign_Packages\NPTFit-0.1rc1.tar.gz,tar,NPTFit-0.1rc1/setup.py,1249,ast,4,4,Cython; distutils; numpy; setuptools
nqueens-1.0.4,D:\10. RQ1 DySec\Step 9 DownloadSelectedBenignPackages\Benign_Packages\nqueens-1.0.4.tar.gz,tar,nqueens-1.0.4/setup.py,779,ast,1,1,setuptools
nselib-1.0,D:\10. RQ1 DySec\Step 9 DownloadSelectedBenignPackages\Benign_Packages\nselib-1.0.tar.gz,tar,nselib-1.0/setup.py,1011,ast,1,1,setuptools
nsnitro-1.0.9,D:\10. RQ1 DySec\Step 9 DownloadSelectedBenignPackages\Benign_Packages\nsnitro-1.0.9.tar.gz,tar,nsnitro-1.0.9/setup.py,1189,ast,2,2,os; setuptools
nstack-0.2.1,D:\10. RQ1 DySec\Step 9 DownloadSelectedBenignPackages\Benign_Packages\nstack-0.2.1.tar.gz,tar,nstack-0.2.1/setup.py,164,ast,1,1,setuptools
ntfit-2.1.0,D:\10. RQ1 DySec\Step 9 DownloadSelectedBenignPackages\Benign_Packages\ntfit-2.1.0.tar.gz,tar,ntfit-2.1.0/setup.py,1630,ast,3,3,codecs; os; setuptools
NuInfoSys-1.0.0,D:\10. RQ1 DySec\Step 9 DownloadSelectedBenignPackages\Benign_Packages\NuInfoSys-1.0.0.tar.gz,tar,NuInfoSys-1.0.0/setup.py,680,ast,1,1,setuptools
nukr-0.1.0a1,D:\10. RQ1 DySec\Step 9 DownloadSelectedBenignPackages\Benign_Packages\nukr-0.1.0a1.tar.gz,tar,nukr-0.1.0a1/setup.py,670,ast,1,1,setuptools
num-enumerator-0.0.4,D:\10. RQ1 DySec\Step 9 DownloadSelectedBenignPackages\Benign_Packages\num-enumerator-0.0.4.tar.gz,tar,num-enumerator-0.0.4/setup.py,1235,ast,3,3,codecs; os; setuptools
numba-0.60.0,D:\10. RQ1 DySec\Step 9 DownloadSelectedBenignPackages\Benign_Packages\numba-0.60.0.tar.gz,tar,numba-0.60.0/setup.py,16568,ast,9,11,numpy; os; packaging; platform; setuptools; subprocess; sys; sysconfig; versioneer
numer-0.0.16,D:\10. RQ1 DySec\Step 9 DownloadSelectedBenignPackages\Benign_Packages\numer-0.0.16.tar.gz,tar,numer-0.0.16/setup.py,855,ast,1,1,setuptools
numops-0.0.7,D:\10. RQ1 DySec\Step 9 DownloadSelectedBenignPackages\Benign_Packages\numops-0.0.7.tar.gz,tar,numops-0.0.7/setup.py,2367,ast,3,4,os; setuptools; subprocess
numpy-2.1.0rc1,D:\10. RQ1 DySec\Step 9 DownloadSelectedBenignPackages\Benign_Packages\numpy-2.1.0rc1.tar.gz,tar,numpy-2.1.0rc1/numpy/_core/src/common/pythoncapi-compat/tests/setup.py,3180,ast,7,8,distutils; os; pipes; setuptools; shlex; sys; sysconfig
numpy-2.1.0rc1,D:\10. RQ1 DySec\Step 9 DownloadSelectedBenignPackages\Benign_Packages\numpy-2.1.0rc1.tar.gz,tar,numpy-2.1.0rc1/numpy/_core/tests/examples/cython/setup.py,857,ast,5,7,Cython; distutils; numpy; os; setuptools
numpy-2.1.0rc1,D:\10. RQ1 DySec\Step 9 DownloadSelectedBenignPackages\Benign_Packages\numpy-2.1.0rc1.tar.gz,tar,numpy-2.1.0rc1/numpy/_core/tests/examples/limited_api/setup.py,435,ast,3,3,numpy; os; setuptools
numpy-2.1.0rc1,D:\10. RQ1 DySec\Step 9 DownloadSelectedBenignPackages\Benign_Packages\numpy-2.1.0rc1.tar.gz,tar,numpy-2.1.0rc1/tools/swig/test/setup.py,2070,ast,2,2,distutils; numpy
numpy-2.1.0rc1,D:\10. RQ1 DySec\Step 9 DownloadSelectedBenignPackages\Benign_Packages\numpy-2.1.0rc1.tar.gz,tar,numpy-2.1.0rc1/vendored-meson/meson/setup.py,614,ast,2,2,setuptools; sys
numpy-2.1.1,D:\10. RQ1 DySec\Step 9 DownloadSelectedBenignPackages\Benign_Packages\numpy-2.1.1.tar.gz,tar,numpy-2.1.1/numpy/_core/src/common/pythoncapi-compat/tests/setup.py,3180,ast,7,8,distutils; os; pipes; setuptools; shlex; sys; sysconfig
numpy-2.1.1,D:\10. RQ1 DySec\Step 9 DownloadSelectedBenignPackages\Benign_Packages\numpy-2.1.1.tar.gz,tar,numpy-2.1.1/numpy/_core/tests/examples/cython/setup.py,857,ast,5,7,Cython; distutils; numpy; os; setuptools
numpy-2.1.1,D:\10. RQ1 DySec\Step 9 DownloadSelectedBenignPackages\Benign_Packages\numpy-2.1.1.tar.gz,tar,numpy-2.1.1/numpy/_core/tests/examples/limited_api/setup.py,435,ast,3,3,numpy; os; setuptools
numpy-2.1.1,D:\10. RQ1 DySec\Step 9 DownloadSelectedBenignPackages\Benign_Packages\numpy-2.1.1.tar.gz,tar,numpy-2.1.1/tools/swig/test/setup.py,2070,ast,2,2,distutils; numpy
numpy-2.1.1,D:\10. RQ1 DySec\Step 9 DownloadSelectedBenignPackages\Benign_Packages\numpy-2.1.1.tar.gz,tar,numpy-2.1.1/vendored-meson/meson/setup.py,614,ast,2,2,setuptools; sys
numqy-1.0.4,D:\10. RQ1 DySec\Step 9 DownloadSelectedBenignPackages\Benign_Packages\numqy-1.0.4.tar.gz,tar,numqy-1.0.4/setup.py,997,ast,1,1,setuptools
nutella-0.0.0,D:\10. RQ1 DySec\Step 9 DownloadSelectedBenignPackages\Benign_Packages\nutella-0.0.0.tar.gz,tar,nutella-0.0.0/setup.py,1345,ast,4,5,codecs; os; setuptools; sys
nvidia-curand-0.0.1.dev5,D:\10. RQ1 DySec\Step 9 DownloadSelectedBenignPackages\Benign_Packages\nvidia-curand-0.0.1.dev5.tar.gz,tar,nvidia-curand-0.0.1.dev5/setup.py,5033,ast,8,16,codecs; contextlib; fileinput; os; package_info; setuptools; shutil; sys
nvidia-htop-1.2.0,D:\10. RQ1 DySec\Step 9 DownloadSelectedBenignPackages\Benign_Packages\nvidia-htop-1.2.0.tar.gz,tar,nvidia-htop-1.2.0/setup.py,1535,ast,2,2,pathlib; setuptools
nvidia-jarvis-0.0.1.dev5,D:\10. RQ1 DySec\Step 9 DownloadSelectedBenignPackages\Benign_Packages\nvidia-jarvis-0.0.1.dev5.tar.gz,tar,nvidia-jarvis-0.0.1.dev5/setup.py,5033,ast,8,16,codecs; contextlib; fileinput; os; package_info; setuptools; shutil; sys
nvidia-mxnet-0.0.1.dev5,D:\10. RQ1 DySec\Step 9 DownloadSelectedBenignPackages\Benign_Packages\nvidia-mxnet-0.0.1.dev5.tar.gz,tar,nvidia-mxnet-0.0.1.dev5/setup.py,5033,ast,8,16,codecs; contextlib; fileinput; os; package_info; setuptools; shutil; sys
nvidia-nccl-0.0.1.dev5,D:\10. RQ1 DySec\Step 9 DownloadSelectedBenignPackages\Benign_Packages\nvidia-nccl-0.0.1.dev5.tar.gz,tar,nvidia-nccl-0.0.1.dev5/setup.py,5033,ast,8,16,codecs; contextlib; fileinput; os; package_info; setuptools; shutil; sys
nvidia-npp-0.0.1.dev5,D:\10. RQ1 DySec\Step 9 DownloadSelectedBenignPackages\Benign_Packages\nvidia-npp-0.0.1.dev5.tar.gz,tar,nvidia-npp-0.0.1.dev5/setup.py,5033,ast,8,16,codecs; contextlib; fileinput; os; package_info; setuptools; shutil; sys
nvidia-nsys-0.0.1.dev5,D:\10. RQ1 DySec\Step 9 DownloadSelectedBenignPackages\Benign_Packages\nvidia-nsys-0.0.1.dev5.tar.gz,tar,nvidia-nsys-0.0.1.dev5/setup.py,5033,ast,8,16,codecs; contextlib; fileinput; os; package_info; setuptools; shutil; sys
nvidia-pyindex-1.0.9,D:\10. RQ1 DySec\Step 9 DownloadSelectedBenignPackages\Benign_Packages\nvidia-pyindex-1.0.9.tar.gz,tar,nvidia-pyindex-1.0.9/setup.py,10662,ast,12,26,appdirs; codecs; edit_pip_configuration; nvidia_pyindex; os; package_info; pathlib; setuptools; shlex; subprocess; sys; time
nvidia-pyprof-0.0.1.dev5,D:\10. RQ1 DySec\Step 9 DownloadSelectedBenignPackages\Benign_Packages\nvidia-pyprof-0.0.1.dev5.tar.gz,tar,nvidia-pyprof-0.0.1.dev5/setup.py,5033,ast,8,16,codecs; contextlib; fileinput; os; package_info; setuptools; shutil; sys
nvk-poc-9.9.1,D:\10. RQ1 DySec\Step 9 DownloadSelectedBenignPackages\Benign_Packages\nvk-poc-9.9.1.tar.gz,tar,nvk-poc-9.9.1/setup.py,658,ast,3,3,codecs; os; setuptools
nvstrings-0.6.1.post1,D:\10. RQ1 DySec\Step 9 DownloadSelectedBenignPackages\Benign_Packages\nvstrings-0.6.1.post1.tar.gz,tar,nvstrings-0.6.1.post1/setup.py,1093,ast,2,3,os; setuptools
nwss-2.0.2,D:\10. RQ1 DySec\Step 9 DownloadSelectedBenignPackages\Benign_Packages\nwss-2.0.2.tar.gz,tar,nwss-2.0.2/setup.py,1296,ast,1,1,setuptools
nxswriter-3.9.0,D:\10. RQ1 DySec\Step 9 DownloadSelectedBenignPackages\Benign_Packages\nxswriter-3.9.0.tar.gz,tar,nxswriter-3.9.0/setup.py,4115,ast,6,7,distutils; os; setuptools; sphinx; subprocess; sys
nyquist-0.2.4,D:\10. RQ1 DySec\Step 9 DownloadSelectedBenignPackages\Benign_Packages\nyquist-0.2.4.tar.gz,tar,nyquist-0.2.4/setup.py,940,ast,2,2,os; setuptools
nzproxy-1b0.dev1,D:\10. RQ1 DySec\Step 9 DownloadSelectedBenignPackages\Benign_Packages\nzproxy-1b0.dev1.tar.gz,tar,nzproxy-1b0.dev1/setup.py,2735,ast,6,6,importlib; os; setuptools; sphinx; sys; version
oauth2-1.9rc1,D:\10. RQ1 DySec\Step 9 DownloadSelectedBenignPackages\Benign_Packages\oauth2-1.9rc1.tar.gz,tar,oauth2-1.9rc1/setup.py,1213,regex,3,3,os; re; setuptools
oauth2client-4.1.3,D:\10. RQ1 DySec\Step 9 DownloadSelectedBenignPackages\Benign_Packages\oauth2client-4.1.3.tar.gz,tar,oauth2client-4.1.3/setup.py,2555,ast,4,5,__future__; oauth2client; setuptools; sys
oauthlib-3.2.2,D:\10. RQ1 DySec\Step 9 DownloadSelectedBenignPackages\Benign_Packages\oauthlib-3.2.2.tar.gz,tar,oauthlib-3.2.2/setup.py,2194,ast,4,4,multiprocessing; oauthlib; os; setuptools
obfuscate-0.2.2b,D:\10. RQ1 DySec\Step 9 DownloadSelectedBenignPackages\Benign_Packages\obfuscate-0.2.2b.tar.gz,tar,obfuscate-0.2.2b/setup.py,1462,ast,2,2,distutils; obfuscate
obfuscator-1.1.5,D:\10. RQ1 DySec\Step 9 DownloadSelectedBenignPackages\Benign_Packages\obfuscator-1.1.5.zip,zip,obfuscator-1.1.5/setup.py,1798,ast,4,4,__future__; os; setuptools; sys
obia-0.1.0,D:\10. RQ1 DySec\Step 9 DownloadSelectedBenignPackages\Benign_Packages\obia-0.1.0.tar.gz,tar,obia-0.1.0/setup.py,924,ast,2,2,pkg_resources; setuptools
oc-replacement-0.3.3,D:\10. RQ1 DySec\Step 9 DownloadSelectedBenignPackages\Benign_Packages\oc-replacement-0.3.3.tar.gz,tar,oc-replacement-0.3.3/setup.py,1429,ast,4,4,codecs; oc_auth; os; setuptools
ocr_utils-0.1,D:\10. RQ1 DySec\Step 9 DownloadSelectedBenignPackages\Benign_Packages\ocr_utils-0.1.tar.gz,tar,ocr_utils-0.1/setup.py,305,ast,1,1,setuptools
octodns-ultra-0.0.3,D:\10. RQ1 DySec\Step 9 DownloadSelectedBenignPackages\Benign_Packages\octodns-ultra-0.0.3.tar.gz,tar,octodns-ultra-0.0.3/setup.py,1646,ast,1,1,setuptools
octopus-http-0.6.4,D:\10. RQ1 DySec\Step 9 DownloadSelectedBenignPackages\Benign_Packages\octopus-http-0.6.4.tar.gz,tar,octopus-http-0.6.4/setup.py,1402,ast,2,2,octopus; setuptools
oderk-1.2,D:\10. RQ1 DySec\Step 9 DownloadSelectedBenignPackages\Benign_Packages\oderk-1.2.tar.gz,tar,oderk-1.2/setup.py,402,ast,1,1,setuptools
offensivenn-0.0.5,D:\10. RQ1 DySec\Step 9 DownloadSelectedBenignPackages\Benign_Packages\offensivenn-0.0.5.tar.gz,tar,offensivenn-0.0.5/setup.py,932,ast,1,1,setuptools
oidcendpoint-1.1.1,D:\10. RQ1 DySec\Step 9 DownloadSelectedBenignPackages\Benign_Packages\oidcendpoint-1.1.1.tar.gz,tar,oidcendpoint-1.1.1/setup.py,2613,ast,4,5,pytest; re; setuptools; sys
oinkwall-0.5,D:\10. RQ1 DySec\Step 9 DownloadSelectedBenignPackages\Benign_Packages\oinkwall-0.5.tar.gz,tar,oinkwall-0.5/setup.py,930,ast,1,1,distutils
ois-sdk-1.0.0,D:\10. RQ1 DySec\Step 9 DownloadSelectedBenignPackages\Benign_Packages\ois-sdk-1.0.0.tar.gz,tar,ois-sdk-1.0.0/setup.py,1334,ast,3,3,ois; os; setuptools
olhoneles-0.1.6,D:\10. RQ1 DySec\Step 9 DownloadSelectedBenignPackages\Benign_Packages\olhoneles-0.1.6.tar.gz,tar,olhoneles-0.1.6/setup.py,1723,ast,2,2,olhoneles; setuptools
ollama-hydra-0.1.8,D:\10. RQ1 DySec\Step 9 DownloadSelectedBenignPackages\Benign_Packages\ollama-hydra-0.1.8.tar.gz,tar,ollama-hydra-0.1.8/setup.py,841,ast,1,1,setuptools
ollama_api-0.1.1,D:\10. RQ1 DySec\Step 9 DownloadSelectedBenignPackages\Benign_Packages\ollama_api-0.1.1.tar.gz,tar,ollama_api-0.1.1/setup.py,679,ast,1,1,setuptools
olografos-1.0.2,D:\10. RQ1 DySec\Step 9 DownloadSelectedBenignPackages\Benign_Packages\olografos-1.0.2.tar.gz,tar,olografos-1.0.2/setup.py,437,ast,1,1,setuptools
omarpppl-0.2,D:\10. RQ1 DySec\Step 9 DownloadSelectedBenignPackages\Benign_Packages\omarpppl-0.2.tar.gz,tar,omarpppl-0.2/setup.py,1271,ast,1,1,setuptools
omiga-1.2,D:\10. RQ1 DySec\Step 9 DownloadSelectedBenignPackages\Benign_Packages\omiga-1.2.tar.gz,tar,omiga-1.2/setup.py,1158,ast,1,1,setuptools
onager-0.1.3,D:\10. RQ1 DySec\Step 9 DownloadSelectedBenignPackages\Benign_Packages\onager-0.1.3.tar.gz,tar,onager-0.1.3/setup.py,836,ast,1,1,setuptools
ondamonitor-23.8.3,D:\10. RQ1 DySec\Step 9 DownloadSelectedBenignPackages\Benign_Packages\ondamonitor-23.8.3.tar.gz,tar,ondamonitor-23.8.3/setup.py,6324,ast,4,4,Cython; numpy; os; setuptools
onepackage-0.0.2,D:\10. RQ1 DySec\Step 9 DownloadSelectedBenignPackages\Benign_Packages\onepackage-0.0.2.tar.gz,tar,onepackage-0.0.2/setup.py,1196,ast,2,2,pathlib; setuptools
online_scheduler-1.6,D:\10. RQ1 DySec\Step 9 DownloadSelectedBenignPackages\Benign_Packages\online_scheduler-1.6.tar.gz,tar,online_scheduler-1.6/setup.py,546,ast,1,1,setuptools
only-2020.7.1,D:\10. RQ1 DySec\Step 9 DownloadSelectedBenignPackages\Benign_Packages\only-2020.7.1.tar.gz,tar,only-2020.7.1/setup.py,163,ast,1,1,setuptools
onlyfakes-1,D:\10. RQ1 DySec\Step 9 DownloadSelectedBenignPackages\Benign_Packages\onlyfakes-1.tar.gz,tar,onlyfakes-1/setup.py,66,ast,1,1,setuptools
ontmont-0.0.6,D:\10. RQ1 DySec\Step 9 DownloadSelectedBenignPackages\Benign_Packages\ontmont-0.0.6.tar.gz,tar,ontmont-0.0.6/setup.py,92,ast,1,1,setuptools
ontopy-0.1.1,D:\10. RQ1 DySec\Step 9 DownloadSelectedBenignPackages\Benign_Packages\ontopy-0.1.1.tar.gz,tar,ontopy-0.1.1/setup.py,1079,ast,1,1,distutils
onyxproject-0.9.0,D:\10. RQ1 DySec\Step 9 DownloadSelectedBenignPackages\Benign_Packages\onyxproject-0.9.0.zip,zip,onyxproject-0.9.0/setup.py,2148,ast,2,2,setuptools; sys
ooregex-0.2.0,D:\10. RQ1 DySec\Step 9 DownloadSelectedBenignPackages\Benign_Packages\ooregex-0.2.0.tar.gz,tar,ooregex-0.2.0/setup.py,3483,ast,1,1,setuptools
opem-1.4,D:\10. RQ1 DySec\Step 9 DownloadSelectedBenignPackages\Benign_Packages\opem-1.4.tar.gz,tar,opem-1.4/setup.py,3239,ast,2,2,distutils; setuptools
open-crypto-3.9.9.1,D:\10. RQ1 DySec\Step 9 DownloadSelectedBenignPackages\Benign_Packages\open-crypto-3.9.9.1.tar.gz,tar,open-crypto-3.9.9.1/setup.py,1259,ast,1,1,setuptools
open_code_interpreter-2.1,D:\10. RQ1 DySec\Step 9 DownloadSelectedBenignPackages\Benign_Packages\open_code_interpreter-2.1.tar.gz,tar,open_code_interpreter-2.1/setup.py,923,ast,1,1,setuptools
openaero-0.1,D:\10. RQ1 DySec\Step 9 DownloadSelectedBenignPackages\Benign_Packages\openaero-0.1.tar.gz,tar,openaero-0.1/setup.py,390,ast,1,1,setuptools
openaoe-0.0.6,D:\10. RQ1 DySec\Step 9 DownloadSelectedBenignPackages\Benign_Packages\openaoe-0.0.6.tar.gz,tar,openaoe-0.0.6/setup.py,1285,ast,3,3,openaoe; os; setuptools
openaps-0.1.5,D:\10. RQ1 DySec\Step 9 DownloadSelectedBenignPackages\Benign_Packages\openaps-0.1.5.tar.gz,tar,openaps-0.1.5/setup.py,1966,ast,2,2,openaps; setuptools
openbabel-3.1.1.1,D:\10. RQ1 DySec\Step 9 DownloadSelectedBenignPackages\Benign_Packages\openbabel-3.1.1.1.tar.gz,tar,openbabel-3.1.1.1/setup.py,6283,ast,7,12,__future__; distutils; os; re; setuptools; subprocess; sys
openbases-0.0.55,D:\10. RQ1 DySec\Step 9 DownloadSelectedBenignPackages\Benign_Packages\openbases-0.0.55.tar.gz,tar,openbases-0.0.55/setup.py,4155,ast,3,3,codecs; os; setuptools
opencensus-0.11.4,D:\10. RQ1 DySec\Step 9 DownloadSelectedBenignPackages\Benign_Packages\opencensus-0.11.4.tar.gz,tar,opencensus-0.11.4/setup.py,2224,ast,1,1,setuptools
OpenControl-0.3,D:\10. RQ1 DySec\Step 9 DownloadSelectedBenignPackages\Benign_Packages\OpenControl-0.3.tar.gz,tar,OpenControl-0.3/setup.py,882,ast,1,1,setuptools
opencv-python-4.9.0.80,D:\10. RQ1 DySec\Step 9 DownloadSelectedBenignPackages\Benign_Packages\opencv-python-4.9.0.80.tar.gz,tar,opencv-python-4.9.0.80/opencv/modules/python/package/setup.py,2848,ast,2,2,os; setuptools
opencv-python-4.9.0.80,D:\10. RQ1 DySec\Step 9 DownloadSelectedBenignPackages\Benign_Packages\opencv-python-4.9.0.80.tar.gz,tar,opencv-python-4.9.0.80/setup.py,20748,ast,11,13,argparse; io; os; pip; platform; re; runpy; skbuild; subprocess; sys; sysconfig
opencv_helpers-1.1,D:\10. RQ1 DySec\Step 9 DownloadSelectedBenignPackages\Benign_Packages\opencv_helpers-1.1.tar.gz,tar,opencv_helpers-1.1/setup.py,624,ast,4,4,distutils; setuptools; sys; version
opencvv-0.3,D:\10. RQ1 DySec\Step 9 DownloadSelectedBenignPackages\Benign_Packages\opencvv-0.3.tar.gz,tar,opencvv-0.3/setup.py,449,ast,1,1,setuptools
openml-keras-0.0.7,D:\10. RQ1 DySec\Step 9 DownloadSelectedBenignPackages\Benign_Packages\openml-keras-0.0.7.tar.gz,tar,openml-keras-0.0.7/setup.py,2820,ast,3,3,os; setuptools; sys
openpicv-1.1.7,D:\10. RQ1 DySec\Step 9 DownloadSelectedBenignPackages\Benign_Packages\openpicv-1.1.7.tar.gz,tar,openpicv-1.1.7/setup.py,978,ast,1,1,setuptools
openpy-0.0.2,D:\10. RQ1 DySec\Step 9 DownloadSelectedBenignPackages\Benign_Packages\openpy-0.0.2.tar.gz,tar,openpy-0.0.2/setup.py,1270,ast,3,3,codecs; os; setuptools
openpyxl-3.2.0b1,D:\10. RQ1 DySec\Step 9 DownloadSelectedBenignPackages\Benign_Packages\openpyxl-3.2.0b1.tar.gz,tar,openpyxl-3.2.0b1/setup.py,2775,ast,5,5,Cython; importlib; os; setuptools; sys
openre-0.0.2,D:\10. RQ1 DySec\Step 9 DownloadSelectedBenignPackages\Benign_Packages\openre-0.0.2.tar.gz,tar,openre-0.0.2/setup.py,1641,ast,1,1,setuptools
OpenRS-0.3.3,D:\10. RQ1 DySec\Step 9 DownloadSelectedBenignPackages\Benign_Packages\OpenRS-0.3.3.tar.gz,tar,OpenRS-0.3.3/setup.py,1513,ast,4,4,os; pathlib; setuptools; sys
opensea-0.2.0,D:\10. RQ1 DySec\Step 9 DownloadSelectedBenignPackages\Benign_Packages\opensea-0.2.0.tar.gz,tar,opensea-0.2.0/setup.py,1082,ast,3,3,codecs; os; setuptools
opensearch_py-2.7.1,D:\10. RQ1 DySec\Step 9 DownloadSelectedBenignPackages\Benign_Packages\opensearch_py-2.7.1.tar.gz,tar,opensearch_py-2.7.1/setup.py,4543,ast,3,3,os; re; setuptools
opensees-0.0.9,D:\10. RQ1 DySec\Step 9 DownloadSelectedBenignPackages\Benign_Packages\opensees-0.0.9.tar.gz,tar,opensees-0.0.9/setup.py,92,ast,1,1,setuptools
openssl-python-0.1.1,D:\10. RQ1 DySec\Step 9 DownloadSelectedBenignPackages\Benign_Packages\openssl-python-0.1.1.tar.gz,tar,openssl-python-0.1.1/setup.py,756,ast,1,1,setuptools
openvr-2.5.101,D:\10. RQ1 DySec\Step 9 DownloadSelectedBenignPackages\Benign_Packages\openvr-2.5.101.tar.gz,tar,openvr-2.5.101/setup.py,1871,ast,1,1,setuptools
openwa-1.3.9,D:\10. RQ1 DySec\Step 9 DownloadSelectedBenignPackages\Benign_Packages\openwa-1.3.9.tar.gz,tar,openwa-1.3.9/setup.py,2795,ast,4,5,ast; codecs; os; setuptools
openweathercli-1.0.1,D:\10. RQ1 DySec\Step 9 DownloadSelectedBenignPackages\Benign_Packages\openweathercli-1.0.1.tar.gz,tar,openweathercli-1.0.1/setup.py,823,ast,1,1,setuptools
openx-1.0.2,D:\10. RQ1 DySec\Step 9 DownloadSelectedBenignPackages\Benign_Packages\openx-1.0.2.tar.gz,tar,openx-1.0.2/setup.py,291,ast,1,1,distutils
openxc-2.2.0,D:\10. RQ1 DySec\Step 9 DownloadSelectedBenignPackages\Benign_Packages\openxc-2.2.0.tar.gz,tar,openxc-2.2.0/setup.py,2174,ast,4,4,multiprocessing; openxc; setuptools; sys
operand-0.2.9,D:\10. RQ1 DySec\Step 9 DownloadSelectedBenignPackages\Benign_Packages\operand-0.2.9.tar.gz,tar,operand-0.2.9/setup.py,590,ast,1,1,setuptools
opt_einsum-3.3.0,D:\10. RQ1 DySec\Step 9 DownloadSelectedBenignPackages\Benign_Packages\opt_einsum-3.3.0.tar.gz,tar,opt_einsum-3.3.0/setup.py,1899,ast,2,2,setuptools; versioneer
optaximus-0.0.1,D:\10. RQ1 DySec\Step 9 DownloadSelectedBenignPackages\Benign_Packages\optaximus-0.0.1.tar.gz,tar,optaximus-0.0.1/setup.py,38,ast,1,1,setuptools
optimum_nvidia-0.1.0b7,D:\10. RQ1 DySec\Step 9 DownloadSelectedBenignPackages\Benign_Packages\optimum_nvidia-0.1.0b7.tar.gz,tar,optimum_nvidia-0.1.0b7/setup.py,3330,ast,5,5,distutils; platform; re; setuptools; sys
optisplit-0.2,D:\10. RQ1 DySec\Step 9 DownloadSelectedBenignPackages\Benign_Packages\optisplit-0.2.tar.gz,tar,optisplit-0.2/setup.py,135,ast,3,3,codecs; os; setuptools
oramask-0.2.3,D:\10. RQ1 DySec\Step 9 DownloadSelectedBenignPackages\Benign_Packages\oramask-0.2.3.tar.gz,tar,oramask-0.2.3/setup.py,73,ast,2,2,__future__; setuptools
orangelib-0.4.0,D:\10. RQ1 DySec\Step 9 DownloadSelectedBenignPackages\Benign_Packages\orangelib-0.4.0.tar.gz,tar,orangelib-0.4.0/setup.py,639,ast,1,1,setuptools
orangetool-0.50,D:\10. RQ1 DySec\Step 9 DownloadSelectedBenignPackages\Benign_Packages\orangetool-0.50.tar.gz,tar,orangetool-0.50/setup.py,1838,ast,2,2,distutils; setuptools
orcapy-1.0.1,D:\10. RQ1 DySec\Step 9 DownloadSelectedBenignPackages\Benign_Packages\orcapy-1.0.1.tar.gz,tar,orcapy-1.0.1/setup.py,1104,ast,1,1,setuptools
orchestration-1.1.3,D:\10. RQ1 DySec\Step 9 DownloadSelectedBenignPackages\Benign_Packages\orchestration-1.1.3.tar.gz,tar,orchestration-1.1.3/setup.py,653,ast,1,1,setuptools
orchestration-analyzer-0.5,D:\10. RQ1 DySec\Step 9 DownloadSelectedBenignPackages\Benign_Packages\orchestration-analyzer-0.5.tar.gz,tar,orchestration-analyzer-0.5/setup.py,1405,ast,1,1,setuptools
ordered-set-4.1.0,D:\10. RQ1 DySec\Step 9 DownloadSelectedBenignPackages\Benign_Packages\ordered-set-4.1.0.tar.gz,tar,ordered-set-4.1.0/setup.py,703,ast,1,1,setuptools
orion.algo.robo-0.1.1,D:\10. RQ1 DySec\Step 9 DownloadSelectedBenignPackages\Benign_Packages\orion.algo.robo-0.1.1.tar.gz,tar,orion.algo.robo-0.1.1/setup.py,2149,ast,3,3,os; setuptools; versioneer
ormstorm-0.0.3.0,D:\10. RQ1 DySec\Step 9 DownloadSelectedBenignPackages\Benign_Packages\ormstorm-0.0.3.0.tar.gz,tar,ormstorm-0.0.3.0/setup.py,935,ast,1,1,setuptools
os-scrapy-0.0.8,D:\10. RQ1 DySec\Step 9 DownloadSelectedBenignPackages\Benign_Packages\os-scrapy-0.0.8.tar.gz,tar,os-scrapy-0.0.8/setup.py,1639,ast,3,3,io; os; setuptools
os_crypto-1.7,D:\10. RQ1 DySec\Step 9 DownloadSelectedBenignPackages\Benign_Packages\os_crypto-1.7.tar.gz,tar,os_crypto-1.7/setup.py,1568,ast,1,1,distutils
os_envload-0.2.1,D:\10. RQ1 DySec\Step 9 DownloadSelectedBenignPackages\Benign_Packages\os_envload-0.2.1.tar.gz,tar,os_envload-0.2.1/setup.py,1375,ast,1,1,setuptools
oscrypto-1.3.0,D:\10. RQ1 DySec\Step 9 DownloadSelectedBenignPackages\Benign_Packages\oscrypto-1.3.0.tar.gz,tar,oscrypto-1.3.0/setup.py,4961,ast,6,8,codecs; os; setuptools; shutil; sys; warnings
osinfo-1.1,D:\10. RQ1 DySec\Step 9 DownloadSelectedBenignPackages\Benign_Packages\osinfo-1.1.tar.gz,tar,osinfo-1.1/setup.py,284,ast,1,1,setuptools
osint-0.5,D:\10. RQ1 DySec\Step 9 DownloadSelectedBenignPackages\Benign_Packages\osint-0.5.tar.gz,tar,osint-0.5/setup.py,724,ast,1,1,setuptools
osintgpt-0.1.27,D:\10. RQ1 DySec\Step 9 DownloadSelectedBenignPackages\Benign_Packages\osintgpt-0.1.27.tar.gz,tar,osintgpt-0.1.27/setup.py,1659,ast,1,1,setuptools
osintradar-0.1,D:\10. RQ1 DySec\Step 9 DownloadSelectedBenignPackages\Benign_Packages\osintradar-0.1.tar.gz,tar,osintradar-0.1/setup.py,1567,ast,1,1,setuptools
oslo.concurrency-6.0.0,D:\10. RQ1 DySec\Step 9 DownloadSelectedBenignPackages\Benign_Packages\oslo.concurrency-6.0.0.tar.gz,tar,oslo.concurrency-6.0.0/setup.py,697,ast,1,1,setuptools
oslosphinx-4.9.0,D:\10. RQ1 DySec\Step 9 DownloadSelectedBenignPackages\Benign_Packages\oslosphinx-4.9.0.tar.gz,tar,oslosphinx-4.9.0/setup.py,1028,ast,2,2,multiprocessing; setuptools
OSRS-Hiscores-0.5,D:\10. RQ1 DySec\Step 9 DownloadSelectedBenignPackages\Benign_Packages\OSRS-Hiscores-0.5.tar.gz,tar,OSRS-Hiscores-0.5/setup.py,677,ast,1,1,setuptools
osrs_highscores-0.8.0,D:\10. RQ1 DySec\Step 9 DownloadSelectedBenignPackages\Benign_Packages\osrs_highscores-0.8.0.tar.gz,tar,osrs_highscores-0.8.0/setup.py,1067,ast,2,2,os; setuptools
othertools-1.0.9,D:\10. RQ1 DySec\Step 9 DownloadSelectedBenignPackages\Benign_Packages\othertools-1.0.9.tar.gz,tar,othertools-1.0.9/setup.py,630,ast,2,2,os; setuptools
otpnitro-1.0,D:\10. RQ1 DySec\Step 9 DownloadSelectedBenignPackages\Benign_Packages\otpnitro-1.0.tar.gz,tar,otpnitro-1.0/setup.py,630,ast,1,1,distutils
ourlib-0.2.3,D:\10. RQ1 DySec\Step 9 DownloadSelectedBenignPackages\Benign_Packages\ourlib-0.2.3.tar.gz,tar,ourlib-0.2.3/setup.py,1544,ast,2,2,re; setuptools
ourtoolkit-0.16,D:\10. RQ1 DySec\Step 9 DownloadSelectedBenignPackages\Benign_Packages\ourtoolkit-0.16.tar.gz,tar,ourtoolkit-0.16/setup.py,1002,ast,1,1,distutils
outcome-1.3.0.post0,D:\10. RQ1 DySec\Step 9 DownloadSelectedBenignPackages\Benign_Packages\outcome-1.3.0.post0.tar.gz,tar,outcome-1.3.0.post0/setup.py,1761,ast,1,1,setuptools
ovcontrolnet_tools-1.0.2,D:\10. RQ1 DySec\Step 9 DownloadSelectedBenignPackages\Benign_Packages\ovcontrolnet_tools-1.0.2.tar.gz,tar,ovcontrolnet_tools-1.0.2/setup.py,804,ast,1,1,setuptools
ovcrypt-0.4.1,D:\10. RQ1 DySec\Step 9 DownloadSelectedBenignPackages\Benign_Packages\ovcrypt-0.4.1.tar.gz,tar,ovcrypt-0.4.1/setup.py,38,ast,1,1,setuptools
overc-1.0.9-1,D:\10. RQ1 DySec\Step 9 DownloadSelectedBenignPackages\Benign_Packages\overc-1.0.9-1.tar.gz,tar,overc-1.0.9-1/setup.py,1487,ast,1,1,setuptools
overpy-0.7,D:\10. RQ1 DySec\Step 9 DownloadSelectedBenignPackages\Benign_Packages\overpy-0.7.tar.gz,tar,overpy-0.7/setup.py,635,ast,2,2,pathlib; setuptools
overrides-7.7.0,D:\10. RQ1 DySec\Step 9 DownloadSelectedBenignPackages\Benign_Packages\overrides-7.7.0.tar.gz,tar,overrides-7.7.0/setup.py,1267,ast,3,3,distutils; os; setuptools
owlman-0.6.5,D:\10. RQ1 DySec\Step 9 DownloadSelectedBenignPackages\Benign_Packages\owlman-0.6.5.tar.gz,tar,owlman-0.6.5/setup.py,480,ast,2,2,owlman; setuptools
oxen-0.1.0,D:\10. RQ1 DySec\Step 9 DownloadSelectedBenignPackages\Benign_Packages\oxen-0.1.0.tar.gz,tar,oxen-0.1.0/setup.py,959,ast,1,1,setuptools
p-test123-0.0.3,D:\10. RQ1 DySec\Step 9 DownloadSelectedBenignPackages\Benign_Packages\p-test123-0.0.3.tar.gz,tar,p-test123-0.0.3/setup.py,174,ast,1,1,setuptools
p6-0.1.5,D:\10. RQ1 DySec\Step 9 DownloadSelectedBenignPackages\Benign_Packages\p6-0.1.5.tar.gz,tar,p6-0.1.5/setup.py,485,ast,1,1,setuptools
p7-0.1.0,D:\10. RQ1 DySec\Step 9 DownloadSelectedBenignPackages\Benign_Packages\p7-0.1.0.tar.gz,tar,p7-0.1.0/setup.py,483,ast,1,1,setuptools
package-0.1.1,D:\10. RQ1 DySec\Step 9 DownloadSelectedBenignPackages\Benign_Packages\package-0.1.1.tar.gz,tar,package-0.1.1/setup.py,904,none,0,0,
package-0.1.1,D:\10. RQ1 DySec\Step 9 DownloadSelectedBenignPackages\Benign_Packages\package-0.1.1.tar.gz,tar,package-0.1.1/layout/setup.py,216,ast,2,2,package; sys
package-controller-3.2.1,D:\10. RQ1 DySec\Step 9 DownloadSelectedBenignPackages\Benign_Packages\package-controller-3.2.1.tar.gz,tar,package-controller-3.2.1/setup.py,2020,ast,2,2,setup_utils; setuptools
package-pertama-0.2,D:\10. RQ1 DySec\Step 9 DownloadSelectedBenignPackages\Benign_Packages\package-pertama-0.2.tar.gz,tar,package-pertama-0.2/setup.py,328,ast,1,1,setuptools
package_rling-0.1.3,D:\10. RQ1 DySec\Step 9 DownloadSelectedBenignPackages\Benign_Packages\package_rling-0.1.3.tar.gz,tar,package_rling-0.1.3/setup.py,860,ast,1,1,setuptools
packagecore-0.9.9,D:\10. RQ1 DySec\Step 9 DownloadSelectedBenignPackages\Benign_Packages\packagecore-0.9.9.tar.gz,tar,packagecore-0.9.9/setup.py,732,ast,1,1,setuptools
PackageMega-0.1.3,D:\10. RQ1 DySec\Step 9 DownloadSelectedBenignPackages\Benign_Packages\PackageMega-0.1.3.tar.gz,tar,PackageMega-0.1.3/setup.py,1797,ast,3,4,os; setuptools; sys
packages-0.1.1,D:\10. RQ1 DySec\Step 9 DownloadSelectedBenignPackages\Benign_Packages\packages-0.1.1.tar.gz,tar,packages-0.1.1/setup.py,914,ast,1,1,setuptools
packageshree-0.3,D:\10. RQ1 DySec\Step 9 DownloadSelectedBenignPackages\Benign_Packages\packageshree-0.3.tar.gz,tar,packageshree-0.3/setup.py,287,ast,2,2,os; setuptools
packagetest106-0.106,D:\10. RQ1 DySec\Step 9 DownloadSelectedBenignPackages\Benign_Packages\packagetest106-0.106.tar.gz,tar,packagetest106-0.106/setup.py,396,ast,1,1,setuptools
packagetest107-0.107,D:\10. RQ1 DySec\Step 9 DownloadSelectedBenignPackages\Benign_Packages\packagetest107-0.107.tar.gz,tar,packagetest107-0.107/setup.py,396,ast,1,1,setuptools
packagetest108-0.108,D:\10. RQ1 DySec\Step 9 DownloadSelectedBenignPackages\Benign_Packages\packagetest108-0.108.tar.gz,tar,packagetest108-0.108/setup.py,396,ast,1,1,setuptools
packdrade-1.0.0,D:\10. RQ1 DySec\Step 9 DownloadSelectedBenignPackages\Benign_Packages\packdrade-1.0.0.tar.gz,tar,packdrade-1.0.0/setup.py,224,ast,1,1,setuptools
packed-0.2.3,D:\10. RQ1 DySec\Step 9 DownloadSelectedBenignPackages\Benign_Packages\packed-0.2.3.tar.gz,tar,packed-0.2.3/setup.py,1125,ast,1,1,setuptools
packer2d-1.0.0b2,D:\10. RQ1 DySec\Step 9 DownloadSelectedBenignPackages\Benign_Packages\packer2d-1.0.0b2.tar.gz,tar,packer2d-1.0.0b2/setup.py,1421,ast,1,1,setuptools
paddyhong-0.1.0,D:\10. RQ1 DySec\Step 9 DownloadSelectedBenignPackages\Benign_Packages\paddyhong-0.1.0.tar.gz,tar,paddyhong-0.1.0/paddyhong/setup.py,240,ast,1,1,setuptools
paddyhong-0.1.0,D:\10. RQ1 DySec\Step 9 DownloadSelectedBenignPackages\Benign_Packages\paddyhong-0.1.0.tar.gz,tar,paddyhong-0.1.0/setup.py,240,ast,1,1,setuptools
paicrypto-6.0,D:\10. RQ1 DySec\Step 9 DownloadSelectedBenignPackages\Benign_Packages\paicrypto-6.0.tar.gz,tar,paicrypto-6.0/setup.py,446,ast,1,1,setuptools
painkiller-0.0.0,D:\10. RQ1 DySec\Step 9 DownloadSelectedBenignPackages\Benign_Packages\painkiller-0.0.0.tar.gz,tar,kiwi-dummy-0.0.0/setup.py,264,ast,1,1,setuptools
PaInt-0.1.2,D:\10. RQ1 DySec\Step 9 DownloadSelectedBenignPackages\Benign_Packages\PaInt-0.1.2.tar.gz,tar,PaInt-0.1.2/setup.py,1111,ast,3,3,distutils; os; setuptools
pana-0.2.1,D:\10. RQ1 DySec\Step 9 DownloadSelectedBenignPackages\Benign_Packages\pana-0.2.1.tar.gz,tar,pana-0.2.1/setup.py,1034,ast,1,1,setuptools
panadas-0.2,D:\10. RQ1 DySec\Step 9 DownloadSelectedBenignPackages\Benign_Packages\panadas-0.2.tar.gz,tar,panadas-0.2/setup.py,179,ast,1,1,setuptools
panda-0.3.1,D:\10. RQ1 DySec\Step 9 DownloadSelectedBenignPackages\Benign_Packages\panda-0.3.1.tar.gz,tar,panda-0.3.1/setup.py,676,ast,1,1,setuptools
pandacan-0.0.9,D:\10. RQ1 DySec\Step 9 DownloadSelectedBenignPackages\Benign_Packages\pandacan-0.0.9.tar.gz,tar,pandacan-0.0.9/setup.py,1553,ast,4,4,codecs; os; re; setuptools
pandas-gbq-0.23.1,D:\10. RQ1 DySec\Step 9 DownloadSelectedBenignPackages\Benign_Packages\pandas-gbq-0.23.1.tar.gz,tar,pandas-gbq-0.23.1/setup.py,3134,ast,3,3,io; os; setuptools
pandas_nql-1.1.0,D:\10. RQ1 DySec\Step 9 DownloadSelectedBenignPackages\Benign_Packages\pandas_nql-1.1.0.tar.gz,tar,pandas_nql-1.1.0/setup.py,1627,ast,3,3,codecs; os; setuptools
pandasplit-0.5,D:\10. RQ1 DySec\Step 9 DownloadSelectedBenignPackages\Benign_Packages\pandasplit-0.5.tar.gz,tar,pandasplit-0.5/setup.py,318,ast,1,1,setuptools
pandaspro-0.10.1,D:\10. RQ1 DySec\Step 9 DownloadSelectedBenignPackages\Benign_Packages\pandaspro-0.10.1.tar.gz,tar,pandaspro-0.10.1/setup.py,989,ast,1,1,setuptools
pandiet-0.1.9,D:\10. RQ1 DySec\Step 9 DownloadSelectedBenignPackages\Benign_Packages\pandiet-0.1.9.tar.gz,tar,pandiet-0.1.9/setup.py,1789,ast,2,2,os; setuptools
pandoc-minted-0.2.0,D:\10. RQ1 DySec\Step 9 DownloadSelectedBenignPackages\Benign_Packages\pandoc-minted-0.2.0.tar.gz,tar,pandoc-minted-0.2.0/setup.py,1641,ast,1,1,setuptools
pandocfilters-1.5.1,D:\10. RQ1 DySec\Step 9 DownloadSelectedBenignPackages\Benign_Packages\pandocfilters-1.5.1.tar.gz,tar,pandocfilters-1.5.1/setup.py,1463,ast,3,3,distutils; os; setuptools
panelsplit-0.4.2,D:\10. RQ1 DySec\Step 9 DownloadSelectedBenignPackages\Benign_Packages\panelsplit-0.4.2.tar.gz,tar,panelsplit-0.4.2/setup.py,1219,ast,1,1,setuptools
panisa-0.1.7,D:\10. RQ1 DySec\Step 9 DownloadSelectedBenignPackages\Benign_Packages\panisa-0.1.7.tar.gz,tar,panisa-0.1.7/setup.py,6646,ast,3,3,codecs; os; setuptools
paper-candy-1.0.9b0,D:\10. RQ1 DySec\Step 9 DownloadSelectedBenignPackages\Benign_Packages\paper-candy-1.0.9b0.tar.gz,tar,paper-candy-1.0.9b0/setup.py,760,ast,1,1,setuptools
paperscraper-0.2.9,D:\10. RQ1 DySec\Step 9 DownloadSelectedBenignPackages\Benign_Packages\paperscraper-0.2.9.tar.gz,tar,paperscraper-0.2.9/setup.py,1763,ast,4,5,io; os; re; setuptools
paquete-0.2,D:\10. RQ1 DySec\Step 9 DownloadSelectedBenignPackages\Benign_Packages\paquete-0.2.tar.gz,tar,paquete-0.2/setup.py,855,ast,1,1,setuptools
paquete_pino-0.1,D:\10. RQ1 DySec\Step 9 DownloadSelectedBenignPackages\Benign_Packages\paquete_pino-0.1.tar.gz,tar,paquete_pino-0.1/setup.py,282,ast,1,1,setuptools
parameterfree-0.0.1,D:\10. RQ1 DySec\Step 9 DownloadSelectedBenignPackages\Benign_Packages\parameterfree-0.0.1.tar.gz,tar,parameterfree-0.0.1/setup.py,978,ast,3,3,codecs; os; setuptools
paramiko-3.5.0,D:\10. RQ1 DySec\Step 9 DownloadSelectedBenignPackages\Benign_Packages\paramiko-3.5.0.tar.gz,tar,paramiko-3.5.0/setup.py,3289,ast,3,3,setup_helper; setuptools; sys
paraproxy-1.2,D:\10. RQ1 DySec\Step 9 DownloadSelectedBenignPackages\Benign_Packages\paraproxy-1.2.tar.gz,tar,paraproxy-1.2/setup.py,2179,ast,4,4,distutils; setup_helper; setuptools; sys
parnas-0.1.5,D:\10. RQ1 DySec\Step 9 DownloadSelectedBenignPackages\Benign_Packages\parnas-0.1.5.tar.gz,tar,parnas-0.1.5/setup.py,1317,ast,2,2,parnas; setuptools
parse-requests-1.0.7,D:\10. RQ1 DySec\Step 9 DownloadSelectedBenignPackages\Benign_Packages\parse-requests-1.0.7.tar.gz,tar,parse-requests-1.0.7/setup.py,1421,ast,1,1,setuptools
parso-0.8.4,D:\10. RQ1 DySec\Step 9 DownloadSelectedBenignPackages\Benign_Packages\parso-0.8.4.tar.gz,tar,parso-0.8.4/setup.py,1927,ast,3,3,__future__; parso; setuptools
party-1.7.3,D:\10. RQ1 DySec\Step 9 DownloadSelectedBenignPackages\Benign_Packages\party-1.7.3.tar.gz,tar,party-1.7.3/setup.py,540,ast,1,1,setuptools
password_compat-0.2.2,D:\10. RQ1 DySec\Step 9 DownloadSelectedBenignPackages\Benign_Packages\password_compat-0.2.2.tar.gz,tar,password_compat-0.2.2/setup.py,952,ast,1,1,setuptools
path-manager-0.102,D:\10. RQ1 DySec\Step 9 DownloadSelectedBenignPackages\Benign_Packages\path-manager-0.102.tar.gz,tar,path-manager-0.102/setup.py,1799,ast,1,1,distutils
pathfinder-1.0.1,D:\10. RQ1 DySec\Step 9 DownloadSelectedBenignPackages\Benign_Packages\pathfinder-1.0.1.tar.gz,tar,pathfinder-1.0.1/setup.py,692,ast,1,2,setuptools
pathlib2-2.3.7.post1,D:\10. RQ1 DySec\Step 9 DownloadSelectedBenignPackages\Benign_Packages\pathlib2-2.3.7.post1.tar.gz,tar,pathlib2-2.3.7.post1/setup.py,1686,ast,2,2,io; setuptools
pathos-0.3.2,D:\10. RQ1 DySec\Step 9 DownloadSelectedBenignPackages\Benign_Packages\pathos-0.3.2.tar.gz,tar,pathos-0.3.2/setup.py,4783,ast,9,10,dill; distutils; multiprocess; os; pox; ppft; setuptools; sys; version
pathspec-0.12.1,D:\10. RQ1 DySec\Step 9 DownloadSelectedBenignPackages\Benign_Packages\pathspec-0.12.1.tar.gz,tar,pathspec-0.12.1/setup.py,170,ast,1,1,setuptools
patlib-0.3.5,D:\10. RQ1 DySec\Step 9 DownloadSelectedBenignPackages\Benign_Packages\patlib-0.3.5.tar.gz,tar,patlib-0.3.5/setup.py,1909,ast,1,1,setuptools
patsy-0.5.6,D:\10. RQ1 DySec\Step 9 DownloadSelectedBenignPackages\Benign_Packages\patsy-0.5.6.tar.gz,tar,patsy-0.5.6/setup.py,1631,ast,2,2,setuptools; sys
payline-1.0.9,D:\10. RQ1 DySec\Step 9 DownloadSelectedBenignPackages\Benign_Packages\payline-1.0.9.tar.gz,tar,payline-1.0.9/setup.py,1598,ast,4,4,distutils; os; re; setuptools
paypal-1.2.5,D:\10. RQ1 DySec\Step 9 DownloadSelectedBenignPackages\Benign_Packages\paypal-1.2.5.tar.gz,tar,paypal-1.2.5/setup.py,1524,ast,2,2,re; setuptools
paypal_api-0.1.5,D:\10. RQ1 DySec\Step 9 DownloadSelectedBenignPackages\Benign_Packages\paypal_api-0.1.5.tar.gz,tar,paypal_api-0.1.5/setup.py,2505,ast,2,2,os; setuptools
paypal_rest-1.0.4,D:\10. RQ1 DySec\Step 9 DownloadSelectedBenignPackages\Benign_Packages\paypal_rest-1.0.4.tar.gz,tar,paypal_rest-1.0.4/setup.py,140,ast,1,1,setuptools
paypalhttp-1.0.1,D:\10. RQ1 DySec\Step 9 DownloadSelectedBenignPackages\Benign_Packages\paypalhttp-1.0.1.tar.gz,tar,paypalhttp-1.0.1/setup.py,1172,ast,1,1,setuptools
PayPay-0.1.0,D:\10. RQ1 DySec\Step 9 DownloadSelectedBenignPackages\Benign_Packages\PayPay-0.1.0.tar.gz,tar,PayPay-0.1.0/setup.py,595,ast,1,1,distutils
paypayopa-1.7,D:\10. RQ1 DySec\Step 9 DownloadSelectedBenignPackages\Benign_Packages\paypayopa-1.7.tar.gz,tar,paypayopa-1.7/setup.py,1827,ast,2,2,os; setuptools
pboost-0.5.4,D:\10. RQ1 DySec\Step 9 DownloadSelectedBenignPackages\Benign_Packages\pboost-0.5.4.tar.gz,tar,pboost-0.5.4/setup.py,2786,ast,5,5,getpass; os; pwd; setuptools; shutil
pbr-6.1.0,D:\10. RQ1 DySec\Step 9 DownloadSelectedBenignPackages\Benign_Packages\pbr-6.1.0.tar.gz,tar,pbr-6.1.0/pbr/tests/testpackage/setup.py,692,ast,1,1,setuptools
pbr-6.1.0,D:\10. RQ1 DySec\Step 9 DownloadSelectedBenignPackages\Benign_Packages\pbr-6.1.0.tar.gz,tar,pbr-6.1.0/setup.py,696,ast,2,2,pbr; setuptools
pbs3-3.0.2,D:\10. RQ1 DySec\Step 9 DownloadSelectedBenignPackages\Benign_Packages\pbs3-3.0.2.tar.gz,tar,pbs3-3.0.2/setup.py,462,ast,1,1,setuptools
pccontrol-1.4,D:\10. RQ1 DySec\Step 9 DownloadSelectedBenignPackages\Benign_Packages\pccontrol-1.4.tar.gz,tar,pccontrol-1.4/setup.py,1736,ast,1,1,distutils
pch-0.1,D:\10. RQ1 DySec\Step 9 DownloadSelectedBenignPackages\Benign_Packages\pch-0.1.tar.gz,tar,pch-0.1/setup.py,830,ast,1,2,setuptools
pcolor-0.0.4,D:\10. RQ1 DySec\Step 9 DownloadSelectedBenignPackages\Benign_Packages\pcolor-0.0.4.tar.gz,tar,pcolor-0.0.4/setup.py,1913,ast,3,3,configparser; pkg_resources; setuptools
pcraft-0.1.4,D:\10. RQ1 DySec\Step 9 DownloadSelectedBenignPackages\Benign_Packages\pcraft-0.1.4.tar.gz,tar,pcraft-0.1.4/setup.py,1192,ast,4,4,distutils; os; setuptools; textwrap
pcrypt-1.0.5,D:\10. RQ1 DySec\Step 9 DownloadSelectedBenignPackages\Benign_Packages\pcrypt-1.0.5.tar.gz,tar,pcrypt-1.0.5/setup.py,1856,ast,2,2,setuptools; sys
pcvis-0.6.0,D:\10. RQ1 DySec\Step 9 DownloadSelectedBenignPackages\Benign_Packages\pcvis-0.6.0.tar.gz,tar,pcvis-0.6.0/setup.py,6491,ast,1,1,setuptools
pd_pystudy-0.0.5,D:\10. RQ1 DySec\Step 9 DownloadSelectedBenignPackages\Benign_Packages\pd_pystudy-0.0.5.tar.gz,tar,pd_pystudy-0.0.5/setup.py,940,ast,1,1,setuptools
pdhttp-1.8.4.dev20201015123110,D:\10. RQ1 DySec\Step 9 DownloadSelectedBenignPackages\Benign_Packages\pdhttp-1.8.4.dev20201015123110.tar.gz,tar,pdhttp-1.8.4.dev20201015123110/setup.py,1290,ast,4,5,io; json; os; setuptools
pdistrib-0.1.2,D:\10. RQ1 DySec\Step 9 DownloadSelectedBenignPackages\Benign_Packages\pdistrib-0.1.2.tar.gz,tar,pdistrib-0.1.2/setup.py,174,ast,1,1,setuptools
pdns-client-api-0.0.47,D:\10. RQ1 DySec\Step 9 DownloadSelectedBenignPackages\Benign_Packages\pdns-client-api-0.0.47.tar.gz,tar,pdns-client-api-0.0.47/setup.py,115,ast,1,1,setuptools
pdpy-lib-0.1.6,D:\10. RQ1 DySec\Step 9 DownloadSelectedBenignPackages\Benign_Packages\pdpy-lib-0.1.6.tar.gz,tar,pdpy-lib-0.1.6/setup.py,115,ast,1,1,distutils
PDRandom-1.0.2,D:\10. RQ1 DySec\Step 9 DownloadSelectedBenignPackages\Benign_Packages\PDRandom-1.0.2.zip,zip,PDRandom-1.0.2/setup.py,402,ast,1,1,distutils
pedestrian_movement-0.0.1,D:\10. RQ1 DySec\Step 9 DownloadSelectedBenignPackages\Benign_Packages\pedestrian_movement-0.0.1.tar.gz,tar,pedestrian_movement-0.0.1/setup.py,852,ast,1,1,setuptools
peer-0.9.0,D:\10. RQ1 DySec\Step 9 DownloadSelectedBenignPackages\Benign_Packages\peer-0.9.0.tar.gz,tar,peer-0.9.0/setup.py,3407,ast,3,3,fnmatch; os; setuptools
pelican-edit-url-0.1.1,D:\10. RQ1 DySec\Step 9 DownloadSelectedBenignPackages\Benign_Packages\pelican-edit-url-0.1.1.tar.gz,tar,pelican-edit-url-0.1.1/setup.py,1209,ast,4,4,distutils; os; setuptools; sys
penitus-1.2,D:\10. RQ1 DySec\Step 9 DownloadSelectedBenignPackages\Benign_Packages\penitus-1.2.tar.gz,tar,penitus-1.2/setup.py,1390,ast,1,1,setuptools
pepipost-5.0.0,D:\10. RQ1 DySec\Step 9 DownloadSelectedBenignPackages\Benign_Packages\pepipost-5.0.0.tar.gz,tar,pepipost-5.0.0/setup.py,996,ast,2,2,pypandoc; setuptools
pepperpepper-0.0.7.9,D:\10. RQ1 DySec\Step 9 DownloadSelectedBenignPackages\Benign_Packages\pepperpepper-0.0.7.9.tar.gz,tar,pepperpepper-0.0.7.9/setup.py,567,ast,1,1,setuptools
pepsift-0.0.2.post1,D:\10. RQ1 DySec\Step 9 DownloadSelectedBenignPackages\Benign_Packages\pepsift-0.0.2.post1.tar.gz,tar,pepsift-0.0.2.post1/setup.py,123,ast,1,1,setuptools
pequests-0.0.1,D:\10. RQ1 DySec\Step 9 DownloadSelectedBenignPackages\Benign_Packages\pequests-0.0.1.tar.gz,tar,pequests-0.0.1/setup.py,815,ast,1,1,setuptools
per-0.0.0,D:\10. RQ1 DySec\Step 9 DownloadSelectedBenignPackages\Benign_Packages\per-0.0.0.tar.gz,tar,per-0.0.0/setup.py,382,ast,1,1,setuptools
perfprof-0.2,D:\10. RQ1 DySec\Step 9 DownloadSelectedBenignPackages\Benign_Packages\perfprof-0.2.tar.gz,tar,perfprof-0.2/setup.py,69,ast,1,1,setuptools
perftrackerlib-0.1.8,D:\10. RQ1 DySec\Step 9 DownloadSelectedBenignPackages\Benign_Packages\perftrackerlib-0.1.8.tar.gz,tar,perftrackerlib-0.1.8/setup.py,3547,ast,4,4,codecs; os; perftrackerlib; setuptools
perkle-0.0.5,D:\10. RQ1 DySec\Step 9 DownloadSelectedBenignPackages\Benign_Packages\perkle-0.0.5.tar.gz,tar,perkle-0.0.5/setup.py,681,ast,1,1,setuptools
PermCCA-0.1.3,D:\10. RQ1 DySec\Step 9 DownloadSelectedBenignPackages\Benign_Packages\PermCCA-0.1.3.tar.gz,tar,PermCCA-0.1.3/setup.py,1069,ast,2,2,os; setuptools
pescea-v1.0.3,D:\10. RQ1 DySec\Step 9 DownloadSelectedBenignPackages\Benign_Packages\pescea-v1.0.3.tar.gz,tar,pescea-v1.0.3/setup.py,1066,ast,1,1,distutils
pestcontrol-1.0.5,D:\10. RQ1 DySec\Step 9 DownloadSelectedBenignPackages\Benign_Packages\pestcontrol-1.0.5.tar.gz,tar,pestcontrol-1.0.5/setup.py,665,ast,1,1,setuptools
petlib-0.0.9,D:\10. RQ1 DySec\Step 9 DownloadSelectedBenignPackages\Benign_Packages\petlib-0.0.9.tar.gz,tar,petlib-0.0.9/setup.py,641,ast,1,1,distutils
pexpect-4.9.0,D:\10. RQ1 DySec\Step 9 DownloadSelectedBenignPackages\Benign_Packages\pexpect-4.9.0.tar.gz,tar,pexpect-4.9.0/setup.py,3151,ast,5,5,distutils; os; re; setuptools; sys
peyecoder-1.2.0,D:\10. RQ1 DySec\Step 9 DownloadSelectedBenignPackages\Benign_Packages\peyecoder-1.2.0.tar.gz,tar,peyecoder-1.2.0/setup.py,1071,ast,2,2,peyecoder; setuptools
pfit-0.2.1,D:\10. RQ1 DySec\Step 9 DownloadSelectedBenignPackages\Benign_Packages\pfit-0.2.1.tar.gz,tar,pfit-0.2.1/setup.py,1385,ast,2,2,pathlib; setuptools
pgui-0.1,D:\10. RQ1 DySec\Step 9 DownloadSelectedBenignPackages\Benign_Packages\pgui-0.1.tar.gz,tar,pgui-0.1/setup.py,306,ast,1,1,setuptools
phoila-0.3.0,D:\10. RQ1 DySec\Step 9 DownloadSelectedBenignPackages\Benign_Packages\phoila-0.3.0.tar.gz,tar,phoila-0.3.0/setup.py,2595,ast,5,5,__future__; glob; os; setupbase; setuptools
phoneintel-1.1.0,D:\10. RQ1 DySec\Step 9 DownloadSelectedBenignPackages\Benign_Packages\phoneintel-1.1.0.tar.gz,tar,phoneintel-1.1.0/setup.py,1913,ast,1,1,setuptools
phoneintel-1.1.1,D:\10. RQ1 DySec\Step 9 DownloadSelectedBenignPackages\Benign_Packages\phoneintel-1.1.1.tar.gz,tar,phoneintel-1.1.1/setup.py,1967,ast,1,1,setuptools
phsutaprofile-0.0.5,D:\10. RQ1 DySec\Step 9 DownloadSelectedBenignPackages\Benign_Packages\phsutaprofile-0.0.5.tar.gz,tar,phsutaprofile-0.0.5/setup.py,1350,ast,3,3,io; os; setuptools
phylotrackpy-0.2.2,D:\10. RQ1 DySec\Step 9 DownloadSelectedBenignPackages\Benign_Packages\phylotrackpy-0.2.2.tar.gz,tar,phylotrackpy-0.2.2/setup.py,1462,ast,3,4,pybind11; setuptools; sys
phytorch-0.0.42.0,D:\10. RQ1 DySec\Step 9 DownloadSelectedBenignPackages\Benign_Packages\phytorch-0.0.42.0.tar.gz,tar,phytorch-0.0.42.0/setup.py,38,ast,1,1,setuptools
pi_utils-0.9.0,D:\10. RQ1 DySec\Step 9 DownloadSelectedBenignPackages\Benign_Packages\pi_utils-0.9.0.tar.gz,tar,pi_utils-0.9.0/setup.py,267,ast,1,1,setuptools
picklejar-3.1.0,D:\10. RQ1 DySec\Step 9 DownloadSelectedBenignPackages\Benign_Packages\picklejar-3.1.0.tar.gz,tar,picklejar-3.1.0/setup.py,2865,ast,1,1,setuptools
pickleshare-0.7.5,D:\10. RQ1 DySec\Step 9 DownloadSelectedBenignPackages\Benign_Packages\pickleshare-0.7.5.tar.gz,tar,pickleshare-0.7.5/setup.py,1986,ast,1,1,setuptools
picknpull-0.1.2,D:\10. RQ1 DySec\Step 9 DownloadSelectedBenignPackages\Benign_Packages\picknpull-0.1.2.tar.gz,tar,picknpull-0.1.2/setup.py,753,ast,1,1,setuptools
PicoMusic-0.1.0.dev4,D:\10. RQ1 DySec\Step 9 DownloadSelectedBenignPackages\Benign_Packages\PicoMusic-0.1.0.dev4.tar.gz,tar,PicoMusic-0.1.0.dev4/setup.py,2676,ast,6,6,io; os; picomusic; re; setuptools; sys
piconetcontrol-0.2.4,D:\10. RQ1 DySec\Step 9 DownloadSelectedBenignPackages\Benign_Packages\piconetcontrol-0.2.4.tar.gz,tar,piconetcontrol-0.2.4/setup.py,1513,ast,2,2,pathlib; setuptools
picontrol-1.1,D:\10. RQ1 DySec\Step 9 DownloadSelectedBenignPackages\Benign_Packages\picontrol-1.1.tar.gz,tar,picontrol-1.1/setup.py,4348,ast,5,6,contextlib; os; re; setuptools; subprocess
picture_replace-0.0.1,D:\10. RQ1 DySec\Step 9 DownloadSelectedBenignPackages\Benign_Packages\picture_replace-0.0.1.tar.gz,tar,picture_replace-0.0.1/setup.py,268,ast,1,1,setuptools
piehydra-0.0.1,D:\10. RQ1 DySec\Step 9 DownloadSelectedBenignPackages\Benign_Packages\piehydra-0.0.1.tar.gz,tar,piehydra-0.0.1/setup.py,304,ast,1,1,setuptools
pieparty-1.5.3,D:\10. RQ1 DySec\Step 9 DownloadSelectedBenignPackages\Benign_Packages\pieparty-1.5.3.tar.gz,tar,pieparty-1.5.3/setup.py,1045,ast,1,1,setuptools
pierpy-0.3.0.7,D:\10. RQ1 DySec\Step 9 DownloadSelectedBenignPackages\Benign_Packages\pierpy-0.3.0.7.tar.gz,tar,pierpy-0.3.0.7/setup.py,863,ast,1,1,setuptools
pigeonpost-0.4.9,D:\10. RQ1 DySec\Step 9 DownloadSelectedBenignPackages\Benign_Packages\pigeonpost-0.4.9.tar.gz,tar,pigeonpost-0.4.9/setup.py,37,ast,1,1,setuptools
pik-django-utils-2.1.0,D:\10. RQ1 DySec\Step 9 DownloadSelectedBenignPackages\Benign_Packages\pik-django-utils-2.1.0.tar.gz,tar,pik-django-utils-2.1.0/setup.py,3319,ast,3,3,codecs; os; setuptools
pil-supporter-0.0.8,D:\10. RQ1 DySec\Step 9 DownloadSelectedBenignPackages\Benign_Packages\pil-supporter-0.0.8.tar.gz,tar,pil-supporter-0.0.8/setup.py,591,ast,2,2,os; setuptools
pilk-0.2.4,D:\10. RQ1 DySec\Step 9 DownloadSelectedBenignPackages\Benign_Packages\pilk-0.2.4.tar.gz,tar,pilk-0.2.4/setup.py,2125,ast,2,2,glob; setuptools
pilli-2022.7.28,D:\10. RQ1 DySec\Step 9 DownloadSelectedBenignPackages\Benign_Packages\pilli-2022.7.28.tar.gz,tar,pilli-2022.7.28/setup.py,38,ast,1,1,setuptools
Pillow-9.5.0,D:\10. RQ1 DySec\Step 9 DownloadSelectedBenignPackages\Benign_Packages\Pillow-9.5.0.tar.gz,tar,Pillow-9.5.0/setup.py,36651,ast,8,9,atexit; os; re; setuptools; struct; subprocess; sys; warnings
pilo-0.6.2,D:\10. RQ1 DySec\Step 9 DownloadSelectedBenignPackages\Benign_Packages\pilo-0.6.2.tar.gz,tar,pilo-0.6.2/setup.py,1684,ast,3,4,pytest; re; setuptools
pilosa-1.3.1,D:\10. RQ1 DySec\Step 9 DownloadSelectedBenignPackages\Benign_Packages\pilosa-1.3.1.tar.gz,tar,pilosa-1.3.1/setup.py,2903,ast,3,3,codecs; os; setuptools
pilpe-0.1,D:\10. RQ1 DySec\Step 9 DownloadSelectedBenignPackages\Benign_Packages\pilpe-0.1.tar.gz,tar,pilpe-0.1/setup.py,370,ast,1,1,setuptools
pimask-0.7,D:\10. RQ1 DySec\Step 9 DownloadSelectedBenignPackages\Benign_Packages\pimask-0.7.tar.gz,tar,pimask-0.7/setup.py,480,ast,1,1,setuptools
pimpygui-0.1.1,D:\10. RQ1 DySec\Step 9 DownloadSelectedBenignPackages\Benign_Packages\pimpygui-0.1.1.tar.gz,tar,pimpygui-0.1.1/setup.py,961,ast,1,1,setuptools
pin-and-string-0.0.1,D:\10. RQ1 DySec\Step 9 DownloadSelectedBenignPackages\Benign_Packages\pin-and-string-0.0.1.tar.gz,tar,pin-and-string-0.0.1/setup.py,1023,ast,1,1,setuptools
pinance-1.0,D:\10. RQ1 DySec\Step 9 DownloadSelectedBenignPackages\Benign_Packages\pinance-1.0.tar.gz,tar,pinance-1.0/setup.py,1414,ast,2,2,distutils; setuptools
pincode-1.0.3,D:\10. RQ1 DySec\Step 9 DownloadSelectedBenignPackages\Benign_Packages\pincode-1.0.3.tar.gz,tar,pincode-1.0.3/setup.py,2432,ast,1,1,setuptools
pinferencia-0.2.1,D:\10. RQ1 DySec\Step 9 DownloadSelectedBenignPackages\Benign_Packages\pinferencia-0.2.1.tar.gz,tar,pinferencia-0.2.1/setup.py,6847,ast,1,1,setuptools
ping-0.2,D:\10. RQ1 DySec\Step 9 DownloadSelectedBenignPackages\Benign_Packages\ping-0.2.tar.gz,tar,python-ping-0.2/setup.py,1751,ast,2,2,distutils; ping
pingping-1.3.4,D:\10. RQ1 DySec\Step 9 DownloadSelectedBenignPackages\Benign_Packages\pingping-1.3.4.tar.gz,tar,pingping-1.3.4/setup.py,1532,ast,3,3,io; os; setuptools
pingpong-0.0.1,D:\10. RQ1 DySec\Step 9 DownloadSelectedBenignPackages\Benign_Packages\pingpong-0.0.1.tar.gz,tar,pingpong-0.0.1/setup.py,927,ast,1,1,setuptools
PingPongTool-1.0.0,D:\10. RQ1 DySec\Step 9 DownloadSelectedBenignPackages\Benign_Packages\PingPongTool-1.0.0.tar.gz,tar,PingPongTool-1.0.0/setup.py,523,ast,1,1,setuptools
pingspice-0.4.2,D:\10. RQ1 DySec\Step 9 DownloadSelectedBenignPackages\Benign_Packages\pingspice-0.4.2.tar.gz,tar,pingspice-0.4.2/setup.py,4232,ast,1,1,setuptools
pingtunnel-1.1.0,D:\10. RQ1 DySec\Step 9 DownloadSelectedBenignPackages\Benign_Packages\pingtunnel-1.1.0.tar.gz,tar,pingtunnel-1.1.0/setup.py,866,ast,1,1,setuptools
pinpointpy-1.3.1,D:\10. RQ1 DySec\Step 9 DownloadSelectedBenignPackages\Benign_Packages\pinpointpy-1.3.1.tar.gz,tar,pinpointpy-1.3.1/setup.py,2033,ast,3,3,pathlib; platform; setuptools
pinscrape-3.2.3,D:\10. RQ1 DySec\Step 9 DownloadSelectedBenignPackages\Benign_Packages\pinscrape-3.2.3.tar.gz,tar,pinscrape-3.2.3/setup.py,838,ast,2,2,pinscrape; setuptools
pip-cache-0.0.6,D:\10. RQ1 DySec\Step 9 DownloadSelectedBenignPackages\Benign_Packages\pip-cache-0.0.6.tar.gz,tar,pip-cache-0.0.6/setup.py,4124,ast,4,4,codecs; os; pip_cache; setuptools
pip-install-test-0.5,D:\10. RQ1 DySec\Step 9 DownloadSelectedBenignPackages\Benign_Packages\pip-install-test-0.5.tar.gz,tar,pip-install-test-0.5/setup.py,419,ast,1,1,setuptools
pip-requ-0.180.7,D:\10. RQ1 DySec\Step 9 DownloadSelectedBenignPackages\Benign_Packages\pip-requ-0.180.7.tar.gz,tar,pip-requ-0.180.7/setup.py,1384,ast,1,1,setuptools
pipackager-0.4.7,D:\10. RQ1 DySec\Step 9 DownloadSelectedBenignPackages\Benign_Packages\pipackager-0.4.7.tar.gz,tar,pipackager-0.4.7/setup.py,1659,ast,2,2,pathlib; setuptools
pipchecker-0.0.4,D:\10. RQ1 DySec\Step 9 DownloadSelectedBenignPackages\Benign_Packages\pipchecker-0.0.4.tar.gz,tar,pipchecker-0.0.4/setup.py,37,ast,1,1,setuptools
pipcolorlibV2-1.0.0,D:\10. RQ1 DySec\Step 9 DownloadSelectedBenignPackages\Benign_Packages\pipcolorlibV2-1.0.0.tar.gz,tar,pipcolorlibV2-1.0.0/setup.py,534,ast,1,1,setuptools
pipcontrol-1.2.1,D:\10. RQ1 DySec\Step 9 DownloadSelectedBenignPackages\Benign_Packages\pipcontrol-1.2.1.tar.gz,tar,pipcontrol-1.2.1/setup.py,1633,ast,2,2,os; setuptools
pipeflow-0.5,D:\10. RQ1 DySec\Step 9 DownloadSelectedBenignPackages\Benign_Packages\pipeflow-0.5.tar.gz,tar,pipeflow-0.5/setup.py,480,ast,1,1,distutils
piphack_solution-0.1,D:\10. RQ1 DySec\Step 9 DownloadSelectedBenignPackages\Benign_Packages\piphack_solution-0.1.tar.gz,tar,piphack_solution-0.1/setup.py,547,ast,2,2,os; setuptools
pipkin-2.1b1,D:\10. RQ1 DySec\Step 9 DownloadSelectedBenignPackages\Benign_Packages\pipkin-2.1b1.tar.gz,tar,pipkin-2.1b1/setup.py,2105,ast,3,3,os; setuptools; sys
pipl-0.2.0.dev4,D:\10. RQ1 DySec\Step 9 DownloadSelectedBenignPackages\Benign_Packages\pipl-0.2.0.dev4.tar.gz,tar,pipl-0.2.0.dev4/setup.py,2459,ast,3,3,os; setuptools; sys
pipm-9.0.0,D:\10. RQ1 DySec\Step 9 DownloadSelectedBenignPackages\Benign_Packages\pipm-9.0.0.tar.gz,tar,pipm-9.0.0/setup.py,1869,ast,4,4,codecs; os; pipm; setuptools
pippip-0.0.10,D:\10. RQ1 DySec\Step 9 DownloadSelectedBenignPackages\Benign_Packages\pippip-0.0.10.tar.gz,tar,pippip-0.0.10/setup.py,405,ast,1,1,setuptools
pippy-0.1.0,D:\10. RQ1 DySec\Step 9 DownloadSelectedBenignPackages\Benign_Packages\pippy-0.1.0.tar.gz,tar,pippy-0.1.0/setup.py,954,ast,3,3,os; setuptools; sys
pipsearch-2.93,D:\10. RQ1 DySec\Step 9 DownloadSelectedBenignPackages\Benign_Packages\pipsearch-2.93.tar.gz,tar,pipsearch-2.93/setup.py,505,ast,1,1,setuptools
pipsqlkitsV1-1.0.0,D:\10. RQ1 DySec\Step 9 DownloadSelectedBenignPackages\Benign_Packages\pipsqlkitsV1-1.0.0.tar.gz,tar,pipsqlkitsV1-1.0.0/setup.py,553,ast,1,1,setuptools
pipver-0.1.9,D:\10. RQ1 DySec\Step 9 DownloadSelectedBenignPackages\Benign_Packages\pipver-0.1.9.tar.gz,tar,pipver-0.1.9/setup.py,561,ast,3,3,os; setuptools; sys
piranha-0.0.5,D:\10. RQ1 DySec\Step 9 DownloadSelectedBenignPackages\Benign_Packages\piranha-0.0.5.tar.gz,tar,piranha-0.0.5/setup.py,740,ast,2,2,piranha; setuptools
pirate_based-1.0.0,D:\10. RQ1 DySec\Step 9 DownloadSelectedBenignPackages\Benign_Packages\pirate_based-1.0.0.tar.gz,tar,pirate_based-1.0.0/setup.py,312,ast,1,1,setuptools
piratebay-0.3.1,D:\10. RQ1 DySec\Step 9 DownloadSelectedBenignPackages\Benign_Packages\piratebay-0.3.1.tar.gz,tar,piratebay-0.3.1/setup.py,839,ast,2,2,distutils; piratebay
pix-utils-1.0.1,D:\10. RQ1 DySec\Step 9 DownloadSelectedBenignPackages\Benign_Packages\pix-utils-1.0.1.tar.gz,tar,pix-utils-1.0.1/setup.py,708,ast,1,1,setuptools
pjson-1.1,D:\10. RQ1 DySec\Step 9 DownloadSelectedBenignPackages\Benign_Packages\pjson-1.1.tar.gz,tar,pjson-1.1/setup.py,1021,ast,2,2,pjson; setuptools
pkce-1.0.3,D:\10. RQ1 DySec\Step 9 DownloadSelectedBenignPackages\Benign_Packages\pkce-1.0.3.tar.gz,tar,pkce-1.0.3/setup.py,763,ast,1,1,setuptools
pkg-tool-lib-0.1,D:\10. RQ1 DySec\Step 9 DownloadSelectedBenignPackages\Benign_Packages\pkg-tool-lib-0.1.tar.gz,tar,pkg-tool-lib-0.1/setup.py,948,ast,1,1,setuptools
pkg1-0.0.3,D:\10. RQ1 DySec\Step 9 DownloadSelectedBenignPackages\Benign_Packages\pkg1-0.0.3.tar.gz,tar,pkg1-0.0.3/setup.py,775,ast,1,1,setuptools
pkginfo-1.11.1,D:\10. RQ1 DySec\Step 9 DownloadSelectedBenignPackages\Benign_Packages\pkginfo-1.11.1.tar.gz,tar,pkginfo-1.11.1/docs/examples/testlp1974172/setup.py,575,ast,1,1,setuptools
pkginfo-1.11.1,D:\10. RQ1 DySec\Step 9 DownloadSelectedBenignPackages\Benign_Packages\pkginfo-1.11.1.tar.gz,tar,pkginfo-1.11.1/docs/examples/mypackage-0.1/setup.py,309,ast,1,1,setuptools
pkginfo-1.11.1,D:\10. RQ1 DySec\Step 9 DownloadSelectedBenignPackages\Benign_Packages\pkginfo-1.11.1.tar.gz,tar,pkginfo-1.11.1/setup.py,1896,ast,3,3,distutils; os; setuptools
pkgutil_resolve_name-1.3.10,D:\10. RQ1 DySec\Step 9 DownloadSelectedBenignPackages\Benign_Packages\pkgutil_resolve_name-1.3.10.tar.gz,tar,pkgutil_resolve_name-1.3.10/setup.py,451,ast,1,1,distutils
pl-builder-1.2.0,D:\10. RQ1 DySec\Step 9 DownloadSelectedBenignPackages\Benign_Packages\pl-builder-1.2.0.tar.gz,tar,pl-builder-1.2.0/setup.py,1183,ast,3,3,conf; setuptools; version
placeload-0.4.0,D:\10. RQ1 DySec\Step 9 DownloadSelectedBenignPackages\Benign_Packages\placeload-0.4.0.tar.gz,tar,placeload-0.4.0/setup.py,650,ast,1,1,setuptools
placescraper-0.1.2,D:\10. RQ1 DySec\Step 9 DownloadSelectedBenignPackages\Benign_Packages\placescraper-0.1.2.tar.gz,tar,placescraper-0.1.2/setup.py,989,ast,3,3,os; re; setuptools
play_requests-0.0.5,D:\10. RQ1 DySec\Step 9 DownloadSelectedBenignPackages\Benign_Packages\play_requests-0.0.5.tar.gz,tar,play_requests-0.0.5/setup.py,1883,ast,1,1,setuptools
play_selenium-0.0.3,D:\10. RQ1 DySec\Step 9 DownloadSelectedBenignPackages\Benign_Packages\play_selenium-0.0.3.tar.gz,tar,play_selenium-0.0.3/setup.py,2080,ast,3,3,codecs; os; setuptools
playrandom-0.0.2,D:\10. RQ1 DySec\Step 9 DownloadSelectedBenignPackages\Benign_Packages\playrandom-0.0.2.tar.gz,tar,playrandom-0.0.2/setup.py,1484,ast,4,5,os; setuptools; sys; urllib
playsound-1.3.0,D:\10. RQ1 DySec\Step 9 DownloadSelectedBenignPackages\Benign_Packages\playsound-1.3.0.tar.gz,tar,playsound-1.3.0/setup.py,2336,ast,4,4,codecs; inspect; os; setuptools
plex-sync-0.0.3,D:\10. RQ1 DySec\Step 9 DownloadSelectedBenignPackages\Benign_Packages\plex-sync-0.0.3.tar.gz,tar,plex-sync-0.0.3/setup.py,997,ast,3,3,codecs; os; setuptools
plib.stdlib-1.1.2.post1,D:\10. RQ1 DySec\Step 9 DownloadSelectedBenignPackages\Benign_Packages\plib.stdlib-1.1.2.post1.tar.gz,tar,plib.stdlib-1.1.2.post1/setup.py,2168,ast,6,6,distutils; os; plib; setuputils; subprocess; sys
plib3.extensions-1.3,D:\10. RQ1 DySec\Step 9 DownloadSelectedBenignPackages\Benign_Packages\plib3.extensions-1.3.tar.gz,tar,plib3.extensions-1.3/setup.py,1400,ast,2,2,setuptools; setuputils
plitlib-0.1.9,D:\10. RQ1 DySec\Step 9 DownloadSelectedBenignPackages\Benign_Packages\plitlib-0.1.9.tar.gz,tar,plitlib-0.1.9/setup.py,1365,ast,3,3,os; setuptools; versioneer
ploadpy-0.0.1,D:\10. RQ1 DySec\Step 9 DownloadSelectedBenignPackages\Benign_Packages\ploadpy-0.0.1.tar.gz,tar,ploadpy-0.0.1/setup.py,997,ast,3,3,codecs; os; setuptools
ploghandler-0.5.0,D:\10. RQ1 DySec\Step 9 DownloadSelectedBenignPackages\Benign_Packages\ploghandler-0.5.0.tar.gz,tar,ploghandler-0.5.0/setup.py,1020,ast,3,3,os; setuptools; sys
plotlab-0.1.1,D:\10. RQ1 DySec\Step 9 DownloadSelectedBenignPackages\Benign_Packages\plotlab-0.1.1.tar.gz,tar,plotlab-0.1.1/setup.py,9904,ast,1,1,setuptools
plotly-5.24.1,D:\10. RQ1 DySec\Step 9 DownloadSelectedBenignPackages\Benign_Packages\plotly-5.24.1.tar.gz,tar,plotly-5.24.1/setup.py,18867,ast,13,16,codegen; distutils; json; os; platform; plotly; requests; setuptools; shutil; subprocess; sys; time; versioneer
plotstring-0.0.16,D:\10. RQ1 DySec\Step 9 DownloadSelectedBenignPackages\Benign_Packages\plotstring-0.0.16.tar.gz,tar,plotstring-0.0.16/setup.py,990,ast,1,1,setuptools
plottingtools-1.0.1,D:\10. RQ1 DySec\Step 9 DownloadSelectedBenignPackages\Benign_Packages\plottingtools-1.0.1.tar.gz,tar,plottingtools-1.0.1/setup.py,947,ast,1,2,setuptools
plow-0.4.4,D:\10. RQ1 DySec\Step 9 DownloadSelectedBenignPackages\Benign_Packages\plow-0.4.4.tar.gz,tar,plow-0.4.4/setup.py,10212,regex,13,19,Cython; ctypes; distutils; doc; glob; lib; os; re; setuptools; shutil; sphinx; subprocess; sys
ploy_virtualbox-2.0.0b3,D:\10. RQ1 DySec\Step 9 DownloadSelectedBenignPackages\Benign_Packages\ploy_virtualbox-2.0.0b3.tar.gz,tar,ploy_virtualbox-2.0.0b3/setup.py,1388,ast,2,2,os; setuptools
pltgui-0.32,D:\10. RQ1 DySec\Step 9 DownloadSelectedBenignPackages\Benign_Packages\pltgui-0.32.tar.gz,tar,pltgui-0.32/setup.py,938,ast,1,1,setuptools
pluggy-1.5.0,D:\10. RQ1 DySec\Step 9 DownloadSelectedBenignPackages\Benign_Packages\pluggy-1.5.0.tar.gz,tar,pluggy-1.5.0/docs/examples/eggsample/setup.py,243,ast,1,2,setuptools
pluggy-1.5.0,D:\10. RQ1 DySec\Step 9 DownloadSelectedBenignPackages\Benign_Packages\pluggy-1.5.0.tar.gz,tar,pluggy-1.5.0/docs/examples/eggsample-spam/setup.py,195,ast,1,1,setuptools
pluggy-1.5.0,D:\10. RQ1 DySec\Step 9 DownloadSelectedBenignPackages\Benign_Packages\pluggy-1.5.0.tar.gz,tar,pluggy-1.5.0/setup.py,124,ast,1,1,setuptools
plugin-library-0.0.0,D:\10. RQ1 DySec\Step 9 DownloadSelectedBenignPackages\Benign_Packages\plugin-library-0.0.0.tar.gz,tar,plugin-library-0.0.0/setup.py,1862,ast,3,3,pluginlib; setuptools; sys
plupload-1.0,D:\10. RQ1 DySec\Step 9 DownloadSelectedBenignPackages\Benign_Packages\plupload-1.0.tar.gz,tar,plupload-1.0/setup.py,1049,ast,2,2,os; setuptools
plush-0.3.0,D:\10. RQ1 DySec\Step 9 DownloadSelectedBenignPackages\Benign_Packages\plush-0.3.0.tar.gz,tar,plush-0.3.0/setup.py,2723,ast,3,3,distutils; plush; tests
plush_web-0.1.0,D:\10. RQ1 DySec\Step 9 DownloadSelectedBenignPackages\Benign_Packages\plush_web-0.1.0.tar.gz,tar,plush_web-0.1.0/setup.py,775,ast,2,2,os; setuptools
plutocontrol-0.2.0,D:\10. RQ1 DySec\Step 9 DownloadSelectedBenignPackages\Benign_Packages\plutocontrol-0.2.0.tar.gz,tar,plutocontrol-0.2.0/setup.py,630,ast,1,1,setuptools
ply-3.11,D:\10. RQ1 DySec\Step 9 DownloadSelectedBenignPackages\Benign_Packages\ply-3.11.tar.gz,tar,ply-3.11/setup.py,1198,ast,2,2,distutils; setuptools
pnap-network-api-2.0.2,D:\10. RQ1 DySec\Step 9 DownloadSelectedBenignPackages\Benign_Packages\pnap-network-api-2.0.2.tar.gz,tar,pnap-network-api-2.0.2/setup.py,2917,ast,1,1,setuptools
pndatapush-0.0.4,D:\10. RQ1 DySec\Step 9 DownloadSelectedBenignPackages\Benign_Packages\pndatapush-0.0.4.tar.gz,tar,pndatapush-0.0.4/setup.py,2569,ast,8,13,__future__; glob; io; os; pip; re; setuptools; src
po-0.1.0,D:\10. RQ1 DySec\Step 9 DownloadSelectedBenignPackages\Benign_Packages\po-0.1.0.tar.gz,tar,po-0.1.0/setup.py,818,ast,1,1,setuptools
pod-billing-1.2.0,D:\10. RQ1 DySec\Step 9 DownloadSelectedBenignPackages\Benign_Packages\pod-billing-1.2.0.tar.gz,tar,pod-billing-1.2.0/setup.py,1655,ast,1,1,setuptools
podget-0.1.2,D:\10. RQ1 DySec\Step 9 DownloadSelectedBenignPackages\Benign_Packages\podget-0.1.2.tar.gz,tar,podget-0.1.2/setup.py,393,ast,3,3,distutils; podget; warnings
podigeeconnector-0.2.0,D:\10. RQ1 DySec\Step 9 DownloadSelectedBenignPackages\Benign_Packages\podigeeconnector-0.2.0.tar.gz,tar,podigeeconnector-0.2.0/setup.py,851,ast,1,1,setuptools
poetry-1.8.3,D:\10. RQ1 DySec\Step 9 DownloadSelectedBenignPackages\Benign_Packages\poetry-1.8.3.tar.gz,tar,poetry-1.8.3/tests/fixtures/directory/project_with_transitive_directory_dependencies/setup.py,574,ast,2,2,__future__; distutils
poetry-1.8.3,D:\10. RQ1 DySec\Step 9 DownloadSelectedBenignPackages\Benign_Packages\poetry-1.8.3.tar.gz,tar,poetry-1.8.3/tests/fixtures/git/github.com/demo/demo/setup.py,429,ast,2,2,__future__; setuptools
poetry-1.8.3,D:\10. RQ1 DySec\Step 9 DownloadSelectedBenignPackages\Benign_Packages\poetry-1.8.3.tar.gz,tar,poetry-1.8.3/tests/fixtures/git/github.com/demo/namespace-package-one/setup.py,402,ast,2,3,__future__; setuptools
poetry-1.8.3,D:\10. RQ1 DySec\Step 9 DownloadSelectedBenignPackages\Benign_Packages\poetry-1.8.3.tar.gz,tar,poetry-1.8.3/tests/fixtures/git/github.com/demo/no-dependencies/setup.py,329,ast,2,2,__future__; setuptools
poetry-1.8.3,D:\10. RQ1 DySec\Step 9 DownloadSelectedBenignPackages\Benign_Packages\poetry-1.8.3.tar.gz,tar,poetry-1.8.3/tests/fixtures/git/github.com/demo/no-version/setup.py,696,ast,4,4,__future__; ast; os; setuptools
poetry-1.8.3,D:\10. RQ1 DySec\Step 9 DownloadSelectedBenignPackages\Benign_Packages\poetry-1.8.3.tar.gz,tar,poetry-1.8.3/tests/fixtures/git/github.com/demo/non-canonical-name/setup.py,429,ast,2,2,__future__; setuptools
poetry-1.8.3,D:\10. RQ1 DySec\Step 9 DownloadSelectedBenignPackages\Benign_Packages\poetry-1.8.3.tar.gz,tar,poetry-1.8.3/tests/fixtures/project_with_setup/setup.py,416,ast,2,2,__future__; setuptools
poetry-1.8.3,D:\10. RQ1 DySec\Step 9 DownloadSelectedBenignPackages\Benign_Packages\poetry-1.8.3.tar.gz,tar,poetry-1.8.3/tests/fixtures/project_with_setup_calls_script/setup.py,532,ast,3,3,__future__; setuptools; subprocess
poetry-1.8.3,D:\10. RQ1 DySec\Step 9 DownloadSelectedBenignPackages\Benign_Packages\poetry-1.8.3.tar.gz,tar,poetry-1.8.3/tests/fixtures/with_path_dependency/bazz/setup.py,214,ast,2,2,__future__; distutils
poetry-1.8.3,D:\10. RQ1 DySec\Step 9 DownloadSelectedBenignPackages\Benign_Packages\poetry-1.8.3.tar.gz,tar,poetry-1.8.3/tests/utils/fixtures/setups/ansible/setup.py,10765,ast,10,17,__future__; ansible; collections; distutils; json; os; re; setuptools; sys; warnings
poetry-1.8.3,D:\10. RQ1 DySec\Step 9 DownloadSelectedBenignPackages\Benign_Packages\poetry-1.8.3.tar.gz,tar,poetry-1.8.3/tests/utils/fixtures/setups/extras_require_with_vars/setup.py,271,ast,2,2,__future__; setuptools
poetry-1.8.3,D:\10. RQ1 DySec\Step 9 DownloadSelectedBenignPackages\Benign_Packages\poetry-1.8.3.tar.gz,tar,poetry-1.8.3/tests/utils/fixtures/setups/flask/setup.py,2581,ast,4,4,__future__; collections; re; setuptools
poetry-1.8.3,D:\10. RQ1 DySec\Step 9 DownloadSelectedBenignPackages\Benign_Packages\poetry-1.8.3.tar.gz,tar,poetry-1.8.3/tests/utils/fixtures/setups/minimal/setup.py,75,ast,2,2,__future__; setuptools
poetry-1.8.3,D:\10. RQ1 DySec\Step 9 DownloadSelectedBenignPackages\Benign_Packages\poetry-1.8.3.tar.gz,tar,poetry-1.8.3/tests/utils/fixtures/setups/pendulum/setup.py,1353,ast,3,3,__future__; build; distutils
poetry-1.8.3,D:\10. RQ1 DySec\Step 9 DownloadSelectedBenignPackages\Benign_Packages\poetry-1.8.3.tar.gz,tar,poetry-1.8.3/tests/utils/fixtures/setups/pyyaml/setup.py,11825,ast,8,20,Cython; __future__; distutils; os; platform; sys; test_all; wheel
poetry-1.8.3,D:\10. RQ1 DySec\Step 9 DownloadSelectedBenignPackages\Benign_Packages\poetry-1.8.3.tar.gz,tar,poetry-1.8.3/tests/utils/fixtures/setups/requests/setup.py,3366,ast,7,8,__future__; codecs; multiprocessing; os; pytest; setuptools; sys
poetry-1.8.3,D:\10. RQ1 DySec\Step 9 DownloadSelectedBenignPackages\Benign_Packages\poetry-1.8.3.tar.gz,tar,poetry-1.8.3/tests/utils/fixtures/setups/setuptools_setup/setup.py,290,ast,2,2,__future__; setuptools
poetry-1.8.3,D:\10. RQ1 DySec\Step 9 DownloadSelectedBenignPackages\Benign_Packages\poetry-1.8.3.tar.gz,tar,poetry-1.8.3/tests/utils/fixtures/setups/sqlalchemy/setup.py,6272,ast,9,16,__future__; distutils; os; platform; pytest; re; setuptools; shlex; sys
poetry-1.8.3,D:\10. RQ1 DySec\Step 9 DownloadSelectedBenignPackages\Benign_Packages\poetry-1.8.3.tar.gz,tar,poetry-1.8.3/tests/utils/fixtures/setups/with-setup-cfg/setup.py,75,ast,2,2,__future__; setuptools
poetry-1.8.3,D:\10. RQ1 DySec\Step 9 DownloadSelectedBenignPackages\Benign_Packages\poetry-1.8.3.tar.gz,tar,poetry-1.8.3/tests/utils/fixtures/setups/with-setup-cfg-attr/setup.py,75,ast,2,2,__future__; setuptools
poetry-1.8.3,D:\10. RQ1 DySec\Step 9 DownloadSelectedBenignPackages\Benign_Packages\poetry-1.8.3.tar.gz,tar,poetry-1.8.3/tests/utils/fixtures/setups/with-setup-cfg-minimal/setup.py,75,ast,2,2,__future__; setuptools
poetry_core-1.9.0,D:\10. RQ1 DySec\Step 9 DownloadSelectedBenignPackages\Benign_Packages\poetry_core-1.9.0.tar.gz,tar,poetry_core-1.9.0/tests/fixtures/project_with_setup/setup.py,346,ast,1,1,setuptools
poetry_core-1.9.0,D:\10. RQ1 DySec\Step 9 DownloadSelectedBenignPackages\Benign_Packages\poetry_core-1.9.0.tar.gz,tar,poetry_core-1.9.0/tests/masonry/builders/fixtures/extended/setup.py,539,ast,2,2,build; setuptools
poetry_core-1.9.0,D:\10. RQ1 DySec\Step 9 DownloadSelectedBenignPackages\Benign_Packages\poetry_core-1.9.0.tar.gz,tar,poetry_core-1.9.0/tests/masonry/builders/fixtures/src_extended/setup.py,598,ast,2,2,build; setuptools
poetry_plugin_export-1.8.0,D:\10. RQ1 DySec\Step 9 DownloadSelectedBenignPackages\Benign_Packages\poetry_plugin_export-1.8.0.tar.gz,tar,poetry_plugin_export-1.8.0/tests/fixtures/project_with_setup/setup.py,416,ast,2,2,__future__; setuptools
pogodabial-1.0,D:\10. RQ1 DySec\Step 9 DownloadSelectedBenignPackages\Benign_Packages\pogodabial-1.0.tar.gz,tar,pogodabial-1.0/setup.py,199,ast,1,1,setuptools
pointframes-0.0.3,D:\10. RQ1 DySec\Step 9 DownloadSelectedBenignPackages\Benign_Packages\pointframes-0.0.3.tar.gz,tar,pointframes-0.0.3/setup.py,789,ast,2,2,distutils; setuptools
Pointlib-0.1.1,D:\10. RQ1 DySec\Step 9 DownloadSelectedBenignPackages\Benign_Packages\Pointlib-0.1.1.tar.gz,tar,Pointlib-0.1.1/setup.py,1031,ast,1,1,setuptools
pointpp-0.2.1,D:\10. RQ1 DySec\Step 9 DownloadSelectedBenignPackages\Benign_Packages\pointpp-0.2.1.tar.gz,tar,pointpp-0.2.1/setup.py,2447,ast,3,3,io; os; setuptools
pointpy-1.0.2,D:\10. RQ1 DySec\Step 9 DownloadSelectedBenignPackages\Benign_Packages\pointpy-1.0.2.tar.gz,tar,pointpy-1.0.2/setup.py,288,ast,1,1,setuptools
poldradoxvp-0.0.1,D:\10. RQ1 DySec\Step 9 DownloadSelectedBenignPackages\Benign_Packages\poldradoxvp-0.0.1.tar.gz,tar,poldradoxvp-0.0.1/setup.py,669,ast,1,1,setuptools
polishstring-0.0.2,D:\10. RQ1 DySec\Step 9 DownloadSelectedBenignPackages\Benign_Packages\polishstring-0.0.2.tar.gz,tar,polishstring-0.0.2/setup.py,544,ast,2,2,pathlib; setuptools
polkadots-0.1,D:\10. RQ1 DySec\Step 9 DownloadSelectedBenignPackages\Benign_Packages\polkadots-0.1.zip,zip,polkadots-0.1/setup.py,365,ast,1,1,distutils
polyboost-1.1.0,D:\10. RQ1 DySec\Step 9 DownloadSelectedBenignPackages\Benign_Packages\polyboost-1.1.0.tar.gz,tar,polyboost-1.1.0/setup.py,810,ast,1,1,setuptools
polycracker-1.0.3,D:\10. RQ1 DySec\Step 9 DownloadSelectedBenignPackages\Benign_Packages\polycracker-1.0.3.tar.gz,tar,polycracker-1.0.3/setup.py,1048,ast,3,3,distutils; os; setuptools
pong-game-0.2.0,D:\10. RQ1 DySec\Step 9 DownloadSelectedBenignPackages\Benign_Packages\pong-game-0.2.0.tar.gz,tar,pong-game-0.2.0/setup.py,1997,ast,3,3,codecs; os; setuptools
PongGames-0.0.2,D:\10. RQ1 DySec\Step 9 DownloadSelectedBenignPackages\Benign_Packages\PongGames-0.0.2.tar.gz,tar,PongGames-0.0.2/setup.py,659,ast,1,1,setuptools
pongpy-0.2.2,D:\10. RQ1 DySec\Step 9 DownloadSelectedBenignPackages\Benign_Packages\pongpy-0.2.2.tar.gz,tar,pongpy-0.2.2/setup.py,410,ast,1,1,setuptools
pongrid-0.0.1,D:\10. RQ1 DySec\Step 9 DownloadSelectedBenignPackages\Benign_Packages\pongrid-0.0.1.tar.gz,tar,pongrid-0.0.1/setup.py,1008,ast,3,3,glob; os; setuptools
ponponon-0.1.0,D:\10. RQ1 DySec\Step 9 DownloadSelectedBenignPackages\Benign_Packages\ponponon-0.1.0.tar.gz,tar,ponponon-0.1.0/setup.py,1465,ast,2,2,pon; setuptools
ponster-0.0.0.5,D:\10. RQ1 DySec\Step 9 DownloadSelectedBenignPackages\Benign_Packages\ponster-0.0.0.5.tar.gz,tar,ponster-0.0.0.5/setup.py,1612,ast,2,2,os; setuptools
ponytools-0.2.3,D:\10. RQ1 DySec\Step 9 DownloadSelectedBenignPackages\Benign_Packages\ponytools-0.2.3.tar.gz,tar,ponytools-0.2.3/setup.py,2623,ast,5,7,io; os; re; setuptools; subprocess
PoolAna-0.9.2,D:\10. RQ1 DySec\Step 9 DownloadSelectedBenignPackages\Benign_Packages\PoolAna-0.9.2.tar.gz,tar,PoolAna-0.9.2/setup.py,377,ast,1,1,distutils
pop-utils-0.1,D:\10. RQ1 DySec\Step 9 DownloadSelectedBenignPackages\Benign_Packages\pop-utils-0.1.tar.gz,tar,pop-utils-0.1/setup.py,2337,ast,2,2,os; setuptools
pop-utils-0.1,D:\10. RQ1 DySec\Step 9 DownloadSelectedBenignPackages\Benign_Packages\pop-utils-0.1.tar.gz,tar,pop-utils-0.1/poputils/bin/setup.py,12043,regex,12,15,argparse; datetime; lxml; os; poputils; random; re; socket; stat; string; threading; time
popbill-1.9.0,D:\10. RQ1 DySec\Step 9 DownloadSelectedBenignPackages\Benign_Packages\popbill-1.9.0.tar.gz,tar,popbill-1.9.0/setup.py,1747,ast,4,4,__future__; distutils; setuptools; sys
popip-0.0.2,D:\10. RQ1 DySec\Step 9 DownloadSelectedBenignPackages\Benign_Packages\popip-0.0.2.tar.gz,tar,popip-0.0.2/setup.py,389,ast,1,1,setuptools
populllus-2.2.2,D:\10. RQ1 DySec\Step 9 DownloadSelectedBenignPackages\Benign_Packages\populllus-2.2.2.tar.gz,tar,populllus-2.2.2/setup.py,1772,ast,1,1,setuptools
portscaner-1.34,D:\10. RQ1 DySec\Step 9 DownloadSelectedBenignPackages\Benign_Packages\portscaner-1.34.tar.gz,tar,portscaner-1.34/setup.py,493,ast,1,1,setuptools
poshsplice-0.1.1,D:\10. RQ1 DySec\Step 9 DownloadSelectedBenignPackages\Benign_Packages\poshsplice-0.1.1.tar.gz,tar,poshsplice-0.1.1/setup.py,1579,ast,2,2,distutils; setuptools
positional-1.2.1,D:\10. RQ1 DySec\Step 9 DownloadSelectedBenignPackages\Benign_Packages\positional-1.2.1.tar.gz,tar,positional-1.2.1/setup.py,894,ast,2,2,multiprocessing; setuptools
postage-1.2.1,D:\10. RQ1 DySec\Step 9 DownloadSelectedBenignPackages\Benign_Packages\postage-1.2.1.tar.gz,tar,postage-1.2.1/setup.py,1596,ast,4,4,distutils; os; setuptools; sys
postbot-0.1.4,D:\10. RQ1 DySec\Step 9 DownloadSelectedBenignPackages\Benign_Packages\postbot-0.1.4.tar.gz,tar,postbot-0.1.4/setup.py,1515,ast,3,3,io; os; setuptools
postcode-1.2,D:\10. RQ1 DySec\Step 9 DownloadSelectedBenignPackages\Benign_Packages\postcode-1.2.tar.gz,tar,postcode-1.2/setup.py,396,ast,1,1,setuptools
postcodinator-0.1.5,D:\10. RQ1 DySec\Step 9 DownloadSelectedBenignPackages\Benign_Packages\postcodinator-0.1.5.tar.gz,tar,postcodinator-0.1.5/setup.py,755,ast,1,1,setuptools
postgis-1.0.4,D:\10. RQ1 DySec\Step 9 DownloadSelectedBenignPackages\Benign_Packages\postgis-1.0.4.tar.gz,tar,postgis-1.0.4/setup.py,2184,ast,6,6,Cython; codecs; glob; os; setuptools; sys
postpone-0.3.0,D:\10. RQ1 DySec\Step 9 DownloadSelectedBenignPackages\Benign_Packages\postpone-0.3.0.tar.gz,tar,postpone-0.3.0/setup.py,1583,ast,1,1,distutils
postponed-0.0.1,D:\10. RQ1 DySec\Step 9 DownloadSelectedBenignPackages\Benign_Packages\postponed-0.0.1.tar.gz,tar,postponed-0.0.1/setup.py,585,ast,1,1,setuptools
postproxy-0.1,D:\10. RQ1 DySec\Step 9 DownloadSelectedBenignPackages\Benign_Packages\postproxy-0.1.tar.gz,tar,postproxy-0.1/setup.py,647,ast,2,2,os; setuptools
postpruner-2.2,D:\10. RQ1 DySec\Step 9 DownloadSelectedBenignPackages\Benign_Packages\postpruner-2.2.tar.gz,tar,postpruner-2.2/setup.py,438,ast,1,1,setuptools
postpy-0.0.9,D:\10. RQ1 DySec\Step 9 DownloadSelectedBenignPackages\Benign_Packages\postpy-0.0.9.tar.gz,tar,postpy-0.0.9/setup.py,1504,ast,2,2,os; setuptools
postpy2-0.0.8,D:\10. RQ1 DySec\Step 9 DownloadSelectedBenignPackages\Benign_Packages\postpy2-0.0.8.tar.gz,tar,postpy2-0.0.8/setup.py,904,ast,1,1,setuptools
potatorch-0.0.4,D:\10. RQ1 DySec\Step 9 DownloadSelectedBenignPackages\Benign_Packages\potatorch-0.0.4.tar.gz,tar,potatorch-0.0.4/setup.py,146,ast,1,1,setuptools
powerxy-1.0.2,D:\10. RQ1 DySec\Step 9 DownloadSelectedBenignPackages\Benign_Packages\powerxy-1.0.2.tar.gz,tar,powerxy-1.0.2/setup.py,368,ast,1,1,distutils
pox-0.3.4,D:\10. RQ1 DySec\Step 9 DownloadSelectedBenignPackages\Benign_Packages\pox-0.3.4.tar.gz,tar,pox-0.3.4/setup.py,3977,ast,5,6,distutils; os; setuptools; sys; version
ppft-1.7.6.8,D:\10. RQ1 DySec\Step 9 DownloadSelectedBenignPackages\Benign_Packages\ppft-1.7.6.8.tar.gz,tar,ppft-1.7.6.8/setup.py,4075,ast,5,6,distutils; os; setuptools; sys; version
ppim-1.1.0,D:\10. RQ1 DySec\Step 9 DownloadSelectedBenignPackages\Benign_Packages\ppim-1.1.0.tar.gz,tar,ppim-1.1.0/setup.py,288,ast,1,1,setuptools
pppipam-0.1.0,D:\10. RQ1 DySec\Step 9 DownloadSelectedBenignPackages\Benign_Packages\pppipam-0.1.0.tar.gz,tar,pppipam-0.1.0/setup.py,1691,ast,3,3,distutils; os; setuptools
pppTest-1.0.0,D:\10. RQ1 DySec\Step 9 DownloadSelectedBenignPackages\Benign_Packages\pppTest-1.0.0.tar.gz,tar,pppTest-1.0.0/setup.py,1080,ast,1,1,setuptools
pprintpp-0.4.0,D:\10. RQ1 DySec\Step 9 DownloadSelectedBenignPackages\Benign_Packages\pprintpp-0.4.0.tar.gz,tar,pprintpp-0.4.0/pp/setup.py,1103,ast,3,3,os; setuptools; sys
pprintpp-0.4.0,D:\10. RQ1 DySec\Step 9 DownloadSelectedBenignPackages\Benign_Packages\pprintpp-0.4.0.tar.gz,tar,pprintpp-0.4.0/setup.py,1227,ast,3,3,os; setuptools; sys
pprofiler-0.1.2,D:\10. RQ1 DySec\Step 9 DownloadSelectedBenignPackages\Benign_Packages\pprofiler-0.1.2.tar.gz,tar,pprofiler-0.1.2/setup.py,2033,ast,1,1,setuptools
ppy-0.1.0,D:\10. RQ1 DySec\Step 9 DownloadSelectedBenignPackages\Benign_Packages\ppy-0.1.0.zip,zip,ppy-0.1.0/setup.py,1660,ast,4,8,distutils; os; setuptools; sys
pqcryptography-0.0.3,D:\10. RQ1 DySec\Step 9 DownloadSelectedBenignPackages\Benign_Packages\pqcryptography-0.0.3.tar.gz,tar,pqcryptography-0.0.3/setup.py,799,ast,1,1,setuptools
PQHelper-0.1.2.3,D:\10. RQ1 DySec\Step 9 DownloadSelectedBenignPackages\Benign_Packages\PQHelper-0.1.2.3.zip,zip,PQHelper-0.1.2.3/setup.py,837,ast,2,3,distribute_setup; setuptools
pr_colored-1.5.2,D:\10. RQ1 DySec\Step 9 DownloadSelectedBenignPackages\Benign_Packages\pr_colored-1.5.2.tar.gz,tar,pr_colored-1.5.2/setup.py,467,ast,1,1,setuptools
pram-0.1.9,D:\10. RQ1 DySec\Step 9 DownloadSelectedBenignPackages\Benign_Packages\pram-0.1.9.tar.gz,tar,pram-0.1.9/setup.py,1054,ast,1,1,setuptools
PrayTorch-0.0.1,D:\10. RQ1 DySec\Step 9 DownloadSelectedBenignPackages\Benign_Packages\PrayTorch-0.0.1.tar.gz,tar,PrayTorch-0.0.1/setup.py,773,ast,1,1,setuptools
pre_commit-3.8.0,D:\10. RQ1 DySec\Step 9 DownloadSelectedBenignPackages\Benign_Packages\pre_commit-3.8.0.tar.gz,tar,pre_commit-3.8.0/setup.py,73,ast,2,2,__future__; setuptools
preload-2.2,D:\10. RQ1 DySec\Step 9 DownloadSelectedBenignPackages\Benign_Packages\preload-2.2.tar.gz,tar,preload-2.2/setup.py,854,ast,1,1,setuptools
preloaded-1.20230516.122456,D:\10. RQ1 DySec\Step 9 DownloadSelectedBenignPackages\Benign_Packages\preloaded-1.20230516.122456.tar.gz,tar,preloaded-1.20230516.122456/setup.py,4208,ast,6,6,os; pprint; setuptools; subprocess; sys; time
preparepack-1.4.0,D:\10. RQ1 DySec\Step 9 DownloadSelectedBenignPackages\Benign_Packages\preparepack-1.4.0.tar.gz,tar,preparepack-1.4.0/setup.py,589,ast,2,2,pathlib; setuptools
prepro-0.5,D:\10. RQ1 DySec\Step 9 DownloadSelectedBenignPackages\Benign_Packages\prepro-0.5.tar.gz,tar,prepro-0.5/setup.py,1047,ast,1,1,setuptools
prequest-1.0.0,D:\10. RQ1 DySec\Step 9 DownloadSelectedBenignPackages\Benign_Packages\prequest-1.0.0.tar.gz,tar,prequest-1.0.0/setup.py,1493,ast,2,2,codecs; setuptools
presto-0.7.2,D:\10. RQ1 DySec\Step 9 DownloadSelectedBenignPackages\Benign_Packages\presto-0.7.2.tar.gz,tar,presto-0.7.2/setup.py,3040,ast,3,3,os; setuptools; sys
prestring-0.9.0,D:\10. RQ1 DySec\Step 9 DownloadSelectedBenignPackages\Benign_Packages\prestring-0.9.0.tar.gz,tar,prestring-0.9.0/setup.py,1768,ast,3,3,os; setuptools; sys
prettystring-0.1.1,D:\10. RQ1 DySec\Step 9 DownloadSelectedBenignPackages\Benign_Packages\prettystring-0.1.1.tar.gz,tar,prettystring-0.1.1/setup.py,1025,ast,1,1,setuptools
print-imports-2020.7.1,D:\10. RQ1 DySec\Step 9 DownloadSelectedBenignPackages\Benign_Packages\print-imports-2020.7.1.tar.gz,tar,print-imports-2020.7.1/setup.py,172,ast,1,1,setuptools
print_pp-0.4,D:\10. RQ1 DySec\Step 9 DownloadSelectedBenignPackages\Benign_Packages\print_pp-0.4.tar.gz,tar,print_pp-0.4/setup.py,1442,ast,1,1,distutils
prmpt-0.5.0,D:\10. RQ1 DySec\Step 9 DownloadSelectedBenignPackages\Benign_Packages\prmpt-0.5.0.tar.gz,tar,prmpt-0.5.0/setup.py,2710,ast,7,8,codecs; glob; os; py_compile; re; setuptools; sphinx
procenv-0.1.2,D:\10. RQ1 DySec\Step 9 DownloadSelectedBenignPackages\Benign_Packages\procenv-0.1.2.tar.gz,tar,procenv-0.1.2/setup.py,688,ast,1,1,setuptools
procinfo-0.0.4,D:\10. RQ1 DySec\Step 9 DownloadSelectedBenignPackages\Benign_Packages\procinfo-0.0.4.tar.gz,tar,procinfo-0.0.4/setup.py,1865,ast,5,5,distutils; os; procinfo; setuptools; sys
proflow-0.6.6,D:\10. RQ1 DySec\Step 9 DownloadSelectedBenignPackages\Benign_Packages\proflow-0.6.6.tar.gz,tar,proflow-0.6.6/setup.py,744,ast,1,1,setuptools
programminglython-0.2.2,D:\10. RQ1 DySec\Step 9 DownloadSelectedBenignPackages\Benign_Packages\programminglython-0.2.2.tar.gz,tar,programminglython-0.2.2/setup.py,758,ast,4,4,Lython; distutils; os; setuptools
progres-0.2.7,D:\10. RQ1 DySec\Step 9 DownloadSelectedBenignPackages\Benign_Packages\progres-0.2.7.tar.gz,tar,progres-0.2.7/setup.py,929,ast,1,1,setuptools
progress-1.6,D:\10. RQ1 DySec\Step 9 DownloadSelectedBenignPackages\Benign_Packages\progress-1.6.tar.gz,tar,progress-1.6/setup.py,844,ast,2,2,progress; setuptools
progressbar-2.5,D:\10. RQ1 DySec\Step 9 DownloadSelectedBenignPackages\Benign_Packages\progressbar-2.5.tar.gz,tar,progressbar-2.5/setup.py,1821,ast,3,3,os; progressbar; setuptools
projen-study-0.1.2,D:\10. RQ1 DySec\Step 9 DownloadSelectedBenignPackages\Benign_Packages\projen-study-0.1.2.tar.gz,tar,projen-study-0.1.2/setup.py,1715,ast,2,2,json; setuptools
prolib-0.0.2,D:\10. RQ1 DySec\Step 9 DownloadSelectedBenignPackages\Benign_Packages\prolib-0.0.2.tar.gz,tar,prolib-0.0.2/setup.py,662,ast,1,1,setuptools
prolothar-common-6.1.0,D:\10. RQ1 DySec\Step 9 DownloadSelectedBenignPackages\Benign_Packages\prolothar-common-6.1.0.tar.gz,tar,prolothar-common-6.1.0/.venv/Lib/site-packages/IPython/testing/plugin/setup.py,539,ast,1,1,setuptools
prolothar-common-6.1.0,D:\10. RQ1 DySec\Step 9 DownloadSelectedBenignPackages\Benign_Packages\prolothar-common-6.1.0.tar.gz,tar,prolothar-common-6.1.0/.venv/Lib/site-packages/mypyc/lib-rt/setup.py,1972,ast,6,7,__future__; distutils; os; subprocess; sys; typing
prolothar-common-6.1.0,D:\10. RQ1 DySec\Step 9 DownloadSelectedBenignPackages\Benign_Packages\prolothar-common-6.1.0.tar.gz,tar,prolothar-common-6.1.0/.venv/Lib/site-packages/numpy/_typing/setup.py,347,ast,1,2,numpy
prolothar-common-6.1.0,D:\10. RQ1 DySec\Step 9 DownloadSelectedBenignPackages\Benign_Packages\prolothar-common-6.1.0.tar.gz,tar,prolothar-common-6.1.0/.venv/Lib/site-packages/numpy/array_api/setup.py,353,ast,1,2,numpy
prolothar-common-6.1.0,D:\10. RQ1 DySec\Step 9 DownloadSelectedBenignPackages\Benign_Packages\prolothar-common-6.1.0.tar.gz,tar,prolothar-common-6.1.0/.venv/Lib/site-packages/numpy/compat/setup.py,345,ast,1,2,numpy
prolothar-common-6.1.0,D:\10. RQ1 DySec\Step 9 DownloadSelectedBenignPackages\Benign_Packages\prolothar-common-6.1.0.tar.gz,tar,prolothar-common-6.1.0/.venv/Lib/site-packages/numpy/core/tests/examples/cython/setup.py,521,ast,5,5,Cython; distutils; numpy; os; setuptools
prolothar-common-6.1.0,D:\10. RQ1 DySec\Step 9 DownloadSelectedBenignPackages\Benign_Packages\prolothar-common-6.1.0.tar.gz,tar,prolothar-common-6.1.0/.venv/Lib/site-packages/numpy/core/tests/examples/limited_api/setup.py,457,ast,3,3,numpy; os; setuptools
prolothar-common-6.1.0,D:\10. RQ1 DySec\Step 9 DownloadSelectedBenignPackages\Benign_Packages\prolothar-common-6.1.0.tar.gz,tar,prolothar-common-6.1.0/.venv/Lib/site-packages/numpy/distutils/setup.py,651,ast,1,2,numpy
prolothar-common-6.1.0,D:\10. RQ1 DySec\Step 9 DownloadSelectedBenignPackages\Benign_Packages\prolothar-common-6.1.0.tar.gz,tar,prolothar-common-6.1.0/.venv/Lib/site-packages/numpy/f2py/setup.py,2496,ast,2,3,__version__; numpy
prolothar-common-6.1.0,D:\10. RQ1 DySec\Step 9 DownloadSelectedBenignPackages\Benign_Packages\prolothar-common-6.1.0.tar.gz,tar,prolothar-common-6.1.0/.venv/Lib/site-packages/numpy/lib/setup.py,417,ast,1,2,numpy
prolothar-common-6.1.0,D:\10. RQ1 DySec\Step 9 DownloadSelectedBenignPackages\Benign_Packages\prolothar-common-6.1.0.tar.gz,tar,prolothar-common-6.1.0/.venv/Lib/site-packages/numpy/ma/setup.py,430,ast,1,2,numpy
prolothar-common-6.1.0,D:\10. RQ1 DySec\Step 9 DownloadSelectedBenignPackages\Benign_Packages\prolothar-common-6.1.0.tar.gz,tar,prolothar-common-6.1.0/.venv/Lib/site-packages/numpy/matrixlib/setup.py,438,ast,1,2,numpy
prolothar-common-6.1.0,D:\10. RQ1 DySec\Step 9 DownloadSelectedBenignPackages\Benign_Packages\prolothar-common-6.1.0.tar.gz,tar,prolothar-common-6.1.0/.venv/Lib/site-packages/numpy/polynomial/setup.py,383,ast,1,2,numpy
prolothar-common-6.1.0,D:\10. RQ1 DySec\Step 9 DownloadSelectedBenignPackages\Benign_Packages\prolothar-common-6.1.0.tar.gz,tar,prolothar-common-6.1.0/.venv/Lib/site-packages/numpy/testing/setup.py,730,ast,1,2,numpy
prolothar-common-6.1.0,D:\10. RQ1 DySec\Step 9 DownloadSelectedBenignPackages\Benign_Packages\prolothar-common-6.1.0.tar.gz,tar,prolothar-common-6.1.0/.venv/Lib/site-packages/numpy/typing/setup.py,385,ast,1,2,numpy
prolothar-common-6.1.0,D:\10. RQ1 DySec\Step 9 DownloadSelectedBenignPackages\Benign_Packages\prolothar-common-6.1.0.tar.gz,tar,prolothar-common-6.1.0/setup.py,2788,ast,5,5,Cython; distutils; os; pathlib; setuptools
prometheus-http-client-1.0.0,D:\10. RQ1 DySec\Step 9 DownloadSelectedBenignPackages\Benign_Packages\prometheus-http-client-1.0.0.tar.gz,tar,prometheus-http-client-1.0.0/setup.py,658,ast,1,1,setuptools
prometheus-kafka-metrics-0.4.2,D:\10. RQ1 DySec\Step 9 DownloadSelectedBenignPackages\Benign_Packages\prometheus-kafka-metrics-0.4.2.tar.gz,tar,prometheus-kafka-metrics-0.4.2/setup.py,587,ast,2,2,os; setuptools
prometheus-runtime-exporter-1.0,D:\10. RQ1 DySec\Step 9 DownloadSelectedBenignPackages\Benign_Packages\prometheus-runtime-exporter-1.0.tar.gz,tar,prometheus-runtime-exporter-1.0/setup.py,482,ast,1,1,setuptools
prometheus-salt-exporter-0.1.4,D:\10. RQ1 DySec\Step 9 DownloadSelectedBenignPackages\Benign_Packages\prometheus-salt-exporter-0.1.4.tar.gz,tar,prometheus-salt-exporter-0.1.4/setup.py,1127,ast,1,2,setuptools
prometheus-sanic-3.0.0,D:\10. RQ1 DySec\Step 9 DownloadSelectedBenignPackages\Benign_Packages\prometheus-sanic-3.0.0.tar.gz,tar,prometheus-sanic-3.0.0/setup.py,6093,ast,1,1,setuptools
prometheus_client-0.9.0,D:\10. RQ1 DySec\Step 9 DownloadSelectedBenignPackages\Benign_Packages\prometheus_client-0.9.0.tar.gz,tar,prometheus_client-0.9.0/setup.py,2062,ast,3,3,os; setuptools; sys
prometheus_client_model-0.0.1,D:\10. RQ1 DySec\Step 9 DownloadSelectedBenignPackages\Benign_Packages\prometheus_client_model-0.0.1.tar.gz,tar,prometheus_client_model-0.0.1/setup.py,960,ast,1,1,setuptools
prometheus_metrics-0.1.6.6,D:\10. RQ1 DySec\Step 9 DownloadSelectedBenignPackages\Benign_Packages\prometheus_metrics-0.1.6.6.tar.gz,tar,prometheus_metrics-0.1.6.6/setup.py,644,ast,2,2,os; setuptools
prompt-0.4.1,D:\10. RQ1 DySec\Step 9 DownloadSelectedBenignPackages\Benign_Packages\prompt-0.4.1.tar.gz,tar,prompt-0.4.1/setup.py,1787,ast,2,2,distutils; setuptools
prompt_toolkit-3.0.9,D:\10. RQ1 DySec\Step 9 DownloadSelectedBenignPackages\Benign_Packages\prompt_toolkit-3.0.9.tar.gz,tar,prompt_toolkit-3.0.9/setup.py,2194,ast,3,3,os; re; setuptools
prompt_toolkit2-2.0.11,D:\10. RQ1 DySec\Step 9 DownloadSelectedBenignPackages\Benign_Packages\prompt_toolkit2-2.0.11.tar.gz,tar,prompt_toolkit2-2.0.11/setup.py,1738,ast,3,3,os; re; setuptools
promptcloud-1.0.1,D:\10. RQ1 DySec\Step 9 DownloadSelectedBenignPackages\Benign_Packages\promptcloud-1.0.1.tar.gz,tar,promptcloud-1.0.1/setup.py,393,ast,1,1,setuptools
promptcraft-0.4.8,D:\10. RQ1 DySec\Step 9 DownloadSelectedBenignPackages\Benign_Packages\promptcraft-0.4.8.tar.gz,tar,promptcraft-0.4.8/setup.py,2031,ast,4,4,codecs; os; re; setuptools
promt-tr-free-0.0.2,D:\10. RQ1 DySec\Step 9 DownloadSelectedBenignPackages\Benign_Packages\promt-tr-free-0.0.2.tar.gz,tar,promt-tr-free-0.0.2/setup.py,1506,ast,3,3,pathlib; re; setuptools
proof-0.4.0,D:\10. RQ1 DySec\Step 9 DownloadSelectedBenignPackages\Benign_Packages\proof-0.4.0.tar.gz,tar,proof-0.4.0/setup.py,1574,ast,1,1,setuptools
proofaday-0.2.9,D:\10. RQ1 DySec\Step 9 DownloadSelectedBenignPackages\Benign_Packages\proofaday-0.2.9.tar.gz,tar,proofaday-0.2.9/setup.py,1257,ast,2,2,pathlib; setuptools
proofpoint_itm-0.8.1,D:\10. RQ1 DySec\Step 9 DownloadSelectedBenignPackages\Benign_Packages\proofpoint_itm-0.8.1.tar.gz,tar,proofpoint_itm-0.8.1/setup.py,925,ast,1,1,setuptools
proofproposition-0.0.1,D:\10. RQ1 DySec\Step 9 DownloadSelectedBenignPackages\Benign_Packages\proofproposition-0.0.1.tar.gz,tar,proofproposition-0.0.1/setup.py,944,ast,1,1,setuptools
proofread-0.1.2,D:\10. RQ1 DySec\Step 9 DownloadSelectedBenignPackages\Benign_Packages\proofread-0.1.2.tar.gz,tar,proofread-0.1.2/setup.py,903,ast,1,1,setuptools
proofs-0.0.3,D:\10. RQ1 DySec\Step 9 DownloadSelectedBenignPackages\Benign_Packages\proofs-0.0.3.tar.gz,tar,proofs-0.0.3/setup.py,2596,ast,4,4,configparser; pkg_resources; setuptools; shlex
proofscape-0.0.1,D:\10. RQ1 DySec\Step 9 DownloadSelectedBenignPackages\Benign_Packages\proofscape-0.0.1.tar.gz,tar,proofscape-0.0.1/setup.py,600,ast,1,1,setuptools
properties-0.6.1,D:\10. RQ1 DySec\Step 9 DownloadSelectedBenignPackages\Benign_Packages\properties-0.6.1.tar.gz,tar,properties-0.6.1/setup.py,1455,ast,2,2,distutils; setuptools
PROPython-1.0.7,D:\10. RQ1 DySec\Step 9 DownloadSelectedBenignPackages\Benign_Packages\PROPython-1.0.7.tar.gz,tar,PROPython-1.0.7/setup.py,682,ast,1,1,setuptools
protect-2.7.0a1.dev585,D:\10. RQ1 DySec\Step 9 DownloadSelectedBenignPackages\Benign_Packages\protect-2.7.0a1.dev585.tar.gz,tar,protect-2.7.0a1.dev585/setup.py,5143,ast,8,10,errno; packaging; pkg_resources; pytest; setuptools; subprocess; sys; version
protencoder-0.0.1,D:\10. RQ1 DySec\Step 9 DownloadSelectedBenignPackages\Benign_Packages\protencoder-0.0.1.tar.gz,tar,protencoder-0.0.1/setup.py,589,ast,1,1,setuptools
proteomicruler-0.1.4,D:\10. RQ1 DySec\Step 9 DownloadSelectedBenignPackages\Benign_Packages\proteomicruler-0.1.4.tar.gz,tar,proteomicruler-0.1.4/setup.py,4221,ast,1,1,setuptools
proteuslib-0.2.0rc0,D:\10. RQ1 DySec\Step 9 DownloadSelectedBenignPackages\Benign_Packages\proteuslib-0.2.0rc0.tar.gz,tar,proteuslib-0.2.0rc0/setup.py,5848,ast,2,2,pathlib; setuptools
protfasta-0.1.9,D:\10. RQ1 DySec\Step 9 DownloadSelectedBenignPackages\Benign_Packages\protfasta-0.1.9.tar.gz,tar,protfasta-0.1.9/setup.py,2250,ast,3,3,setuptools; sys; versioneer
proto-plus-1.24.0,D:\10. RQ1 DySec\Step 9 DownloadSelectedBenignPackages\Benign_Packages\proto-plus-1.24.0.tar.gz,tar,proto-plus-1.24.0/setup.py,2423,ast,4,4,io; os; re; setuptools
protobuf-5.28.1,D:\10. RQ1 DySec\Step 9 DownloadSelectedBenignPackages\Benign_Packages\protobuf-5.28.1.tar.gz,tar,protobuf-5.28.1/setup.py,2462,ast,5,5,glob; os; setuptools; sys; sysconfig
protocolinterface-0.4.7,D:\10. RQ1 DySec\Step 9 DownloadSelectedBenignPackages\Benign_Packages\protocolinterface-0.4.7.tar.gz,tar,protocolinterface-0.4.7/setup.py,1050,ast,2,2,setuptools; subprocess
protofcp-0.0.4,D:\10. RQ1 DySec\Step 9 DownloadSelectedBenignPackages\Benign_Packages\protofcp-0.0.4.tar.gz,tar,protofcp-0.0.4/setup.py,1080,ast,3,3,codecs; os; setuptools
protopipe-0.4.0.post1,D:\10. RQ1 DySec\Step 9 DownloadSelectedBenignPackages\Benign_Packages\protopipe-0.4.0.post1.tar.gz,tar,protopipe-0.4.0.post1/setup.py,1349,ast,2,2,protopipe; setuptools
provtool-0.3.0dev-r0,D:\10. RQ1 DySec\Step 9 DownloadSelectedBenignPackages\Benign_Packages\provtool-0.3.0dev-r0.tar.gz,tar,provtool-0.3.0dev-r0/setup.py,759,ast,1,1,setuptools
proxier-0.5.0,D:\10. RQ1 DySec\Step 9 DownloadSelectedBenignPackages\Benign_Packages\proxier-0.5.0.tar.gz,tar,proxier-0.5.0/setup.py,1938,ast,5,6,codecs; os; pytest; setuptools; sys
proxies-1.6,D:\10. RQ1 DySec\Step 9 DownloadSelectedBenignPackages\Benign_Packages\proxies-1.6.tar.gz,tar,proxies-1.6/setup.py,899,ast,1,1,setuptools
proxies_taster-1.2.5,D:\10. RQ1 DySec\Step 9 DownloadSelectedBenignPackages\Benign_Packages\proxies_taster-1.2.5.tar.gz,tar,proxies_taster-1.2.5/setup.py,1102,ast,1,1,setuptools
proxifier-0.1,D:\10. RQ1 DySec\Step 9 DownloadSelectedBenignPackages\Benign_Packages\proxifier-0.1.tar.gz,tar,proxifier-0.1/setup.py,464,ast,1,1,setuptools
proxy_randomizer-1.3.5,D:\10. RQ1 DySec\Step 9 DownloadSelectedBenignPackages\Benign_Packages\proxy_randomizer-1.3.5.tar.gz,tar,proxy_randomizer-1.3.5/setup.py,1585,ast,1,1,setuptools
proxy_tester-0.18,D:\10. RQ1 DySec\Step 9 DownloadSelectedBenignPackages\Benign_Packages\proxy_tester-0.18.tar.gz,tar,proxy_tester-0.18/setup.py,2571,ast,7,7,__version__; io; os; re; setuptools; shutil; sys
proxybootstrap-0.1.8,D:\10. RQ1 DySec\Step 9 DownloadSelectedBenignPackages\Benign_Packages\proxybootstrap-0.1.8.tar.gz,tar,proxybootstrap-0.1.8/setup.py,1811,ast,3,3,distutils; m2r; pathlib
proxycrawl-3.2.2,D:\10. RQ1 DySec\Step 9 DownloadSelectedBenignPackages\Benign_Packages\proxycrawl-3.2.2.tar.gz,tar,proxycrawl-3.2.2/setup.py,1255,ast,3,3,distutils; os; setuptools
proxyctx-0.1.1,D:\10. RQ1 DySec\Step 9 DownloadSelectedBenignPackages\Benign_Packages\proxyctx-0.1.1.tar.gz,tar,proxyctx-0.1.1/setup.py,178,ast,2,2,setuptools; versioneer
proxyport-1.0.4,D:\10. RQ1 DySec\Step 9 DownloadSelectedBenignPackages\Benign_Packages\proxyport-1.0.4.tar.gz,tar,proxyport-1.0.4/setup.py,1244,ast,2,2,os; setuptools
proxyscrape-0.3.0,D:\10. RQ1 DySec\Step 9 DownloadSelectedBenignPackages\Benign_Packages\proxyscrape-0.3.0.tar.gz,tar,proxyscrape-0.3.0/setup.py,1632,ast,2,2,os; setuptools
proxyscraper-0.0.1,D:\10. RQ1 DySec\Step 9 DownloadSelectedBenignPackages\Benign_Packages\proxyscraper-0.0.1.tar.gz,tar,proxyscraper-0.0.1/setup.py,648,ast,1,1,setuptools
proxysocksrandom-1.0.0,D:\10. RQ1 DySec\Step 9 DownloadSelectedBenignPackages\Benign_Packages\proxysocksrandom-1.0.0.tar.gz,tar,proxysocksrandom-1.0.0/setup.py,388,ast,1,1,setuptools
proxytcp-0.3,D:\10. RQ1 DySec\Step 9 DownloadSelectedBenignPackages\Benign_Packages\proxytcp-0.3.tar.gz,tar,proxytcp-0.3/setup.py,398,ast,1,1,distutils
proxyz-0.2.0,D:\10. RQ1 DySec\Step 9 DownloadSelectedBenignPackages\Benign_Packages\proxyz-0.2.0.tar.gz,tar,proxyz-0.2.0/setup.py,990,ast,1,1,setuptools
prueba-temporal-0.1.0,D:\10. RQ1 DySec\Step 9 DownloadSelectedBenignPackages\Benign_Packages\prueba-temporal-0.1.0.tar.gz,tar,prueba-temporal-0.1.0/setup.py,1334,ast,1,1,setuptools
pruebix-0.0.1,D:\10. RQ1 DySec\Step 9 DownloadSelectedBenignPackages\Benign_Packages\pruebix-0.0.1.tar.gz,tar,pruebix-0.0.1/setup.py,684,ast,1,1,setuptools
pscrape-0.0.3,D:\10. RQ1 DySec\Step 9 DownloadSelectedBenignPackages\Benign_Packages\pscrape-0.0.3.tar.gz,tar,pscrape-0.0.3/setup.py,68,ast,1,1,setuptools
pscraper-0.1.1,D:\10. RQ1 DySec\Step 9 DownloadSelectedBenignPackages\Benign_Packages\pscraper-0.1.1.tar.gz,tar,pscraper-0.1.1/setup.py,352,ast,1,1,setuptools
pshell-1.4.0,D:\10. RQ1 DySec\Step 9 DownloadSelectedBenignPackages\Benign_Packages\pshell-1.4.0.tar.gz,tar,pshell-1.4.0/setup.py,58,ast,1,1,setuptools
pslib-0.0.6,D:\10. RQ1 DySec\Step 9 DownloadSelectedBenignPackages\Benign_Packages\pslib-0.0.6.tar.gz,tar,pslib-0.0.6/setup.py,1905,ast,1,1,setuptools
psutil-6.0.0,D:\10. RQ1 DySec\Step 9 DownloadSelectedBenignPackages\Benign_Packages\psutil-6.0.0.tar.gz,tar,psutil-6.0.0/setup.py,18081,ast,20,36,__future__; _common; _compat; ast; contextlib; distutils; glob; io; os; platform; re; setuptools; shutil; struct; subprocess; sys; sysconfig; tempfile; warnings; wheel
psycog-0.0.1,D:\10. RQ1 DySec\Step 9 DownloadSelectedBenignPackages\Benign_Packages\psycog-0.0.1.tar.gz,tar,psycog-0.0.1/setup.py,1791,ast,1,1,setuptools
psycopg2-2.9.9,D:\10. RQ1 DySec\Step 9 DownloadSelectedBenignPackages\Benign_Packages\psycopg2-2.9.9.tar.gz,tar,psycopg2-2.9.9/setup.py,20989,ast,9,11,configparser; distutils; os; re; setuptools; struct; subprocess; sys; winreg
psycopg2-binary-2.9.9,D:\10. RQ1 DySec\Step 9 DownloadSelectedBenignPackages\Benign_Packages\psycopg2-binary-2.9.9.tar.gz,tar,psycopg2-binary-2.9.9/setup.py,20996,ast,9,11,configparser; distutils; os; re; setuptools; struct; subprocess; sys; winreg
ptipython-1.0.1,D:\10. RQ1 DySec\Step 9 DownloadSelectedBenignPackages\Benign_Packages\ptipython-1.0.1.tar.gz,tar,ptipython-1.0.1/setup.py,919,ast,1,1,setuptools
PToolkit-1.0.3,D:\10. RQ1 DySec\Step 9 DownloadSelectedBenignPackages\Benign_Packages\PToolkit-1.0.3.tar.gz,tar,PToolkit-1.0.3/setup.py,703,ast,1,1,setuptools
ptscore-0.1.7,D:\10. RQ1 DySec\Step 9 DownloadSelectedBenignPackages\Benign_Packages\ptscore-0.1.7.tar.gz,tar,ptscore-0.1.7/setup.py,1125,ast,2,2,os; setuptools
ptx-1.1,D:\10. RQ1 DySec\Step 9 DownloadSelectedBenignPackages\Benign_Packages\ptx-1.1.tar.gz,tar,ptx-1.1/setup.py,270,ast,1,1,setuptools
ptyprocess-0.7.0,D:\10. RQ1 DySec\Step 9 DownloadSelectedBenignPackages\Benign_Packages\ptyprocess-0.7.0.tar.gz,tar,ptyprocess-0.7.0/setup.py,479,ast,1,1,distutils
pu-0.9.2,D:\10. RQ1 DySec\Step 9 DownloadSelectedBenignPackages\Benign_Packages\pu-0.9.2.zip,zip,pu-0.9.2/setup.py,1176,ast,3,3,distutils; os; pu
pub_requests-0.1.3,D:\10. RQ1 DySec\Step 9 DownloadSelectedBenignPackages\Benign_Packages\pub_requests-0.1.3.tar.gz,tar,pub_requests-0.1.3/setup.py,1148,ast,2,2,os; setuptools
pubcontrol-3.5.0,D:\10. RQ1 DySec\Step 9 DownloadSelectedBenignPackages\Benign_Packages\pubcontrol-3.5.0.tar.gz,tar,pubcontrol-3.5.0/setup.py,522,ast,1,1,setuptools
public-2020.7.1,D:\10. RQ1 DySec\Step 9 DownloadSelectedBenignPackages\Benign_Packages\public-2020.7.1.tar.gz,tar,public-2020.7.1/setup.py,165,ast,1,1,setuptools
puffer-1.8.2,D:\10. RQ1 DySec\Step 9 DownloadSelectedBenignPackages\Benign_Packages\puffer-1.8.2.zip,zip,puffer-1.8.2/setup.py,662,ast,1,1,setuptools
pull-0.0.1,D:\10. RQ1 DySec\Step 9 DownloadSelectedBenignPackages\Benign_Packages\pull-0.0.1.tar.gz,tar,pull-0.0.1/setup.py,664,ast,1,1,setuptools
pulley-0.0.2,D:\10. RQ1 DySec\Step 9 DownloadSelectedBenignPackages\Benign_Packages\pulley-0.0.2.tar.gz,tar,pulley-0.0.2/setup.py,672,ast,2,2,setuptools; sys
pullframe-0.1.0,D:\10. RQ1 DySec\Step 9 DownloadSelectedBenignPackages\Benign_Packages\pullframe-0.1.0.tar.gz,tar,pullframe-0.1.0/setup.py,3179,ast,1,1,setuptools
pulling-1.4.2,D:\10. RQ1 DySec\Step 9 DownloadSelectedBenignPackages\Benign_Packages\pulling-1.4.2.tar.gz,tar,pulling-1.4.2/setup.py,514,ast,2,2,os; setuptools
pullkin-0.9.0,D:\10. RQ1 DySec\Step 9 DownloadSelectedBenignPackages\Benign_Packages\pullkin-0.9.0.tar.gz,tar,pullkin-0.9.0/setup.py,1320,ast,2,2,os; setuptools
pullword-0.0.1,D:\10. RQ1 DySec\Step 9 DownloadSelectedBenignPackages\Benign_Packages\pullword-0.0.1.tar.gz,tar,pullword-0.0.1/setup.py,457,ast,1,1,setuptools
pulolb-1.1,D:\10. RQ1 DySec\Step 9 DownloadSelectedBenignPackages\Benign_Packages\pulolb-1.1.tar.gz,tar,pulolb-1.1/setup.py,580,ast,1,1,distutils
pulpcbc-0.2.1,D:\10. RQ1 DySec\Step 9 DownloadSelectedBenignPackages\Benign_Packages\pulpcbc-0.2.1.zip,zip,pulpcbc-0.2.1/setup.py,843,ast,2,3,Cython; distutils
pulsarpy-1.3.0,D:\10. RQ1 DySec\Step 9 DownloadSelectedBenignPackages\Benign_Packages\pulsarpy-1.3.0.tar.gz,tar,pulsarpy-1.3.0/setup.py,1929,ast,3,3,glob; os; setuptools
pulsepoint-0.0.1,D:\10. RQ1 DySec\Step 9 DownloadSelectedBenignPackages\Benign_Packages\pulsepoint-0.0.1.tar.gz,tar,pulsepoint-0.0.1/setup.py,2596,ast,4,4,configparser; pkg_resources; setuptools; shlex
pulsipip-0.1.5,D:\10. RQ1 DySec\Step 9 DownloadSelectedBenignPackages\Benign_Packages\pulsipip-0.1.5.tar.gz,tar,pulsipip-0.1.5/setup.py,736,ast,1,1,setuptools
pupy-2.9.3,D:\10. RQ1 DySec\Step 9 DownloadSelectedBenignPackages\Benign_Packages\pupy-2.9.3.tar.gz,tar,pupy-2.9.3/setup.py,499,ast,1,1,distutils
pure_eval-0.2.3,D:\10. RQ1 DySec\Step 9 DownloadSelectedBenignPackages\Benign_Packages\pure_eval-0.2.3.tar.gz,tar,pure_eval-0.2.3/setup.py,69,ast,1,1,setuptools
pureskillgg-makenew-pyskill-0.5.0,D:\10. RQ1 DySec\Step 9 DownloadSelectedBenignPackages\Benign_Packages\pureskillgg-makenew-pyskill-0.5.0.tar.gz,tar,pureskillgg-makenew-pyskill-0.5.0/setup.py,10600,ast,1,1,setuptools
puri-0.0.3,D:\10. RQ1 DySec\Step 9 DownloadSelectedBenignPackages\Benign_Packages\puri-0.0.3.tar.gz,tar,puri-0.0.3/setup.py,703,ast,1,1,setuptools
push-0.2,D:\10. RQ1 DySec\Step 9 DownloadSelectedBenignPackages\Benign_Packages\push-0.2.tar.gz,tar,push-0.2/setup.py,1025,ast,1,1,setuptools
pushbroom-1.0.0,D:\10. RQ1 DySec\Step 9 DownloadSelectedBenignPackages\Benign_Packages\pushbroom-1.0.0.tar.gz,tar,pushbroom-1.0.0/setup.py,6188,ast,1,1,setuptools
pusher-3.3.2,D:\10. RQ1 DySec\Step 9 DownloadSelectedBenignPackages\Benign_Packages\pusher-3.3.2.tar.gz,tar,pusher-3.3.2/setup.py,1760,ast,3,3,os; re; setuptools
pusher_push_notifications-2.0.1,D:\10. RQ1 DySec\Step 9 DownloadSelectedBenignPackages\Benign_Packages\pusher_push_notifications-2.0.1.tar.gz,tar,pusher_push_notifications-2.0.1/setup.py,1564,ast,3,3,codecs; os; setuptools
pushetta-1.0.9,D:\10. RQ1 DySec\Step 9 DownloadSelectedBenignPackages\Benign_Packages\pushetta-1.0.9.tar.gz,tar,pushetta-1.0.9/setup.py,1777,ast,3,4,codecs; os; setuptools
pushi-0.3.1,D:\10. RQ1 DySec\Step 9 DownloadSelectedBenignPackages\Benign_Packages\pushi-0.3.1.tar.gz,tar,pushi-0.3.1/setup.py,2468,ast,1,1,setuptools
pushit-0.3,D:\10. RQ1 DySec\Step 9 DownloadSelectedBenignPackages\Benign_Packages\pushit-0.3.tar.gz,tar,pushit-0.3/setup.py,540,ast,1,1,setuptools
pushjack-1.6.0,D:\10. RQ1 DySec\Step 9 DownloadSelectedBenignPackages\Benign_Packages\pushjack-1.6.0.tar.gz,tar,pushjack-1.6.0/setup.py,172,ast,1,1,setuptools
pushkin-0.1.6.1,D:\10. RQ1 DySec\Step 9 DownloadSelectedBenignPackages\Benign_Packages\pushkin-0.1.6.1.tar.gz,tar,pushkin-0.1.6.1/setup.py,1792,ast,2,2,os; setuptools
pushman-1.0.2,D:\10. RQ1 DySec\Step 9 DownloadSelectedBenignPackages\Benign_Packages\pushman-1.0.2.tar.gz,tar,pushman-1.0.2/setup.py,963,ast,1,1,setuptools
pushmsg-0.2.3,D:\10. RQ1 DySec\Step 9 DownloadSelectedBenignPackages\Benign_Packages\pushmsg-0.2.3.tar.gz,tar,pushmsg-0.2.3/setup.py,726,ast,3,3,os; pushmsg; setuptools
PushoverPy-1.0.2,D:\10. RQ1 DySec\Step 9 DownloadSelectedBenignPackages\Benign_Packages\PushoverPy-1.0.2.tar.gz,tar,PushoverPy-1.0.2/setup.py,432,ast,1,1,distutils
pushpad-1.0.0,D:\10. RQ1 DySec\Step 9 DownloadSelectedBenignPackages\Benign_Packages\pushpad-1.0.0.tar.gz,tar,pushpad-1.0.0/setup.py,1074,ast,2,2,os; setuptools
pushpin-0.5.0,D:\10. RQ1 DySec\Step 9 DownloadSelectedBenignPackages\Benign_Packages\pushpin-0.5.0.tar.gz,tar,pushpin-0.5.0/setup.py,2272,ast,1,1,setuptools
pushpy-0.1.9,D:\10. RQ1 DySec\Step 9 DownloadSelectedBenignPackages\Benign_Packages\pushpy-0.1.9.tar.gz,tar,pushpy-0.1.9/setup.py,1454,ast,4,4,os; pushpy; pypandoc; setuptools
putil-0.9.12,D:\10. RQ1 DySec\Step 9 DownloadSelectedBenignPackages\Benign_Packages\putil-0.9.12.zip,zip,putil-0.9.12/setup.py,5209,ast,9,10,__future__; glob; io; os; sbin; setuptools; shlex; sys; tox
pvmpy-1.1,D:\10. RQ1 DySec\Step 9 DownloadSelectedBenignPackages\Benign_Packages\pvmpy-1.1.tar.gz,tar,pvmpy-1.1/setup.py,4652,ast,7,9,__builtin__; builtins; distutils; numpy; os; setuptools; sys
pvn_algebra-0.1,D:\10. RQ1 DySec\Step 9 DownloadSelectedBenignPackages\Benign_Packages\pvn_algebra-0.1.tar.gz,tar,pvn_algebra-0.1/setup.py,157,ast,1,1,setuptools
pwbus-http-0.1.9,D:\10. RQ1 DySec\Step 9 DownloadSelectedBenignPackages\Benign_Packages\pwbus-http-0.1.9.tar.gz,tar,pwbus-http-0.1.9/setup.py,1052,ast,1,1,setuptools
pwnedapi-1.0.2,D:\10. RQ1 DySec\Step 9 DownloadSelectedBenignPackages\Benign_Packages\pwnedapi-1.0.2.tar.gz,tar,pwnedapi-1.0.2/setup.py,2732,ast,5,5,io; os; setuptools; shutil; sys
pwnvasive-0.1,D:\10. RQ1 DySec\Step 9 DownloadSelectedBenignPackages\Benign_Packages\pwnvasive-0.1.tar.gz,tar,pwnvasive-0.1/setup.py,480,ast,1,1,setuptools
py-1.11.0,D:\10. RQ1 DySec\Step 9 DownloadSelectedBenignPackages\Benign_Packages\py-1.11.0.tar.gz,tar,py-1.11.0/setup.py,2229,ast,1,1,setuptools
py-aiger-coins-3.3.7,D:\10. RQ1 DySec\Step 9 DownloadSelectedBenignPackages\Benign_Packages\py-aiger-coins-3.3.7.tar.gz,tar,py-aiger-coins-3.3.7/setup.py,5469,ast,1,1,setuptools
py-air-control-2.3.0,D:\10. RQ1 DySec\Step 9 DownloadSelectedBenignPackages\Benign_Packages\py-air-control-2.3.0.tar.gz,tar,py-air-control-2.3.0/setup.py,992,ast,2,2,setuptools; sys
py-algorand-sdk-2.6.1,D:\10. RQ1 DySec\Step 9 DownloadSelectedBenignPackages\Benign_Packages\py-algorand-sdk-2.6.1.tar.gz,tar,py-algorand-sdk-2.6.1/setup.py,871,ast,1,1,setuptools
py-androidbuild-0.9,D:\10. RQ1 DySec\Step 9 DownloadSelectedBenignPackages\Benign_Packages\py-androidbuild-0.9.tar.gz,tar,py-androidbuild-0.9/setup.py,1430,ast,3,3,os; re; setuptools
py-antilibrary-0.0.3,D:\10. RQ1 DySec\Step 9 DownloadSelectedBenignPackages\Benign_Packages\py-antilibrary-0.0.3.tar.gz,tar,py-antilibrary-0.0.3/setup.py,1789,ast,1,2,setuptools
py-appconfig-0.1.2,D:\10. RQ1 DySec\Step 9 DownloadSelectedBenignPackages\Benign_Packages\py-appconfig-0.1.2.tar.gz,tar,py-appconfig-0.1.2/setup.py,3161,ast,1,1,setuptools
py-ard-1.5.0,D:\10. RQ1 DySec\Step 9 DownloadSelectedBenignPackages\Benign_Packages\py-ard-1.5.0.tar.gz,tar,py-ard-1.5.0/setup.py,2586,ast,1,1,setuptools
py-asa-loader-0.4.5,D:\10. RQ1 DySec\Step 9 DownloadSelectedBenignPackages\Benign_Packages\py-asa-loader-0.4.5.tar.gz,tar,py-asa-loader-0.4.5/setup.py,881,ast,4,4,asaloader; os; setuptools; utils
py-bolt-0.0.9,D:\10. RQ1 DySec\Step 9 DownloadSelectedBenignPackages\Benign_Packages\py-bolt-0.0.9.tar.gz,tar,py-bolt-0.0.9/setup.py,750,ast,1,1,setuptools
py-capsolver-0.0.3,D:\10. RQ1 DySec\Step 9 DownloadSelectedBenignPackages\Benign_Packages\py-capsolver-0.0.3.tar.gz,tar,py-capsolver-0.0.3/setup.py,552,ast,1,1,setuptools
py-caska-1.0.3,D:\10. RQ1 DySec\Step 9 DownloadSelectedBenignPackages\Benign_Packages\py-caska-1.0.3.tar.gz,tar,py-caska-1.0.3/setup.py,1591,ast,2,2,re; setuptools
py-cellpose-1.0.0,D:\10. RQ1 DySec\Step 9 DownloadSelectedBenignPackages\Benign_Packages\py-cellpose-1.0.0.tar.gz,tar,py-cellpose-1.0.0/setup.py,1215,ast,1,1,setuptools
py-checkerproxy-0.1.0,D:\10. RQ1 DySec\Step 9 DownloadSelectedBenignPackages\Benign_Packages\py-checkerproxy-0.1.0.tar.gz,tar,py-checkerproxy-0.1.0/setup.py,508,ast,1,1,setuptools
py-cid-0.3.0,D:\10. RQ1 DySec\Step 9 DownloadSelectedBenignPackages\Benign_Packages\py-cid-0.3.0.tar.gz,tar,py-cid-0.3.0/setup.py,1555,ast,1,1,setuptools
py-cobra-0.1.0,D:\10. RQ1 DySec\Step 9 DownloadSelectedBenignPackages\Benign_Packages\py-cobra-0.1.0.tar.gz,tar,py-cobra-0.1.0/setup.py,1354,ast,1,1,setuptools
py-code-0.0.3,D:\10. RQ1 DySec\Step 9 DownloadSelectedBenignPackages\Benign_Packages\py-code-0.0.3.tar.gz,tar,py-code-0.0.3/setup.py,374,ast,1,1,setuptools
py-cpuinfo-9.0.0,D:\10. RQ1 DySec\Step 9 DownloadSelectedBenignPackages\Benign_Packages\py-cpuinfo-9.0.0.tar.gz,tar,py-cpuinfo-9.0.0/setup.py,1000,ast,2,2,os; setuptools
py-database-url-0.0.4,D:\10. RQ1 DySec\Step 9 DownloadSelectedBenignPackages\Benign_Packages\py-database-url-0.0.4.tar.gz,tar,py-database-url-0.0.4/setup.py,1208,ast,3,3,os; re; setuptools
py-ddd-0.9.0,D:\10. RQ1 DySec\Step 9 DownloadSelectedBenignPackages\Benign_Packages\py-ddd-0.9.0.tar.gz,tar,py-ddd-0.9.0/setup.py,1320,ast,2,3,os; setuptools
py-discover-0.1.1,D:\10. RQ1 DySec\Step 9 DownloadSelectedBenignPackages\Benign_Packages\py-discover-0.1.1.tar.gz,tar,py-discover-0.1.1/setup.py,1939,ast,3,3,codecs; os; setuptools
py-dspinlock-0.3.1,D:\10. RQ1 DySec\Step 9 DownloadSelectedBenignPackages\Benign_Packages\py-dspinlock-0.3.1.tar.gz,tar,py-dspinlock-0.3.1/setup.py,1707,ast,2,2,os; setuptools
py-easy-scrape-0.1.6.1,D:\10. RQ1 DySec\Step 9 DownloadSelectedBenignPackages\Benign_Packages\py-easy-scrape-0.1.6.1.tar.gz,tar,py-easy-scrape-0.1.6.1/setup.py,810,ast,1,1,setuptools
py-elvis-0.2.1,D:\10. RQ1 DySec\Step 9 DownloadSelectedBenignPackages\Benign_Packages\py-elvis-0.2.1.tar.gz,tar,py-elvis-0.2.1/setup.py,961,ast,2,2,os; setuptools
py-epoll-1.2.1,D:\10. RQ1 DySec\Step 9 DownloadSelectedBenignPackages\Benign_Packages\py-epoll-1.2.1.zip,zip,py-epoll-1.2.1/setup.py,398,ast,2,2,distutils; setuptools
py-etcd-0.1.4,D:\10. RQ1 DySec\Step 9 DownloadSelectedBenignPackages\Benign_Packages\py-etcd-0.1.4.tar.gz,tar,py-etcd-0.1.4/setup.py,431,ast,1,1,setuptools
py-execute-0.1.7,D:\10. RQ1 DySec\Step 9 DownloadSelectedBenignPackages\Benign_Packages\py-execute-0.1.7.tar.gz,tar,py-execute-0.1.7/setup.py,1603,ast,1,1,distutils
py-geohash-any-1.1,D:\10. RQ1 DySec\Step 9 DownloadSelectedBenignPackages\Benign_Packages\py-geohash-any-1.1.tar.gz,tar,py-geohash-any-1.1/setup.py,538,ast,1,1,distutils
py-getch-1.0.1,D:\10. RQ1 DySec\Step 9 DownloadSelectedBenignPackages\Benign_Packages\py-getch-1.0.1.zip,zip,py-getch-1.0.1/setup.py,790,ast,2,2,os; setuptools
py-googletrans-1.2,D:\10. RQ1 DySec\Step 9 DownloadSelectedBenignPackages\Benign_Packages\py-googletrans-1.2.tar.gz,tar,py-googletrans-1.2/setup.py,1269,ast,2,2,googletrans; setuptools
py-gravatar-0.0.3,D:\10. RQ1 DySec\Step 9 DownloadSelectedBenignPackages\Benign_Packages\py-gravatar-0.0.3.tar.gz,tar,py-gravatar-0.0.3/setup.py,917,ast,4,5,distutils; setuptools; subprocess; sys
py-gsuite-apis-0.0.8,D:\10. RQ1 DySec\Step 9 DownloadSelectedBenignPackages\Benign_Packages\py-gsuite-apis-0.0.8.tar.gz,tar,py-gsuite-apis-0.0.8/setup.py,1184,ast,2,2,os; setuptools
py-hostlist-0.0.2.dev0,D:\10. RQ1 DySec\Step 9 DownloadSelectedBenignPackages\Benign_Packages\py-hostlist-0.0.2.dev0.tar.gz,tar,py-hostlist-0.0.2.dev0/setup.py,744,ast,1,1,setuptools
py-https-0.0.2.1,D:\10. RQ1 DySec\Step 9 DownloadSelectedBenignPackages\Benign_Packages\py-https-0.0.2.1.tar.gz,tar,py-https-0.0.2.1/setup.py,1487,ast,3,3,codecs; os; setuptools
py-hydro-0.0.9,D:\10. RQ1 DySec\Step 9 DownloadSelectedBenignPackages\Benign_Packages\py-hydro-0.0.9.tar.gz,tar,py-hydro-0.0.9/setup.py,1970,ast,3,4,os; setuptools; sys
py-hyperneat-0.0.1,D:\10. RQ1 DySec\Step 9 DownloadSelectedBenignPackages\Benign_Packages\py-hyperneat-0.0.1.tar.gz,tar,py-hyperneat-0.0.1/setup.py,751,ast,1,2,setuptools
py-ip-command-0.0.4,D:\10. RQ1 DySec\Step 9 DownloadSelectedBenignPackages\Benign_Packages\py-ip-command-0.0.4.tar.gz,tar,py-ip-command-0.0.4/setup.py,822,ast,1,1,setuptools
py-islykill-0.1,D:\10. RQ1 DySec\Step 9 DownloadSelectedBenignPackages\Benign_Packages\py-islykill-0.1.tar.gz,tar,setup.py,981,ast,3,3,os; platform; setuptools
py-libnuma-1.2,D:\10. RQ1 DySec\Step 9 DownloadSelectedBenignPackages\Benign_Packages\py-libnuma-1.2.tar.gz,tar,py-libnuma-1.2/setup.py,1194,ast,1,2,setuptools
Py-library-1.0.4,D:\10. RQ1 DySec\Step 9 DownloadSelectedBenignPackages\Benign_Packages\Py-library-1.0.4.tar.gz,tar,Py-library-1.0.4/setup.py,694,ast,1,1,setuptools
py-lightstreamer-0.5,D:\10. RQ1 DySec\Step 9 DownloadSelectedBenignPackages\Benign_Packages\py-lightstreamer-0.5.tar.gz,tar,py-lightstreamer-0.5/setup.py,1030,ast,1,1,setuptools
py-lll-0.1.0a1,D:\10. RQ1 DySec\Step 9 DownloadSelectedBenignPackages\Benign_Packages\py-lll-0.1.0a1.tar.gz,tar,py-lll-0.1.0a1/setup.py,1926,ast,1,1,setuptools
py-manga-0.2.4,D:\10. RQ1 DySec\Step 9 DownloadSelectedBenignPackages\Benign_Packages\py-manga-0.2.4.tar.gz,tar,py-manga-0.2.4/setup.py,795,ast,1,1,setuptools
py-mcc-f1-0.1.0,D:\10. RQ1 DySec\Step 9 DownloadSelectedBenignPackages\Benign_Packages\py-mcc-f1-0.1.0.tar.gz,tar,py-mcc-f1-0.1.0/setup.py,688,ast,1,1,setuptools
py-mconv-0.0.0,D:\10. RQ1 DySec\Step 9 DownloadSelectedBenignPackages\Benign_Packages\py-mconv-0.0.0.tar.gz,tar,py-mconv-0.0.0/setup.py,688,ast,2,3,re; setuptools
py-minesweeper-1.5.0,D:\10. RQ1 DySec\Step 9 DownloadSelectedBenignPackages\Benign_Packages\py-minesweeper-1.5.0.tar.gz,tar,py-minesweeper-1.5.0/setup.py,377,ast,2,2,os; setuptools
py-mint-0.2.6,D:\10. RQ1 DySec\Step 9 DownloadSelectedBenignPackages\Benign_Packages\py-mint-0.2.6.tar.gz,tar,py-mint-0.2.6/setup.py,4382,ast,7,8,distutils; io; os; platform; setuptools; shutil; sys
py-mockserver-0.1.6,D:\10. RQ1 DySec\Step 9 DownloadSelectedBenignPackages\Benign_Packages\py-mockserver-0.1.6.tar.gz,tar,py-mockserver-0.1.6/setup.py,682,ast,1,1,setuptools
py-mocp-0.1rc6,D:\10. RQ1 DySec\Step 9 DownloadSelectedBenignPackages\Benign_Packages\py-mocp-0.1rc6.tar.gz,tar,py-mocp-0.1rc6/setup.py,1417,ast,2,2,setuptools; sys
py-mrandom-0.1,D:\10. RQ1 DySec\Step 9 DownloadSelectedBenignPackages\Benign_Packages\py-mrandom-0.1.tar.gz,tar,py-mrandom-0.1/setup.py,960,ast,2,2,pathlib; setuptools
py-multicast-1.4,D:\10. RQ1 DySec\Step 9 DownloadSelectedBenignPackages\Benign_Packages\py-multicast-1.4.tar.gz,tar,py-multicast-1.4/setup.py,1249,ast,2,2,distutils; src
py-nltools-0.5.0,D:\10. RQ1 DySec\Step 9 DownloadSelectedBenignPackages\Benign_Packages\py-nltools-0.5.0.tar.gz,tar,py-nltools-0.5.0/setup.py,1654,ast,1,1,setuptools
py-ns-controller-0.2.2,D:\10. RQ1 DySec\Step 9 DownloadSelectedBenignPackages\Benign_Packages\py-ns-controller-0.2.2.tar.gz,tar,py-ns-controller-0.2.2/setup.py,617,ast,1,1,setuptools
py-oauth2-0.0.9,D:\10. RQ1 DySec\Step 9 DownloadSelectedBenignPackages\Benign_Packages\py-oauth2-0.0.9.tar.gz,tar,py-oauth2-0.0.9/setup.py,1107,ast,1,1,setuptools
py-osinfo-0.1.1,D:\10. RQ1 DySec\Step 9 DownloadSelectedBenignPackages\Benign_Packages\py-osinfo-0.1.1.tar.gz,tar,py-osinfo-0.1.1/setup.py,688,ast,2,2,os; setuptools
py-oxford-1.0.1.dev0,D:\10. RQ1 DySec\Step 9 DownloadSelectedBenignPackages\Benign_Packages\py-oxford-1.0.1.dev0.tar.gz,tar,py-oxford-1.0.1.dev0/setup.py,8650,ast,2,2,pathlib; setuptools
py-pandoc-2.9.2.1.2,D:\10. RQ1 DySec\Step 9 DownloadSelectedBenignPackages\Benign_Packages\py-pandoc-2.9.2.1.2.tar.gz,tar,py-pandoc-2.9.2.1.2/setup.py,6749,ast,12,14,ast; configparser; io; os; platform; setuptools; shutil; stat; subprocess; sys; tarfile; tempfile
py-parallel-1.0.0,D:\10. RQ1 DySec\Step 9 DownloadSelectedBenignPackages\Benign_Packages\py-parallel-1.0.0.tar.gz,tar,py-parallel-1.0.0/setup.py,360,ast,1,1,setuptools
py-pesapal-0.1.0,D:\10. RQ1 DySec\Step 9 DownloadSelectedBenignPackages\Benign_Packages\py-pesapal-0.1.0.tar.gz,tar,py-pesapal-0.1.0/setup.py,810,ast,1,1,setuptools
py-pgtest-0.1.7,D:\10. RQ1 DySec\Step 9 DownloadSelectedBenignPackages\Benign_Packages\py-pgtest-0.1.7.tar.gz,tar,py-pgtest-0.1.7/setup.py,477,ast,2,2,distutils; setuptools
py-popgen-0.1.9,D:\10. RQ1 DySec\Step 9 DownloadSelectedBenignPackages\Benign_Packages\py-popgen-0.1.9.tar.gz,tar,py-popgen-0.1.9/setup.py,2203,ast,3,3,io; pgpipe; setuptools
py-postie-0.10,D:\10. RQ1 DySec\Step 9 DownloadSelectedBenignPackages\Benign_Packages\py-postie-0.10.tar.gz,tar,py-postie-0.10/setup.py,568,ast,1,1,setuptools
py-projectmill-0.2.2,D:\10. RQ1 DySec\Step 9 DownloadSelectedBenignPackages\Benign_Packages\py-projectmill-0.2.2.tar.gz,tar,py-projectmill-0.2.2/setup.py,1669,ast,1,1,setuptools
py-pyper-0.0.2,D:\10. RQ1 DySec\Step 9 DownloadSelectedBenignPackages\Benign_Packages\py-pyper-0.0.2.tar.gz,tar,py-pyper-0.0.2/setup.py,4973,ast,1,1,setuptools
py-radius-2.0.2-1,D:\10. RQ1 DySec\Step 9 DownloadSelectedBenignPackages\Benign_Packages\py-radius-2.0.2-1.tar.gz,tar,py-radius-2.0.2-1/setup.py,1512,ast,2,2,distutils; radius
py-random-password-0.0.4,D:\10. RQ1 DySec\Step 9 DownloadSelectedBenignPackages\Benign_Packages\py-random-password-0.0.4.tar.gz,tar,py-random-password-0.0.4/setup.py,1085,ast,1,1,setuptools
py-randomizer-0.0.3,D:\10. RQ1 DySec\Step 9 DownloadSelectedBenignPackages\Benign_Packages\py-randomizer-0.0.3.tar.gz,tar,py-randomizer-0.0.3/setup.py,689,ast,1,1,setuptools
py-randomprime-16.3,D:\10. RQ1 DySec\Step 9 DownloadSelectedBenignPackages\Benign_Packages\py-randomprime-16.3.tar.gz,tar,py-randomprime-16.3/setup.py,254,ast,2,2,setuptools; setuptools_rust
py-re2-1.0.0,D:\10. RQ1 DySec\Step 9 DownloadSelectedBenignPackages\Benign_Packages\py-re2-1.0.0.tar.gz,tar,py-re2-1.0.0/setup.py,809,ast,4,4,codecs; os; setuptools; shutil
py-redis-1.1.1,D:\10. RQ1 DySec\Step 9 DownloadSelectedBenignPackages\Benign_Packages\py-redis-1.1.1.tar.gz,tar,py-redis-1.1.1/setup.py,842,ast,1,1,setuptools
py-rng-lib-0.0.1,D:\10. RQ1 DySec\Step 9 DownloadSelectedBenignPackages\Benign_Packages\py-rng-lib-0.0.1.tar.gz,tar,py-rng-lib-0.0.1/setup.py,269,ast,1,1,setuptools
py-robotics-0.0.1,D:\10. RQ1 DySec\Step 9 DownloadSelectedBenignPackages\Benign_Packages\py-robotics-0.0.1.tar.gz,tar,py-robotics-0.0.1/setup.py,762,ast,1,1,setuptools
py-salt-1.0,D:\10. RQ1 DySec\Step 9 DownloadSelectedBenignPackages\Benign_Packages\py-salt-1.0.tar.gz,tar,py-salt-1.0/setup.py,239,ast,1,1,setuptools
py-serpost-0.4.2,D:\10. RQ1 DySec\Step 9 DownloadSelectedBenignPackages\Benign_Packages\py-serpost-0.4.2.tar.gz,tar,py-serpost-0.4.2/setup.py,1277,ast,2,2,setuptools; sys
py-singleline-1.0.0a2,D:\10. RQ1 DySec\Step 9 DownloadSelectedBenignPackages\Benign_Packages\py-singleline-1.0.0a2.tar.gz,tar,py-singleline-1.0.0a2/setup.py,3207,ast,3,3,distutils; setuptools; subprocess
py-singleton-1.0.0,D:\10. RQ1 DySec\Step 9 DownloadSelectedBenignPackages\Benign_Packages\py-singleton-1.0.0.tar.gz,tar,py-singleton-1.0.0/setup.py,1636,ast,2,2,re; setuptools
py-stackexchange-2.2.7,D:\10. RQ1 DySec\Step 9 DownloadSelectedBenignPackages\Benign_Packages\py-stackexchange-2.2.7.tar.gz,tar,py-stackexchange-2.2.7/setup.py,2020,ast,2,2,setuptools; sys
py-stadfangaskra-1.0.0rc1,D:\10. RQ1 DySec\Step 9 DownloadSelectedBenignPackages\Benign_Packages\py-stadfangaskra-1.0.0rc1.tar.gz,tar,py-stadfangaskra-1.0.0rc1/setup.py,1342,ast,2,3,setuptools; sys
py-stocks-1.6.5,D:\10. RQ1 DySec\Step 9 DownloadSelectedBenignPackages\Benign_Packages\py-stocks-1.6.5.tar.gz,tar,py-stocks-1.6.5/setup.py,1271,ast,1,1,distutils
py-storage-0.0.dev1618354343,D:\10. RQ1 DySec\Step 9 DownloadSelectedBenignPackages\Benign_Packages\py-storage-0.0.dev1618354343.tar.gz,tar,py-storage-0.0.dev1618354343/setup.py,1071,ast,2,2,os; setuptools
py-stresser-2.0.1,D:\10. RQ1 DySec\Step 9 DownloadSelectedBenignPackages\Benign_Packages\py-stresser-2.0.1.tar.gz,tar,py-stresser-2.0.1/setup.py,609,ast,1,1,setuptools
py-strict-typing-0.1.1,D:\10. RQ1 DySec\Step 9 DownloadSelectedBenignPackages\Benign_Packages\py-strict-typing-0.1.1.tar.gz,tar,py-strict-typing-0.1.1/setup.py,919,ast,2,2,distutils; setuptools
py-stringmatching-0.4.6,D:\10. RQ1 DySec\Step 9 DownloadSelectedBenignPackages\Benign_Packages\py-stringmatching-0.4.6.tar.gz,tar,py-stringmatching-0.4.6/setup.py,6520,ast,8,8,Cython; importlib; os; pip; pkg_resources; setuptools; subprocess; sys
py-stringsimjoin-0.3.6,D:\10. RQ1 DySec\Step 9 DownloadSelectedBenignPackages\Benign_Packages\py-stringsimjoin-0.3.6.tar.gz,tar,py-stringsimjoin-0.3.6/setup.py,10250,ast,10,11,contextlib; distutils; importlib; os; pip; platform; re; setuptools; subprocess; sys
py-studionbs-0.0.2,D:\10. RQ1 DySec\Step 9 DownloadSelectedBenignPackages\Benign_Packages\py-studionbs-0.0.2.tar.gz,tar,py-studionbs-0.0.2/setup.py,719,ast,1,1,distutils
py-sucks-0.9.9,D:\10. RQ1 DySec\Step 9 DownloadSelectedBenignPackages\Benign_Packages\py-sucks-0.9.9.tar.gz,tar,py-sucks-0.9.9/setup.py,2969,ast,3,3,codecs; os; setuptools
py-taliro-0.2.1,D:\10. RQ1 DySec\Step 9 DownloadSelectedBenignPackages\Benign_Packages\py-taliro-0.2.1.zip,zip,py-taliro-0.2.1/setup.py,2184,ast,4,4,Cython; numpy; pathlib; setuptools
py-temp-0.0.4,D:\10. RQ1 DySec\Step 9 DownloadSelectedBenignPackages\Benign_Packages\py-temp-0.0.4.tar.gz,tar,py-temp-0.0.4/setup.py,1765,ast,3,4,json; setuptools; urllib
py-templater-0.1.9,D:\10. RQ1 DySec\Step 9 DownloadSelectedBenignPackages\Benign_Packages\py-templater-0.1.9.tar.gz,tar,py-templater-0.1.9/setup.py,68,ast,1,1,setuptools
py-text-1.2,D:\10. RQ1 DySec\Step 9 DownloadSelectedBenignPackages\Benign_Packages\py-text-1.2.tar.gz,tar,py-text/setup.py,1184,ast,5,5,distutils; os; setuptools; sys; text
py-toolkit-0.0.4,D:\10. RQ1 DySec\Step 9 DownloadSelectedBenignPackages\Benign_Packages\py-toolkit-0.0.4.tar.gz,tar,py-toolkit-0.0.4/setup.py,719,ast,1,1,setuptools
py-tools-wd-0.1.9,D:\10. RQ1 DySec\Step 9 DownloadSelectedBenignPackages\Benign_Packages\py-tools-wd-0.1.9.tar.gz,tar,py-tools-wd-0.1.9/setup.py,3064,ast,4,4,codecs; os; setuptools; sys
py-translate-1.0.3,D:\10. RQ1 DySec\Step 9 DownloadSelectedBenignPackages\Benign_Packages\py-translate-1.0.3.tar.gz,tar,py-translate-1.0.3/setup.py,1761,ast,2,3,setuptools; version
py-tratto-0.0.3,D:\10. RQ1 DySec\Step 9 DownloadSelectedBenignPackages\Benign_Packages\py-tratto-0.0.3.tar.gz,tar,py-tratto-0.0.3/setup.py,614,ast,1,1,setuptools
py-tree-1.0.1,D:\10. RQ1 DySec\Step 9 DownloadSelectedBenignPackages\Benign_Packages\py-tree-1.0.1.tar.gz,tar,py-tree-1.0.1/setup.py,1723,ast,1,1,setuptools
py-Ultroid-9.9b0,D:\10. RQ1 DySec\Step 9 DownloadSelectedBenignPackages\Benign_Packages\py-Ultroid-9.9b0.tar.gz,tar,py-Ultroid-9.9b0/setup.py,1079,ast,1,1,setuptools
py-veosinfo-2.6.1,D:\10. RQ1 DySec\Step 9 DownloadSelectedBenignPackages\Benign_Packages\py-veosinfo-2.6.1.tar.gz,tar,py-veosinfo-2.6.1/setup.py,2286,ast,3,4,Cython; distutils; sys
py-vsys-0.2.1,D:\10. RQ1 DySec\Step 9 DownloadSelectedBenignPackages\Benign_Packages\py-vsys-0.2.1.tar.gz,tar,py-vsys-0.2.1/setup.py,945,ast,2,2,os; setuptools
py-wallpaper-0.1.0,D:\10. RQ1 DySec\Step 9 DownloadSelectedBenignPackages\Benign_Packages\py-wallpaper-0.1.0.tar.gz,tar,py-wallpaper-0.1.0/setup.py,1121,ast,4,4,codecs; os; setuptools; sys
py-wechat-tools-0.1.0,D:\10. RQ1 DySec\Step 9 DownloadSelectedBenignPackages\Benign_Packages\py-wechat-tools-0.1.0.tar.gz,tar,py-wechat-tools-0.1.0/setup.py,794,ast,1,1,setuptools
py-ztj-redis-1.0.0,D:\10. RQ1 DySec\Step 9 DownloadSelectedBenignPackages\Benign_Packages\py-ztj-redis-1.0.0.tar.gz,tar,py-ztj-redis-1.0.0/setup.py,643,ast,2,2,pathlib; setuptools
py2captcha-0.1.1,D:\10. RQ1 DySec\Step 9 DownloadSelectedBenignPackages\Benign_Packages\py2captcha-0.1.1.tar.gz,tar,py2captcha-0.1.1/setup.py,1109,ast,3,3,codecs; os; setuptools
py2crypt-1.0,D:\10. RQ1 DySec\Step 9 DownloadSelectedBenignPackages\Benign_Packages\py2crypt-1.0.tar.gz,tar,py2crypt-1.0/setup.py,537,ast,1,1,setuptools
py2g_utils-1.0.2,D:\10. RQ1 DySec\Step 9 DownloadSelectedBenignPackages\Benign_Packages\py2g_utils-1.0.2.tar.gz,tar,py2g_utils-1.0.2/setup.py,304,ast,1,1,distutils
py2of-0.1.1,D:\10. RQ1 DySec\Step 9 DownloadSelectedBenignPackages\Benign_Packages\py2of-0.1.1.tar.gz,tar,py2of-0.1.1/setup.py,6108,ast,1,1,setuptools
py3-bencode-0.0.3,D:\10. RQ1 DySec\Step 9 DownloadSelectedBenignPackages\Benign_Packages\py3-bencode-0.0.3.tar.gz,tar,py3-bencode-0.0.3/setup.py,716,ast,1,1,setuptools
py3_cli-0.1.2,D:\10. RQ1 DySec\Step 9 DownloadSelectedBenignPackages\Benign_Packages\py3_cli-0.1.2.tar.gz,tar,py3_cli-0.1.2/setup.py,633,ast,1,1,setuptools
py3_infobip-0.0.4,D:\10. RQ1 DySec\Step 9 DownloadSelectedBenignPackages\Benign_Packages\py3_infobip-0.0.4.tar.gz,tar,py3_infobip-0.0.4/setup.py,2147,ast,1,1,setuptools
py3cli-1.0.1,D:\10. RQ1 DySec\Step 9 DownloadSelectedBenignPackages\Benign_Packages\py3cli-1.0.1.tar.gz,tar,py3cli-1.0.1/setup.py,2159,ast,5,5,distutils; os; re; setuptools; sys
py3dgame-0.0.1,D:\10. RQ1 DySec\Step 9 DownloadSelectedBenignPackages\Benign_Packages\py3dgame-0.0.1.tar.gz,tar,py3dgame-0.0.1/setup.py,924,ast,2,2,pathlib; setuptools
py4j-0.10.9.7,D:\10. RQ1 DySec\Step 9 DownloadSelectedBenignPackages\Benign_Packages\py4j-0.10.9.7.tar.gz,tar,py4j-0.10.9.7/setup.py,2438,ast,3,3,distutils; os; setuptools
py4linear_regression-0.0.5,D:\10. RQ1 DySec\Step 9 DownloadSelectedBenignPackages\Benign_Packages\py4linear_regression-0.0.5.tar.gz,tar,py4linear_regression-0.0.5/setup.py,755,ast,1,1,setuptools
py9-0.0.0,D:\10. RQ1 DySec\Step 9 DownloadSelectedBenignPackages\Benign_Packages\py9-0.0.0.tar.gz,tar,py9-0.0.0/setup.py,746,ast,2,2,setuptools; wu
py_cadence-0.0.0,D:\10. RQ1 DySec\Step 9 DownloadSelectedBenignPackages\Benign_Packages\py_cadence-0.0.0.tar.gz,tar,py_cadence-0.0.0/setup.py,153,ast,1,1,setuptools
py_ciu_image-0.1.1,D:\10. RQ1 DySec\Step 9 DownloadSelectedBenignPackages\Benign_Packages\py_ciu_image-0.1.1.tar.gz,tar,py_ciu_image-0.1.1/setup.py,1628,ast,1,1,setuptools
py_cord-2.6.0,D:\10. RQ1 DySec\Step 9 DownloadSelectedBenignPackages\Benign_Packages\py_cord-2.6.0.tar.gz,tar,py_cord-2.6.0/setup.py,69,ast,1,1,setuptools
py_countreg-0.0.4,D:\10. RQ1 DySec\Step 9 DownloadSelectedBenignPackages\Benign_Packages\py_countreg-0.0.4.tar.gz,tar,py_countreg-0.0.4/setup.py,678,ast,1,1,setuptools
py_cozi-1.0.4,D:\10. RQ1 DySec\Step 9 DownloadSelectedBenignPackages\Benign_Packages\py_cozi-1.0.4.tar.gz,tar,py_cozi-1.0.4/setup.py,847,ast,1,1,setuptools
py_cppstd-0.3.3,D:\10. RQ1 DySec\Step 9 DownloadSelectedBenignPackages\Benign_Packages\py_cppstd-0.3.3.tar.gz,tar,py_cppstd-0.3.3/setup.py,1180,ast,1,1,setuptools
py_cpu-0.1.2,D:\10. RQ1 DySec\Step 9 DownloadSelectedBenignPackages\Benign_Packages\py_cpu-0.1.2.tar.gz,tar,py_cpu-0.1.2/src/pybind11/setup.py,3499,ast,9,9,contextlib; os; re; setuptools; shutil; string; subprocess; sys; tempfile
py_cpu-0.1.2,D:\10. RQ1 DySec\Step 9 DownloadSelectedBenignPackages\Benign_Packages\py_cpu-0.1.2.tar.gz,tar,py_cpu-0.1.2/setup.py,1116,ast,1,1,skbuild
py_cra-0.0.6,D:\10. RQ1 DySec\Step 9 DownloadSelectedBenignPackages\Benign_Packages\py_cra-0.0.6.tar.gz,tar,py_cra-0.0.6/setup.py,1029,ast,2,2,pathlib; setuptools
py_cwru-1.0.3,D:\10. RQ1 DySec\Step 9 DownloadSelectedBenignPackages\Benign_Packages\py_cwru-1.0.3.tar.gz,tar,py_cwru-1.0.3/setup.py,784,ast,2,2,os; setuptools
py_distrib-0.1,D:\10. RQ1 DySec\Step 9 DownloadSelectedBenignPackages\Benign_Packages\py_distrib-0.1.tar.gz,tar,py_distrib-0.1/setup.py,244,ast,1,1,setuptools
py_games-0.0.1,D:\10. RQ1 DySec\Step 9 DownloadSelectedBenignPackages\Benign_Packages\py_games-0.0.1.tar.gz,tar,py_games-0.0.1/setup.py,1630,ast,1,1,setuptools
py_geth-5.0.0b3,D:\10. RQ1 DySec\Step 9 DownloadSelectedBenignPackages\Benign_Packages\py_geth-5.0.0b3.tar.gz,tar,py_geth-5.0.0b3/setup.py,2088,ast,1,1,setuptools
py_gong_gong-1.0.2,D:\10. RQ1 DySec\Step 9 DownloadSelectedBenignPackages\Benign_Packages\py_gong_gong-1.0.2.tar.gz,tar,py_gong_gong-1.0.2/setup.py,434,ast,1,1,setuptools
PY_GUI-1.0.4,D:\10. RQ1 DySec\Step 9 DownloadSelectedBenignPackages\Benign_Packages\PY_GUI-1.0.4.tar.gz,tar,PY_GUI-1.0.4/setup.py,576,ast,1,1,setuptools
py_hacker_news-1.0.4,D:\10. RQ1 DySec\Step 9 DownloadSelectedBenignPackages\Benign_Packages\py_hacker_news-1.0.4.tar.gz,tar,py_hacker_news-1.0.4/setup.py,867,ast,2,2,pathlib; setuptools
py_host-0.0.8,D:\10. RQ1 DySec\Step 9 DownloadSelectedBenignPackages\Benign_Packages\py_host-0.0.8.tar.gz,tar,py_host-0.0.8/setup.py,1308,ast,1,1,setuptools
py_hydropi-0.0.9.post1542039780,D:\10. RQ1 DySec\Step 9 DownloadSelectedBenignPackages\Benign_Packages\py_hydropi-0.0.9.post1542039780.tar.gz,tar,py_hydropi-0.0.9.post1542039780/setup.py,935,ast,4,4,distutils; os; setuptools; time
py_interface-2.3,D:\10. RQ1 DySec\Step 9 DownloadSelectedBenignPackages\Benign_Packages\py_interface-2.3.tar.gz,tar,py_interface-2.3/setup.py,387,ast,1,1,distutils
py_iocs-0.0.1,D:\10. RQ1 DySec\Step 9 DownloadSelectedBenignPackages\Benign_Packages\py_iocs-0.0.1.tar.gz,tar,py_iocs-0.0.1/setup.py,348,ast,1,1,distutils
py_librus_api-0.3.1,D:\10. RQ1 DySec\Step 9 DownloadSelectedBenignPackages\Benign_Packages\py_librus_api-0.3.1.tar.gz,tar,py_librus_api-0.3.1/setup.py,681,ast,1,1,setuptools
py_linkedlist-0.0.9,D:\10. RQ1 DySec\Step 9 DownloadSelectedBenignPackages\Benign_Packages\py_linkedlist-0.0.9.tar.gz,tar,py_linkedlist-0.0.9/setup.py,1142,ast,2,3,os; setuptools
py_moysklad-0.1.0,D:\10. RQ1 DySec\Step 9 DownloadSelectedBenignPackages\Benign_Packages\py_moysklad-0.1.0.tar.gz,tar,py_moysklad-0.1.0/setup.py,872,ast,1,1,setuptools
py_obfuscate-0.1.6,D:\10. RQ1 DySec\Step 9 DownloadSelectedBenignPackages\Benign_Packages\py_obfuscate-0.1.6.tar.gz,tar,py_obfuscate-0.1.6/setup.py,1035,ast,2,2,os; setuptools
py_package-0.2.1,D:\10. RQ1 DySec\Step 9 DownloadSelectedBenignPackages\Benign_Packages\py_package-0.2.1.tar.gz,tar,py_package-0.2.1/setup.py,1059,ast,2,2,re; setuptools
PY_PACKAGE_NAME-0.0.1,D:\10. RQ1 DySec\Step 9 DownloadSelectedBenignPackages\Benign_Packages\PY_PACKAGE_NAME-0.0.1.tar.gz,tar,PY_PACKAGE_NAME-0.0.1/setup.py,1297,ast,2,2,os; setuptools
py_pdlrens2code-0.1.0,D:\10. RQ1 DySec\Step 9 DownloadSelectedBenignPackages\Benign_Packages\py_pdlrens2code-0.1.0.tar.gz,tar,py_pdlrens2code-0.1.0/setup.py,1626,ast,1,1,setuptools
py_playlist-0.0.3,D:\10. RQ1 DySec\Step 9 DownloadSelectedBenignPackages\Benign_Packages\py_playlist-0.0.3.tar.gz,tar,py_playlist-0.0.3/setup.py,1159,ast,1,1,setuptools
py_profiler-0.3.1,D:\10. RQ1 DySec\Step 9 DownloadSelectedBenignPackages\Benign_Packages\py_profiler-0.3.1.tar.gz,tar,py_profiler-0.3.1/setup.py,922,ast,1,1,setuptools
py_pwned-0.3,D:\10. RQ1 DySec\Step 9 DownloadSelectedBenignPackages\Benign_Packages\py_pwned-0.3.tar.gz,tar,py_pwned-0.3/setup.py,843,ast,1,1,setuptools
py_random_words-0.8.0,D:\10. RQ1 DySec\Step 9 DownloadSelectedBenignPackages\Benign_Packages\py_random_words-0.8.0.tar.gz,tar,py_random_words-0.8.0/setup.py,626,ast,1,1,setuptools
py_rans-1.0.5,D:\10. RQ1 DySec\Step 9 DownloadSelectedBenignPackages\Benign_Packages\py_rans-1.0.5.tar.gz,tar,py_rans-1.0.5/setup.py,791,ast,1,1,setuptools
py_rete-0.0.7.dev6,D:\10. RQ1 DySec\Step 9 DownloadSelectedBenignPackages\Benign_Packages\py_rete-0.0.7.dev6.tar.gz,tar,py_rete-0.0.7.dev6/setup.py,81,ast,1,1,setuptools
py_scripto-0.1.4,D:\10. RQ1 DySec\Step 9 DownloadSelectedBenignPackages\Benign_Packages\py_scripto-0.1.4.tar.gz,tar,py_scripto-0.1.4/setup.py,539,ast,1,1,setuptools
py_shotgun-0.0.9.2,D:\10. RQ1 DySec\Step 9 DownloadSelectedBenignPackages\Benign_Packages\py_shotgun-0.0.9.2.tar.gz,tar,py_shotgun-0.0.9.2/setup.py,708,ast,1,1,setuptools
py_spoo_url-0.0.6,D:\10. RQ1 DySec\Step 9 DownloadSelectedBenignPackages\Benign_Packages\py_spoo_url-0.0.6.tar.gz,tar,py_spoo_url-0.0.6/setup.py,1656,ast,1,1,setuptools
py_string_tool-0.1.4,D:\10. RQ1 DySec\Step 9 DownloadSelectedBenignPackages\Benign_Packages\py_string_tool-0.1.4.tar.gz,tar,py_string_tool-0.1.4/setup.py,345,ast,1,1,setuptools
py_telegram-1.0.0.9,D:\10. RQ1 DySec\Step 9 DownloadSelectedBenignPackages\Benign_Packages\py_telegram-1.0.0.9.tar.gz,tar,py_telegram-1.0.0.9/setup.py,778,ast,1,1,setuptools
py_testproject-0.2.0,D:\10. RQ1 DySec\Step 9 DownloadSelectedBenignPackages\Benign_Packages\py_testproject-0.2.0.tar.gz,tar,py_testproject-0.2.0/setup.py,1517,ast,1,1,setuptools
py_topping-0.4.9,D:\10. RQ1 DySec\Step 9 DownloadSelectedBenignPackages\Benign_Packages\py_topping-0.4.9.tar.gz,tar,py_topping-0.4.9/setup.py,1112,ast,1,1,setuptools
py_transcend-0.0.9,D:\10. RQ1 DySec\Step 9 DownloadSelectedBenignPackages\Benign_Packages\py_transcend-0.0.9.tar.gz,tar,py_transcend-0.0.9/setup.py,528,ast,1,1,setuptools
py_transgpt-1.6,D:\10. RQ1 DySec\Step 9 DownloadSelectedBenignPackages\Benign_Packages\py_transgpt-1.6.tar.gz,tar,py_transgpt-1.6/setup.py,8800,ast,2,2,pathlib; setuptools
py_validate-0.3.1,D:\10. RQ1 DySec\Step 9 DownloadSelectedBenignPackages\Benign_Packages\py_validate-0.3.1.tar.gz,tar,py_validate-0.3.1/setup.py,1759,ast,2,2,py_validate; setuptools
py_vapid-1.9.1,D:\10. RQ1 DySec\Step 9 DownloadSelectedBenignPackages\Benign_Packages\py_vapid-1.9.1.tar.gz,tar,py_vapid-1.9.1/setup.py,1693,ast,3,3,io; os; setuptools
py_viking-0.1,D:\10. RQ1 DySec\Step 9 DownloadSelectedBenignPackages\Benign_Packages\py_viking-0.1.tar.gz,tar,py_viking-0.1/setup.py,226,ast,1,1,setuptools
py_vor-0.0.9,D:\10. RQ1 DySec\Step 9 DownloadSelectedBenignPackages\Benign_Packages\py_vor-0.0.9.tar.gz,tar,py_vor-0.0.9/setup.py,788,ast,1,1,setuptools
pyad207-1.0.1,D:\10. RQ1 DySec\Step 9 DownloadSelectedBenignPackages\Benign_Packages\pyad207-1.0.1.tar.gz,tar,pyad207-1.0.1/setup.py,439,ast,1,1,setuptools
pyafka-0.2.0,D:\10. RQ1 DySec\Step 9 DownloadSelectedBenignPackages\Benign_Packages\pyafka-0.2.0.tar.gz,tar,pyafka-0.2.0/setup.py,590,ast,2,2,pathlib; setuptools
pyalexa-skill-0.3.0,D:\10. RQ1 DySec\Step 9 DownloadSelectedBenignPackages\Benign_Packages\pyalexa-skill-0.3.0.tar.gz,tar,pyalexa-skill-0.3.0/setup.py,2366,ast,3,3,codecs; os; setuptools
pyalgorand-0.1.0,D:\10. RQ1 DySec\Step 9 DownloadSelectedBenignPackages\Benign_Packages\pyalgorand-0.1.0.tar.gz,tar,pyalgorand-0.1.0/setup.py,1390,ast,2,2,pathlib; setuptools
pyallied-1.0.9,D:\10. RQ1 DySec\Step 9 DownloadSelectedBenignPackages\Benign_Packages\pyallied-1.0.9.tar.gz,tar,pyallied-1.0.9/setup.py,1544,ast,1,1,setuptools
pyamapping-0.1.0,D:\10. RQ1 DySec\Step 9 DownloadSelectedBenignPackages\Benign_Packages\pyamapping-0.1.0.tar.gz,tar,pyamapping-0.1.0/setup.py,705,ast,1,1,setuptools
pyanalyze-0.9.0,D:\10. RQ1 DySec\Step 9 DownloadSelectedBenignPackages\Benign_Packages\pyanalyze-0.9.0.tar.gz,tar,pyanalyze-0.9.0/setup.py,1608,ast,2,2,pathlib; setuptools
pyanimalsay-0.0.0.5,D:\10. RQ1 DySec\Step 9 DownloadSelectedBenignPackages\Benign_Packages\pyanimalsay-0.0.0.5.tar.gz,tar,pyanimalsay-0.0.0.5/setup.py,860,ast,1,1,setuptools
pyapic-0.0.3,D:\10. RQ1 DySec\Step 9 DownloadSelectedBenignPackages\Benign_Packages\pyapic-0.0.3.tar.gz,tar,pyapic-0.0.3/setup.py,742,ast,1,1,setuptools
pyappscan-1.0.2,D:\10. RQ1 DySec\Step 9 DownloadSelectedBenignPackages\Benign_Packages\pyappscan-1.0.2.tar.gz,tar,pyappscan-1.0.2/setup.py,1100,ast,2,2,os; setuptools
pyarrange-3.0.0,D:\10. RQ1 DySec\Step 9 DownloadSelectedBenignPackages\Benign_Packages\pyarrange-3.0.0.tar.gz,tar,pyarrange-3.0.0/setup.py,553,ast,1,2,setuptools
pyarrow-17.0.0,D:\10. RQ1 DySec\Step 9 DownloadSelectedBenignPackages\Benign_Packages\pyarrow-17.0.0.tar.gz,tar,pyarrow-17.0.0/setup.py,15254,ast,10,13,Cython; contextlib; distutils; os; pkg_resources; re; setuptools; shlex; sys; sysconfig
pyasn1-0.6.1,D:\10. RQ1 DySec\Step 9 DownloadSelectedBenignPackages\Benign_Packages\pyasn1-0.6.1.tar.gz,tar,pyasn1-0.6.1/setup.py,230,ast,1,1,setuptools
pyasn1_modules-0.4.1,D:\10. RQ1 DySec\Step 9 DownloadSelectedBenignPackages\Benign_Packages\pyasn1_modules-0.4.1.tar.gz,tar,pyasn1_modules-0.4.1/setup.py,225,ast,1,1,setuptools
PyAudio-0.2.9,D:\10. RQ1 DySec\Step 9 DownloadSelectedBenignPackages\Benign_Packages\PyAudio-0.2.9.tar.gz,tar,PyAudio-0.2.9/setup.py,4173,ast,5,5,distutils; os; platform; setuptools; sys
PyAuthGG-1.0.7,D:\10. RQ1 DySec\Step 9 DownloadSelectedBenignPackages\Benign_Packages\PyAuthGG-1.0.7.tar.gz,tar,PyAuthGG-1.0.7/setup.py,757,ast,1,1,setuptools
pyautogen-0.2.9,D:\10. RQ1 DySec\Step 9 DownloadSelectedBenignPackages\Benign_Packages\pyautogen-0.2.9.tar.gz,tar,pyautogen-0.2.9/setup.py,1980,ast,2,2,os; setuptools
pyautogit-0.0.5,D:\10. RQ1 DySec\Step 9 DownloadSelectedBenignPackages\Benign_Packages\pyautogit-0.0.5.tar.gz,tar,pyautogit-0.0.5/setup.py,1895,ast,3,4,os; setuptools; sys
PyAutoGUI-0.9.9,D:\10. RQ1 DySec\Step 9 DownloadSelectedBenignPackages\Benign_Packages\PyAutoGUI-0.9.9.zip,zip,PyAutoGUI-0.9.9/setup.py,1541,ast,1,1,setuptools
pybacked-0.0.0.dev3,D:\10. RQ1 DySec\Step 9 DownloadSelectedBenignPackages\Benign_Packages\pybacked-0.0.0.dev3.tar.gz,tar,pybacked-0.0.0.dev3/setup.py,690,ast,1,1,setuptools
pybalance-0.2.0,D:\10. RQ1 DySec\Step 9 DownloadSelectedBenignPackages\Benign_Packages\pybalance-0.2.0.tar.gz,tar,pybalance-0.2.0/setup.py,835,ast,1,1,setuptools
pybeamer-3.0.0,D:\10. RQ1 DySec\Step 9 DownloadSelectedBenignPackages\Benign_Packages\pybeamer-3.0.0.tar.gz,tar,pybeamer-3.0.0/setup.py,1140,ast,1,1,setuptools
pybencoding-0.1.1,D:\10. RQ1 DySec\Step 9 DownloadSelectedBenignPackages\Benign_Packages\pybencoding-0.1.1.tar.gz,tar,pybencoding-0.1.1/setup.py,1144,ast,3,3,codecs; os; setuptools
pybetter-0.4.1,D:\10. RQ1 DySec\Step 9 DownloadSelectedBenignPackages\Benign_Packages\pybetter-0.4.1.tar.gz,tar,pybetter-0.4.1/setup.py,8000,ast,1,1,setuptools
pybetterqs-0.1.5,D:\10. RQ1 DySec\Step 9 DownloadSelectedBenignPackages\Benign_Packages\pybetterqs-0.1.5.tar.gz,tar,pybetterqs-0.1.5/setup.py,1523,ast,2,2,platform; setuptools
pyBiblio-1.0.8,D:\10. RQ1 DySec\Step 9 DownloadSelectedBenignPackages\Benign_Packages\pyBiblio-1.0.8.tar.gz,tar,pyBiblio-1.0.8/setup.py,491,ast,1,1,distutils
pybind11-2.13.6,D:\10. RQ1 DySec\Step 9 DownloadSelectedBenignPackages\Benign_Packages\pybind11-2.13.6.tar.gz,tar,pybind11-2.13.6/setup.py,1218,ast,1,1,setuptools
pyblish-1.7.0,D:\10. RQ1 DySec\Step 9 DownloadSelectedBenignPackages\Benign_Packages\pyblish-1.7.0.tar.gz,tar,pyblish-1.7.0/setup.py,1456,ast,1,1,setuptools
pybongtvapi-0.2,D:\10. RQ1 DySec\Step 9 DownloadSelectedBenignPackages\Benign_Packages\pybongtvapi-0.2.zip,zip,pybongtvapi-0.2/setup.py,1096,ast,3,3,distutils; pybongtvapi; setuptools
pybow-0.1,D:\10. RQ1 DySec\Step 9 DownloadSelectedBenignPackages\Benign_Packages\pybow-0.1.tar.gz,tar,pybow-0.1/setup.py,2788,ast,1,1,setuptools
pybrandom-0.0.1,D:\10. RQ1 DySec\Step 9 DownloadSelectedBenignPackages\Benign_Packages\pybrandom-0.0.1.tar.gz,tar,pybrandom-0.0.1/setup.py,715,ast,3,3,codecs; os; setuptools
pybunpro-3.0.0,D:\10. RQ1 DySec\Step 9 DownloadSelectedBenignPackages\Benign_Packages\pybunpro-3.0.0.tar.gz,tar,pybunpro-3.0.0/setup.py,1004,ast,2,2,os; setuptools
pycalc-0.0.2,D:\10. RQ1 DySec\Step 9 DownloadSelectedBenignPackages\Benign_Packages\pycalc-0.0.2.tar.gz,tar,pycalc-0.0.2/setup.py,1974,ast,6,8,__future__; os; pypandoc; setuptools; sys; version
pycalculator-0.1,D:\10. RQ1 DySec\Step 9 DownloadSelectedBenignPackages\Benign_Packages\pycalculator-0.1.zip,zip,pycalculator-0.1/setup.py,331,ast,1,1,setuptools
pycalver-202010.1043,D:\10. RQ1 DySec\Step 9 DownloadSelectedBenignPackages\Benign_Packages\pycalver-202010.1043.tar.gz,tar,pycalver-202010.1043/setup.py,2645,ast,4,4,lib3to6; os; setuptools; sys
pycanister-0.0.3,D:\10. RQ1 DySec\Step 9 DownloadSelectedBenignPackages\Benign_Packages\pycanister-0.0.3.tar.gz,tar,pycanister-0.0.3/setup.py,1331,ast,2,2,os; setuptools
pycaptchagen-0.1.0,D:\10. RQ1 DySec\Step 9 DownloadSelectedBenignPackages\Benign_Packages\pycaptchagen-0.1.0.tar.gz,tar,pycaptchagen-0.1.0/setup.py,817,ast,1,1,setuptools
pyccmc-0.0.3,D:\10. RQ1 DySec\Step 9 DownloadSelectedBenignPackages\Benign_Packages\pyccmc-0.0.3.tar.gz,tar,pyccmc-0.0.3/setup.py,928,ast,1,1,setuptools
pycheops_ultra-1.0.6,D:\10. RQ1 DySec\Step 9 DownloadSelectedBenignPackages\Benign_Packages\pycheops_ultra-1.0.6.tar.gz,tar,pycheops_ultra-1.0.6/setup.py,4535,ast,3,4,codecs; os; setuptools
pycl-0.1a3,D:\10. RQ1 DySec\Step 9 DownloadSelectedBenignPackages\Benign_Packages\pycl-0.1a3.tar.gz,tar,pycl-0.1a3/setup.py,834,ast,2,2,pycl; setuptools
pyclibrary-0.2.2,D:\10. RQ1 DySec\Step 9 DownloadSelectedBenignPackages\Benign_Packages\pyclibrary-0.2.2.tar.gz,tar,pyclibrary-0.2.2/setup.py,1995,ast,2,2,os; setuptools
pycloner-0.1.0b5,D:\10. RQ1 DySec\Step 9 DownloadSelectedBenignPackages\Benign_Packages\pycloner-0.1.0b5.tar.gz,tar,pycloner-0.1.0b5/setup.py,2845,ast,3,4,os; pycloner; setuptools
pycls-0.1.1,D:\10. RQ1 DySec\Step 9 DownloadSelectedBenignPackages\Benign_Packages\pycls-0.1.1.tar.gz,tar,pycls-0.1.1/setup.py,868,ast,1,1,setuptools
pycode-0.1.2,D:\10. RQ1 DySec\Step 9 DownloadSelectedBenignPackages\Benign_Packages\pycode-0.1.2.zip,zip,pycode-0.1.2/setup.py,1659,ast,1,1,setuptools
pycodepack-1.0.2,D:\10. RQ1 DySec\Step 9 DownloadSelectedBenignPackages\Benign_Packages\pycodepack-1.0.2.tar.gz,tar,pycodepack-1.0.2/setup.py,875,ast,1,1,setuptools
pycodestyle-2.9.1,D:\10. RQ1 DySec\Step 9 DownloadSelectedBenignPackages\Benign_Packages\pycodestyle-2.9.1.tar.gz,tar,pycodestyle-2.9.1/setup.py,1858,ast,1,1,setuptools
Pycolor-1.2.1,D:\10. RQ1 DySec\Step 9 DownloadSelectedBenignPackages\Benign_Packages\Pycolor-1.2.1.tar.gz,tar,Pycolor-1.2.1/setup.py,774,ast,1,1,distutils
pycoloram-1.0.3,D:\10. RQ1 DySec\Step 9 DownloadSelectedBenignPackages\Benign_Packages\pycoloram-1.0.3.tar.gz,tar,pycoloram-1.0.3/setup.py,493,ast,1,1,setuptools
pycolorbar-0.0.9,D:\10. RQ1 DySec\Step 9 DownloadSelectedBenignPackages\Benign_Packages\pycolorbar-0.0.9.tar.gz,tar,pycolorbar-0.0.9/setup.py,61,ast,1,1,setuptools
pycoloringslib-1.0.0,D:\10. RQ1 DySec\Step 9 DownloadSelectedBenignPackages\Benign_Packages\pycoloringslib-1.0.0.tar.gz,tar,pycoloringslib-1.0.0/setup.py,555,ast,1,1,setuptools
pycolorize-1.0.1,D:\10. RQ1 DySec\Step 9 DownloadSelectedBenignPackages\Benign_Packages\pycolorize-1.0.1.tar.gz,tar,pycolorize-1.0.1/setup.py,798,ast,1,1,distutils
pycolorprint-1.0.1,D:\10. RQ1 DySec\Step 9 DownloadSelectedBenignPackages\Benign_Packages\pycolorprint-1.0.1.tar.gz,tar,pycolorprint-1.0.1/setup.py,1688,ast,1,1,setuptools
pycolors-0.1.2,D:\10. RQ1 DySec\Step 9 DownloadSelectedBenignPackages\Benign_Packages\pycolors-0.1.2.tar.gz,tar,pycolors-0.1.2/setup.py,705,ast,3,3,colors; setuptools; warnings
pycolors2-v0.0.1,D:\10. RQ1 DySec\Step 9 DownloadSelectedBenignPackages\Benign_Packages\pycolors2-v0.0.1.tar.gz,tar,pycolors2-v0.0.1/setup.py,753,ast,1,1,distutils
pycolorsel-1.0,D:\10. RQ1 DySec\Step 9 DownloadSelectedBenignPackages\Benign_Packages\pycolorsel-1.0.tar.gz,tar,pycolorsel-1.0/setup.py,267,ast,1,1,distutils
pycolour-1.0.3,D:\10. RQ1 DySec\Step 9 DownloadSelectedBenignPackages\Benign_Packages\pycolour-1.0.3.tar.gz,tar,pycolour-1.0.3/setup.py,715,ast,1,1,setuptools
pyconfiglib-1.3.3,D:\10. RQ1 DySec\Step 9 DownloadSelectedBenignPackages\Benign_Packages\pyconfiglib-1.3.3.tar.gz,tar,pyconfiglib-1.3.3/setup.py,653,ast,1,1,setuptools
pycontrol-2.1,D:\10. RQ1 DySec\Step 9 DownloadSelectedBenignPackages\Benign_Packages\pycontrol-2.1.tar.gz,tar,pycontrol-2.1/setup.py,688,ast,1,1,setuptools
pycord_self-2.0,D:\10. RQ1 DySec\Step 9 DownloadSelectedBenignPackages\Benign_Packages\pycord_self-2.0.tar.gz,tar,pycord_self-2.0/setup.py,3148,ast,3,3,re; setuptools; subprocess
pycountdict-1.0.4,D:\10. RQ1 DySec\Step 9 DownloadSelectedBenignPackages\Benign_Packages\pycountdict-1.0.4.tar.gz,tar,pycountdict-1.0.4/setup.py,778,ast,1,1,setuptools
pycounter-2.1.4,D:\10. RQ1 DySec\Step 9 DownloadSelectedBenignPackages\Benign_Packages\pycounter-2.1.4.tar.gz,tar,pycounter-2.1.4/setup.py,1887,ast,4,4,__future__; os; platform; setuptools
pycountries-1.1.1,D:\10. RQ1 DySec\Step 9 DownloadSelectedBenignPackages\Benign_Packages\pycountries-1.1.1.tar.gz,tar,pycountries-1.1.1/setup.py,438,ast,2,2,pathlib; setuptools
pycout-0.1.4,D:\10. RQ1 DySec\Step 9 DownloadSelectedBenignPackages\Benign_Packages\pycout-0.1.4.tar.gz,tar,pycout-0.1.4/setup.py,316,ast,1,1,setuptools
pycparser-2.22,D:\10. RQ1 DySec\Step 9 DownloadSelectedBenignPackages\Benign_Packages\pycparser-2.22.tar.gz,tar,pycparser-2.22/setup.py,2295,ast,5,9,distutils; os; setuptools; subprocess; sys
pycpep-1.1.1,D:\10. RQ1 DySec\Step 9 DownloadSelectedBenignPackages\Benign_Packages\pycpep-1.1.1.tar.gz,tar,pycpep-1.1.1/setup.py,645,ast,1,1,setuptools
PyCrack-0.0.6,D:\10. RQ1 DySec\Step 9 DownloadSelectedBenignPackages\Benign_Packages\PyCrack-0.0.6.tar.gz,tar,PyCrack-0.0.6/setup.py,911,ast,1,1,setuptools
pycraft-snu-0.0.0,D:\10. RQ1 DySec\Step 9 DownloadSelectedBenignPackages\Benign_Packages\pycraft-snu-0.0.0.tar.gz,tar,pycraft-snu-0.0.0/setup.py,851,ast,1,1,setuptools
pycraft_minetest-0.8,D:\10. RQ1 DySec\Step 9 DownloadSelectedBenignPackages\Benign_Packages\pycraft_minetest-0.8.tar.gz,tar,pycraft_minetest-0.8/setup.py,533,ast,1,1,distutils
pycraftco-0.1,D:\10. RQ1 DySec\Step 9 DownloadSelectedBenignPackages\Benign_Packages\pycraftco-0.1.tar.gz,tar,pycraftco-0.1/setup.py,865,ast,1,1,setuptools
pycrowd-0.1,D:\10. RQ1 DySec\Step 9 DownloadSelectedBenignPackages\Benign_Packages\pycrowd-0.1.tar.gz,tar,pycrowd-0.1/setup.py,836,ast,1,1,distutils
pycrypt-0.7.2,D:\10. RQ1 DySec\Step 9 DownloadSelectedBenignPackages\Benign_Packages\pycrypt-0.7.2.tar.gz,tar,pycrypt-0.7.2/setup.py,1783,ast,4,5,Cython; os; setuptools; sys
pycrypt_dev-0.1.dev1,D:\10. RQ1 DySec\Step 9 DownloadSelectedBenignPackages\Benign_Packages\pycrypt_dev-0.1.dev1.tar.gz,tar,pycrypt_dev-0.1.dev1/setup.py,724,ast,1,1,setuptools
pycryptaes-0.1.4,D:\10. RQ1 DySec\Step 9 DownloadSelectedBenignPackages\Benign_Packages\pycryptaes-0.1.4.tar.gz,tar,pycryptaes-0.1.4/setup.py,688,ast,1,1,setuptools
pycrypter-0.3,D:\10. RQ1 DySec\Step 9 DownloadSelectedBenignPackages\Benign_Packages\pycrypter-0.3.tar.gz,tar,pycrypter-0.3/setup.py,423,ast,1,1,setuptools
pycryptex-0.5.0,D:\10. RQ1 DySec\Step 9 DownloadSelectedBenignPackages\Benign_Packages\pycryptex-0.5.0.tar.gz,tar,pycryptex-0.5.0/setup.py,1171,ast,3,4,os; pathlib; setuptools
pycryption-1.0.0,D:\10. RQ1 DySec\Step 9 DownloadSelectedBenignPackages\Benign_Packages\pycryption-1.0.0.tar.gz,tar,pycryption-1.0.0/setup.py,611,ast,1,1,setuptools
pycrypto-2.6.1,D:\10. RQ1 DySec\Step 9 DownloadSelectedBenignPackages\Benign_Packages\pycrypto-2.6.1.tar.gz,tar,pycrypto-2.6.1/setup.py,18058,ast,7,14,Crypto; distutils; os; re; struct; sys; time
pycryptocore-0.0.5,D:\10. RQ1 DySec\Step 9 DownloadSelectedBenignPackages\Benign_Packages\pycryptocore-0.0.5.tar.gz,tar,pycryptocore-0.0.5/setup.py,18472,ast,10,16,CryptoCore; __future__; compiler_opt; distutils; os; re; setuptools; shutil; struct; sys
pycryptodome-3.9.9,D:\10. RQ1 DySec\Step 9 DownloadSelectedBenignPackages\Benign_Packages\pycryptodome-3.9.9.tar.gz,tar,pycryptodome-3.9.9/setup.py,17109,ast,11,15,Crypto; Cryptodome; __future__; compiler_opt; distutils; os; re; setuptools; shutil; struct; sys
pycryptodomex-3.9.9,D:\10. RQ1 DySec\Step 9 DownloadSelectedBenignPackages\Benign_Packages\pycryptodomex-3.9.9.tar.gz,tar,pycryptodomex-3.9.9/setup.py,17109,ast,11,15,Crypto; Cryptodome; __future__; compiler_opt; distutils; os; re; setuptools; shutil; struct; sys
pycryptomod-0.1.0,D:\10. RQ1 DySec\Step 9 DownloadSelectedBenignPackages\Benign_Packages\pycryptomod-0.1.0.tar.gz,tar,pycryptomod-0.1.0/setup.py,604,ast,1,1,setuptools
pycrypton-1.3.1,D:\10. RQ1 DySec\Step 9 DownloadSelectedBenignPackages\Benign_Packages\pycrypton-1.3.1.tar.gz,tar,pycrypton-1.3.1/setup.py,69,ast,1,1,setuptools
pycryptopan-0.01d,D:\10. RQ1 DySec\Step 9 DownloadSelectedBenignPackages\Benign_Packages\pycryptopan-0.01d.tar.gz,tar,pycryptopan-0.01d/setup.py,554,ast,1,1,distutils
pycryptostring-1.0.0,D:\10. RQ1 DySec\Step 9 DownloadSelectedBenignPackages\Benign_Packages\pycryptostring-1.0.0.tar.gz,tar,pycryptostring-1.0.0/setup.py,891,ast,2,2,os; setuptools
pyctdev-0.7.1a1,D:\10. RQ1 DySec\Step 9 DownloadSelectedBenignPackages\Benign_Packages\pyctdev-0.7.1a1.tar.gz,tar,pyctdev-0.7.1a1/setup.py,2161,ast,3,3,setuptools; sys; versioneer
pycurd-0.2.3,D:\10. RQ1 DySec\Step 9 DownloadSelectedBenignPackages\Benign_Packages\pycurd-0.2.3.tar.gz,tar,pycurd-0.2.3/setup.py,4845,ast,1,1,setuptools
pydata-google-auth-1.8.2,D:\10. RQ1 DySec\Step 9 DownloadSelectedBenignPackages\Benign_Packages\pydata-google-auth-1.8.2.tar.gz,tar,pydata-google-auth-1.8.2/setup.py,1859,ast,2,2,setuptools; versioneer
pydatagraph-0.0.2,D:\10. RQ1 DySec\Step 9 DownloadSelectedBenignPackages\Benign_Packages\pydatagraph-0.0.2.tar.gz,tar,pydatagraph-0.0.2/setup.py,2415,ast,6,7,__future__; glob; os; pydatagraph; re; setuptools
pydesign-0.0.1,D:\10. RQ1 DySec\Step 9 DownloadSelectedBenignPackages\Benign_Packages\pydesign-0.0.1.tar.gz,tar,pydesign-0.0.1/setup.py,656,ast,1,1,setuptools
pyDetectRight-0.2,D:\10. RQ1 DySec\Step 9 DownloadSelectedBenignPackages\Benign_Packages\pyDetectRight-0.2.tar.gz,tar,pyDetectRight-0.2/setup.py,1236,ast,4,4,os; pyDetectRight; setuptools; sys
pydgilib-0.2.3,D:\10. RQ1 DySec\Step 9 DownloadSelectedBenignPackages\Benign_Packages\pydgilib-0.2.3.tar.gz,tar,pydgilib-0.2.3/setup.py,1788,ast,2,2,setuptools; sys
pydinogame-0.1.3,D:\10. RQ1 DySec\Step 9 DownloadSelectedBenignPackages\Benign_Packages\pydinogame-0.1.3.tar.gz,tar,pydinogame-0.1.3/setup.py,633,ast,1,1,setuptools
pydiscordbio-1.2.3,D:\10. RQ1 DySec\Step 9 DownloadSelectedBenignPackages\Benign_Packages\pydiscordbio-1.2.3.tar.gz,tar,pydiscordbio-1.2.3/setup.py,1047,ast,3,3,__future__; os; setuptools
PyDiscordBot-0.0.0,D:\10. RQ1 DySec\Step 9 DownloadSelectedBenignPackages\Benign_Packages\PyDiscordBot-0.0.0.tar.gz,tar,PyDiscordBot-0.0.0/setup.py,686,ast,1,1,setuptools
pydiscordclient-0.2.2,D:\10. RQ1 DySec\Step 9 DownloadSelectedBenignPackages\Benign_Packages\pydiscordclient-0.2.2.tar.gz,tar,pydiscordclient-0.2.2/setup.py,1396,ast,4,5,os; setuptools; sys; tempfile
pydist2-0.0.5,D:\10. RQ1 DySec\Step 9 DownloadSelectedBenignPackages\Benign_Packages\pydist2-0.0.5.tar.gz,tar,pydist2-0.0.5/setup.py,1393,ast,1,1,setuptools
pyDistrib-0.0.4,D:\10. RQ1 DySec\Step 9 DownloadSelectedBenignPackages\Benign_Packages\pyDistrib-0.0.4.tar.gz,tar,pyDistrib-0.0.4/setup.py,623,ast,1,1,setuptools
pydob-0.0.2,D:\10. RQ1 DySec\Step 9 DownloadSelectedBenignPackages\Benign_Packages\pydob-0.0.2.tar.gz,tar,pydob-0.0.2/setup.py,655,ast,1,1,setuptools
pydocstyle-6.3.0,D:\10. RQ1 DySec\Step 9 DownloadSelectedBenignPackages\Benign_Packages\pydocstyle-6.3.0.tar.gz,tar,pydocstyle-6.3.0/setup.py,3497,ast,1,1,setuptools
pydrama-0.1.5,D:\10. RQ1 DySec\Step 9 DownloadSelectedBenignPackages\Benign_Packages\pydrama-0.1.5.tar.gz,tar,pydrama-0.1.5/setup.py,833,ast,1,1,setuptools
pydstools-0.1.0,D:\10. RQ1 DySec\Step 9 DownloadSelectedBenignPackages\Benign_Packages\pydstools-0.1.0.tar.gz,tar,pydstools-0.1.0/setup.py,481,ast,1,1,distutils
pyedpro-3.3.7,D:\10. RQ1 DySec\Step 9 DownloadSelectedBenignPackages\Benign_Packages\pyedpro-3.3.7.tar.gz,tar,pyedpro-3.3.7/setup.py,3254,ast,4,4,os; setuptools; shutil; sys
pyemailtracker-0.1,D:\10. RQ1 DySec\Step 9 DownloadSelectedBenignPackages\Benign_Packages\pyemailtracker-0.1.tar.gz,tar,pyemailtracker-0.1/setup.py,609,ast,1,1,distutils
PyENCODE-0.2,D:\10. RQ1 DySec\Step 9 DownloadSelectedBenignPackages\Benign_Packages\PyENCODE-0.2.tar.gz,tar,PyENCODE-0.2/setup.py,1888,ast,3,4,pytest; setuptools; sys
pyencoder-0.0.4,D:\10. RQ1 DySec\Step 9 DownloadSelectedBenignPackages\Benign_Packages\pyencoder-0.0.4.tar.gz,tar,pyencoder-0.0.4/setup.py,884,ast,1,1,setuptools
pyepr-1.1.5,D:\10. RQ1 DySec\Step 9 DownloadSelectedBenignPackages\Benign_Packages\pyepr-1.1.5.tar.gz,tar,pyepr-1.1.5/setup.py,4509,ast,9,9,Cython; argparse; glob; numpy; os; packaging; re; setuptools; sys
pyequion-0.0.5.5,D:\10. RQ1 DySec\Step 9 DownloadSelectedBenignPackages\Benign_Packages\pyequion-0.0.5.5.tar.gz,tar,pyequion-0.0.5.5/api/setup.py,567,ast,1,1,setuptools
pyequion-0.0.5.5,D:\10. RQ1 DySec\Step 9 DownloadSelectedBenignPackages\Benign_Packages\pyequion-0.0.5.5.tar.gz,tar,pyequion-0.0.5.5/setup.py,1779,ast,2,2,pathlib; setuptools
pyer-0.0.3,D:\10. RQ1 DySec\Step 9 DownloadSelectedBenignPackages\Benign_Packages\pyer-0.0.3.tar.gz,tar,pyer-0.0.3/setup.py,91,ast,1,1,setuptools
pyetheroll-20200527,D:\10. RQ1 DySec\Step 9 DownloadSelectedBenignPackages\Benign_Packages\pyetheroll-20200527.tar.gz,tar,pyetheroll-20200527/setup.py,1059,ast,2,2,os; setuptools
pyexecute-1.0.3,D:\10. RQ1 DySec\Step 9 DownloadSelectedBenignPackages\Benign_Packages\pyexecute-1.0.3.tar.gz,tar,pyexecute-1.0.3/setup.py,1888,ast,3,3,codecs; os; setuptools
pyexplorer-0.1a1,D:\10. RQ1 DySec\Step 9 DownloadSelectedBenignPackages\Benign_Packages\pyexplorer-0.1a1.tar.gz,tar,pyexplorer-0.1a1/setup.py,859,ast,1,1,setuptools
pyf.components.postprocess.files_post_handler-0.2,D:\10. RQ1 DySec\Step 9 DownloadSelectedBenignPackages\Benign_Packages\pyf.components.postprocess.files_post_handler-0.2.tar.gz,tar,pyf.components.postprocess.files_post_handler-0.2/setup.py,1732,ast,6,6,ConfigParser; distutils; fnmatch; os; setuptools; sys
pyfastcom-1.1.0,D:\10. RQ1 DySec\Step 9 DownloadSelectedBenignPackages\Benign_Packages\pyfastcom-1.1.0.tar.gz,tar,pyfastcom-1.1.0/setup.py,3016,ast,2,2,pyfastcom; setuptools
pyfastcore-0.0.6,D:\10. RQ1 DySec\Step 9 DownloadSelectedBenignPackages\Benign_Packages\pyfastcore-0.0.6.tar.gz,tar,pyfastcore-0.0.6/setup.py,977,ast,1,2,setuptools
pyfiglet-1.0.2,D:\10. RQ1 DySec\Step 9 DownloadSelectedBenignPackages\Benign_Packages\pyfiglet-1.0.2.tar.gz,tar,pyfiglet-1.0.2/setup.py,2100,ast,5,5,os; setuptools; shutil; sys; version
pyfil-1.9.2,D:\10. RQ1 DySec\Step 9 DownloadSelectedBenignPackages\Benign_Packages\pyfil-1.9.2.tar.gz,tar,pyfil-1.9.2/setup.py,22098,ast,1,1,distutils
pyfinn-0.1.0,D:\10. RQ1 DySec\Step 9 DownloadSelectedBenignPackages\Benign_Packages\pyfinn-0.1.0.tar.gz,tar,pyfinn-0.1.0/setup.py,717,ast,1,1,setuptools
pyfiscalprinter-1.0,D:\10. RQ1 DySec\Step 9 DownloadSelectedBenignPackages\Benign_Packages\pyfiscalprinter-1.0.tar.gz,tar,pyfiscalprinter-1.0/setup.py,1344,ast,3,3,__init__; distutils; sys
pyflakes-3.2.0,D:\10. RQ1 DySec\Step 9 DownloadSelectedBenignPackages\Benign_Packages\pyflakes-3.2.0.tar.gz,tar,pyflakes-3.2.0/setup.py,1778,ast,3,3,distutils; os; setuptools
pyfleet-0.1.4,D:\10. RQ1 DySec\Step 9 DownloadSelectedBenignPackages\Benign_Packages\pyfleet-0.1.4.tar.gz,tar,pyfleet-0.1.4/setup.py,1443,ast,1,1,setuptools
pyflume-0.8.7,D:\10. RQ1 DySec\Step 9 DownloadSelectedBenignPackages\Benign_Packages\pyflume-0.8.7.tar.gz,tar,pyflume-0.8.7/setup.py,855,ast,1,1,setuptools
pyfont-0.0.3.20041618,D:\10. RQ1 DySec\Step 9 DownloadSelectedBenignPackages\Benign_Packages\pyfont-0.0.3.20041618.tar.gz,tar,pyfont-0.0.3.20041618/setup.py,1169,ast,3,3,os; pyfont; setuptools
pyfonts-0.0.1,D:\10. RQ1 DySec\Step 9 DownloadSelectedBenignPackages\Benign_Packages\pyfonts-0.0.1.tar.gz,tar,pyfonts-0.0.1/setup.py,492,ast,1,1,setuptools
pyforest-1.1.2,D:\10. RQ1 DySec\Step 9 DownloadSelectedBenignPackages\Benign_Packages\pyforest-1.1.2.tar.gz,tar,pyforest-1.1.2/setup.py,562,ast,4,4,pkg_resources; setuptools; src; sys
pyg-1.0,D:\10. RQ1 DySec\Step 9 DownloadSelectedBenignPackages\Benign_Packages\pyg-1.0.tar.gz,tar,pyg-1.0/setup.py,1945,ast,5,6,distribute_setup; os; pyg; setuptools; sys
pyga-2.6.2,D:\10. RQ1 DySec\Step 9 DownloadSelectedBenignPackages\Benign_Packages\pyga-2.6.2.tar.gz,tar,pyga-2.6.2/setup.py,1294,ast,3,3,os; pyga; setuptools
pygain-3.1.9,D:\10. RQ1 DySec\Step 9 DownloadSelectedBenignPackages\Benign_Packages\pygain-3.1.9.tar.gz,tar,pygain-3.1.9/setup.py,830,ast,1,1,setuptools
pygame-2.6.0.dev2,D:\10. RQ1 DySec\Step 9 DownloadSelectedBenignPackages\Benign_Packages\pygame-2.6.0.dev2.tar.gz,tar,pygame-2.6.0.dev2/setup.py,34589,ast,18,37,Cython; bdist_mpkg_support; buildconfig; distro; distutils; glob; msilib; os; platform; re; setuptools; shutil; stat; subprocess; sys; sysconfig; tempfile; warnings
pygame-input-1.0.0,D:\10. RQ1 DySec\Step 9 DownloadSelectedBenignPackages\Benign_Packages\pygame-input-1.0.0.tar.gz,tar,pygame-input-1.0.0/setup.py,8197,ast,1,1,setuptools
pygame-pgu-0.21,D:\10. RQ1 DySec\Step 9 DownloadSelectedBenignPackages\Benign_Packages\pygame-pgu-0.21.tar.gz,tar,pygame-pgu-0.21/setup.py,2899,ast,6,6,glob; os; pgu; setuptools; sys; textwrap
pygamehack-1.0.4,D:\10. RQ1 DySec\Step 9 DownloadSelectedBenignPackages\Benign_Packages\pygamehack-1.0.4.tar.gz,tar,pygamehack-1.0.4/setup.py,4941,ast,5,6,os; pathlib; setuptools; subprocess; sys
pygamepp-0.11,D:\10. RQ1 DySec\Step 9 DownloadSelectedBenignPackages\Benign_Packages\pygamepp-0.11.tar.gz,tar,pygamepp-0.11/setup.py,370,ast,1,1,setuptools
pygamer-2.0.8a0,D:\10. RQ1 DySec\Step 9 DownloadSelectedBenignPackages\Benign_Packages\pygamer-2.0.8a0.tar.gz,tar,pygamer-2.0.8a0/setup.py,6331,ast,5,5,os; re; skbuild; subprocess; sys
pygamescript-2.0.1,D:\10. RQ1 DySec\Step 9 DownloadSelectedBenignPackages\Benign_Packages\pygamescript-2.0.1.tar.gz,tar,pygamescript-2.0.1/setup.py,706,ast,1,1,setuptools
pygams-0.0.1,D:\10. RQ1 DySec\Step 9 DownloadSelectedBenignPackages\Benign_Packages\pygams-0.0.1.tar.gz,tar,pygams-0.0.1/setup.py,20240,ast,1,1,setuptools
pygan-1.1.2,D:\10. RQ1 DySec\Step 9 DownloadSelectedBenignPackages\Benign_Packages\pygan-1.1.2.tar.gz,tar,pygan-1.1.2/setup.py,1580,ast,2,2,os; setuptools
PyGAopt-1.0.1,D:\10. RQ1 DySec\Step 9 DownloadSelectedBenignPackages\Benign_Packages\PyGAopt-1.0.1.tar.gz,tar,PyGAopt-1.0.1/setup.py,654,ast,1,1,setuptools
pygayme-1.1.0,D:\10. RQ1 DySec\Step 9 DownloadSelectedBenignPackages\Benign_Packages\pygayme-1.1.0.tar.gz,tar,pygayme-1.1.0/setup.py,570,ast,1,1,setuptools
pygem-0.2.5,D:\10. RQ1 DySec\Step 9 DownloadSelectedBenignPackages\Benign_Packages\pygem-0.2.5.tar.gz,tar,pygem-0.2.5/setup.py,539,ast,1,2,setuptools
pygenderbr-0.5.0,D:\10. RQ1 DySec\Step 9 DownloadSelectedBenignPackages\Benign_Packages\pygenderbr-0.5.0.tar.gz,tar,pygenderbr-0.5.0/setup.py,997,ast,2,2,os; setuptools
PyGeneratePassword-0.1,D:\10. RQ1 DySec\Step 9 DownloadSelectedBenignPackages\Benign_Packages\PyGeneratePassword-0.1.tar.gz,tar,PyGeneratePassword-0.1/setup.py,473,ast,1,1,setuptools
pygeoip-0.3.2,D:\10. RQ1 DySec\Step 9 DownloadSelectedBenignPackages\Benign_Packages\pygeoip-0.3.2.tar.gz,tar,pygeoip-0.3.2/setup.py,1661,ast,3,3,distutils; pygeoip; setuptools
pygfapi-0.0.3,D:\10. RQ1 DySec\Step 9 DownloadSelectedBenignPackages\Benign_Packages\pygfapi-0.0.3.zip,zip,pygfapi-0.0.3/setup.py,730,ast,1,1,setuptools
pygfx-0.3.0,D:\10. RQ1 DySec\Step 9 DownloadSelectedBenignPackages\Benign_Packages\pygfx-0.3.0.tar.gz,tar,pygfx-0.3.0/setup.py,2854,ast,2,2,re; setuptools
pygga-0.0.0,D:\10. RQ1 DySec\Step 9 DownloadSelectedBenignPackages\Benign_Packages\pygga-0.0.0.tar.gz,tar,pygga-0.0.0/setup.py,232,ast,1,1,setuptools
pyGH-0.1.3,D:\10. RQ1 DySec\Step 9 DownloadSelectedBenignPackages\Benign_Packages\pyGH-0.1.3.tar.gz,tar,pyGH-0.1.3/setup.py,881,ast,1,1,setuptools
PyGine-0.0.9,D:\10. RQ1 DySec\Step 9 DownloadSelectedBenignPackages\Benign_Packages\PyGine-0.0.9.tar.gz,tar,PyGine-0.0.9/setup.py,1171,ast,3,3,codecs; os; setuptools
pygma-0.2a0,D:\10. RQ1 DySec\Step 9 DownloadSelectedBenignPackages\Benign_Packages\pygma-0.2a0.tar.gz,tar,pygma-0.2a0/setup.py,882,ast,1,1,setuptools
pygme-0.3.0,D:\10. RQ1 DySec\Step 9 DownloadSelectedBenignPackages\Benign_Packages\pygme-0.3.0.tar.gz,tar,pygme-0.3.0/setup.py,1007,ast,2,2,pathlib; setuptools
pygmm-0.6.6,D:\10. RQ1 DySec\Step 9 DownloadSelectedBenignPackages\Benign_Packages\pygmm-0.6.6.tar.gz,tar,pygmm-0.6.6/setup.py,1381,ast,1,2,setuptools
pygomme-0.0.8,D:\10. RQ1 DySec\Step 9 DownloadSelectedBenignPackages\Benign_Packages\pygomme-0.0.8.tar.gz,tar,pygomme-0.0.8/setup.py,1094,ast,1,1,setuptools
pygood-0.1,D:\10. RQ1 DySec\Step 9 DownloadSelectedBenignPackages\Benign_Packages\pygood-0.1.tar.gz,tar,pygood-0.1/setup.py,1269,ast,2,2,distutils; setuptools
pygrabber-0.2,D:\10. RQ1 DySec\Step 9 DownloadSelectedBenignPackages\Benign_Packages\pygrabber-0.2.tar.gz,tar,pygrabber-0.2/setup.py,654,ast,2,2,pathlib; setuptools
pygrade-0.2.5,D:\10. RQ1 DySec\Step 9 DownloadSelectedBenignPackages\Benign_Packages\pygrade-0.2.5.tar.gz,tar,pygrade-0.2.5/setup.py,2089,ast,2,2,distutils; setuptools
pygrape-1.1,D:\10. RQ1 DySec\Step 9 DownloadSelectedBenignPackages\Benign_Packages\pygrape-1.1.tar.gz,tar,pygrape-1.1/setup.py,573,ast,2,2,distutils; setuptools
pygraphql-0.0.1,D:\10. RQ1 DySec\Step 9 DownloadSelectedBenignPackages\Benign_Packages\pygraphql-0.0.1.zip,zip,graphql-0.0.1/setup.py,874,ast,2,2,Cython; setuptools
pygrate-0.0.3,D:\10. RQ1 DySec\Step 9 DownloadSelectedBenignPackages\Benign_Packages\pygrate-0.0.3.tar.gz,tar,pygrate-0.0.3/setup.py,2715,ast,2,2,pygrate; setuptools
pygravit-0.0.1,D:\10. RQ1 DySec\Step 9 DownloadSelectedBenignPackages\Benign_Packages\pygravit-0.0.1.tar.gz,tar,pygravit-0.0.1/setup.py,909,ast,2,2,io; setuptools
pygredients-0.1.3,D:\10. RQ1 DySec\Step 9 DownloadSelectedBenignPackages\Benign_Packages\pygredients-0.1.3.tar.gz,tar,pygredients-0.1.3/setup.py,1029,ast,1,1,setuptools
pygster-1.0.1,D:\10. RQ1 DySec\Step 9 DownloadSelectedBenignPackages\Benign_Packages\pygster-1.0.1.tar.gz,tar,pygster-1.0.1/setup.py,1209,ast,4,4,distutils; os; setuptools; sys
pyguin-0.0.1,D:\10. RQ1 DySec\Step 9 DownloadSelectedBenignPackages\Benign_Packages\pyguin-0.0.1.tar.gz,tar,pyguin-0.0.1/setup.py,1029,ast,1,1,setuptools
pygum-0.1.0,D:\10. RQ1 DySec\Step 9 DownloadSelectedBenignPackages\Benign_Packages\pygum-0.1.0.tar.gz,tar,pygum-0.1.0/setup.py,541,ast,1,1,setuptools
pygz-1.0.1,D:\10. RQ1 DySec\Step 9 DownloadSelectedBenignPackages\Benign_Packages\pygz-1.0.1.tar.gz,tar,pygz-1.0.1/setup.py,720,ast,1,1,setuptools
pyhacks-1.0.9,D:\10. RQ1 DySec\Step 9 DownloadSelectedBenignPackages\Benign_Packages\pyhacks-1.0.9.tar.gz,tar,pyhacks-1.0.9/setup.py,1144,ast,1,1,setuptools
pyhOn-0.9.1,D:\10. RQ1 DySec\Step 9 DownloadSelectedBenignPackages\Benign_Packages\pyhOn-0.9.1.tar.gz,tar,pyhOn-0.9.1/setup.py,1166,ast,1,1,setuptools
pyhouse-0.0.9,D:\10. RQ1 DySec\Step 9 DownloadSelectedBenignPackages\Benign_Packages\pyhouse-0.0.9.tar.gz,tar,pyhouse-0.0.9/setup.py,1008,ast,3,4,os; pipenv; setuptools
pyhttp-1.0.0,D:\10. RQ1 DySec\Step 9 DownloadSelectedBenignPackages\Benign_Packages\pyhttp-1.0.0.tar.gz,tar,pyhttp-1.0.0/setup.py,875,ast,2,2,os; setuptools
pyhttps-0.0.3,D:\10. RQ1 DySec\Step 9 DownloadSelectedBenignPackages\Benign_Packages\pyhttps-0.0.3.tar.gz,tar,pyhttps-0.0.3/setup.py,528,ast,2,2,setuptools; version
pyhttptest-0.7,D:\10. RQ1 DySec\Step 9 DownloadSelectedBenignPackages\Benign_Packages\pyhttptest-0.7.tar.gz,tar,pyhttptest-0.7/setup.py,1584,ast,2,2,re; setuptools
pyhull-2015.2.1,D:\10. RQ1 DySec\Step 9 DownloadSelectedBenignPackages\Benign_Packages\pyhull-2015.2.1.tar.gz,tar,pyhull-2015.2.1/setup.py,2940,ast,4,4,glob; os; setuptools; sys
pyhydro-0.1.0,D:\10. RQ1 DySec\Step 9 DownloadSelectedBenignPackages\Benign_Packages\pyhydro-0.1.0.tar.gz,tar,pyhydro-0.1.0/setup.py,1684,ast,1,1,setuptools
pyhydroqc-0.0.4,D:\10. RQ1 DySec\Step 9 DownloadSelectedBenignPackages\Benign_Packages\pyhydroqc-0.0.4.tar.gz,tar,pyhydroqc-0.0.4/setup.py,1082,ast,1,1,setuptools
pyhypixel-1.2.0,D:\10. RQ1 DySec\Step 9 DownloadSelectedBenignPackages\Benign_Packages\pyhypixel-1.2.0.tar.gz,tar,pyhypixel-1.2.0/setup.py,1427,ast,1,1,setuptools
pyinfer-0.0.3,D:\10. RQ1 DySec\Step 9 DownloadSelectedBenignPackages\Benign_Packages\pyinfer-0.0.3.tar.gz,tar,pyinfer-0.0.3/setup.py,1343,ast,2,2,distutils; setuptools
pyinfo-1.0.1,D:\10. RQ1 DySec\Step 9 DownloadSelectedBenignPackages\Benign_Packages\pyinfo-1.0.1.tar.gz,tar,pyinfo-1.0.1/setup.py,1546,ast,4,4,codecs; os; re; setuptools
pyinform-0.2.0,D:\10. RQ1 DySec\Step 9 DownloadSelectedBenignPackages\Benign_Packages\pyinform-0.2.0.tar.gz,tar,pyinform-0.2.0/setup.py,1466,ast,1,1,setuptools
pyinfra-tinc-0.1.1,D:\10. RQ1 DySec\Step 9 DownloadSelectedBenignPackages\Benign_Packages\pyinfra-tinc-0.1.1.tar.gz,tar,pyinfra-tinc-0.1.1/setup.py,705,ast,2,2,io; setuptools
pyinspire-0.3.0,D:\10. RQ1 DySec\Step 9 DownloadSelectedBenignPackages\Benign_Packages\pyinspire-0.3.0.tar.gz,tar,pyinspire-0.3.0/setup.py,1481,ast,2,2,pyinspire; setuptools
pyinstall-0.1.4,D:\10. RQ1 DySec\Step 9 DownloadSelectedBenignPackages\Benign_Packages\pyinstall-0.1.4.tar.gz,tar,pyinstall-0.1.4/setup.py,1299,ast,3,3,distutils; os; setuptools
pyinstaller-6.9.0,D:\10. RQ1 DySec\Step 9 DownloadSelectedBenignPackages\Benign_Packages\pyinstaller-6.9.0.tar.gz,tar,pyinstaller-6.9.0/setup.py,10872,ast,8,14,PyInstaller; distutils; os; setuptools; subprocess; sys; typing; wheel
pyinstaller-6.9.0,D:\10. RQ1 DySec\Step 9 DownloadSelectedBenignPackages\Benign_Packages\pyinstaller-6.9.0.tar.gz,tar,pyinstaller-6.9.0/tests/functional/modules/pyi_pkg_resources_provider/package/setup.py,1128,ast,1,1,setuptools
pyinstaller-6.9.0,D:\10. RQ1 DySec\Step 9 DownloadSelectedBenignPackages\Benign_Packages\pyinstaller-6.9.0.tar.gz,tar,pyinstaller-6.9.0/tests/unit/hook_order_hooks/setup.py,286,ast,1,1,setuptools
pyinstaller-6.9.0,D:\10. RQ1 DySec\Step 9 DownloadSelectedBenignPackages\Benign_Packages\pyinstaller-6.9.0.tar.gz,tar,pyinstaller-6.9.0/tests/unit/hookutils_files/setup.py,939,ast,1,1,setuptools
pyinstaller-6.9.0,D:\10. RQ1 DySec\Step 9 DownloadSelectedBenignPackages\Benign_Packages\pyinstaller-6.9.0.tar.gz,tar,pyinstaller-6.9.0/tests/unit/test_modulegraph/testpkg-setuptools-namespace/setup.py,221,ast,1,1,setuptools
PyInstl-1.0.4,D:\10. RQ1 DySec\Step 9 DownloadSelectedBenignPackages\Benign_Packages\PyInstl-1.0.4.tar.gz,tar,PyInstl-1.0.4/setup.py,554,ast,1,2,setuptools
pyinteliver-0.2,D:\10. RQ1 DySec\Step 9 DownloadSelectedBenignPackages\Benign_Packages\pyinteliver-0.2.tar.gz,tar,pyinteliver-0.2/setup.py,491,ast,1,1,distutils
pyinter-0.2.0,D:\10. RQ1 DySec\Step 9 DownloadSelectedBenignPackages\Benign_Packages\pyinter-0.2.0.tar.gz,tar,pyinter-0.2.0/setup.py,1070,ast,1,1,setuptools
pyinterface-1.7.0,D:\10. RQ1 DySec\Step 9 DownloadSelectedBenignPackages\Benign_Packages\pyinterface-1.7.0.tar.gz,tar,pyinterface-1.7.0/setup.py,1162,ast,2,2,pathlib; setuptools
pyinterp-2024.6.0,D:\10. RQ1 DySec\Step 9 DownloadSelectedBenignPackages\Benign_Packages\pyinterp-2024.6.0.tar.gz,tar,pyinterp-2024.6.0/setup.py,21263,ast,14,18,__future__; conda; datetime; os; pathlib; platform; pytest; re; setuptools; shlex; subprocess; sys; sysconfig; typing
pyinterp-2024.6.0,D:\10. RQ1 DySec\Step 9 DownloadSelectedBenignPackages\Benign_Packages\pyinterp-2024.6.0.tar.gz,tar,pyinterp-2024.6.0/third_party/pybind11/setup.py,4855,ast,11,11,contextlib; os; pathlib; re; setuptools; shutil; string; subprocess; sys; tempfile; typing
pyio-0.1.1,D:\10. RQ1 DySec\Step 9 DownloadSelectedBenignPackages\Benign_Packages\pyio-0.1.1.tar.gz,tar,pyio-0.1.1/setup.py,411,ast,1,1,setuptools
pyioapi-0.2.2,D:\10. RQ1 DySec\Step 9 DownloadSelectedBenignPackages\Benign_Packages\pyioapi-0.2.2.tar.gz,tar,pyioapi-0.2.2/setup.py,779,ast,1,1,setuptools
pyiocontrol-0.7.6,D:\10. RQ1 DySec\Step 9 DownloadSelectedBenignPackages\Benign_Packages\pyiocontrol-0.7.6.tar.gz,tar,pyiocontrol-0.7.6/setup.py,659,ast,1,2,setuptools
pyipinfo-0.1.2,D:\10. RQ1 DySec\Step 9 DownloadSelectedBenignPackages\Benign_Packages\pyipinfo-0.1.2.tar.gz,tar,pyipinfo-0.1.2/setup.py,852,ast,2,2,os; setuptools
pyiskra-0.1.5,D:\10. RQ1 DySec\Step 9 DownloadSelectedBenignPackages\Benign_Packages\pyiskra-0.1.5.tar.gz,tar,pyiskra-0.1.5/setup.py,1007,ast,1,1,setuptools
pyjion-2.0.0,D:\10. RQ1 DySec\Step 9 DownloadSelectedBenignPackages\Benign_Packages\pyjion-2.0.0.tar.gz,tar,pyjion-2.0.0/setup.py,1558,ast,2,4,packaging; skbuild
pyjou-0.3a0,D:\10. RQ1 DySec\Step 9 DownloadSelectedBenignPackages\Benign_Packages\pyjou-0.3a0.tar.gz,tar,pyjou-0.3a0/setup.py,730,ast,1,1,setuptools
pyjwt-2.9.0,D:\10. RQ1 DySec\Step 9 DownloadSelectedBenignPackages\Benign_Packages\pyjwt-2.9.0.tar.gz,tar,pyjwt-2.9.0/setup.py,62,ast,1,1,setuptools
pykillerx-0.1b4,D:\10. RQ1 DySec\Step 9 DownloadSelectedBenignPackages\Benign_Packages\pykillerx-0.1b4.tar.gz,tar,pykillerx-0.1b4/setup.py,2930,ast,6,6,io; os; re; setuptools; shutil; sys
pylabutils-1.1.0,D:\10. RQ1 DySec\Step 9 DownloadSelectedBenignPackages\Benign_Packages\pylabutils-1.1.0.tar.gz,tar,pylabutils-1.1.0/setup.py,1146,ast,1,1,setuptools
pylayer-1.0.0,D:\10. RQ1 DySec\Step 9 DownloadSelectedBenignPackages\Benign_Packages\pylayer-1.0.0.tar.gz,tar,pylayer-1.0.0/setup.py,501,ast,1,1,setuptools
pylibaryscrape-1.0.0,D:\10. RQ1 DySec\Step 9 DownloadSelectedBenignPackages\Benign_Packages\pylibaryscrape-1.0.0.tar.gz,tar,pylibaryscrape-1.0.0/setup.py,601,ast,1,1,setuptools
pylibfst-0.2.0,D:\10. RQ1 DySec\Step 9 DownloadSelectedBenignPackages\Benign_Packages\pylibfst-0.2.0.tar.gz,tar,pylibfst-0.2.0/setup.py,2670,ast,4,5,distutils; pathlib; setuptools; sys
Pylibft-0.0.3,D:\10. RQ1 DySec\Step 9 DownloadSelectedBenignPackages\Benign_Packages\Pylibft-0.0.3.tar.gz,tar,Pylibft-0.0.3/setup.py,947,ast,3,3,codecs; os; setuptools
pylibnet-3.0rc1,D:\10. RQ1 DySec\Step 9 DownloadSelectedBenignPackages\Benign_Packages\pylibnet-3.0rc1.tar.gz,tar,pylibnet-3.0rc1/setup.py,1794,regex,4,4,distutils; os; re; sys
pylibrus-0.0.1,D:\10. RQ1 DySec\Step 9 DownloadSelectedBenignPackages\Benign_Packages\pylibrus-0.0.1.tar.gz,tar,pylibrus-0.0.1/setup.py,890,ast,1,1,setuptools
pylibs-1.0.0,D:\10. RQ1 DySec\Step 9 DownloadSelectedBenignPackages\Benign_Packages\pylibs-1.0.0.tar.gz,tar,pylibs-1.0.0/setup.py,491,ast,1,1,setuptools
pylibschc-0.2.0b2,D:\10. RQ1 DySec\Step 9 DownloadSelectedBenignPackages\Benign_Packages\pylibschc-0.2.0b2.tar.gz,tar,pylibschc-0.2.0b2/setup.py,3417,ast,4,4,Cython; distutils; os; setuptools
pylibscrypt-2.0.0,D:\10. RQ1 DySec\Step 9 DownloadSelectedBenignPackages\Benign_Packages\pylibscrypt-2.0.0.tar.gz,tar,pylibscrypt-2.0.0/setup.py,1236,ast,2,2,distutils; pypandoc
pylibsythe-0.0.3,D:\10. RQ1 DySec\Step 9 DownloadSelectedBenignPackages\Benign_Packages\pylibsythe-0.0.3.tar.gz,tar,pylibsythe-0.0.3/setup.py,956,ast,1,1,setuptools
pylibtooling-0.0.0,D:\10. RQ1 DySec\Step 9 DownloadSelectedBenignPackages\Benign_Packages\pylibtooling-0.0.0.tar.gz,tar,pylibtooling-0.0.0/setup.py,5328,ast,5,6,os; pybind11; setuptools; shutil; sys
pylinsql-0.1.18,D:\10. RQ1 DySec\Step 9 DownloadSelectedBenignPackages\Benign_Packages\pylinsql-0.1.18.tar.gz,tar,pylinsql-0.1.18/setup.py,1016,ast,2,2,os; setuptools
pylint-3.2.6,D:\10. RQ1 DySec\Step 9 DownloadSelectedBenignPackages\Benign_Packages\pylint-3.2.6.tar.gz,tar,pylint-3.2.6/pylint/config/_pylint_config/setup.py,1613,ast,5,6,__future__; argparse; collections; pylint; typing
pylint-pa-3.0.0b1,D:\10. RQ1 DySec\Step 9 DownloadSelectedBenignPackages\Benign_Packages\pylint-pa-3.0.0b1.tar.gz,tar,pylint-pa-3.0.0b1/pylint/config/_pylint_config/setup.py,1613,ast,5,6,__future__; argparse; collections; pylint; typing
pylint-print-1.0.1,D:\10. RQ1 DySec\Step 9 DownloadSelectedBenignPackages\Benign_Packages\pylint-print-1.0.1.tar.gz,tar,pylint-print-1.0.1/setup.py,1005,ast,2,2,os; setuptools
pylint-requests-0.1.1,D:\10. RQ1 DySec\Step 9 DownloadSelectedBenignPackages\Benign_Packages\pylint-requests-0.1.1.tar.gz,tar,pylint-requests-0.1.1/setup.py,2748,ast,1,1,setuptools
pylint-t2-0.0.1,D:\10. RQ1 DySec\Step 9 DownloadSelectedBenignPackages\Benign_Packages\pylint-t2-0.0.1.tar.gz,tar,pylint-t2-0.0.1/setup.py,1030,ast,1,1,setuptools
pylioness-0.0.1,D:\10. RQ1 DySec\Step 9 DownloadSelectedBenignPackages\Benign_Packages\pylioness-0.0.1.tar.gz,tar,pylioness-0.0.1/setup.py,1276,ast,2,3,__future__; setuptools
pylistPrint-0.0.1,D:\10. RQ1 DySec\Step 9 DownloadSelectedBenignPackages\Benign_Packages\pylistPrint-0.0.1.tar.gz,tar,pylistPrint-0.0.1/setup.py,263,ast,1,1,distutils
pyload_ng-0.5.0b3.dev85,D:\10. RQ1 DySec\Step 9 DownloadSelectedBenignPackages\Benign_Packages\pyload_ng-0.5.0b3.dev85.tar.gz,tar,pyload_ng-0.5.0b3.dev85/setup.py,2717,ast,3,3,os; pkg_resources; setuptools
pyloadnprep-0.0.4,D:\10. RQ1 DySec\Step 9 DownloadSelectedBenignPackages\Benign_Packages\pyloadnprep-0.0.4.tar.gz,tar,pyloadnprep-0.0.4/setup.py,770,ast,1,1,setuptools
pylogin-sys-1.0,D:\10. RQ1 DySec\Step 9 DownloadSelectedBenignPackages\Benign_Packages\pylogin-sys-1.0.tar.gz,tar,pylogin-sys-1.0/setup.py,700,ast,1,1,setuptools
pylol-1.0.12,D:\10. RQ1 DySec\Step 9 DownloadSelectedBenignPackages\Benign_Packages\pylol-1.0.12.tar.gz,tar,pylol-1.0.12/setup.py,711,ast,1,1,setuptools
pylrc-0.1.2,D:\10. RQ1 DySec\Step 9 DownloadSelectedBenignPackages\Benign_Packages\pylrc-0.1.2.tar.gz,tar,pylrc-0.1.2/setup.py,434,ast,1,1,setuptools
pylttb-0.1.9,D:\10. RQ1 DySec\Step 9 DownloadSelectedBenignPackages\Benign_Packages\pylttb-0.1.9.tar.gz,tar,pylttb-0.1.9/setup.py,664,ast,1,1,setuptools
pymaf-0.3.1,D:\10. RQ1 DySec\Step 9 DownloadSelectedBenignPackages\Benign_Packages\pymaf-0.3.1.tar.gz,tar,pymaf-0.3.1/setup.py,302,ast,1,1,setuptools
pymaf-0.3.1,D:\10. RQ1 DySec\Step 9 DownloadSelectedBenignPackages\Benign_Packages\pymaf-0.3.1.tar.gz,tar,pymaf-0.3.1/setup.py,689,ast,2,2,setup; setuptools
pymask-0.0.1.12,D:\10. RQ1 DySec\Step 9 DownloadSelectedBenignPackages\Benign_Packages\pymask-0.0.1.12.zip,zip,pymask-0.0.1.12/setup.py,375,ast,1,1,distutils
pymasker-0.4.0,D:\10. RQ1 DySec\Step 9 DownloadSelectedBenignPackages\Benign_Packages\pymasker-0.4.0.tar.gz,tar,pymasker-0.4.0/setup.py,526,ast,1,1,setuptools
pymathematics-2023.5.6,D:\10. RQ1 DySec\Step 9 DownloadSelectedBenignPackages\Benign_Packages\pymathematics-2023.5.6.tar.gz,tar,pymathematics-2023.5.6/setup.py,695,ast,1,1,setuptools
Pymem-1.9.1,D:\10. RQ1 DySec\Step 9 DownloadSelectedBenignPackages\Benign_Packages\Pymem-1.9.1.tar.gz,tar,Pymem-1.9.1/setup.py,1406,ast,2,2,pathlib; setuptools
pymempool-0.1.3,D:\10. RQ1 DySec\Step 9 DownloadSelectedBenignPackages\Benign_Packages\pymempool-0.1.3.tar.gz,tar,pymempool-0.1.3/setup.py,137,ast,1,1,setuptools
pyminerva-0.0.99,D:\10. RQ1 DySec\Step 9 DownloadSelectedBenignPackages\Benign_Packages\pyminerva-0.0.99.tar.gz,tar,pyminerva-0.0.99/setup.py,2312,ast,2,2,os; setuptools
pyminigasket-0.2.0,D:\10. RQ1 DySec\Step 9 DownloadSelectedBenignPackages\Benign_Packages\pyminigasket-0.2.0.tar.gz,tar,pyminigasket-0.2.0/setup.py,5503,ast,1,1,setuptools
pymino-1.2.7.3,D:\10. RQ1 DySec\Step 9 DownloadSelectedBenignPackages\Benign_Packages\pymino-1.2.7.3.tar.gz,tar,pymino-1.2.7.3/setup.py,1292,ast,3,3,configparser; pathlib; setuptools
PyMLGame-0.3.3,D:\10. RQ1 DySec\Step 9 DownloadSelectedBenignPackages\Benign_Packages\PyMLGame-0.3.3.tar.gz,tar,PyMLGame-0.3.3/setup.py,1259,ast,3,3,distutils; os; pymlgame
pymodule-0.2a0,D:\10. RQ1 DySec\Step 9 DownloadSelectedBenignPackages\Benign_Packages\pymodule-0.2a0.tar.gz,tar,pymodule-0.2a0/setup.py,983,ast,1,1,setuptools
pymongo-4.8.0,D:\10. RQ1 DySec\Step 9 DownloadSelectedBenignPackages\Benign_Packages\pymongo-4.8.0.tar.gz,tar,pymongo-4.8.0/setup.py,299,ast,1,1,__future__
PyMoosh-3.9,D:\10. RQ1 DySec\Step 9 DownloadSelectedBenignPackages\Benign_Packages\PyMoosh-3.9.tar.gz,tar,PyMoosh-3.9/setup.py,2300,ast,3,3,os; re; setuptools
pymssql-2.3.1,D:\10. RQ1 DySec\Step 9 DownloadSelectedBenignPackages\Benign_Packages\pymssql-2.3.1.tar.gz,tar,pymssql-2.3.1/setup.py,11945,ast,10,16,Cython; dev; distutils; os; pathlib; platform; setuptools; struct; subprocess; sys
pymulticopter-0.0.1,D:\10. RQ1 DySec\Step 9 DownloadSelectedBenignPackages\Benign_Packages\pymulticopter-0.0.1.tar.gz,tar,pymulticopter-0.0.1/setup.py,899,ast,1,1,setuptools
pymyinstall-1.4.1958,D:\10. RQ1 DySec\Step 9 DownloadSelectedBenignPackages\Benign_Packages\pymyinstall-1.4.1958.tar.gz,tar,pymyinstall-1.4.1958/setup.py,2646,ast,6,6,__future__; os; pyquicksetup; setuptools; sys; warnings
PyNaCl-1.5.0,D:\10. RQ1 DySec\Step 9 DownloadSelectedBenignPackages\Benign_Packages\PyNaCl-1.5.0.tar.gz,tar,PyNaCl-1.5.0/setup.py,7189,ast,11,14,errno; functools; glob; nacl; os; platform; setuptools; shutil; subprocess; sys; sysconfig
pynance-1.0.0,D:\10. RQ1 DySec\Step 9 DownloadSelectedBenignPackages\Benign_Packages\pynance-1.0.0.tar.gz,tar,pynance-1.0.0/setup.py,2612,ast,1,1,setuptools
pynano-1.0.1,D:\10. RQ1 DySec\Step 9 DownloadSelectedBenignPackages\Benign_Packages\pynano-1.0.1.tar.gz,tar,pynano-1.0.1/setup.py,4173,ast,4,4,codecs; os; setuptools; sys
pynanopore-1.1.1,D:\10. RQ1 DySec\Step 9 DownloadSelectedBenignPackages\Benign_Packages\pynanopore-1.1.1.tar.gz,tar,pynanopore-1.1.1/setup.py,894,ast,1,1,setuptools
pynanostring-0.0.1,D:\10. RQ1 DySec\Step 9 DownloadSelectedBenignPackages\Benign_Packages\pynanostring-0.0.1.tar.gz,tar,pynanostring-0.0.1/setup.py,999,ast,2,2,os; setuptools
Pynetinfo-0.2.3,D:\10. RQ1 DySec\Step 9 DownloadSelectedBenignPackages\Benign_Packages\Pynetinfo-0.2.3.tar.gz,tar,Pynetinfo-0.2.3/setup.py,1435,ast,1,1,distutils
pynetlib-0.3.0,D:\10. RQ1 DySec\Step 9 DownloadSelectedBenignPackages\Benign_Packages\pynetlib-0.3.0.tar.gz,tar,pynetlib-0.3.0/setup.py,624,ast,2,2,pip; setuptools
pynetstring-0.5,D:\10. RQ1 DySec\Step 9 DownloadSelectedBenignPackages\Benign_Packages\pynetstring-0.5.tar.gz,tar,pynetstring-0.5/setup.py,953,ast,2,2,setuptools; unittest
PyngPong-1.0,D:\10. RQ1 DySec\Step 9 DownloadSelectedBenignPackages\Benign_Packages\PyngPong-1.0.tar.gz,tar,PyngPong-1.0/setup.py,1198,ast,2,2,distutils; setuptools
pyngram-1.0.1,D:\10. RQ1 DySec\Step 9 DownloadSelectedBenignPackages\Benign_Packages\pyngram-1.0.1.tar.gz,tar,pyngram-1.0.1/setup.py,949,ast,1,1,distutils
pynitro-0.1.0,D:\10. RQ1 DySec\Step 9 DownloadSelectedBenignPackages\Benign_Packages\pynitro-0.1.0.tar.gz,tar,pynitro-0.1.0/setup.py,969,ast,1,1,setuptools
pynliner-0.8.0,D:\10. RQ1 DySec\Step 9 DownloadSelectedBenignPackages\Benign_Packages\pynliner-0.8.0.tar.gz,tar,pynliner-0.8.0/setup.py,1137,ast,1,1,setuptools
pynodeinfo-0.1.2,D:\10. RQ1 DySec\Step 9 DownloadSelectedBenignPackages\Benign_Packages\pynodeinfo-0.1.2.tar.gz,tar,pynodeinfo-0.1.2/setup.py,949,ast,1,1,setuptools
pyntegrant-0.2.1,D:\10. RQ1 DySec\Step 9 DownloadSelectedBenignPackages\Benign_Packages\pyntegrant-0.2.1.tar.gz,tar,pyntegrant-0.2.1/setup.py,2063,ast,1,1,setuptools
pyntload-0.3.8,D:\10. RQ1 DySec\Step 9 DownloadSelectedBenignPackages\Benign_Packages\pyntload-0.3.8.tar.gz,tar,pyntload-0.3.8/setup.py,1117,ast,1,1,distutils
pynvidia-0.1.0,D:\10. RQ1 DySec\Step 9 DownloadSelectedBenignPackages\Benign_Packages\pynvidia-0.1.0.tar.gz,tar,pynvidia-0.1.0/setup.py,415,ast,1,1,setuptools
pynvidiasmi-1.0.1,D:\10. RQ1 DySec\Step 9 DownloadSelectedBenignPackages\Benign_Packages\pynvidiasmi-1.0.1.tar.gz,tar,pynvidiasmi-1.0.1/setup.py,560,ast,2,2,distutils; os
pyodbc-5.1.0,D:\10. RQ1 DySec\Step 9 DownloadSelectedBenignPackages\Benign_Packages\pyodbc-5.1.0.tar.gz,tar,pyodbc-5.1.0/setup.py,7081,ast,7,9,inspect; os; pathlib; re; setuptools; shlex; sys
pyogame-0.0.0,D:\10. RQ1 DySec\Step 9 DownloadSelectedBenignPackages\Benign_Packages\pyogame-0.0.0.zip,zip,pyogame-0.0.0/setup.py,234,ast,1,1,distutils
pyoints-0.2.0a3,D:\10. RQ1 DySec\Step 9 DownloadSelectedBenignPackages\Benign_Packages\pyoints-0.2.0a3.tar.gz,tar,pyoints-0.2.0a3/setup.py,1601,ast,2,2,os; setuptools
pyolite-1.6.3,D:\10. RQ1 DySec\Step 9 DownloadSelectedBenignPackages\Benign_Packages\pyolite-1.6.3.tar.gz,tar,pyolite-1.6.3/setup.py,1069,ast,1,1,setuptools
pyols-0.0.1,D:\10. RQ1 DySec\Step 9 DownloadSelectedBenignPackages\Benign_Packages\pyols-0.0.1.tar.gz,tar,pyols-0.0.1/setup.py,1569,ast,1,1,distutils
pyonlib-0.1.33,D:\10. RQ1 DySec\Step 9 DownloadSelectedBenignPackages\Benign_Packages\pyonlib-0.1.33.tar.gz,tar,pyonlib-0.1.33/setup.py,357,ast,2,2,setuptools; xes
pyopenssl-24.2.1,D:\10. RQ1 DySec\Step 9 DownloadSelectedBenignPackages\Benign_Packages\pyopenssl-24.2.1.tar.gz,tar,pyopenssl-24.2.1/setup.py,3144,ast,3,3,os; re; setuptools
pyopls-20.3.post1,D:\10. RQ1 DySec\Step 9 DownloadSelectedBenignPackages\Benign_Packages\pyopls-20.3.post1.tar.gz,tar,pyopls-20.3.post1/setup.py,1150,ast,1,1,setuptools
pyOSC-0.3.5b-5294,D:\10. RQ1 DySec\Step 9 DownloadSelectedBenignPackages\Benign_Packages\pyOSC-0.3.5b-5294.tar.gz,tar,pyOSC-0.3.5b-5294/setup.py,1600,ast,2,2,OSC; distutils
pyosintleak-1.0.2,D:\10. RQ1 DySec\Step 9 DownloadSelectedBenignPackages\Benign_Packages\pyosintleak-1.0.2.tar.gz,tar,pyosintleak-1.0.2/setup.py,1522,ast,3,3,io; os; setuptools
pyostracker-0.0.3,D:\10. RQ1 DySec\Step 9 DownloadSelectedBenignPackages\Benign_Packages\pyostracker-0.0.3.tar.gz,tar,pyostracker-0.0.3/setup.py,366,ast,1,1,setuptools
pyoxford-0.4.0,D:\10. RQ1 DySec\Step 9 DownloadSelectedBenignPackages\Benign_Packages\pyoxford-0.4.0.zip,zip,pyoxford-0.4.0/setup.py,543,ast,1,1,distutils
pypackage-0.2.6,D:\10. RQ1 DySec\Step 9 DownloadSelectedBenignPackages\Benign_Packages\pypackage-0.2.6.tar.gz,tar,pypackage-0.2.6/setup.py,2780,ast,3,5,io; pytest; setuptools
pypackageherbert-1.0.0,D:\10. RQ1 DySec\Step 9 DownloadSelectedBenignPackages\Benign_Packages\pypackageherbert-1.0.0.tar.gz,tar,pypackageherbert-1.0.0/setup.py,1411,ast,3,3,codecs; os; setuptools
pypacker-5.4,D:\10. RQ1 DySec\Step 9 DownloadSelectedBenignPackages\Benign_Packages\pypacker-5.4.tar.gz,tar,pypacker-5.4/setup.py,1536,ast,2,2,distutils; setuptools
pypackets-0.0.5,D:\10. RQ1 DySec\Step 9 DownloadSelectedBenignPackages\Benign_Packages\pypackets-0.0.5.tar.gz,tar,pypackets-0.0.5/setup.py,553,ast,1,1,setuptools
pyparam-0.5.4,D:\10. RQ1 DySec\Step 9 DownloadSelectedBenignPackages\Benign_Packages\pyparam-0.5.4.tar.gz,tar,pyparam-0.5.4/setup.py,5099,ast,1,1,setuptools
PyParse-1.1.7,D:\10. RQ1 DySec\Step 9 DownloadSelectedBenignPackages\Benign_Packages\PyParse-1.1.7.tar.gz,tar,PyParse-1.1.7/setup.py,418,ast,1,1,distutils
pyparty-0.3.0,D:\10. RQ1 DySec\Step 9 DownloadSelectedBenignPackages\Benign_Packages\pyparty-0.3.0.tar.gz,tar,pyparty-0.3.0/setup.py,2023,ast,3,3,os; setuptools; sys
pypasstools-0.0.11,D:\10. RQ1 DySec\Step 9 DownloadSelectedBenignPackages\Benign_Packages\pypasstools-0.0.11.tar.gz,tar,pypasstools-0.0.11/setup.py,753,ast,1,1,setuptools
pypaypal-1.0.0,D:\10. RQ1 DySec\Step 9 DownloadSelectedBenignPackages\Benign_Packages\pypaypal-1.0.0.tar.gz,tar,pypaypal-1.0.0/setup.py,1979,ast,4,4,os; pathlib; setuptools; sys
pypaystack-1.24,D:\10. RQ1 DySec\Step 9 DownloadSelectedBenignPackages\Benign_Packages\pypaystack-1.24.tar.gz,tar,pypaystack-1.24/setup.py,484,ast,2,2,pypaystack; setuptools
pypep-pepco-0.1.0,D:\10. RQ1 DySec\Step 9 DownloadSelectedBenignPackages\Benign_Packages\pypep-pepco-0.1.0.tar.gz,tar,pypep-pepco-0.1.0/setup.py,1088,ast,1,1,setuptools
pypercraft-0.1.5,D:\10. RQ1 DySec\Step 9 DownloadSelectedBenignPackages\Benign_Packages\pypercraft-0.1.5.tar.gz,tar,pypercraft-0.1.5/setup.py,549,ast,1,1,setuptools
pypermedia-0.4.2,D:\10. RQ1 DySec\Step 9 DownloadSelectedBenignPackages\Benign_Packages\pypermedia-0.4.2.tar.gz,tar,pypermedia-0.4.2/setup.py,2570,ast,4,7,__future__; codecs; os; setuptools
pypeul-0.3.2,D:\10. RQ1 DySec\Step 9 DownloadSelectedBenignPackages\Benign_Packages\pypeul-0.3.2.tar.gz,tar,pypeul-0.3.2/setup.py,844,ast,1,1,setuptools
pyphoton-1.0.0,D:\10. RQ1 DySec\Step 9 DownloadSelectedBenignPackages\Benign_Packages\pyphoton-1.0.0.tar.gz,tar,pyphoton-1.0.0/setup.py,643,ast,1,1,setuptools
pypi-interface-0.1.1,D:\10. RQ1 DySec\Step 9 DownloadSelectedBenignPackages\Benign_Packages\pypi-interface-0.1.1.tar.gz,tar,pypi-interface-0.1.1/setup.py,1321,ast,4,4,os; setuptools; subprocess; sys
pypi-sandbox-0.0.0,D:\10. RQ1 DySec\Step 9 DownloadSelectedBenignPackages\Benign_Packages\pypi-sandbox-0.0.0.tar.gz,tar,pypi-sandbox-0.0.0/setup.py,324,ast,1,1,setuptools
pypi-upload-0.0.0,D:\10. RQ1 DySec\Step 9 DownloadSelectedBenignPackages\Benign_Packages\pypi-upload-0.0.0.tar.gz,tar,pypi-upload-0.0.0/setup.py,60,ast,1,1,setuptools
pypie-0.1,D:\10. RQ1 DySec\Step 9 DownloadSelectedBenignPackages\Benign_Packages\pypie-0.1.tar.gz,tar,pypie-0.1/setup.py,470,ast,1,1,distutils
pypiece-0.1.3.1,D:\10. RQ1 DySec\Step 9 DownloadSelectedBenignPackages\Benign_Packages\pypiece-0.1.3.1.tar.gz,tar,pypiece-0.1.3.1/setup.py,786,ast,2,2,os; setuptools
pypiler-0.0.1,D:\10. RQ1 DySec\Step 9 DownloadSelectedBenignPackages\Benign_Packages\pypiler-0.0.1.tar.gz,tar,pypiler-0.0.1/setup.py,462,ast,1,1,setuptools
pypinfo-9.0.0,D:\10. RQ1 DySec\Step 9 DownloadSelectedBenignPackages\Benign_Packages\pypinfo-9.0.0.tar.gz,tar,pypinfo-9.0.0/setup.py,1695,ast,1,1,setuptools
pyping-0.0.6,D:\10. RQ1 DySec\Step 9 DownloadSelectedBenignPackages\Benign_Packages\pyping-0.0.6.tar.gz,tar,pyping-0.0.6/setup.py,677,ast,4,4,distutils; os; setuptools; sys
pyping_pkg-0.2.0,D:\10. RQ1 DySec\Step 9 DownloadSelectedBenignPackages\Benign_Packages\pyping_pkg-0.2.0.tar.gz,tar,pyping_pkg-0.2.0/setup.py,1025,ast,1,1,setuptools
pypingdom-0.2.2,D:\10. RQ1 DySec\Step 9 DownloadSelectedBenignPackages\Benign_Packages\pypingdom-0.2.2.tar.gz,tar,pypingdom-0.2.2/setup.py,1528,ast,2,2,os; setuptools
pypinger-2.0.3,D:\10. RQ1 DySec\Step 9 DownloadSelectedBenignPackages\Benign_Packages\pypinger-2.0.3.tar.gz,tar,pypinger-2.0.3/setup.py,841,ast,1,1,setuptools
pypinindia-0.1.3,D:\10. RQ1 DySec\Step 9 DownloadSelectedBenignPackages\Benign_Packages\pypinindia-0.1.3.tar.gz,tar,pypinindia-0.1.3/setup.py,1122,ast,2,2,pypandoc; setuptools
pypiplot-2.0.1,D:\10. RQ1 DySec\Step 9 DownloadSelectedBenignPackages\Benign_Packages\pypiplot-2.0.1.tar.gz,tar,pypiplot-2.0.1/setup.py,1425,ast,2,2,re; setuptools
pypitesting-0.7.2,D:\10. RQ1 DySec\Step 9 DownloadSelectedBenignPackages\Benign_Packages\pypitesting-0.7.2.tar.gz,tar,pypitesting-0.7.2/setup.py,1682,ast,6,7,distutils; io; os; pathlib; re; setuptools
pypiyangshun-0.0.2,D:\10. RQ1 DySec\Step 9 DownloadSelectedBenignPackages\Benign_Packages\pypiyangshun-0.0.2.tar.gz,tar,pypiyangshun-0.0.2/setup.py,298,ast,1,1,setuptools
pyplace-0.6.11,D:\10. RQ1 DySec\Step 9 DownloadSelectedBenignPackages\Benign_Packages\pyplace-0.6.11.tar.gz,tar,pyplace-0.6.11/setup.py,1056,ast,1,1,setuptools
pyplotgui-1.0.0,D:\10. RQ1 DySec\Step 9 DownloadSelectedBenignPackages\Benign_Packages\pyplotgui-1.0.0.tar.gz,tar,pyplotgui-1.0.0/setup.py,6147,ast,5,5,Cython; itertools; os; setuptools; sys
pypoint-3.0.0,D:\10. RQ1 DySec\Step 9 DownloadSelectedBenignPackages\Benign_Packages\pypoint-3.0.0.tar.gz,tar,pypoint-3.0.0/setup.py,664,ast,1,1,setuptools
pypolygames-0.0.1,D:\10. RQ1 DySec\Step 9 DownloadSelectedBenignPackages\Benign_Packages\pypolygames-0.0.1.tar.gz,tar,pypolygames-0.0.1/setup.py,473,ast,1,2,setuptools
pypoolcontroller-1.0,D:\10. RQ1 DySec\Step 9 DownloadSelectedBenignPackages\Benign_Packages\pypoolcontroller-1.0.tar.gz,tar,pypoolcontroller-1.0/setup.py,687,ast,1,1,setuptools
pyportfolio-1.0.1,D:\10. RQ1 DySec\Step 9 DownloadSelectedBenignPackages\Benign_Packages\pyportfolio-1.0.1.tar.gz,tar,pyportfolio-1.0.1/setup.py,69,ast,1,1,setuptools
pyportfolioopt-1.5.5,D:\10. RQ1 DySec\Step 9 DownloadSelectedBenignPackages\Benign_Packages\pyportfolioopt-1.5.5.tar.gz,tar,pyportfolioopt-1.5.5/setup.py,22835,ast,1,1,setuptools
pyppl_strict-0.0.7,D:\10. RQ1 DySec\Step 9 DownloadSelectedBenignPackages\Benign_Packages\pyppl_strict-0.0.7.tar.gz,tar,pyppl_strict-0.0.7/setup.py,642,ast,1,1,setuptools
pyPreprocessing-0.0.2,D:\10. RQ1 DySec\Step 9 DownloadSelectedBenignPackages\Benign_Packages\pyPreprocessing-0.0.2.tar.gz,tar,pyPreprocessing-0.0.2/setup.py,326,ast,1,1,setuptools
pypreservica-2.7.4,D:\10. RQ1 DySec\Step 9 DownloadSelectedBenignPackages\Benign_Packages\pypreservica-2.7.4.tar.gz,tar,pypreservica-2.7.4/setup.py,1666,ast,4,4,os; pathlib; setuptools; sys
pyprofile-0.1.2,D:\10. RQ1 DySec\Step 9 DownloadSelectedBenignPackages\Benign_Packages\pyprofile-0.1.2.tar.gz,tar,pyprofile-0.1.2/setup.py,809,ast,1,1,setuptools
pyproftool-0.2.3,D:\10. RQ1 DySec\Step 9 DownloadSelectedBenignPackages\Benign_Packages\pyproftool-0.2.3.tar.gz,tar,pyproftool-0.2.3/setup.py,329,ast,1,1,setuptools
pyproject-1.3.1,D:\10. RQ1 DySec\Step 9 DownloadSelectedBenignPackages\Benign_Packages\pyproject-1.3.1.tar.gz,tar,pyproject-1.3.1/setup.py,919,ast,3,3,itertools; os; setuptools
pyprojector-1.0.1,D:\10. RQ1 DySec\Step 9 DownloadSelectedBenignPackages\Benign_Packages\pyprojector-1.0.1.tar.gz,tar,pyprojector-1.0.1/setup.py,728,ast,1,1,setuptools
pyprooff-0.1,D:\10. RQ1 DySec\Step 9 DownloadSelectedBenignPackages\Benign_Packages\pyprooff-0.1.tar.gz,tar,pyprooff-0.1/setup.py,648,ast,1,1,setuptools
pypropep-0.1.4,D:\10. RQ1 DySec\Step 9 DownloadSelectedBenignPackages\Benign_Packages\pypropep-0.1.4.tar.gz,tar,pypropep-0.1.4/setup.py,1091,ast,1,1,setuptools
PyProtect-0.1,D:\10. RQ1 DySec\Step 9 DownloadSelectedBenignPackages\Benign_Packages\PyProtect-0.1.tar.gz,tar,PyProtect-0.1/setup.py,1121,ast,2,2,io; setuptools
PyProto-0.04-prealpha,D:\10. RQ1 DySec\Step 9 DownloadSelectedBenignPackages\Benign_Packages\PyProto-0.04-prealpha.tar.gz,tar,PyProto-0.04-prealpha/setup.py,1344,ast,2,3,os; setuptools
pyproxy-0.1.6,D:\10. RQ1 DySec\Step 9 DownloadSelectedBenignPackages\Benign_Packages\pyproxy-0.1.6.tar.gz,tar,pyproxy-0.1.6/setup.py,1484,ast,3,3,codecs; os; setuptools
pypsutil-0.2.0,D:\10. RQ1 DySec\Step 9 DownloadSelectedBenignPackages\Benign_Packages\pypsutil-0.2.0.tar.gz,tar,pypsutil-0.2.0/setup.py,61,ast,1,1,setuptools
pyptex-1.5.6,D:\10. RQ1 DySec\Step 9 DownloadSelectedBenignPackages\Benign_Packages\pyptex-1.5.6.tar.gz,tar,pyptex-1.5.6/setup.py,1497,ast,5,5,contextlib; os; pathlib; setuptools; sys
pypthon-0.3.2,D:\10. RQ1 DySec\Step 9 DownloadSelectedBenignPackages\Benign_Packages\pypthon-0.3.2.tar.gz,tar,pypthon-0.3.2/setup.py,1506,ast,2,2,setuptools; sys
pyptt-1.2.9,D:\10. RQ1 DySec\Step 9 DownloadSelectedBenignPackages\Benign_Packages\pyptt-1.2.9.tar.gz,tar,pyptt-1.2.9/setup.py,4462,ast,4,4,os; setuptools; subprocess; time
pypulchra-1.0.1,D:\10. RQ1 DySec\Step 9 DownloadSelectedBenignPackages\Benign_Packages\pypulchra-1.0.1.tar.gz,tar,pypulchra-1.0.1/setup.py,1903,ast,3,3,pathlib; pybind11; setuptools
PyPulse-0.1.1,D:\10. RQ1 DySec\Step 9 DownloadSelectedBenignPackages\Benign_Packages\PyPulse-0.1.1.tar.gz,tar,PyPulse-0.1.1/setup.py,1271,ast,4,4,os; pypulse; setuptools; sys
pypusher-0.1.0,D:\10. RQ1 DySec\Step 9 DownloadSelectedBenignPackages\Benign_Packages\pypusher-0.1.0.tar.gz,tar,pypusher-0.1.0/setup.py,900,ast,3,3,os; pypusher; setuptools
pypusu-1.0.6,D:\10. RQ1 DySec\Step 9 DownloadSelectedBenignPackages\Benign_Packages\pypusu-1.0.6.tar.gz,tar,pypusu-1.0.6/setup.py,1413,ast,3,3,io; os; setuptools
pypyrslack-1.2.0,D:\10. RQ1 DySec\Step 9 DownloadSelectedBenignPackages\Benign_Packages\pypyrslack-1.2.0.tar.gz,tar,pypyrslack-1.2.0/setup.py,4786,ast,4,4,codecs; os; pypyrslack; setuptools
pyqcore-0.2.1,D:\10. RQ1 DySec\Step 9 DownloadSelectedBenignPackages\Benign_Packages\pyqcore-0.2.1.tar.gz,tar,pyqcore-0.2.1/setup.py,3282,ast,5,5,io; os; setuptools; shutil; sys
pyqt-timer-label-0.0.1,D:\10. RQ1 DySec\Step 9 DownloadSelectedBenignPackages\Benign_Packages\pyqt-timer-label-0.0.1.tar.gz,tar,pyqt-timer-label-0.0.1/setup.py,730,ast,3,3,codecs; os; setuptools
pyra-pytorch-1.3.0,D:\10. RQ1 DySec\Step 9 DownloadSelectedBenignPackages\Benign_Packages\pyra-pytorch-1.3.0.tar.gz,tar,pyra-pytorch-1.3.0/setup.py,854,ast,1,1,setuptools
pyrademacher-0.9.9,D:\10. RQ1 DySec\Step 9 DownloadSelectedBenignPackages\Benign_Packages\pyrademacher-0.9.9.tar.gz,tar,pyrademacher-0.9.9/setup.py,1113,ast,1,1,setuptools
pyramda-0.1,D:\10. RQ1 DySec\Step 9 DownloadSelectedBenignPackages\Benign_Packages\pyramda-0.1.tar.gz,tar,pyramda-0.1/setup.py,938,ast,2,3,setuptools; subprocess
pyramid_backend-1.3.4,D:\10. RQ1 DySec\Step 9 DownloadSelectedBenignPackages\Benign_Packages\pyramid_backend-1.3.4.tar.gz,tar,pyramid_backend-1.3.4/setup.py,887,ast,2,2,os; setuptools
pyranda-0.0.24,D:\10. RQ1 DySec\Step 9 DownloadSelectedBenignPackages\Benign_Packages\pyranda-0.0.24.tar.gz,tar,pyranda-0.0.24/setup.py,1018,ast,1,1,setuptools
pyrander-0.2.0a0,D:\10. RQ1 DySec\Step 9 DownloadSelectedBenignPackages\Benign_Packages\pyrander-0.2.0a0.tar.gz,tar,pyrander-0.2.0a0/setup.py,1848,ast,5,5,os; re; setuptools; sys; time
pyrandint-0.1,D:\10. RQ1 DySec\Step 9 DownloadSelectedBenignPackages\Benign_Packages\pyrandint-0.1.tar.gz,tar,pyrandint-0.1/setup.py,630,ast,1,1,setuptools
pyrandmeme-0.0.6,D:\10. RQ1 DySec\Step 9 DownloadSelectedBenignPackages\Benign_Packages\pyrandmeme-0.0.6.tar.gz,tar,pyrandmeme-0.0.6/setup.py,856,ast,1,1,setuptools
pyrandommedia-0.0.5,D:\10. RQ1 DySec\Step 9 DownloadSelectedBenignPackages\Benign_Packages\pyrandommedia-0.0.5.tar.gz,tar,pyrandommedia-0.0.5/setup.py,993,ast,1,1,setuptools
pyrandomset-0.1.2,D:\10. RQ1 DySec\Step 9 DownloadSelectedBenignPackages\Benign_Packages\pyrandomset-0.1.2.tar.gz,tar,pyrandomset-0.1.2/setup.py,630,ast,1,1,setuptools
pyrandomstring-0.0.6,D:\10. RQ1 DySec\Step 9 DownloadSelectedBenignPackages\Benign_Packages\pyrandomstring-0.0.6.tar.gz,tar,pyrandomstring-0.0.6/setup.py,1033,ast,1,1,setuptools
pyrandonaut-0.1.9,D:\10. RQ1 DySec\Step 9 DownloadSelectedBenignPackages\Benign_Packages\pyrandonaut-0.1.9.tar.gz,tar,pyrandonaut-0.1.9/setup.py,7356,ast,1,1,setuptools
pyrandorg-1.0.3,D:\10. RQ1 DySec\Step 9 DownloadSelectedBenignPackages\Benign_Packages\pyrandorg-1.0.3.tar.gz,tar,pyrandorg-1.0.3/setup.py,691,ast,1,1,setuptools
pyrandstring-0.0.6,D:\10. RQ1 DySec\Step 9 DownloadSelectedBenignPackages\Benign_Packages\pyrandstring-0.0.6.tar.gz,tar,pyrandstring-0.0.6/setup.py,510,ast,1,1,distutils
pyrandvec-1.0.1,D:\10. RQ1 DySec\Step 9 DownloadSelectedBenignPackages\Benign_Packages\pyrandvec-1.0.1.tar.gz,tar,pyrandvec-1.0.1/setup.py,1656,ast,1,1,setuptools
pyrandwalk-1.1,D:\10. RQ1 DySec\Step 9 DownloadSelectedBenignPackages\Benign_Packages\pyrandwalk-1.1.tar.gz,tar,pyrandwalk-1.1/setup.py,2325,ast,2,2,distutils; setuptools
pyrate-build-0.2.9,D:\10. RQ1 DySec\Step 9 DownloadSelectedBenignPackages\Benign_Packages\pyrate-build-0.2.9.tar.gz,tar,pyrate-build-0.2.9/setup.py,1532,ast,2,2,os; setuptools
pyratlib-0.7.7,D:\10. RQ1 DySec\Step 9 DownloadSelectedBenignPackages\Benign_Packages\pyratlib-0.7.7.tar.gz,tar,pyratlib-0.7.7/setup.py,1409,ast,2,2,setuptools; wheel
pyreaver-0.1.3,D:\10. RQ1 DySec\Step 9 DownloadSelectedBenignPackages\Benign_Packages\pyreaver-0.1.3.tar.gz,tar,pyreaver-0.1.3/setup.py,618,ast,1,1,distutils
pyregedit-1.0.0,D:\10. RQ1 DySec\Step 9 DownloadSelectedBenignPackages\Benign_Packages\pyregedit-1.0.0.tar.gz,tar,pyregedit-1.0.0/setup.py,837,ast,3,3,os; pyregedit; setuptools
pyregion-2.2.0,D:\10. RQ1 DySec\Step 9 DownloadSelectedBenignPackages\Benign_Packages\pyregion-2.2.0.tar.gz,tar,pyregion-2.2.0/setup.py,621,ast,3,3,Cython; numpy; setuptools
pyreindent-0.1,D:\10. RQ1 DySec\Step 9 DownloadSelectedBenignPackages\Benign_Packages\pyreindent-0.1.tar.gz,tar,pyreindent-0.1/setup.py,609,ast,1,1,setuptools
pyrelvis-0.0.3,D:\10. RQ1 DySec\Step 9 DownloadSelectedBenignPackages\Benign_Packages\pyrelvis-0.0.3.tar.gz,tar,pyrelvis-0.0.3/setup.py,723,ast,1,1,distutils
pyRemove-1.0.0,D:\10. RQ1 DySec\Step 9 DownloadSelectedBenignPackages\Benign_Packages\pyRemove-1.0.0.tar.gz,tar,pyRemove-1.0.0/setup.py,502,ast,1,1,setuptools
pyrenamer-1.1,D:\10. RQ1 DySec\Step 9 DownloadSelectedBenignPackages\Benign_Packages\pyrenamer-1.1.tar.gz,tar,pyrenamer-1.1/setup.py,454,ast,1,1,distutils
pyrencode-0.2.0,D:\10. RQ1 DySec\Step 9 DownloadSelectedBenignPackages\Benign_Packages\pyrencode-0.2.0.tar.gz,tar,pyrencode-0.2.0/setup.py,2359,ast,1,1,setuptools
pyrevive-0.0.6,D:\10. RQ1 DySec\Step 9 DownloadSelectedBenignPackages\Benign_Packages\pyrevive-0.0.6.tar.gz,tar,pyrevive-0.0.6/setup.py,642,ast,2,2,os; setuptools
pyright-1.1.379,D:\10. RQ1 DySec\Step 9 DownloadSelectedBenignPackages\Benign_Packages\pyright-1.1.379.tar.gz,tar,pyright-1.1.379/setup.py,2199,ast,2,2,re; setuptools
pyrolint-0.1.0,D:\10. RQ1 DySec\Step 9 DownloadSelectedBenignPackages\Benign_Packages\pyrolint-0.1.0.tar.gz,tar,pyrolint-0.1.0/setup.py,532,ast,1,1,distutils
pyroofit-0.9.6,D:\10. RQ1 DySec\Step 9 DownloadSelectedBenignPackages\Benign_Packages\pyroofit-0.9.6.tar.gz,tar,pyroofit-0.9.6/setup.py,827,ast,2,2,setuptools; sys
pyroredis-0.1.1,D:\10. RQ1 DySec\Step 9 DownloadSelectedBenignPackages\Benign_Packages\pyroredis-0.1.1.tar.gz,tar,pyroredis-0.1.1/setup.py,1358,ast,2,2,re; setuptools
Pyrows-0.2.2,D:\10. RQ1 DySec\Step 9 DownloadSelectedBenignPackages\Benign_Packages\Pyrows-0.2.2.tar.gz,tar,Pyrows-0.2.2/setup.py,519,ast,1,1,setuptools
pyrpush-0.1.6,D:\10. RQ1 DySec\Step 9 DownloadSelectedBenignPackages\Benign_Packages\pyrpush-0.1.6.tar.gz,tar,pyrpush-0.1.6/setup.py,712,ast,1,1,setuptools
pyrsistent-0.20.0,D:\10. RQ1 DySec\Step 9 DownloadSelectedBenignPackages\Benign_Packages\pyrsistent-0.20.0.tar.gz,tar,pyrsistent-0.20.0/setup.py,3264,ast,6,6,codecs; distutils; os; platform; setuptools; sys
pyrthon-0.1.2,D:\10. RQ1 DySec\Step 9 DownloadSelectedBenignPackages\Benign_Packages\pyrthon-0.1.2.tar.gz,tar,pyrthon-0.1.2/setup.py,777,ast,3,3,os; pyrthon; setuptools
pysaint-21.2.2,D:\10. RQ1 DySec\Step 9 DownloadSelectedBenignPackages\Benign_Packages\pysaint-21.2.2.tar.gz,tar,pysaint-21.2.2/setup.py,1677,ast,2,2,os; setuptools
pysalad-0.1.8,D:\10. RQ1 DySec\Step 9 DownloadSelectedBenignPackages\Benign_Packages\pysalad-0.1.8.tar.gz,tar,pysalad-0.1.8/setup.py,784,ast,1,1,setuptools
pysamloader-gui-0.6.5,D:\10. RQ1 DySec\Step 9 DownloadSelectedBenignPackages\Benign_Packages\pysamloader-gui-0.6.5.tar.gz,tar,pysamloader-gui-0.6.5/setup.py,3249,ast,2,2,os; setuptools
pysampling-0.1.2,D:\10. RQ1 DySec\Step 9 DownloadSelectedBenignPackages\Benign_Packages\pysampling-0.1.2.tar.gz,tar,pysampling-0.1.2/setup.py,2050,ast,2,2,pysampling; setuptools
pysaver-0.0.7,D:\10. RQ1 DySec\Step 9 DownloadSelectedBenignPackages\Benign_Packages\pysaver-0.0.7.tar.gz,tar,pysaver-0.0.7/setup.py,583,ast,2,2,pathlib; setuptools
pysc-0.1.1,D:\10. RQ1 DySec\Step 9 DownloadSelectedBenignPackages\Benign_Packages\pysc-0.1.1.tar.gz,tar,pysc-0.1.1/setup.py,1268,ast,3,4,distutils; platform; setuptools
pyscada-visa-0.8.0,D:\10. RQ1 DySec\Step 9 DownloadSelectedBenignPackages\Benign_Packages\pyscada-visa-0.8.0.tar.gz,tar,pyscada-visa-0.8.0/setup.py,1448,ast,3,3,os; pyscada; setuptools
pyscard-2.0.9,D:\10. RQ1 DySec\Step 9 DownloadSelectedBenignPackages\Benign_Packages\pyscard-2.0.9.tar.gz,tar,pyscard-2.0.9/setup.py,5852,ast,6,7,platform; setuptools; shlex; shutil; subprocess; sysconfig
pyscard-2.0.9,D:\10. RQ1 DySec\Step 9 DownloadSelectedBenignPackages\Benign_Packages\pyscard-2.0.9.tar.gz,tar,pyscard-2.0.9/smartcard/Examples/wx/apdumanager/setup.py,1383,ast,3,3,distutils; py2exe; smartcard
pyscard-2.0.9,D:\10. RQ1 DySec\Step 9 DownloadSelectedBenignPackages\Benign_Packages\pyscard-2.0.9.tar.gz,tar,pyscard-2.0.9/smartcard/Examples/wx/cardmonitor/setup.py,1372,ast,3,3,distutils; py2exe; smartcard
pyscard-2.0.9,D:\10. RQ1 DySec\Step 9 DownloadSelectedBenignPackages\Benign_Packages\pyscard-2.0.9.tar.gz,tar,pyscard-2.0.9/smartcard/Examples/wx/readerviewer/setup.py,1374,ast,3,3,distutils; py2exe; smartcard
pysciname-0.0.2,D:\10. RQ1 DySec\Step 9 DownloadSelectedBenignPackages\Benign_Packages\pysciname-0.0.2.tar.gz,tar,pysciname-0.0.2/setup.py,1302,ast,3,3,io; os; setuptools
pyscio-0.0.7,D:\10. RQ1 DySec\Step 9 DownloadSelectedBenignPackages\Benign_Packages\pyscio-0.0.7.tar.gz,tar,pyscio-0.0.7/setup.py,882,ast,1,1,numpy
pyscolortext-0.0.1,D:\10. RQ1 DySec\Step 9 DownloadSelectedBenignPackages\Benign_Packages\pyscolortext-0.0.1.tar.gz,tar,pyscolortext-0.0.1/setup.py,779,ast,1,1,distutils
pyscord-0.0.0.dev0,D:\10. RQ1 DySec\Step 9 DownloadSelectedBenignPackages\Benign_Packages\pyscord-0.0.0.dev0.tar.gz,tar,pyscord-0.0.0.dev0/setup.py,3560,ast,3,3,os; re; setuptools
pyscrap-0.0.9,D:\10. RQ1 DySec\Step 9 DownloadSelectedBenignPackages\Benign_Packages\pyscrap-0.0.9.tar.gz,tar,pyscrap-0.0.9/setup.py,1541,ast,3,3,os; setuptools; sys
pyscripting-0.1,D:\10. RQ1 DySec\Step 9 DownloadSelectedBenignPackages\Benign_Packages\pyscripting-0.1.tar.gz,tar,pyscripting-0.1/setup.py,804,ast,1,1,distutils
pyscriptlib-2.2.1,D:\10. RQ1 DySec\Step 9 DownloadSelectedBenignPackages\Benign_Packages\pyscriptlib-2.2.1.tar.gz,tar,pyscriptlib-2.2.1/setup.py,672,ast,2,2,pathlib; setuptools
pyscws-0.0.1.1,D:\10. RQ1 DySec\Step 9 DownloadSelectedBenignPackages\Benign_Packages\pyscws-0.0.1.1.tar.gz,tar,pyscws-0.0.1.1/setup.py,5776,ast,9,10,Cython; io; os; pathlib; platform; setuptools; subprocess; warnings; yaml
pysecstring-0.1.9,D:\10. RQ1 DySec\Step 9 DownloadSelectedBenignPackages\Benign_Packages\pysecstring-0.1.9.tar.gz,tar,pysecstring-0.1.9/setup.py,3037,ast,1,1,setuptools
pyser-0.1.5,D:\10. RQ1 DySec\Step 9 DownloadSelectedBenignPackages\Benign_Packages\pyser-0.1.5.tar.gz,tar,pyser-0.1.5/setup.py,2818,ast,5,6,codecs; pytest; setuptools; sphinx; sys
pyserial-3.5b0,D:\10. RQ1 DySec\Step 9 DownloadSelectedBenignPackages\Benign_Packages\pyserial-3.5b0.tar.gz,tar,pyserial-3.5b0/setup.py,3201,ast,5,5,distutils; io; os; re; setuptools
pyserval-0.5,D:\10. RQ1 DySec\Step 9 DownloadSelectedBenignPackages\Benign_Packages\pyserval-0.5.tar.gz,tar,pyserval-0.5/setup.py,1395,ast,3,3,codecs; os; setuptools
pyserver-1.9.1,D:\10. RQ1 DySec\Step 9 DownloadSelectedBenignPackages\Benign_Packages\pyserver-1.9.1.tar.gz,tar,pyserver-1.9.1/setup.py,891,ast,1,1,setuptools
pyshaders-1.4.1,D:\10. RQ1 DySec\Step 9 DownloadSelectedBenignPackages\Benign_Packages\pyshaders-1.4.1.tar.gz,tar,pyshaders-1.4.1/setup.py,803,ast,4,4,distutils; glob; os; sys
pyshaker-1.4.2,D:\10. RQ1 DySec\Step 9 DownloadSelectedBenignPackages\Benign_Packages\pyshaker-1.4.2.tar.gz,tar,pyshaker-1.4.2/setup.py,1028,ast,2,2,multiprocessing; setuptools
pyshould-0.7.1,D:\10. RQ1 DySec\Step 9 DownloadSelectedBenignPackages\Benign_Packages\pyshould-0.7.1.tar.gz,tar,pyshould-0.7.1/setup.py,479,ast,1,1,setuptools
pysi-0.9.1,D:\10. RQ1 DySec\Step 9 DownloadSelectedBenignPackages\Benign_Packages\pysi-0.9.1.tar.gz,tar,pysi-0.9.1/setup.py,1920,ast,2,2,os; setuptools
pyside6_virtual_keyboard-0.1.5,D:\10. RQ1 DySec\Step 9 DownloadSelectedBenignPackages\Benign_Packages\pyside6_virtual_keyboard-0.1.5.tar.gz,tar,pyside6_virtual_keyboard-0.1.5/setup.py,720,ast,1,1,setuptools
pysimstrat-1.0.0,D:\10. RQ1 DySec\Step 9 DownloadSelectedBenignPackages\Benign_Packages\pysimstrat-1.0.0.tar.gz,tar,pysimstrat-1.0.0/setup.py,445,ast,1,1,setuptools
pysimstring-1.2.1,D:\10. RQ1 DySec\Step 9 DownloadSelectedBenignPackages\Benign_Packages\pysimstring-1.2.1.tar.gz,tar,pysimstring-1.2.1/setup.py,2687,ast,4,5,distutils; os; re; sys
pysintegrabanco-0.0.4,D:\10. RQ1 DySec\Step 9 DownloadSelectedBenignPackages\Benign_Packages\pysintegrabanco-0.0.4.tar.gz,tar,pysintegrabanco-0.0.4/setup.py,486,ast,1,1,setuptools
pyskillkeeper-0.2.1,D:\10. RQ1 DySec\Step 9 DownloadSelectedBenignPackages\Benign_Packages\pyskillkeeper-0.2.1.zip,zip,pyskillkeeper-0.2.1/setup.py,150,ast,1,1,setuptools
pyslack-0.5.0,D:\10. RQ1 DySec\Step 9 DownloadSelectedBenignPackages\Benign_Packages\pyslack-0.5.0.tar.gz,tar,pyslack-0.5.0/setup.py,1514,ast,3,3,distutils; setuptools; slack
pyslayer-0.1.2,D:\10. RQ1 DySec\Step 9 DownloadSelectedBenignPackages\Benign_Packages\pyslayer-0.1.2.tar.gz,tar,pyslayer-0.1.2/setup.py,729,ast,1,1,setuptools
pysmme-1.0,D:\10. RQ1 DySec\Step 9 DownloadSelectedBenignPackages\Benign_Packages\pysmme-1.0.tar.gz,tar,pysmme-1.0/extern/carma/extern/pybind11/setup.py,4786,ast,10,10,contextlib; io; os; re; setuptools; shutil; string; subprocess; sys; tempfile
pysmme-1.0,D:\10. RQ1 DySec\Step 9 DownloadSelectedBenignPackages\Benign_Packages\pysmme-1.0.tar.gz,tar,pysmme-1.0/setup.py,6535,ast,6,7,ninja; os; re; setuptools; subprocess; sys
pyso-0.2.1,D:\10. RQ1 DySec\Step 9 DownloadSelectedBenignPackages\Benign_Packages\pyso-0.2.1.tar.gz,tar,pyso-0.2.1/setup.py,1867,ast,1,1,distutils
pysoc-0.0.3,D:\10. RQ1 DySec\Step 9 DownloadSelectedBenignPackages\Benign_Packages\pysoc-0.0.3.tar.gz,tar,pysoc-0.0.3/setup.py,989,ast,1,1,setuptools
PySock-0.3.2,D:\10. RQ1 DySec\Step 9 DownloadSelectedBenignPackages\Benign_Packages\PySock-0.3.2.tar.gz,tar,PySock-0.3.2/setup.py,1475,ast,3,3,codecs; os; setuptools
PySocks-1.7.1,D:\10. RQ1 DySec\Step 9 DownloadSelectedBenignPackages\Benign_Packages\PySocks-1.7.1.tar.gz,tar,PySocks-1.7.1/setup.py,1396,ast,4,4,os; re; setuptools; sys
pysocks5-0.1,D:\10. RQ1 DySec\Step 9 DownloadSelectedBenignPackages\Benign_Packages\pysocks5-0.1.tar.gz,tar,pysocks5-0.1/setup.py,741,ast,1,1,setuptools
pysockssl-0.2,D:\10. RQ1 DySec\Step 9 DownloadSelectedBenignPackages\Benign_Packages\pysockssl-0.2.tar.gz,tar,pysockssl-0.2/setup.py,1336,ast,3,3,os; setuptools; sockssl
pysofi-v0.1.1-alpha,D:\10. RQ1 DySec\Step 9 DownloadSelectedBenignPackages\Benign_Packages\pysofi-v0.1.1-alpha.tar.gz,tar,pysofi-v0.1.1-alpha/setup.py,451,ast,1,1,distutils
PySOFT-0.0.7,D:\10. RQ1 DySec\Step 9 DownloadSelectedBenignPackages\Benign_Packages\PySOFT-0.0.7.tar.gz,tar,PySOFT-0.0.7/setup.py,485,ast,1,1,setuptools
pysos-1.3.0,D:\10. RQ1 DySec\Step 9 DownloadSelectedBenignPackages\Benign_Packages\pysos-1.3.0.tar.gz,tar,pysos-1.3.0/setup.py,809,ast,2,2,pathlib; setuptools
pysoul-1.7,D:\10. RQ1 DySec\Step 9 DownloadSelectedBenignPackages\Benign_Packages\pysoul-1.7.tar.gz,tar,pysoul-1.7/setup.py,471,ast,2,2,os; setuptools
pyspark-3.5.2,D:\10. RQ1 DySec\Step 9 DownloadSelectedBenignPackages\Benign_Packages\pyspark-3.5.2.tar.gz,tar,pyspark-3.5.2/setup.py,14728,ast,7,8,ctypes; glob; importlib; os; setuptools; shutil; sys
pysparse-1.3-dev,D:\10. RQ1 DySec\Step 9 DownloadSelectedBenignPackages\Benign_Packages\pysparse-1.3-dev.tar.gz,tar,pysparse-1.3-dev/pysparse/direct/setup.py,5739,regex,5,8,ConfigParser; fnmatch; numpy; os; sys
pysparse-1.3-dev,D:\10. RQ1 DySec\Step 9 DownloadSelectedBenignPackages\Benign_Packages\pysparse-1.3-dev.tar.gz,tar,pysparse-1.3-dev/pysparse/eigen/setup.py,1968,regex,3,6,ConfigParser; numpy; os
pysparse-1.3-dev,D:\10. RQ1 DySec\Step 9 DownloadSelectedBenignPackages\Benign_Packages\pysparse-1.3-dev.tar.gz,tar,pysparse-1.3-dev/pysparse/itsolvers/setup.py,1191,regex,3,6,ConfigParser; numpy; os
pysparse-1.3-dev,D:\10. RQ1 DySec\Step 9 DownloadSelectedBenignPackages\Benign_Packages\pysparse-1.3-dev.tar.gz,tar,pysparse-1.3-dev/pysparse/precon/setup.py,1093,regex,3,6,ConfigParser; numpy; os
pysparse-1.3-dev,D:\10. RQ1 DySec\Step 9 DownloadSelectedBenignPackages\Benign_Packages\pysparse-1.3-dev.tar.gz,tar,pysparse-1.3-dev/pysparse/setup.py,805,ast,3,5,fnmatch; numpy; os
pysparse-1.3-dev,D:\10. RQ1 DySec\Step 9 DownloadSelectedBenignPackages\Benign_Packages\pysparse-1.3-dev.tar.gz,tar,pysparse-1.3-dev/pysparse/sparse/setup.py,1089,regex,3,6,ConfigParser; numpy; os
pysparse-1.3-dev,D:\10. RQ1 DySec\Step 9 DownloadSelectedBenignPackages\Benign_Packages\pysparse-1.3-dev.tar.gz,tar,pysparse-1.3-dev/setup.py,4902,regex,7,10,numpy; os; pkg_resources; re; setuptools; subprocess; sys
pyspeakercraft-0.3,D:\10. RQ1 DySec\Step 9 DownloadSelectedBenignPackages\Benign_Packages\pyspeakercraft-0.3.tar.gz,tar,pyspeakercraft-0.3/setup.py,278,ast,1,1,setuptools
pySpellbook-0.9,D:\10. RQ1 DySec\Step 9 DownloadSelectedBenignPackages\Benign_Packages\pySpellbook-0.9.tar.gz,tar,pySpellbook-0.9/setup.py,1720,ast,2,2,setuptools; sys
pysplitter-0.0.9,D:\10. RQ1 DySec\Step 9 DownloadSelectedBenignPackages\Benign_Packages\pysplitter-0.0.9.tar.gz,tar,pysplitter-0.0.9/setup.py,724,ast,2,3,pysplitter; setuptools
pysploit-0.1.0,D:\10. RQ1 DySec\Step 9 DownloadSelectedBenignPackages\Benign_Packages\pysploit-0.1.0.tar.gz,tar,pysploit-0.1.0/setup.py,1592,ast,2,2,distutils; setuptools
pyspock-0.3.0,D:\10. RQ1 DySec\Step 9 DownloadSelectedBenignPackages\Benign_Packages\pyspock-0.3.0.tar.gz,tar,pyspock-0.3.0/setup.py,9644,ast,1,1,setuptools
pysproto-0.1.7,D:\10. RQ1 DySec\Step 9 DownloadSelectedBenignPackages\Benign_Packages\pysproto-0.1.7.tar.gz,tar,pysproto-0.1.7/setup.py,952,ast,2,2,distutils; setuptools
pyspypoint-2.0.0,D:\10. RQ1 DySec\Step 9 DownloadSelectedBenignPackages\Benign_Packages\pyspypoint-2.0.0.tar.gz,tar,pyspypoint-2.0.0/setup.py,646,ast,1,1,setuptools
pysqlcipher-2.6.9,D:\10. RQ1 DySec\Step 9 DownloadSelectedBenignPackages\Benign_Packages\pysqlcipher-2.6.9.tar.gz,tar,pysqlcipher-2.6.9/setup.py,13104,regex,10,15,cross_bdist_wininst; distutils; os; re; setuptools; shutil; sys; types; urllib; zipfile
pysqlcipher3-1.2.0,D:\10. RQ1 DySec\Step 9 DownloadSelectedBenignPackages\Benign_Packages\pysqlcipher3-1.2.0.tar.gz,tar,pysqlcipher3-1.2.0/setup.py,7262,ast,4,6,distutils; os; setuptools; sys
pysqlcipher3-binary-1.0.4.0,D:\10. RQ1 DySec\Step 9 DownloadSelectedBenignPackages\Benign_Packages\pysqlcipher3-binary-1.0.4.0.tar.gz,tar,pysqlcipher3-binary-1.0.4.0/setup.py,7244,ast,4,6,distutils; os; setuptools; sys
pysqlite-2.8.3,D:\10. RQ1 DySec\Step 9 DownloadSelectedBenignPackages\Benign_Packages\pysqlite-2.8.3.tar.gz,tar,pysqlite-2.8.3/setup.py,8171,ast,9,11,commands; cross_bdist_wininst; distutils; glob; os; pysqlite2; re; shutil; sys
pysqlite-binary-0.5.1.dev12,D:\10. RQ1 DySec\Step 9 DownloadSelectedBenignPackages\Benign_Packages\pysqlite-binary-0.5.1.dev12.tar.gz,tar,pysqlite-binary-0.5.1.dev12/setup.py,9912,ast,10,13,distutils; enum; html; os; setuptools; shutil; sys; tempfile; urllib; zipfile
pysqlite3-0.5.3,D:\10. RQ1 DySec\Step 9 DownloadSelectedBenignPackages\Benign_Packages\pysqlite3-0.5.3.tar.gz,tar,pysqlite3-0.5.3/setup.py,5625,ast,4,6,distutils; os; setuptools; sys
pysqlite3tool-0.0.1a0,D:\10. RQ1 DySec\Step 9 DownloadSelectedBenignPackages\Benign_Packages\pysqlite3tool-0.0.1a0.tar.gz,tar,pysqlite3tool-0.0.1a0/setup.py,1150,ast,2,2,os; setuptools
pysqlitekg2vec-1.0.0,D:\10. RQ1 DySec\Step 9 DownloadSelectedBenignPackages\Benign_Packages\pysqlitekg2vec-1.0.0.tar.gz,tar,pysqlitekg2vec-1.0.0/setup.py,11052,ast,1,1,setuptools
pyssockets-0.1.2,D:\10. RQ1 DySec\Step 9 DownloadSelectedBenignPackages\Benign_Packages\pyssockets-0.1.2.tar.gz,tar,pyssockets-0.1.2/setup.py,492,ast,2,2,distutils; os
pystacks-0.3,D:\10. RQ1 DySec\Step 9 DownloadSelectedBenignPackages\Benign_Packages\pystacks-0.3.tar.gz,tar,pystacks-0.3/setup.py,875,ast,3,3,distutils; subprocess; sys
pystapler-1.1.0,D:\10. RQ1 DySec\Step 9 DownloadSelectedBenignPackages\Benign_Packages\pystapler-1.1.0.tar.gz,tar,pystapler-1.1.0/setup.py,1012,ast,1,1,setuptools
pystarshade-0.1.7,D:\10. RQ1 DySec\Step 9 DownloadSelectedBenignPackages\Benign_Packages\pystarshade-0.1.7.tar.gz,tar,pystarshade-0.1.7/setup.py,869,ast,1,1,setuptools
PyStats-0.1,D:\10. RQ1 DySec\Step 9 DownloadSelectedBenignPackages\Benign_Packages\PyStats-0.1.tar.gz,tar,PyStats-0.1/setup.py,4795,ast,4,5,os; setuptools; subprocess; sys
pysterior-0.1.5,D:\10. RQ1 DySec\Step 9 DownloadSelectedBenignPackages\Benign_Packages\pysterior-0.1.5.tar.gz,tar,pysterior-0.1.5/setup.py,3391,ast,2,2,os; setuptools
pysti-0.0.2,D:\10. RQ1 DySec\Step 9 DownloadSelectedBenignPackages\Benign_Packages\pysti-0.0.2.tar.gz,tar,pysti-0.0.2/setup.py,685,ast,1,1,setuptools
pystiler-0.4.1,D:\10. RQ1 DySec\Step 9 DownloadSelectedBenignPackages\Benign_Packages\pystiler-0.4.1.tar.gz,tar,pystiler-0.4.1/setup.py,1255,ast,1,1,setuptools
pystl-0.1.1,D:\10. RQ1 DySec\Step 9 DownloadSelectedBenignPackages\Benign_Packages\pystl-0.1.1.zip,zip,pystl-0.1.1/setup.py,782,ast,1,1,distutils
pysto-1.4.1,D:\10. RQ1 DySec\Step 9 DownloadSelectedBenignPackages\Benign_Packages\pysto-1.4.1.tar.gz,tar,pysto-1.4.1/setup.py,1632,ast,3,3,codecs; os; setuptools
pystokes-2.3.2,D:\10. RQ1 DySec\Step 9 DownloadSelectedBenignPackages\Benign_Packages\pystokes-2.3.2.tar.gz,tar,pystokes-2.3.2/setup.py,3390,ast,9,13,Cython; numpy; os; re; setuptools; shutil; subprocess; sys; tempfile
pystonks-1.0,D:\10. RQ1 DySec\Step 9 DownloadSelectedBenignPackages\Benign_Packages\pystonks-1.0.tar.gz,tar,pystonks-1.0/setup.py,314,ast,1,1,setuptools
pystrainer-1.3.1,D:\10. RQ1 DySec\Step 9 DownloadSelectedBenignPackages\Benign_Packages\pystrainer-1.3.1.tar.gz,tar,pystrainer-1.3.1/setup.py,2708,ast,6,7,codecs; os; pytest; re; setuptools; sys
pystrand-0.1.1,D:\10. RQ1 DySec\Step 9 DownloadSelectedBenignPackages\Benign_Packages\pystrand-0.1.1.tar.gz,tar,pystrand-0.1.1/setup.py,2140,ast,1,1,setuptools
pystreed-1.3.1,D:\10. RQ1 DySec\Step 9 DownloadSelectedBenignPackages\Benign_Packages\pystreed-1.3.1.tar.gz,tar,pystreed-1.3.1/setup.py,1019,ast,3,3,glob; pybind11; setuptools
pystrgpw-1.0.1,D:\10. RQ1 DySec\Step 9 DownloadSelectedBenignPackages\Benign_Packages\pystrgpw-1.0.1.tar.gz,tar,pystrgpw-1.0.1/setup.py,844,ast,1,1,setuptools
pystringbio-0.1.1,D:\10. RQ1 DySec\Step 9 DownloadSelectedBenignPackages\Benign_Packages\pystringbio-0.1.1.tar.gz,tar,pystringbio-0.1.1/setup.py,990,ast,1,1,setuptools
pystripe-1.3.1,D:\10. RQ1 DySec\Step 9 DownloadSelectedBenignPackages\Benign_Packages\pystripe-1.3.1.tar.gz,tar,pystripe-1.3.1/setup.py,979,ast,1,1,setuptools
pystru-0.0.3,D:\10. RQ1 DySec\Step 9 DownloadSelectedBenignPackages\Benign_Packages\pystru-0.0.3.zip,zip,pystru-0.0.3/setup.py,534,ast,1,1,setuptools
pystub-0.2.1a1,D:\10. RQ1 DySec\Step 9 DownloadSelectedBenignPackages\Benign_Packages\pystub-0.2.1a1.tar.gz,tar,pystub-0.2.1a1/setup.py,666,ast,1,1,setuptools
PYSTUDY-0.7.3,D:\10. RQ1 DySec\Step 9 DownloadSelectedBenignPackages\Benign_Packages\PYSTUDY-0.7.3.tar.gz,tar,PYSTUDY-0.7.3/setup.py,2107,ast,6,6,PYSTUDY; distutils; os; re; setuptools; sys
pystyle-2.9,D:\10. RQ1 DySec\Step 9 DownloadSelectedBenignPackages\Benign_Packages\pystyle-2.9.tar.gz,tar,pystyle-2.9/setup.py,469,ast,1,1,setuptools
pystynamic-0.12,D:\10. RQ1 DySec\Step 9 DownloadSelectedBenignPackages\Benign_Packages\pystynamic-0.12.tar.gz,tar,pystynamic-0.12/setup.py,384,ast,1,1,setuptools
pysuper-0.2.91,D:\10. RQ1 DySec\Step 9 DownloadSelectedBenignPackages\Benign_Packages\pysuper-0.2.91.tar.gz,tar,pysuper-0.2.91/setup.py,973,ast,1,1,setuptools
pysurprisal-0.1.0,D:\10. RQ1 DySec\Step 9 DownloadSelectedBenignPackages\Benign_Packages\pysurprisal-0.1.0.tar.gz,tar,pysurprisal-0.1.0/setup.py,1082,ast,2,3,re; setuptools
PySynonym-0.0.9,D:\10. RQ1 DySec\Step 9 DownloadSelectedBenignPackages\Benign_Packages\PySynonym-0.0.9.tar.gz,tar,PySynonym-0.0.9/setup.py,634,ast,1,1,setuptools
pysyte-0.8.71,D:\10. RQ1 DySec\Step 9 DownloadSelectedBenignPackages\Benign_Packages\pysyte-0.8.71.tar.gz,tar,pysyte-0.8.71/setup.py,732,ast,2,2,os; setuptools
pytago-0.0.9,D:\10. RQ1 DySec\Step 9 DownloadSelectedBenignPackages\Benign_Packages\pytago-0.0.9.tar.gz,tar,pytago-0.0.9/setup.py,792,ast,1,1,distutils
pytailer-0.1.0,D:\10. RQ1 DySec\Step 9 DownloadSelectedBenignPackages\Benign_Packages\pytailer-0.1.0.tar.gz,tar,pytailer-0.1.0/setup.py,1190,ast,1,1,setuptools
pytalog_base-0.0.1,D:\10. RQ1 DySec\Step 9 DownloadSelectedBenignPackages\Benign_Packages\pytalog_base-0.0.1.tar.gz,tar,pytalog_base-0.0.1/setup.py,831,ast,1,1,setuptools
PyTam-0.3.1,D:\10. RQ1 DySec\Step 9 DownloadSelectedBenignPackages\Benign_Packages\PyTam-0.3.1.tar.gz,tar,PyTam-0.3.1/setup.py,410,ast,1,1,distutils
pytar-0.600,D:\10. RQ1 DySec\Step 9 DownloadSelectedBenignPackages\Benign_Packages\pytar-0.600.tar.gz,tar,pytar-0.600/setup.py,521,ast,2,2,pathlib; setuptools
pytaser-2.3.0,D:\10. RQ1 DySec\Step 9 DownloadSelectedBenignPackages\Benign_Packages\pytaser-2.3.0.tar.gz,tar,pytaser-2.3.0/setup.py,2175,ast,2,2,pathlib; setuptools
pytb-0.0.9,D:\10. RQ1 DySec\Step 9 DownloadSelectedBenignPackages\Benign_Packages\pytb-0.0.9.tar.gz,tar,pytb-0.0.9/setup.py,1225,ast,2,3,pypandoc; setuptools
pytbo-0.1.0,D:\10. RQ1 DySec\Step 9 DownloadSelectedBenignPackages\Benign_Packages\pytbo-0.1.0.tar.gz,tar,pytbo-0.1.0/setup.py,1174,ast,3,3,codecs; pytbo; setuptools
pytc-0.9,D:\10. RQ1 DySec\Step 9 DownloadSelectedBenignPackages\Benign_Packages\pytc-0.9.tar.gz,tar,pytc-0.9/setup.py,1552,regex,5,5,commands; distutils; os; re; sys
pytcolor-1.0.0.1,D:\10. RQ1 DySec\Step 9 DownloadSelectedBenignPackages\Benign_Packages\pytcolor-1.0.0.1.tar.gz,tar,pytcolor-1.0.0.1/setup.py,1561,ast,1,1,setuptools
PyTech-0.6,D:\10. RQ1 DySec\Step 9 DownloadSelectedBenignPackages\Benign_Packages\PyTech-0.6.tar.gz,tar,PyTech-0.6/setup.py,381,ast,1,1,setuptools
pyterato-0.6.0,D:\10. RQ1 DySec\Step 9 DownloadSelectedBenignPackages\Benign_Packages\pyterato-0.6.0.tar.gz,tar,pyterato-0.6.0/setup.py,1662,ast,4,4,codecs; os; pyd; setuptools
pytesseract-0.3.9,D:\10. RQ1 DySec\Step 9 DownloadSelectedBenignPackages\Benign_Packages\pytesseract-0.3.9.tar.gz,tar,pytesseract-0.3.9/setup.py,39,ast,1,1,setuptools
pytest-asyncio-0.9.0,D:\10. RQ1 DySec\Step 9 DownloadSelectedBenignPackages\Benign_Packages\pytest-asyncio-0.9.0.tar.gz,tar,pytest-asyncio-0.9.0/setup.py,1517,ast,3,3,pathlib; re; setuptools
pytest-cov-5.0.0,D:\10. RQ1 DySec\Step 9 DownloadSelectedBenignPackages\Benign_Packages\pytest-cov-5.0.0.tar.gz,tar,pytest-cov-5.0.0/examples/adhoc-layout/setup.py,145,ast,1,2,setuptools
pytest-cov-5.0.0,D:\10. RQ1 DySec\Step 9 DownloadSelectedBenignPackages\Benign_Packages\pytest-cov-5.0.0.tar.gz,tar,pytest-cov-5.0.0/examples/src-layout/setup.py,160,ast,1,2,setuptools
pytest-cov-5.0.0,D:\10. RQ1 DySec\Step 9 DownloadSelectedBenignPackages\Benign_Packages\pytest-cov-5.0.0.tar.gz,tar,pytest-cov-5.0.0/setup.py,4918,ast,5,11,distutils; itertools; pathlib; re; setuptools
pytest-jasmine-0.0.2,D:\10. RQ1 DySec\Step 9 DownloadSelectedBenignPackages\Benign_Packages\pytest-jasmine-0.0.2.tar.gz,tar,pytest-jasmine-0.0.2/setup.py,1054,ast,1,1,setuptools
pytest-minecraft-0.2.0,D:\10. RQ1 DySec\Step 9 DownloadSelectedBenignPackages\Benign_Packages\pytest-minecraft-0.2.0.tar.gz,tar,pytest-minecraft-0.2.0/setup.py,3881,ast,1,1,setuptools
pytest-param-0.1.1,D:\10. RQ1 DySec\Step 9 DownloadSelectedBenignPackages\Benign_Packages\pytest-param-0.1.1.tar.gz,tar,pytest-param-0.1.1/setup.py,1365,ast,1,1,setuptools
pytest-pusher-0.0.3,D:\10. RQ1 DySec\Step 9 DownloadSelectedBenignPackages\Benign_Packages\pytest-pusher-0.0.3.tar.gz,tar,pytest-pusher-0.0.3/setup.py,1617,ast,1,1,setuptools
pytest-random-0.02,D:\10. RQ1 DySec\Step 9 DownloadSelectedBenignPackages\Benign_Packages\pytest-random-0.02.tar.gz,tar,pytest-random-0.02/setup.py,1350,ast,2,2,os; setuptools
pytest-study-0.14,D:\10. RQ1 DySec\Step 9 DownloadSelectedBenignPackages\Benign_Packages\pytest-study-0.14.tar.gz,tar,pytest-study-0.14/setup.py,1055,ast,2,2,os; setuptools
pytest-vcrpandas-0.0.2,D:\10. RQ1 DySec\Step 9 DownloadSelectedBenignPackages\Benign_Packages\pytest-vcrpandas-0.0.2.tar.gz,tar,pytest-vcrpandas-0.0.2/setup.py,81,ast,1,1,setuptools
pytest-virtualenv-1.7.0,D:\10. RQ1 DySec\Step 9 DownloadSelectedBenignPackages\Benign_Packages\pytest-virtualenv-1.7.0.tar.gz,tar,pytest-virtualenv-1.7.0/setup.py,1567,ast,4,4,common_setup; os; setuptools; sys
pytest-zafira-1.0.3,D:\10. RQ1 DySec\Step 9 DownloadSelectedBenignPackages\Benign_Packages\pytest-zafira-1.0.3.tar.gz,tar,pytest-zafira-1.0.3/setup.py,2371,ast,3,3,codecs; os; setuptools
pytest_encode-1.0.1,D:\10. RQ1 DySec\Step 9 DownloadSelectedBenignPackages\Benign_Packages\pytest_encode-1.0.1.tar.gz,tar,pytest_encode-1.0.1/setup.py,1169,ast,1,1,setuptools
pytest_encode_kane-1.0,D:\10. RQ1 DySec\Step 9 DownloadSelectedBenignPackages\Benign_Packages\pytest_encode_kane-1.0.tar.gz,tar,pytest_encode_kane-1.0/setup.py,1134,ast,1,1,setuptools
pytest_httpx-0.9.0,D:\10. RQ1 DySec\Step 9 DownloadSelectedBenignPackages\Benign_Packages\pytest_httpx-0.9.0.tar.gz,tar,pytest_httpx-0.9.0/setup.py,2140,ast,2,2,os; setuptools
pytest_testrail_appetize-1.0.2,D:\10. RQ1 DySec\Step 9 DownloadSelectedBenignPackages\Benign_Packages\pytest_testrail_appetize-1.0.2.tar.gz,tar,pytest_testrail_appetize-1.0.2/setup.py,881,ast,1,1,setuptools
pytg-0.4.9,D:\10. RQ1 DySec\Step 9 DownloadSelectedBenignPackages\Benign_Packages\pytg-0.4.9.tar.gz,tar,pytg-0.4.9/setup.py,3896,ast,1,1,setuptools
pythagoras-0.10.56,D:\10. RQ1 DySec\Step 9 DownloadSelectedBenignPackages\Benign_Packages\pythagoras-0.10.56.tar.gz,tar,pythagoras-0.10.56/setup.py,1918,ast,1,1,setuptools
PyTheme-0.1.1,D:\10. RQ1 DySec\Step 9 DownloadSelectedBenignPackages\Benign_Packages\PyTheme-0.1.1.tar.gz,tar,PyTheme-0.1.1/setup.py,3956,ast,5,5,io; os; setuptools; shutil; sys
pythk-0.2.0,D:\10. RQ1 DySec\Step 9 DownloadSelectedBenignPackages\Benign_Packages\pythk-0.2.0.tar.gz,tar,pythk-0.2.0/setup.py,491,ast,1,1,distutils
pythlete-1.0.0,D:\10. RQ1 DySec\Step 9 DownloadSelectedBenignPackages\Benign_Packages\pythlete-1.0.0.tar.gz,tar,pythlete-1.0.0/setup.py,485,ast,1,1,setuptools
pytho-0.0.1,D:\10. RQ1 DySec\Step 9 DownloadSelectedBenignPackages\Benign_Packages\pytho-0.0.1.tar.gz,tar,pytho-0.0.1/setup.py,373,ast,1,1,setuptools
pythocrypt-0.4,D:\10. RQ1 DySec\Step 9 DownloadSelectedBenignPackages\Benign_Packages\pythocrypt-0.4.tar.gz,tar,pythocrypt-0.4/setup.py,910,ast,1,1,setuptools
pythoms-2.2.8,D:\10. RQ1 DySec\Step 9 DownloadSelectedBenignPackages\Benign_Packages\pythoms-2.2.8.tar.gz,tar,pythoms-2.2.8/setup.py,1695,ast,2,2,pythoms; setuptools
python-args-1.0.2,D:\10. RQ1 DySec\Step 9 DownloadSelectedBenignPackages\Benign_Packages\python-args-1.0.2.tar.gz,tar,python-args-1.0.2/setup.py,2693,ast,1,1,setuptools
python-backend-0.0.1,D:\10. RQ1 DySec\Step 9 DownloadSelectedBenignPackages\Benign_Packages\python-backend-0.0.1.tar.gz,tar,python-backend-0.0.1/setup.py,421,ast,2,2,os; setuptools
python-bbscraper-1.0.1,D:\10. RQ1 DySec\Step 9 DownloadSelectedBenignPackages\Benign_Packages\python-bbscraper-1.0.1.tar.gz,tar,python-bbscraper-1.0.1/setup.py,125,ast,1,1,distutils
python-binance-1.0.9,D:\10. RQ1 DySec\Step 9 DownloadSelectedBenignPackages\Benign_Packages\python-binance-1.0.9.tar.gz,tar,python-binance-1.0.9/setup.py,1503,ast,4,4,codecs; os; re; setuptools
python-binance2-1.0.13,D:\10. RQ1 DySec\Step 9 DownloadSelectedBenignPackages\Benign_Packages\python-binance2-1.0.13.tar.gz,tar,python-binance2-1.0.13/setup.py,1501,ast,4,4,codecs; os; re; setuptools
python-bingx-1.0.0,D:\10. RQ1 DySec\Step 9 DownloadSelectedBenignPackages\Benign_Packages\python-bingx-1.0.0.tar.gz,tar,python-bingx-1.0.0/setup.py,1238,ast,2,2,os; setuptools
python-colors-linux-0.3,D:\10. RQ1 DySec\Step 9 DownloadSelectedBenignPackages\Benign_Packages\python-colors-linux-0.3.tar.gz,tar,python-colors-linux-0.3/setup.py,38,ast,1,1,setuptools
python-colourlovers-0.1.1,D:\10. RQ1 DySec\Step 9 DownloadSelectedBenignPackages\Benign_Packages\python-colourlovers-0.1.1.tar.gz,tar,python-colourlovers-0.1.1/setup.py,1850,ast,1,1,setuptools
python-commonkit-1.9.2,D:\10. RQ1 DySec\Step 9 DownloadSelectedBenignPackages\Benign_Packages\python-commonkit-1.9.2.tar.gz,tar,python-commonkit-1.9.2/setup.py,2890,ast,1,1,setuptools
python-consul2-0.1.5,D:\10. RQ1 DySec\Step 9 DownloadSelectedBenignPackages\Benign_Packages\python-consul2-0.1.5.tar.gz,tar,python-consul2-0.1.5/setup.py,2295,ast,6,8,glob; os; pytest; re; setuptools; sys
python-controlchart-0.2.0,D:\10. RQ1 DySec\Step 9 DownloadSelectedBenignPackages\Benign_Packages\python-controlchart-0.2.0.tar.gz,tar,python-controlchart-0.2.0/setup.py,1471,ast,1,1,setuptools
python-core-0.1.2,D:\10. RQ1 DySec\Step 9 DownloadSelectedBenignPackages\Benign_Packages\python-core-0.1.2.tar.gz,tar,python-core-0.1.2/setup.py,3827,ast,1,1,setuptools
python-cryptobox-0.1.1,D:\10. RQ1 DySec\Step 9 DownloadSelectedBenignPackages\Benign_Packages\python-cryptobox-0.1.1.tar.gz,tar,python-cryptobox-0.1.1/setup.py,4115,ast,5,5,io; os; setuptools; shutil; sys
python-cryptochart-0.0.2,D:\10. RQ1 DySec\Step 9 DownloadSelectedBenignPackages\Benign_Packages\python-cryptochart-0.0.2.tar.gz,tar,python-cryptochart-0.0.2/setup.py,1503,ast,3,3,distutils; os; setuptools
python-dateutil-2.9.0.post0,D:\10. RQ1 DySec\Step 9 DownloadSelectedBenignPackages\Benign_Packages\python-dateutil-2.9.0.post0.tar.gz,tar,python-dateutil-2.9.0.post0/setup.py,1375,ast,6,9,distutils; io; os; setuptools; sys; warnings
python-dotenv-1.0.1,D:\10. RQ1 DySec\Step 9 DownloadSelectedBenignPackages\Benign_Packages\python-dotenv-1.0.1.tar.gz,tar,python-dotenv-1.0.1/setup.py,2010,ast,1,1,setuptools
Python-DRL-1.0.1,D:\10. RQ1 DySec\Step 9 DownloadSelectedBenignPackages\Benign_Packages\Python-DRL-1.0.1.tar.gz,tar,Python-DRL-1.0.1/setup.py,938,ast,1,1,setuptools
python-flare-0.0.1,D:\10. RQ1 DySec\Step 9 DownloadSelectedBenignPackages\Benign_Packages\python-flare-0.0.1.tar.gz,tar,python-flare-0.0.1/setup.py,675,ast,1,1,setuptools
python-fontbro-0.9.1,D:\10. RQ1 DySec\Step 9 DownloadSelectedBenignPackages\Benign_Packages\python-fontbro-0.9.1.tar.gz,tar,python-fontbro-0.9.1/setup.py,2928,ast,2,2,os; setuptools
python-ftx-0.1.2,D:\10. RQ1 DySec\Step 9 DownloadSelectedBenignPackages\Benign_Packages\python-ftx-0.1.2.tar.gz,tar,python-ftx-0.1.2/setup.py,629,ast,3,3,__future__; setuptools; sys
python-gflags-3.1.2,D:\10. RQ1 DySec\Step 9 DownloadSelectedBenignPackages\Benign_Packages\python-gflags-3.1.2.tar.gz,tar,python-gflags-3.1.2/setup.py,2445,ast,1,1,distutils
python-graylog-0.3.0,D:\10. RQ1 DySec\Step 9 DownloadSelectedBenignPackages\Benign_Packages\python-graylog-0.3.0.tar.gz,tar,python-graylog-0.3.0/setup.py,3341,ast,8,9,codecs; os; pylint; pytest; re; setuptools; shlex; sys
python-hydra-1.3.1,D:\10. RQ1 DySec\Step 9 DownloadSelectedBenignPackages\Benign_Packages\python-hydra-1.3.1.tar.gz,tar,python-hydra-1.3.1/setup.py,840,ast,2,2,pathlib; setuptools
python-ibc-0.2.0a1,D:\10. RQ1 DySec\Step 9 DownloadSelectedBenignPackages\Benign_Packages\python-ibc-0.2.0a1.tar.gz,tar,python-ibc-0.2.0a1/setup.py,1878,ast,3,3,distutils; setuptools; sys
python-install-0.0.3,D:\10. RQ1 DySec\Step 9 DownloadSelectedBenignPackages\Benign_Packages\python-install-0.0.3.tar.gz,tar,python-install-0.0.3/setup.py,62,ast,1,1,setuptools
python-json-logger-2.0.7,D:\10. RQ1 DySec\Step 9 DownloadSelectedBenignPackages\Benign_Packages\python-json-logger-2.0.7.tar.gz,tar,python-json-logger-2.0.7/setup.py,1570,ast,2,2,os; setuptools
python-migrate-tool-0.7.4,D:\10. RQ1 DySec\Step 9 DownloadSelectedBenignPackages\Benign_Packages\python-migrate-tool-0.7.4.tar.gz,tar,python-migrate-tool-0.7.4/setup.py,1364,ast,1,1,setuptools
python-nmap-0.7.1,D:\10. RQ1 DySec\Step 9 DownloadSelectedBenignPackages\Benign_Packages\python-nmap-0.7.1.tar.gz,tar,python-nmap-0.7.1/setup.py,2295,ast,4,4,codecs; distutils; nmap; os
python-openetl-1.4.1,D:\10. RQ1 DySec\Step 9 DownloadSelectedBenignPackages\Benign_Packages\python-openetl-1.4.1.tar.gz,tar,python-openetl-1.4.1/setup.py,604,ast,1,1,setuptools
python-otr-1.2.2,D:\10. RQ1 DySec\Step 9 DownloadSelectedBenignPackages\Benign_Packages\python-otr-1.2.2.tar.gz,tar,python-otr-1.2.2/setup.py,1653,ast,2,2,distutils; os
python-paypal-api-0.1.2,D:\10. RQ1 DySec\Step 9 DownloadSelectedBenignPackages\Benign_Packages\python-paypal-api-0.1.2.tar.gz,tar,python-paypal-api-0.1.2/setup.py,1908,ast,4,4,os; pathlib; setuptools; sys
python-randomword-1.0.3,D:\10. RQ1 DySec\Step 9 DownloadSelectedBenignPackages\Benign_Packages\python-randomword-1.0.3.tar.gz,tar,python-randomword-1.0.3/setup.py,398,ast,1,1,setuptools
python-rs-0.1.0,D:\10. RQ1 DySec\Step 9 DownloadSelectedBenignPackages\Benign_Packages\python-rs-0.1.0.tar.gz,tar,python-rs-0.1.0/setup.py,1703,ast,3,3,io; re; setuptools
python-slugify-8.0.4,D:\10. RQ1 DySec\Step 9 DownloadSelectedBenignPackages\Benign_Packages\python-slugify-8.0.4.tar.gz,tar,python-slugify-8.0.4/setup.py,2592,ast,5,5,codecs; os; setuptools; shutil; sys
python-sqlite-cache-0.0.2,D:\10. RQ1 DySec\Step 9 DownloadSelectedBenignPackages\Benign_Packages\python-sqlite-cache-0.0.2.tar.gz,tar,python-sqlite-cache-0.0.2/setup.py,1108,ast,3,3,setuptools; sqlite_cache; sys
python-stingray-0.1.1,D:\10. RQ1 DySec\Step 9 DownloadSelectedBenignPackages\Benign_Packages\python-stingray-0.1.1.tar.gz,tar,python-stingray-0.1.1/setup.py,1731,ast,4,4,os; setuptools; stingray; sys
python-streamtools-0.1.1,D:\10. RQ1 DySec\Step 9 DownloadSelectedBenignPackages\Benign_Packages\python-streamtools-0.1.1.tar.gz,tar,python-streamtools-0.1.1/setup.py,980,ast,1,1,setuptools
python-supporter-0.0.9,D:\10. RQ1 DySec\Step 9 DownloadSelectedBenignPackages\Benign_Packages\python-supporter-0.0.9.tar.gz,tar,python-supporter-0.0.9/setup.py,600,ast,2,2,os; setuptools
python-svlog-0.1.0,D:\10. RQ1 DySec\Step 9 DownloadSelectedBenignPackages\Benign_Packages\python-svlog-0.1.0.tar.gz,tar,python-svlog-0.1.0/setup.py,3433,ast,4,5,codecs; fnmatch; os; setuptools
python-telegram-0.9.0,D:\10. RQ1 DySec\Step 9 DownloadSelectedBenignPackages\Benign_Packages\python-telegram-0.9.0.tar.gz,tar,python-telegram-0.9.0/setup.py,781,ast,3,3,distutils; os; re
python-telegram-payment-bot-11.1.2,D:\10. RQ1 DySec\Step 9 DownloadSelectedBenignPackages\Benign_Packages\python-telegram-payment-bot-11.1.2.tar.gz,tar,python-telegram-payment-bot-11.1.2/setup.py,2121,ast,3,3,codecs; os; setuptools
python-timetools-1.0.3,D:\10. RQ1 DySec\Step 9 DownloadSelectedBenignPackages\Benign_Packages\python-timetools-1.0.3.tar.gz,tar,python-timetools-1.0.3/setup.py,794,ast,1,1,setuptools
python-ultramemcached-0.0.4,D:\10. RQ1 DySec\Step 9 DownloadSelectedBenignPackages\Benign_Packages\python-ultramemcached-0.0.4.tar.gz,tar,python-ultramemcached-0.0.4/setup.py,906,ast,1,1,setuptools
python-utils-3.8.2,D:\10. RQ1 DySec\Step 9 DownloadSelectedBenignPackages\Benign_Packages\python-utils-3.8.2.tar.gz,tar,python-utils-3.8.2/setup.py,1603,ast,3,3,os; setuptools; typing
python-wrapper-0.1.0,D:\10. RQ1 DySec\Step 9 DownloadSelectedBenignPackages\Benign_Packages\python-wrapper-0.1.0.tar.gz,tar,python-wrapper-0.1.0/setup.py,2237,ast,5,5,codecs; os; python_wrapper; setuptools; subprocess
python-xlib-0.33,D:\10. RQ1 DySec\Step 9 DownloadSelectedBenignPackages\Benign_Packages\python-xlib-0.33.tar.gz,tar,python-xlib-0.33/setup.py,637,ast,2,2,pkg_resources; setuptools
python2C-0.0.1,D:\10. RQ1 DySec\Step 9 DownloadSelectedBenignPackages\Benign_Packages\python2C-0.0.1.tar.gz,tar,python2C-0.0.1/setup.py,184,ast,1,1,setuptools
python3-fanart-2.0.0,D:\10. RQ1 DySec\Step 9 DownloadSelectedBenignPackages\Benign_Packages\python3-fanart-2.0.0.tar.gz,tar,python3-fanart-2.0.0/setup.py,1124,ast,3,3,os; setuptools; sys
python3-utils-0.4.0,D:\10. RQ1 DySec\Step 9 DownloadSelectedBenignPackages\Benign_Packages\python3-utils-0.4.0.tar.gz,tar,python3-utils-0.4.0/setup.py,1840,ast,3,3,multiprocessing; re; setuptools
python3-xid-1.0.5,D:\10. RQ1 DySec\Step 9 DownloadSelectedBenignPackages\Benign_Packages\python3-xid-1.0.5.tar.gz,tar,python3-xid-1.0.5/setup.py,595,ast,2,2,os; setuptools
python_1inch-0.0.2,D:\10. RQ1 DySec\Step 9 DownloadSelectedBenignPackages\Benign_Packages\python_1inch-0.0.2.tar.gz,tar,python_1inch-0.0.2/setup.py,899,ast,1,1,setuptools
python_cyber-0.0.5,D:\10. RQ1 DySec\Step 9 DownloadSelectedBenignPackages\Benign_Packages\python_cyber-0.0.5.tar.gz,tar,python_cyber-0.0.5/setup.py,1938,ast,1,1,setuptools
python_ftp_server-1.3.9,D:\10. RQ1 DySec\Step 9 DownloadSelectedBenignPackages\Benign_Packages\python_ftp_server-1.3.9.tar.gz,tar,python_ftp_server-1.3.9/setup.py,37,ast,1,1,setuptools
python_lib-0.1.0,D:\10. RQ1 DySec\Step 9 DownloadSelectedBenignPackages\Benign_Packages\python_lib-0.1.0.tar.gz,tar,python_lib-0.1.0/setup.py,3808,ast,5,5,io; os; setuptools; shutil; sys
python_runtime-24.3.27,D:\10. RQ1 DySec\Step 9 DownloadSelectedBenignPackages\Benign_Packages\python_runtime-24.3.27.tar.gz,tar,python_runtime-24.3.27/setup.py,465,ast,1,1,setuptools
python_splitter-0.0.3,D:\10. RQ1 DySec\Step 9 DownloadSelectedBenignPackages\Benign_Packages\python_splitter-0.0.3.tar.gz,tar,python_splitter-0.0.3/setup.py,796,ast,1,1,setuptools
python_ufile-1.0.9,D:\10. RQ1 DySec\Step 9 DownloadSelectedBenignPackages\Benign_Packages\python_ufile-1.0.9.tar.gz,tar,python_ufile-1.0.9/setup.py,50,ast,1,1,setuptools
pythonav-0.1.0a1,D:\10. RQ1 DySec\Step 9 DownloadSelectedBenignPackages\Benign_Packages\pythonav-0.1.0a1.tar.gz,tar,pythonav-0.1.0a1/setup.py,7160,ast,10,11,Cython; argparse; os; pathlib; platform; re; setuptools; shlex; subprocess; sys
pythoncn-0.1.0,D:\10. RQ1 DySec\Step 9 DownloadSelectedBenignPackages\Benign_Packages\pythoncn-0.1.0.tar.gz,tar,pythoncn-0.1.0/setup.py,1093,ast,2,3,os; setuptools
pythoncoin-2.0.3,D:\10. RQ1 DySec\Step 9 DownloadSelectedBenignPackages\Benign_Packages\pythoncoin-2.0.3.tar.gz,tar,pythoncoin-2.0.3/setup.py,2072,ast,2,2,pathlib; setuptools
PythonColorize-0.2,D:\10. RQ1 DySec\Step 9 DownloadSelectedBenignPackages\Benign_Packages\PythonColorize-0.2.tar.gz,tar,PythonColorize-0.2/setup.py,2102,ast,1,1,distutils
PythonColouring-0.1,D:\10. RQ1 DySec\Step 9 DownloadSelectedBenignPackages\Benign_Packages\PythonColouring-0.1.tar.gz,tar,PythonColouring-0.1/PythonColouring/setup.py,867,ast,1,1,setuptools
pythoncolouringsmodsV2-1.0.2,D:\10. RQ1 DySec\Step 9 DownloadSelectedBenignPackages\Benign_Packages\pythoncolouringsmodsV2-1.0.2.tar.gz,tar,pythoncolouringsmodsV2-1.0.2/setup.py,563,ast,1,1,setuptools
PythonCrypto-1.1,D:\10. RQ1 DySec\Step 9 DownloadSelectedBenignPackages\Benign_Packages\PythonCrypto-1.1.tar.gz,tar,PythonCrypto-1.1/setup.py,941,ast,1,1,setuptools
pythongram-0.1.0,D:\10. RQ1 DySec\Step 9 DownloadSelectedBenignPackages\Benign_Packages\pythongram-0.1.0.tar.gz,tar,pythongram-0.1.0/setup.py,856,ast,1,1,setuptools
pythonproject-1.0.0,D:\10. RQ1 DySec\Step 9 DownloadSelectedBenignPackages\Benign_Packages\pythonproject-1.0.0.tar.gz,tar,pythonproject-1.0.0/setup.py,525,ast,2,2,distutils; os
pythons-0.1.1,D:\10. RQ1 DySec\Step 9 DownloadSelectedBenignPackages\Benign_Packages\pythons-0.1.1.tar.gz,tar,pythons-0.1.1/setup.py,1553,ast,1,1,setuptools
pythonscriptoperations-0.1.1,D:\10. RQ1 DySec\Step 9 DownloadSelectedBenignPackages\Benign_Packages\pythonscriptoperations-0.1.1.tar.gz,tar,pythonscriptoperations-0.1.1/setup.py,952,ast,1,1,setuptools
pythontemplatepackage-0.0.6,D:\10. RQ1 DySec\Step 9 DownloadSelectedBenignPackages\Benign_Packages\pythontemplatepackage-0.0.6.tar.gz,tar,pythontemplatepackage-0.0.6/setup.py,925,ast,1,1,setuptools
PythonTsa-1.4.8,D:\10. RQ1 DySec\Step 9 DownloadSelectedBenignPackages\Benign_Packages\PythonTsa-1.4.8.tar.gz,tar,PythonTsa-1.4.8/setup.py,848,ast,1,1,setuptools
pythools-0.2,D:\10. RQ1 DySec\Step 9 DownloadSelectedBenignPackages\Benign_Packages\pythools-0.2.tar.gz,tar,pythools-0.2/setup.py,4925,ast,6,6,codecs; distutils; fnmatch; os; setuptools; sys
pythttp-0.2.1,D:\10. RQ1 DySec\Step 9 DownloadSelectedBenignPackages\Benign_Packages\pythttp-0.2.1.tar.gz,tar,pythttp-0.2.1/setup.py,634,ast,1,1,setuptools
PythU-0.1.dev0,D:\10. RQ1 DySec\Step 9 DownloadSelectedBenignPackages\Benign_Packages\PythU-0.1.dev0.tar.gz,tar,PythU-0.1.dev0/setup.py,191,ast,1,1,distutils
pythub-0.1.2,D:\10. RQ1 DySec\Step 9 DownloadSelectedBenignPackages\Benign_Packages\pythub-0.1.2.tar.gz,tar,pythub-0.1.2/pythub/setup.py,809,ast,1,1,setuptools
PyTic-0.0.4,D:\10. RQ1 DySec\Step 9 DownloadSelectedBenignPackages\Benign_Packages\PyTic-0.0.4.tar.gz,tar,PyTic-0.0.4/setup.py,1081,ast,2,3,setuptools; subprocess
pytidylib-0.3.2,D:\10. RQ1 DySec\Step 9 DownloadSelectedBenignPackages\Benign_Packages\pytidylib-0.3.2.tar.gz,tar,pytidylib-0.3.2/setup.py,3727,ast,1,1,distutils
pytigon-0.240722,D:\10. RQ1 DySec\Step 9 DownloadSelectedBenignPackages\Benign_Packages\pytigon-0.240722.tar.gz,tar,pytigon-0.240722/pytigon/prj/schpytigondemo/interfaces/applib/setuptools_add/setup.py,387,ast,1,2,setuptools
pytigon-0.240722,D:\10. RQ1 DySec\Step 9 DownloadSelectedBenignPackages\Benign_Packages\pytigon-0.240722.tar.gz,tar,pytigon-0.240722/setup.py,2629,ast,2,2,os; setuptools
pytiles-0.0.3,D:\10. RQ1 DySec\Step 9 DownloadSelectedBenignPackages\Benign_Packages\pytiles-0.0.3.tar.gz,tar,pytiles-0.0.3/setup.py,634,ast,2,2,distutils; setuptools
pytilesrv-0.1,D:\10. RQ1 DySec\Step 9 DownloadSelectedBenignPackages\Benign_Packages\pytilesrv-0.1.tar.gz,tar,pytilesrv-0.1/setup.py,822,ast,1,1,setuptools
pytio-0.3.1,D:\10. RQ1 DySec\Step 9 DownloadSelectedBenignPackages\Benign_Packages\pytio-0.3.1.tar.gz,tar,pytio-0.3.1/setup.py,1747,ast,2,2,pytio; setuptools
pytion-1.3.5,D:\10. RQ1 DySec\Step 9 DownloadSelectedBenignPackages\Benign_Packages\pytion-1.3.5.tar.gz,tar,pytion-1.3.5/setup.py,1131,ast,1,1,setuptools
pytire-0.4.1,D:\10. RQ1 DySec\Step 9 DownloadSelectedBenignPackages\Benign_Packages\pytire-0.4.1.tar.gz,tar,pytire-0.4.1/setup.py,2086,ast,1,1,setuptools
pytitler-1.0.2,D:\10. RQ1 DySec\Step 9 DownloadSelectedBenignPackages\Benign_Packages\pytitler-1.0.2.tar.gz,tar,pytitler-1.0.2/setup.py,1033,ast,3,3,codecs; os; setuptools
pytl-0.2.4,D:\10. RQ1 DySec\Step 9 DownloadSelectedBenignPackages\Benign_Packages\pytl-0.2.4.tar.gz,tar,pytl-0.2.4/setup.py,1307,ast,2,2,os; setuptools
pytn-1.2,D:\10. RQ1 DySec\Step 9 DownloadSelectedBenignPackages\Benign_Packages\pytn-1.2.tar.gz,tar,pytn-1.2/setup.py,1009,ast,3,3,filemod; pytn; setuptools
pytoc-0.0.3,D:\10. RQ1 DySec\Step 9 DownloadSelectedBenignPackages\Benign_Packages\pytoc-0.0.3.tar.gz,tar,pytoc-0.0.3/setup.py,696,ast,1,1,setuptools
pytohm-0.6,D:\10. RQ1 DySec\Step 9 DownloadSelectedBenignPackages\Benign_Packages\pytohm-0.6.tar.gz,tar,pytohm-0.6/setup.py,1138,ast,2,2,distutils; setuptools
pytoil-0.9.0,D:\10. RQ1 DySec\Step 9 DownloadSelectedBenignPackages\Benign_Packages\pytoil-0.9.0.tar.gz,tar,pytoil-0.9.0/setup.py,4580,ast,1,1,setuptools
pytojs-0.1,D:\10. RQ1 DySec\Step 9 DownloadSelectedBenignPackages\Benign_Packages\pytojs-0.1.tar.gz,tar,pytojs-0.1/setup.py,1377,ast,2,2,distutils; setuptools
pytoloka-0.1.0,D:\10. RQ1 DySec\Step 9 DownloadSelectedBenignPackages\Benign_Packages\pytoloka-0.1.0.tar.gz,tar,pytoloka-0.1.0/setup.py,531,ast,1,1,setuptools
pytonlib-0.0.9,D:\10. RQ1 DySec\Step 9 DownloadSelectedBenignPackages\Benign_Packages\pytonlib-0.0.9.tar.gz,tar,pytonlib-0.0.9/setup.py,1366,ast,2,3,os; setuptools
pytoolbelt_cli-0.6.0,D:\10. RQ1 DySec\Step 9 DownloadSelectedBenignPackages\Benign_Packages\pytoolbelt_cli-0.6.0.tar.gz,tar,pytoolbelt_cli-0.6.0/setup.py,198,ast,1,1,setuptools
pytoolkitpro-0.0.3,D:\10. RQ1 DySec\Step 9 DownloadSelectedBenignPackages\Benign_Packages\pytoolkitpro-0.0.3.tar.gz,tar,pytoolkitpro-0.0.3/setup.py,3583,ast,5,5,io; os; setuptools; shutil; sys
pytools-command-0.9.0,D:\10. RQ1 DySec\Step 9 DownloadSelectedBenignPackages\Benign_Packages\pytools-command-0.9.0.tar.gz,tar,pytools-command-0.9.0/setup.py,1230,ast,3,3,codecs; os; setuptools
pytoon-1.4.2,D:\10. RQ1 DySec\Step 9 DownloadSelectedBenignPackages\Benign_Packages\pytoon-1.4.2.tar.gz,tar,pytoon-1.4.2/setup.py,1137,ast,2,2,pathlib; setuptools
pytor-0.1.9,D:\10. RQ1 DySec\Step 9 DownloadSelectedBenignPackages\Benign_Packages\pytor-0.1.9.tar.gz,tar,pytor-0.1.9/setup.py,804,ast,1,1,setuptools
pytorch-1.0.2,D:\10. RQ1 DySec\Step 9 DownloadSelectedBenignPackages\Benign_Packages\pytorch-1.0.2.tar.gz,tar,pytorch-1.0.2/setup.py,558,ast,3,3,distutils; sys; webbrowser
pytorch-land-0.1.6,D:\10. RQ1 DySec\Step 9 DownloadSelectedBenignPackages\Benign_Packages\pytorch-land-0.1.6.tar.gz,tar,pytorch-land-0.1.6/setup.py,513,ast,2,2,pathlib; setuptools
pytorch-perf-0.0.3,D:\10. RQ1 DySec\Step 9 DownloadSelectedBenignPackages\Benign_Packages\pytorch-perf-0.0.3.tar.gz,tar,pytorch-perf-0.0.3/setup.py,1671,ast,3,3,pathlib; re; setuptools
pytorchbp-0.0.8,D:\10. RQ1 DySec\Step 9 DownloadSelectedBenignPackages\Benign_Packages\pytorchbp-0.0.8.tar.gz,tar,pytorchbp-0.0.8/setup.py,612,ast,2,3,os; setuptools
pytorchcv-0.0.9,D:\10. RQ1 DySec\Step 9 DownloadSelectedBenignPackages\Benign_Packages\pytorchcv-0.0.9.tar.gz,tar,pytorchcv-0.0.9/setup.py,1158,ast,3,3,io; os; setuptools
pytorm-0.1.1,D:\10. RQ1 DySec\Step 9 DownloadSelectedBenignPackages\Benign_Packages\pytorm-0.1.1.tar.gz,tar,pytorm-0.1.1/setup.py,1131,ast,1,1,setuptools
pytorus-0.0.3,D:\10. RQ1 DySec\Step 9 DownloadSelectedBenignPackages\Benign_Packages\pytorus-0.0.3.tar.gz,tar,pytorus-0.0.3/setup.py,1896,ast,2,2,pathlib; setuptools
PyToxme-0.0.2,D:\10. RQ1 DySec\Step 9 DownloadSelectedBenignPackages\Benign_Packages\PyToxme-0.0.2.tar.gz,tar,PyToxme-0.0.2/setup.py,1899,ast,4,7,glob; os; setuptools; shutil
pytprot-1.0.1,D:\10. RQ1 DySec\Step 9 DownloadSelectedBenignPackages\Benign_Packages\pytprot-1.0.1.tar.gz,tar,pytprot-1.0.1/setup.py,815,ast,2,2,distutils; setuptools
pytrace-0.2.4,D:\10. RQ1 DySec\Step 9 DownloadSelectedBenignPackages\Benign_Packages\pytrace-0.2.4.tar.gz,tar,pytrace-0.2.4/setup.py,1962,ast,2,2,distutils; setuptools
pytracertool-2.0.4,D:\10. RQ1 DySec\Step 9 DownloadSelectedBenignPackages\Benign_Packages\pytracertool-2.0.4.tar.gz,tar,pytracertool-2.0.4/setup.py,877,ast,1,1,setuptools
pytrademonster-0.11,D:\10. RQ1 DySec\Step 9 DownloadSelectedBenignPackages\Benign_Packages\pytrademonster-0.11.tar.gz,tar,pytrademonster-0.11/setup.py,474,ast,1,1,setuptools
pytrait-0.0.3,D:\10. RQ1 DySec\Step 9 DownloadSelectedBenignPackages\Benign_Packages\pytrait-0.0.3.tar.gz,tar,pytrait-0.0.3/setup.py,1089,ast,1,1,setuptools
pytranscode-0.0.0,D:\10. RQ1 DySec\Step 9 DownloadSelectedBenignPackages\Benign_Packages\pytranscode-0.0.0.tar.gz,tar,pytranscode-0.0.0/setup.py,137,ast,1,1,setuptools
pytro-0.1.2,D:\10. RQ1 DySec\Step 9 DownloadSelectedBenignPackages\Benign_Packages\pytro-0.1.2.tar.gz,tar,pytro-0.1.2/setup.py,333,ast,1,1,setuptools
pytron-0.3,D:\10. RQ1 DySec\Step 9 DownloadSelectedBenignPackages\Benign_Packages\pytron-0.3.tar.gz,tar,pytron-0.3/setup.py,1329,ast,4,4,Cython; glob; numpy; setuptools
pytrovich-0.0.4,D:\10. RQ1 DySec\Step 9 DownloadSelectedBenignPackages\Benign_Packages\pytrovich-0.0.4.tar.gz,tar,pytrovich-0.0.4/setup.py,969,ast,2,2,distutils; setuptools
pytsp-0.2.7,D:\10. RQ1 DySec\Step 9 DownloadSelectedBenignPackages\Benign_Packages\pytsp-0.2.7.tar.gz,tar,pytsp-0.2.7/setup.py,1386,ast,1,1,setuptools
pyttrading-1.0.9,D:\10. RQ1 DySec\Step 9 DownloadSelectedBenignPackages\Benign_Packages\pyttrading-1.0.9.tar.gz,tar,pyttrading-1.0.9/setup.py,901,ast,1,1,setuptools
pyttsx3-2.91,D:\10. RQ1 DySec\Step 9 DownloadSelectedBenignPackages\Benign_Packages\pyttsx3-2.91.tar.gz,tar,pyttsx3-2.91/setup.py,1786,ast,2,2,platform; setuptools
pyttt-0.5.4,D:\10. RQ1 DySec\Step 9 DownloadSelectedBenignPackages\Benign_Packages\pyttt-0.5.4.tar.gz,tar,pyttt-0.5.4/setup.py,629,ast,1,1,setuptools
pytu-0.1.5,D:\10. RQ1 DySec\Step 9 DownloadSelectedBenignPackages\Benign_Packages\pytu-0.1.5.tar.gz,tar,pytu-0.1.5/setup.py,2041,ast,1,1,setuptools
pytun-1.0.1,D:\10. RQ1 DySec\Step 9 DownloadSelectedBenignPackages\Benign_Packages\pytun-1.0.1.tar.gz,tar,pytun-1.0.1/setup.py,984,ast,4,4,distutils; os; pytun; setuptools
pytunneling-0.0.2,D:\10. RQ1 DySec\Step 9 DownloadSelectedBenignPackages\Benign_Packages\pytunneling-0.0.2.tar.gz,tar,pytunneling-0.0.2/setup.py,1336,ast,2,2,pytunneling; setuptools
pyturn-0.2.4.1,D:\10. RQ1 DySec\Step 9 DownloadSelectedBenignPackages\Benign_Packages\pyturn-0.2.4.1.tar.gz,tar,pyturn-0.2.4.1/setup.py,635,ast,1,1,setuptools
pytuyapi-ipc-1.0.4,D:\10. RQ1 DySec\Step 9 DownloadSelectedBenignPackages\Benign_Packages\pytuyapi-ipc-1.0.4.tar.gz,tar,pytuyapi-ipc-1.0.4/setup.py,468,ast,2,2,os; setuptools
pytwoch-0.0.5,D:\10. RQ1 DySec\Step 9 DownloadSelectedBenignPackages\Benign_Packages\pytwoch-0.0.5.tar.gz,tar,pytwoch-0.0.5/setup.py,679,ast,1,1,setuptools
pytyler-0.3,D:\10. RQ1 DySec\Step 9 DownloadSelectedBenignPackages\Benign_Packages\pytyler-0.3.zip,zip,pytyler-0.3/setup.py,1141,ast,1,1,setuptools
pytyper-0.1.3,D:\10. RQ1 DySec\Step 9 DownloadSelectedBenignPackages\Benign_Packages\pytyper-0.1.3.tar.gz,tar,pytyper-0.1.3/setup.py,811,ast,1,1,setuptools
pytyping-0.0.1,D:\10. RQ1 DySec\Step 9 DownloadSelectedBenignPackages\Benign_Packages\pytyping-0.0.1.tar.gz,tar,pytyping-0.0.1/setup.py,968,ast,1,1,setuptools
pytypo-0.3.0,D:\10. RQ1 DySec\Step 9 DownloadSelectedBenignPackages\Benign_Packages\pytypo-0.3.0.tar.gz,tar,pytypo-0.3.0/setup.py,1642,ast,4,4,codecs; os; re; setuptools
pytz-2024.2,D:\10. RQ1 DySec\Step 9 DownloadSelectedBenignPackages\Benign_Packages\pytz-2024.2.tar.gz,tar,pytz-2024.2/setup.py,2455,ast,4,5,distutils; os; pytz; setuptools
pytzdata-2020.1,D:\10. RQ1 DySec\Step 9 DownloadSelectedBenignPackages\Benign_Packages\pytzdata-2020.1.tar.gz,tar,pytzdata-2020.1/setup.py,2817,ast,1,1,setuptools
pyu-0.0.1,D:\10. RQ1 DySec\Step 9 DownloadSelectedBenignPackages\Benign_Packages\pyu-0.0.1.tar.gz,tar,pyu-0.0.1/setup.py,1535,ast,2,2,os; setuptools
pyudorandom-1.0.0,D:\10. RQ1 DySec\Step 9 DownloadSelectedBenignPackages\Benign_Packages\pyudorandom-1.0.0.tar.gz,tar,pyudorandom-1.0.0/setup.py,552,ast,3,3,distutils; pyudorandom; setuptools
pyultrasonic-0.1.2,D:\10. RQ1 DySec\Step 9 DownloadSelectedBenignPackages\Benign_Packages\pyultrasonic-0.1.2.tar.gz,tar,pyultrasonic-0.1.2/setup.py,1105,ast,3,3,pyultrasonic; setuptools; sys
pyuninstaller-0.0.1,D:\10. RQ1 DySec\Step 9 DownloadSelectedBenignPackages\Benign_Packages\pyuninstaller-0.0.1.tar.gz,tar,pyuninstaller-0.0.1/setup.py,1885,ast,1,1,setuptools
pyUntis-0.4,D:\10. RQ1 DySec\Step 9 DownloadSelectedBenignPackages\Benign_Packages\pyUntis-0.4.tar.gz,tar,pyUntis-0.4/setup.py,951,ast,1,1,setuptools
pyupdater_http-0.7.0,D:\10. RQ1 DySec\Step 9 DownloadSelectedBenignPackages\Benign_Packages\pyupdater_http-0.7.0.tar.gz,tar,pyupdater_http-0.7.0/setup.py,2810,ast,1,1,setuptools
pyutilib.virtualenv-4.7,D:\10. RQ1 DySec\Step 9 DownloadSelectedBenignPackages\Benign_Packages\pyutilib.virtualenv-4.7.tar.gz,tar,pyutilib.virtualenv-4.7/setup.py,1885,ast,3,3,os; setuptools; sys
pyutilitytool-0.0.1,D:\10. RQ1 DySec\Step 9 DownloadSelectedBenignPackages\Benign_Packages\pyutilitytool-0.0.1.tar.gz,tar,pyutilitytool-0.0.1/setup.py,1488,ast,1,1,setuptools
pyutiltools-0.0.3,D:\10. RQ1 DySec\Step 9 DownloadSelectedBenignPackages\Benign_Packages\pyutiltools-0.0.3.tar.gz,tar,pyutiltools-0.0.3/setup.py,922,ast,1,2,setuptools
pyutrack-0.7.1,D:\10. RQ1 DySec\Step 9 DownloadSelectedBenignPackages\Benign_Packages\pyutrack-0.7.1.tar.gz,tar,pyutrack-0.7.1/setup.py,1656,ast,3,3,os; setuptools; versioneer
pyuvm-3.0.0.dev0,D:\10. RQ1 DySec\Step 9 DownloadSelectedBenignPackages\Benign_Packages\pyuvm-3.0.0.dev0.tar.gz,tar,pyuvm-3.0.0.dev0/setup.py,936,ast,1,1,setuptools
pyvagrant-0.2,D:\10. RQ1 DySec\Step 9 DownloadSelectedBenignPackages\Benign_Packages\pyvagrant-0.2.tar.gz,tar,pyvagrant-0.2/setup.py,1334,ast,5,5,ast; codecs; os; setuptools; sys
pyvagrantfile-0.5.9,D:\10. RQ1 DySec\Step 9 DownloadSelectedBenignPackages\Benign_Packages\pyvagrantfile-0.5.9.tar.gz,tar,pyvagrantfile-0.5.9/setup.py,1973,ast,2,2,setuptools; sys
pyvalidata-0.1.4,D:\10. RQ1 DySec\Step 9 DownloadSelectedBenignPackages\Benign_Packages\pyvalidata-0.1.4.tar.gz,tar,pyvalidata-0.1.4/setup.py,676,ast,1,1,setuptools
pyvcontrold-0.0.9,D:\10. RQ1 DySec\Step 9 DownloadSelectedBenignPackages\Benign_Packages\pyvcontrold-0.0.9.tar.gz,tar,pyvcontrold-0.0.9/setup.py,1031,ast,1,1,setuptools
pyvcontrold-net-2.0.0,D:\10. RQ1 DySec\Step 9 DownloadSelectedBenignPackages\Benign_Packages\pyvcontrold-net-2.0.0.tar.gz,tar,pyvcontrold-net-2.0.0/setup.py,1799,ast,2,2,pathlib; setuptools
pyvgram-0.1.2,D:\10. RQ1 DySec\Step 9 DownloadSelectedBenignPackages\Benign_Packages\pyvgram-0.1.2.tar.gz,tar,pyvgram-0.1.2/setup.py,659,ast,1,1,setuptools
pyvidia-1.0.1,D:\10. RQ1 DySec\Step 9 DownloadSelectedBenignPackages\Benign_Packages\pyvidia-1.0.1.tar.gz,tar,pyvidia-1.0.1/setup.py,1222,ast,3,3,codecs; os; setuptools
pyvieslib-0.8.0,D:\10. RQ1 DySec\Step 9 DownloadSelectedBenignPackages\Benign_Packages\pyvieslib-0.8.0.tar.gz,tar,pyvieslib-0.8.0/setup.py,900,ast,1,1,setuptools
pyVinted-0.4.9,D:\10. RQ1 DySec\Step 9 DownloadSelectedBenignPackages\Benign_Packages\pyVinted-0.4.9.tar.gz,tar,pyVinted-0.4.9/setup.py,1024,ast,1,2,setuptools
pyvirtualname-0.1.2,D:\10. RQ1 DySec\Step 9 DownloadSelectedBenignPackages\Benign_Packages\pyvirtualname-0.1.2.tar.gz,tar,pyvirtualname-0.1.2/setup.py,471,ast,1,1,setuptools
pyvirtualserial-1.1.0,D:\10. RQ1 DySec\Step 9 DownloadSelectedBenignPackages\Benign_Packages\pyvirtualserial-1.1.0.tar.gz,tar,pyvirtualserial-1.1.0/setup.py,731,ast,1,1,setuptools
pyvisauto-1.0.3,D:\10. RQ1 DySec\Step 9 DownloadSelectedBenignPackages\Benign_Packages\pyvisauto-1.0.3.tar.gz,tar,pyvisauto-1.0.3/setup.py,884,ast,1,1,setuptools
pyvisgraph-0.2.1,D:\10. RQ1 DySec\Step 9 DownloadSelectedBenignPackages\Benign_Packages\pyvisgraph-0.2.1.tar.gz,tar,pyvisgraph-0.2.1/setup.py,543,ast,1,1,distutils
pyVivintSky-0.0.2,D:\10. RQ1 DySec\Step 9 DownloadSelectedBenignPackages\Benign_Packages\pyVivintSky-0.0.2.tar.gz,tar,pyVivintSky-0.0.2/setup.py,863,ast,1,1,setuptools
pyvklogin-0.1.3,D:\10. RQ1 DySec\Step 9 DownloadSelectedBenignPackages\Benign_Packages\pyvklogin-0.1.3.tar.gz,tar,pyvklogin-0.1.3/setup.py,6744,ast,3,3,codecs; os; setuptools
pyvndbhttp-0.1.1,D:\10. RQ1 DySec\Step 9 DownloadSelectedBenignPackages\Benign_Packages\pyvndbhttp-0.1.1.tar.gz,tar,pyvndbhttp-0.1.1/setup.py,956,ast,1,1,setuptools
pyvorcv-0.1,D:\10. RQ1 DySec\Step 9 DownloadSelectedBenignPackages\Benign_Packages\pyvorcv-0.1.tar.gz,tar,pyvorcv-0.1/setup.py,3971,ast,4,4,distutils; setuptools; sys; vorcv
pyvserv-1.1.0,D:\10. RQ1 DySec\Step 9 DownloadSelectedBenignPackages\Benign_Packages\pyvserv-1.1.0.tar.gz,tar,pyvserv-1.1.0/setup.py,5938,ast,4,4,fcntl; os; setuptools; sys
pywapp-1.0.1,D:\10. RQ1 DySec\Step 9 DownloadSelectedBenignPackages\Benign_Packages\pywapp-1.0.1.tar.gz,tar,pywapp-1.0.1/setup.py,1007,ast,1,1,setuptools
pywappalyzer-0.1.1,D:\10. RQ1 DySec\Step 9 DownloadSelectedBenignPackages\Benign_Packages\pywappalyzer-0.1.1.tar.gz,tar,pywappalyzer-0.1.1/setup.py,873,ast,1,1,setuptools
PyWarden-0.1.7,D:\10. RQ1 DySec\Step 9 DownloadSelectedBenignPackages\Benign_Packages\PyWarden-0.1.7.tar.gz,tar,PyWarden-0.1.7/setup.py,86,ast,1,1,setuptools
pywaterinfo-0.7.0,D:\10. RQ1 DySec\Step 9 DownloadSelectedBenignPackages\Benign_Packages\pywaterinfo-0.7.0.tar.gz,tar,pywaterinfo-0.7.0/setup.py,708,ast,1,1,setuptools
pywavesurfer-0.0.9,D:\10. RQ1 DySec\Step 9 DownloadSelectedBenignPackages\Benign_Packages\pywavesurfer-0.0.9.tar.gz,tar,pywavesurfer-0.0.9/setup.py,1317,ast,3,3,codecs; os; setuptools
pywc-0.0.1,D:\10. RQ1 DySec\Step 9 DownloadSelectedBenignPackages\Benign_Packages\pywc-0.0.1.tar.gz,tar,pywc-0.0.1/setup.py,640,ast,1,1,setuptools
pywe-utils-1.0.2,D:\10. RQ1 DySec\Step 9 DownloadSelectedBenignPackages\Benign_Packages\pywe-utils-1.0.2.tar.gz,tar,pywe-utils-1.0.2/setup.py,956,ast,1,1,setuptools
pywebloader-1.3.1,D:\10. RQ1 DySec\Step 9 DownloadSelectedBenignPackages\Benign_Packages\pywebloader-1.3.1.tar.gz,tar,pywebloader-1.3.1/setup.py,829,ast,1,1,setuptools
pywebpush-2.0.0,D:\10. RQ1 DySec\Step 9 DownloadSelectedBenignPackages\Benign_Packages\pywebpush-2.0.0.tar.gz,tar,pywebpush-2.0.0/setup.py,2131,ast,3,3,io; os; setuptools
pywerami-0.2.7,D:\10. RQ1 DySec\Step 9 DownloadSelectedBenignPackages\Benign_Packages\pywerami-0.2.7.tar.gz,tar,pywerami-0.2.7/setup.py,1634,ast,2,2,os; setuptools
pywes-0.0.2,D:\10. RQ1 DySec\Step 9 DownloadSelectedBenignPackages\Benign_Packages\pywes-0.0.2.tar.gz,tar,pywes-0.0.2/setup.py,719,ast,2,4,os; setuptools
pywg-1.0.6,D:\10. RQ1 DySec\Step 9 DownloadSelectedBenignPackages\Benign_Packages\pywg-1.0.6.tar.gz,tar,pywg-1.0.6/setup.py,504,ast,1,1,setuptools
pywget-0.31,D:\10. RQ1 DySec\Step 9 DownloadSelectedBenignPackages\Benign_Packages\pywget-0.31.tar.gz,tar,pywget-0.31/setup.py,1989,ast,6,6,__version__; io; os; re; setuptools; shutil
pywgett-1.0.2,D:\10. RQ1 DySec\Step 9 DownloadSelectedBenignPackages\Benign_Packages\pywgett-1.0.2.tar.gz,tar,pywgett-1.0.2/setup.py,1855,ast,3,3,io; os; setuptools
pywhatsminer-0.2.2,D:\10. RQ1 DySec\Step 9 DownloadSelectedBenignPackages\Benign_Packages\pywhatsminer-0.2.2.tar.gz,tar,pywhatsminer-0.2.2/setup.py,1003,ast,1,1,setuptools
pywhisper-1.0.6,D:\10. RQ1 DySec\Step 9 DownloadSelectedBenignPackages\Benign_Packages\pywhisper-1.0.6.tar.gz,tar,pywhisper-1.0.6/setup.py,2084,ast,5,5,io; os; pkg_resources; re; setuptools
pywikiscraper-0.0.5,D:\10. RQ1 DySec\Step 9 DownloadSelectedBenignPackages\Benign_Packages\pywikiscraper-0.0.5.tar.gz,tar,pywikiscraper-0.0.5/setup.py,718,ast,1,1,setuptools
pywin-0.3.1,D:\10. RQ1 DySec\Step 9 DownloadSelectedBenignPackages\Benign_Packages\pywin-0.3.1.zip,zip,pywin-0.3.1/setup.py,2553,ast,5,5,distribute_setup; os; setuptools; shutil; sys
pywiscat-0.2.0,D:\10. RQ1 DySec\Step 9 DownloadSelectedBenignPackages\Benign_Packages\pywiscat-0.2.0.tar.gz,tar,pywiscat-0.2.0/setup.py,3751,ast,6,6,io; os; re; setuptools; subprocess; sys
pywithmodule-1.4,D:\10. RQ1 DySec\Step 9 DownloadSelectedBenignPackages\Benign_Packages\pywithmodule-1.4.tar.gz,tar,pywithmodule-1.4/setup.py,1011,ast,5,5,distutils; io; os; setuptools; sys
pywiz-0.0.3,D:\10. RQ1 DySec\Step 9 DownloadSelectedBenignPackages\Benign_Packages\pywiz-0.0.3.tar.gz,tar,pywiz-0.0.3/setup.py,702,ast,1,1,setuptools
pywlroots-0.2.9,D:\10. RQ1 DySec\Step 9 DownloadSelectedBenignPackages\Benign_Packages\pywlroots-0.2.9.tar.gz,tar,pywlroots-0.2.9/setup.py,126,ast,1,1,setuptools
pywoc-0.2.0,D:\10. RQ1 DySec\Step 9 DownloadSelectedBenignPackages\Benign_Packages\pywoc-0.2.0.tar.gz,tar,pywoc-0.2.0/setup.py,1601,ast,2,2,os; setuptools
pywol-1.0.0,D:\10. RQ1 DySec\Step 9 DownloadSelectedBenignPackages\Benign_Packages\pywol-1.0.0.tar.gz,tar,pywol-1.0.0/setup.py,866,ast,2,2,pathlib; setuptools
pywong-3.1.5,D:\10. RQ1 DySec\Step 9 DownloadSelectedBenignPackages\Benign_Packages\pywong-3.1.5.tar.gz,tar,pywong-3.1.5/setup.py,1690,ast,2,2,distutils; setuptools
pywoo-1.0.5,D:\10. RQ1 DySec\Step 9 DownloadSelectedBenignPackages\Benign_Packages\pywoo-1.0.5.tar.gz,tar,pywoo-1.0.5/setup.py,37,ast,1,1,setuptools
pywood-0.1.3,D:\10. RQ1 DySec\Step 9 DownloadSelectedBenignPackages\Benign_Packages\pywood-0.1.3.tar.gz,tar,pywood-0.1.3/setup.py,1379,ast,3,3,codecs; distutils; setuptools
pywos-0.0.1,D:\10. RQ1 DySec\Step 9 DownloadSelectedBenignPackages\Benign_Packages\pywos-0.0.1.tar.gz,tar,pywos-0.0.1/setup.py,782,ast,1,1,setuptools
pywp-1.3,D:\10. RQ1 DySec\Step 9 DownloadSelectedBenignPackages\Benign_Packages\pywp-1.3.tar.gz,tar,pywp-1.3/setup.py,253,ast,2,2,distutils; setuptools
pywrong-0.0.2,D:\10. RQ1 DySec\Step 9 DownloadSelectedBenignPackages\Benign_Packages\pywrong-0.0.2.tar.gz,tar,pywrong-0.0.2/setup.py,994,ast,1,1,setuptools
pywse-2.0.0,D:\10. RQ1 DySec\Step 9 DownloadSelectedBenignPackages\Benign_Packages\pywse-2.0.0.tar.gz,tar,pywse-2.0.0/setup.py,441,ast,1,2,setuptools
pywst-1.0,D:\10. RQ1 DySec\Step 9 DownloadSelectedBenignPackages\Benign_Packages\pywst-1.0.tar.gz,tar,pywst-1.0/setup.py,679,ast,1,1,setuptools
pyxproject-0.1,D:\10. RQ1 DySec\Step 9 DownloadSelectedBenignPackages\Benign_Packages\pyxproject-0.1.tar.gz,tar,pyxproject-0.1/setup.py,1138,ast,3,3,codecs; os; setuptools
pyxserver-0.1.4,D:\10. RQ1 DySec\Step 9 DownloadSelectedBenignPackages\Benign_Packages\pyxserver-0.1.4.tar.gz,tar,pyxserver-0.1.4/setup.py,1385,ast,3,3,ast; os; setuptools
pyxurls-0.1.3,D:\10. RQ1 DySec\Step 9 DownloadSelectedBenignPackages\Benign_Packages\pyxurls-0.1.3.tar.gz,tar,pyxurls-0.1.3/setup.py,1612,ast,5,5,os; re2; regex; setuptools; warnings
pyy-1.1.9,D:\10. RQ1 DySec\Step 9 DownloadSelectedBenignPackages\Benign_Packages\pyy-1.1.9.tar.gz,tar,pyy-1.1.9/setup.py,1807,ast,1,1,setuptools
PyYAML-6.0b1,D:\10. RQ1 DySec\Step 9 DownloadSelectedBenignPackages\Benign_Packages\PyYAML-6.0b1.tar.gz,tar,PyYAML-6.0b1/setup.py,10627,ast,12,16,Cython; distutils; os; pathlib; platform; setuptools; shutil; sys; tempfile; test_all; warnings; wheel
pyyasm-0.0.1,D:\10. RQ1 DySec\Step 9 DownloadSelectedBenignPackages\Benign_Packages\pyyasm-0.0.1.tar.gz,tar,pyyasm-0.0.1/setup.py,1065,ast,3,3,os; re; setuptools
pyzeef-0.1.3,D:\10. RQ1 DySec\Step 9 DownloadSelectedBenignPackages\Benign_Packages\pyzeef-0.1.3.tar.gz,tar,pyzeef-0.1.3/setup.py,1212,ast,2,2,distutils; setuptools
pyzelda-1.2,D:\10. RQ1 DySec\Step 9 DownloadSelectedBenignPackages\Benign_Packages\pyzelda-1.2.tar.gz,tar,pyzelda-1.2/setup.py,1205,ast,2,2,os; setuptools
pyzint-0.1.9,D:\10. RQ1 DySec\Step 9 DownloadSelectedBenignPackages\Benign_Packages\pyzint-0.1.9.tar.gz,tar,pyzint-0.1.9/setup.py,3886,ast,1,1,setuptools
pyzmq-26.2.0,D:\10. RQ1 DySec\Step 9 DownloadSelectedBenignPackages\Benign_Packages\pyzmq-26.2.0.tar.gz,tar,pyzmq-26.2.0/examples/cython/setup.py,368,ast,4,5,Cython; numpy; setuptools; zmq
q-sdk-0.0.1,D:\10. RQ1 DySec\Step 9 DownloadSelectedBenignPackages\Benign_Packages\q-sdk-0.0.1.tar.gz,tar,q-sdk-0.0.1/setup.py,775,ast,1,1,setuptools
qarg-dev,D:\10. RQ1 DySec\Step 9 DownloadSelectedBenignPackages\Benign_Packages\qarg-dev.tar.gz,tar,qarg-dev/setup.py,6621,regex,6,8,distribute_setup; logging; numpy; os; re; setuptools
qb-consul-1.0.2,D:\10. RQ1 DySec\Step 9 DownloadSelectedBenignPackages\Benign_Packages\qb-consul-1.0.2.tar.gz,tar,qb-consul-1.0.2/setup.py,525,ast,1,1,setuptools
qcinfo-1.0.8,D:\10. RQ1 DySec\Step 9 DownloadSelectedBenignPackages\Benign_Packages\qcinfo-1.0.8.tar.gz,tar,qcinfo-1.0.8/setup.py,1026,ast,1,1,setuptools
qencode-1.0.4,D:\10. RQ1 DySec\Step 9 DownloadSelectedBenignPackages\Benign_Packages\qencode-1.0.4.tar.gz,tar,qencode-1.0.4/setup.py,1104,ast,2,2,os; setuptools
qlib_tool-0.1,D:\10. RQ1 DySec\Step 9 DownloadSelectedBenignPackages\Benign_Packages\qlib_tool-0.1.tar.gz,tar,qlib_tool-0.1/setup.py,314,ast,1,1,setuptools
qprof_interfaces-1.0.1,D:\10. RQ1 DySec\Step 9 DownloadSelectedBenignPackages\Benign_Packages\qprof_interfaces-1.0.1.tar.gz,tar,qprof_interfaces-1.0.1/setup.py,9975,ast,2,2,os; setuptools
qPython3-1.0.1,D:\10. RQ1 DySec\Step 9 DownloadSelectedBenignPackages\Benign_Packages\qPython3-1.0.1.tar.gz,tar,qPython3-1.0.1/setup.py,2821,ast,5,5,Cython; distutils; numpy; os; qpython
qrandom-1.0,D:\10. RQ1 DySec\Step 9 DownloadSelectedBenignPackages\Benign_Packages\qrandom-1.0.tar.gz,tar,qrandom-1.0/setup.py,1032,ast,1,1,setuptools
qshader-1.1.0,D:\10. RQ1 DySec\Step 9 DownloadSelectedBenignPackages\Benign_Packages\qshader-1.1.0.tar.gz,tar,qshader-1.1.0/setup.py,855,ast,1,1,setuptools
QSystem-1.2.0b2,D:\10. RQ1 DySec\Step 9 DownloadSelectedBenignPackages\Benign_Packages\QSystem-1.2.0b2.tar.gz,tar,QSystem-1.2.0b2/setup.py,1347,ast,1,2,setuptools
qtorch-0.3.0,D:\10. RQ1 DySec\Step 9 DownloadSelectedBenignPackages\Benign_Packages\qtorch-0.3.0.tar.gz,tar,qtorch-0.3.0/setup.py,1068,ast,2,2,setuptools; torch
qtplotlib-0.1.dev3,D:\10. RQ1 DySec\Step 9 DownloadSelectedBenignPackages\Benign_Packages\qtplotlib-0.1.dev3.tar.gz,tar,qtplotlib-0.1.dev3/setup.py,4321,ast,3,3,distutils; qtplotlib; setuptools
qtrade-0.6.0,D:\10. RQ1 DySec\Step 9 DownloadSelectedBenignPackages\Benign_Packages\qtrade-0.6.0.tar.gz,tar,qtrade-0.6.0/setup.py,696,ast,3,3,os; setuptools; sys
quant1x_base-0.4.2,D:\10. RQ1 DySec\Step 9 DownloadSelectedBenignPackages\Benign_Packages\quant1x_base-0.4.2.tar.gz,tar,quant1x_base-0.4.2/setup.py,2240,ast,3,5,base1x; distutils; setuptools
quara_creds-0.10.2,D:\10. RQ1 DySec\Step 9 DownloadSelectedBenignPackages\Benign_Packages\quara_creds-0.10.2.tar.gz,tar,quara_creds-0.10.2/setup.py,6189,ast,1,1,setuptools
quartet_masterdata-3.0.0,D:\10. RQ1 DySec\Step 9 DownloadSelectedBenignPackages\Benign_Packages\quartet_masterdata-3.0.0.tar.gz,tar,quartet_masterdata-3.0.0/setup.py,2353,ast,6,6,distutils; os; re; setuptools; sys; wheel
Quasar-1.9.2,D:\10. RQ1 DySec\Step 9 DownloadSelectedBenignPackages\Benign_Packages\Quasar-1.9.2.tar.gz,tar,Quasar-1.9.2/setup.py,1870,ast,2,2,os; setuptools
quasardb-3.9.9,D:\10. RQ1 DySec\Step 9 DownloadSelectedBenignPackages\Benign_Packages\quasardb-3.9.9.tar.gz,tar,quasardb-3.9.9/quasardb/pybind11/setup.py,3499,ast,9,9,contextlib; os; re; setuptools; shutil; string; subprocess; sys; tempfile
quasardb-3.9.9,D:\10. RQ1 DySec\Step 9 DownloadSelectedBenignPackages\Benign_Packages\quasardb-3.9.9.tar.gz,tar,quasardb-3.9.9/setup.py,6124,ast,10,12,distutils; glob; os; pkg_resources; platform; re; setuptools; subprocess; sys; wheel
Quest-0.1.1,D:\10. RQ1 DySec\Step 9 DownloadSelectedBenignPackages\Benign_Packages\Quest-0.1.1.tar.gz,tar,Quest-0.1.1/setup.py,538,ast,1,1,distutils
questlib-1.6.3,D:\10. RQ1 DySec\Step 9 DownloadSelectedBenignPackages\Benign_Packages\questlib-1.6.3.tar.gz,tar,questlib-1.6.3/setup.py,1346,ast,2,2,distutils; setuptools
quests-2024.6.21,D:\10. RQ1 DySec\Step 9 DownloadSelectedBenignPackages\Benign_Packages\quests-2024.6.21.tar.gz,tar,quests-2024.6.21/setup.py,38,ast,1,1,setuptools
quickauth-0.2.21,D:\10. RQ1 DySec\Step 9 DownloadSelectedBenignPackages\Benign_Packages\quickauth-0.2.21.tar.gz,tar,quickauth-0.2.21/setup.py,673,ast,2,2,os; setuptools
quisk-4.2.9,D:\10. RQ1 DySec\Step 9 DownloadSelectedBenignPackages\Benign_Packages\quisk-4.2.9.tar.gz,tar,quisk-4.2.9/afedrinet/setup.py,1368,ast,2,2,distutils; sys
quisk-4.2.9,D:\10. RQ1 DySec\Step 9 DownloadSelectedBenignPackages\Benign_Packages\quisk-4.2.9.tar.gz,tar,quisk-4.2.9/perseuspkg/setup.py,1386,ast,2,2,distutils; sys
quisk-4.2.9,D:\10. RQ1 DySec\Step 9 DownloadSelectedBenignPackages\Benign_Packages\quisk-4.2.9.tar.gz,tar,quisk-4.2.9/setup.py,4563,ast,3,3,os; setuptools; sys
quisk-4.2.9,D:\10. RQ1 DySec\Step 9 DownloadSelectedBenignPackages\Benign_Packages\quisk-4.2.9.tar.gz,tar,quisk-4.2.9/soapypkg/setup.py,1550,ast,2,2,distutils; sys
qyrm_pipinject4-1.0,D:\10. RQ1 DySec\Step 9 DownloadSelectedBenignPackages\Benign_Packages\qyrm_pipinject4-1.0.tar.gz,tar,qyrm_pipinject4-1.0/setup.py,584,ast,2,2,os; setuptools
qytorch-0.0.3,D:\10. RQ1 DySec\Step 9 DownloadSelectedBenignPackages\Benign_Packages\qytorch-0.0.3.tar.gz,tar,qytorch-0.0.3/setup.py,1514,ast,1,1,setuptools
r%D0%B5quests-0.0.1,D:\10. RQ1 DySec\Step 9 DownloadSelectedBenignPackages\Benign_Packages\r%D0%B5quests-0.0.1.tar.gz,tar,rеquests-0.0.1/setup.py,904,ast,3,3,io; os; setuptools
r_config-0.4.2,D:\10. RQ1 DySec\Step 9 DownloadSelectedBenignPackages\Benign_Packages\r_config-0.4.2.tar.gz,tar,r_config-0.4.2/setup.py,508,ast,1,1,setuptools
rabin-0.1.0,D:\10. RQ1 DySec\Step 9 DownloadSelectedBenignPackages\Benign_Packages\rabin-0.1.0.tar.gz,tar,rabin-0.1.0/setup.py,1119,ast,3,3,codecs; os; setuptools
racecontrol-0.0.1a0,D:\10. RQ1 DySec\Step 9 DownloadSelectedBenignPackages\Benign_Packages\racecontrol-0.0.1a0.tar.gz,tar,racecontrol-0.0.1a0/setup.py,1586,ast,4,4,codecs; logging; os; setuptools
radarstudy-0.4.2,D:\10. RQ1 DySec\Step 9 DownloadSelectedBenignPackages\Benign_Packages\radarstudy-0.4.2.tar.gz,tar,radarstudy-0.4.2/setup.py,796,ast,1,1,setuptools
radioencode-0.3,D:\10. RQ1 DySec\Step 9 DownloadSelectedBenignPackages\Benign_Packages\radioencode-0.3.tar.gz,tar,radioencode-0.3/setup.py,474,ast,1,1,setuptools
raftos-0.2.6,D:\10. RQ1 DySec\Step 9 DownloadSelectedBenignPackages\Benign_Packages\raftos-0.2.6.zip,zip,raftos-0.2.6/setup.py,619,ast,1,1,setuptools
ragames-0.1.0,D:\10. RQ1 DySec\Step 9 DownloadSelectedBenignPackages\Benign_Packages\ragames-0.1.0.tar.gz,tar,ragames-0.1.0/setup.py,723,ast,1,1,setuptools
raintext-0.35,D:\10. RQ1 DySec\Step 9 DownloadSelectedBenignPackages\Benign_Packages\raintext-0.35.tar.gz,tar,raintext-0.35/setup.py,1825,ast,2,2,distutils; os
ramkit-0.2.0,D:\10. RQ1 DySec\Step 9 DownloadSelectedBenignPackages\Benign_Packages\ramkit-0.2.0.tar.gz,tar,ramkit-0.2.0/setup.py,1437,ast,1,1,setuptools
ramman-0.1.2,D:\10. RQ1 DySec\Step 9 DownloadSelectedBenignPackages\Benign_Packages\ramman-0.1.2.tar.gz,tar,ramman-0.1.2/setup.py,360,ast,1,1,setuptools
RAMSTK-1.0.1,D:\10. RQ1 DySec\Step 9 DownloadSelectedBenignPackages\Benign_Packages\RAMSTK-1.0.1.tar.gz,tar,RAMSTK-1.0.1/setup.py,4840,ast,4,6,glob; os; setuptools; sys
raname-0.1,D:\10. RQ1 DySec\Step 9 DownloadSelectedBenignPackages\Benign_Packages\raname-0.1.tar.gz,tar,raname-0.1/setup.py,490,ast,1,1,setuptools
rand-string-0.50,D:\10. RQ1 DySec\Step 9 DownloadSelectedBenignPackages\Benign_Packages\rand-string-0.50.tar.gz,tar,rand-string-0.50/setup.py,1023,ast,1,1,setuptools
randalgo1-0.1.8,D:\10. RQ1 DySec\Step 9 DownloadSelectedBenignPackages\Benign_Packages\randalgo1-0.1.8.tar.gz,tar,randalgo1-0.1.8/setup.py,1095,ast,1,1,setuptools
randall-0.0.0,D:\10. RQ1 DySec\Step 9 DownloadSelectedBenignPackages\Benign_Packages\randall-0.0.0.tar.gz,tar,randall-0.0.0/setup.py,1939,ast,6,7,pathlib; platform; randall; setuptools; setuptools_rust; typing
rander-1.0.0,D:\10. RQ1 DySec\Step 9 DownloadSelectedBenignPackages\Benign_Packages\rander-1.0.0.tar.gz,tar,rander-1.0.0/setup.py,668,ast,5,5,codecs; distutils; os; setuptools; sys
randgif-1.1.1,D:\10. RQ1 DySec\Step 9 DownloadSelectedBenignPackages\Benign_Packages\randgif-1.1.1.tar.gz,tar,randgif-1.1.1/setup.py,256,ast,1,1,setuptools
randhy-2.0.2,D:\10. RQ1 DySec\Step 9 DownloadSelectedBenignPackages\Benign_Packages\randhy-2.0.2.tar.gz,tar,randhy-2.0.2/setup.py,641,ast,1,1,setuptools
randiter-0.1.0,D:\10. RQ1 DySec\Step 9 DownloadSelectedBenignPackages\Benign_Packages\randiter-0.1.0.tar.gz,tar,randiter-0.1.0/setup.py,1669,ast,1,1,setuptools
randmac-0.1,D:\10. RQ1 DySec\Step 9 DownloadSelectedBenignPackages\Benign_Packages\randmac-0.1.tar.gz,tar,randmac-0.1/setup.py,1510,ast,3,3,os; setuptools; sys
RandName-1.0.0,D:\10. RQ1 DySec\Step 9 DownloadSelectedBenignPackages\Benign_Packages\RandName-1.0.0.tar.gz,tar,RandName-1.0.0/setup.py,244,ast,1,1,distutils
randog-0.9.0,D:\10. RQ1 DySec\Step 9 DownloadSelectedBenignPackages\Benign_Packages\randog-0.9.0.tar.gz,tar,randog-0.9.0/setup.py,1039,ast,2,2,randog; setuptools
random-forestry-0.10.0b1,D:\10. RQ1 DySec\Step 9 DownloadSelectedBenignPackages\Benign_Packages\random-forestry-0.10.0b1.tar.gz,tar,random-forestry-0.10.0b1/setup.py,4295,ast,7,8,ninja; os; pathlib; re; setuptools; subprocess; sys
random-module-lol-0.0.1,D:\10. RQ1 DySec\Step 9 DownloadSelectedBenignPackages\Benign_Packages\random-module-lol-0.0.1.tar.gz,tar,random-module-lol-0.0.1/setup.py,658,ast,1,1,setuptools
random-otp-1.0.0,D:\10. RQ1 DySec\Step 9 DownloadSelectedBenignPackages\Benign_Packages\random-otp-1.0.0.tar.gz,tar,random-otp-1.0.0/setup.py,791,ast,1,1,setuptools
random-plus-1.2.0,D:\10. RQ1 DySec\Step 9 DownloadSelectedBenignPackages\Benign_Packages\random-plus-1.2.0.tar.gz,tar,random-plus-1.2.0/setup.py,572,ast,1,1,setuptools
random-string-1.00,D:\10. RQ1 DySec\Step 9 DownloadSelectedBenignPackages\Benign_Packages\random-string-1.00.tar.gz,tar,random-string-1.00/setup.py,429,ast,1,1,distutils
random-username-1.0.2,D:\10. RQ1 DySec\Step 9 DownloadSelectedBenignPackages\Benign_Packages\random-username-1.0.2.tar.gz,tar,random-username-1.0.2/setup.py,1121,ast,1,1,setuptools
random_int-0.0.5,D:\10. RQ1 DySec\Step 9 DownloadSelectedBenignPackages\Benign_Packages\random_int-0.0.5.tar.gz,tar,random_int-0.0.5/setup.py,412,ast,1,1,setuptools
random_utilities-1.0.9,D:\10. RQ1 DySec\Step 9 DownloadSelectedBenignPackages\Benign_Packages\random_utilities-1.0.9.tar.gz,tar,random_utilities-1.0.9/setup.py,504,ast,1,1,setuptools
randomapi-0.3.2,D:\10. RQ1 DySec\Step 9 DownloadSelectedBenignPackages\Benign_Packages\randomapi-0.3.2.tar.gz,tar,randomapi-0.3.2/setup.py,1129,ast,1,1,setuptools
randomaya-0.1.7,D:\10. RQ1 DySec\Step 9 DownloadSelectedBenignPackages\Benign_Packages\randomaya-0.1.7.zip,zip,randomaya-0.1.7/setup.py,853,ast,1,1,setuptools
randomaze-0.1.0,D:\10. RQ1 DySec\Step 9 DownloadSelectedBenignPackages\Benign_Packages\randomaze-0.1.0.tar.gz,tar,randomaze-0.1.0/setup.py,499,ast,1,1,distutils
randomer-0.0.9,D:\10. RQ1 DySec\Step 9 DownloadSelectedBenignPackages\Benign_Packages\randomer-0.0.9.tar.gz,tar,randomer-0.0.9/setup.py,6776,ast,5,5,io; os; setuptools; shutil; sys
randomframe-0.3,D:\10. RQ1 DySec\Step 9 DownloadSelectedBenignPackages\Benign_Packages\randomframe-0.3.tar.gz,tar,randomframe-0.3/setup.py,816,ast,1,1,setuptools
randomgen-1.26.1,D:\10. RQ1 DySec\Step 9 DownloadSelectedBenignPackages\Benign_Packages\randomgen-1.26.1.tar.gz,tar,randomgen-1.26.1/randomgen/examples/cython/setup.py,726,ast,4,5,Cython; numpy; os; setuptools
randomgen-1.26.1,D:\10. RQ1 DySec\Step 9 DownloadSelectedBenignPackages\Benign_Packages\randomgen-1.26.1.tar.gz,tar,randomgen-1.26.1/setup.py,11581,ast,10,14,Cython; glob; numpy; os; packaging; platform; setuptools; struct; sys; tempita
randomhash-0.6.0,D:\10. RQ1 DySec\Step 9 DownloadSelectedBenignPackages\Benign_Packages\randomhash-0.6.0.tar.gz,tar,randomhash-0.6.0/setup.py,6661,ast,1,1,setuptools
randominfo-2.0.2,D:\10. RQ1 DySec\Step 9 DownloadSelectedBenignPackages\Benign_Packages\randominfo-2.0.2.tar.gz,tar,randominfo-2.0.2/setup.py,981,ast,1,1,setuptools
randomize-0.9,D:\10. RQ1 DySec\Step 9 DownloadSelectedBenignPackages\Benign_Packages\randomize-0.9.tar.gz,tar,randomize-0.9/setup.py,883,ast,2,2,ez_setup; setuptools
Randomized-Requests-66.0.3,D:\10. RQ1 DySec\Step 9 DownloadSelectedBenignPackages\Benign_Packages\Randomized-Requests-66.0.3.tar.gz,tar,Randomized-Requests-66.0.3/setup.py,829,ast,1,2,setuptools
randomizer-0.21,D:\10. RQ1 DySec\Step 9 DownloadSelectedBenignPackages\Benign_Packages\randomizer-0.21.tar.gz,tar,randomizer-0.21/setup.py,1185,ast,1,1,setuptools
randomlib-4.5,D:\10. RQ1 DySec\Step 9 DownloadSelectedBenignPackages\Benign_Packages\randomlib-4.5.tar.gz,tar,randomlib-4.5/setup.py,1231,ast,2,2,pathlib; setuptools
randomly-0.1.5,D:\10. RQ1 DySec\Step 9 DownloadSelectedBenignPackages\Benign_Packages\randomly-0.1.5.tar.gz,tar,randomly-0.1.5/setup.py,1551,ast,1,1,setuptools
RandomMandala-0.6.0,D:\10. RQ1 DySec\Step 9 DownloadSelectedBenignPackages\Benign_Packages\RandomMandala-0.6.0.tar.gz,tar,RandomMandala-0.6.0/setup.py,965,ast,1,1,setuptools
randomname-0.2.1,D:\10. RQ1 DySec\Step 9 DownloadSelectedBenignPackages\Benign_Packages\randomname-0.2.1.tar.gz,tar,randomname-0.2.1/setup.py,1195,ast,2,2,pathlib; setuptools
randomplayground-0.0.5,D:\10. RQ1 DySec\Step 9 DownloadSelectedBenignPackages\Benign_Packages\randomplayground-0.0.5.tar.gz,tar,randomplayground-0.0.5/setup.py,762,ast,1,1,setuptools
randomplushmiku-0.2.0,D:\10. RQ1 DySec\Step 9 DownloadSelectedBenignPackages\Benign_Packages\randomplushmiku-0.2.0.tar.gz,tar,randomplushmiku-0.2.0/setup.py,566,ast,1,1,setuptools
randompy-1.0,D:\10. RQ1 DySec\Step 9 DownloadSelectedBenignPackages\Benign_Packages\randompy-1.0.tar.gz,tar,randompy-1.0/setup.py,517,ast,1,1,distutils
randomread-0.2.0,D:\10. RQ1 DySec\Step 9 DownloadSelectedBenignPackages\Benign_Packages\randomread-0.2.0.tar.gz,tar,randomread-0.2.0/setup.py,502,ast,1,1,setuptools
randomroller-2.2.1,D:\10. RQ1 DySec\Step 9 DownloadSelectedBenignPackages\Benign_Packages\randomroller-2.2.1.tar.gz,tar,randomroller-2.2.1/setup.py,781,ast,3,3,os; setuptools; versioneer
randoms-0.1.0,D:\10. RQ1 DySec\Step 9 DownloadSelectedBenignPackages\Benign_Packages\randoms-0.1.0.tar.gz,tar,randoms-0.1.0/setup.py,496,ast,1,1,setuptools
randomstring-0.0.2,D:\10. RQ1 DySec\Step 9 DownloadSelectedBenignPackages\Benign_Packages\randomstring-0.0.2.tar.gz,tar,randomstring-0.0.2/setup.py,393,ast,1,1,setuptools
RandomStringGen-0.4,D:\10. RQ1 DySec\Step 9 DownloadSelectedBenignPackages\Benign_Packages\RandomStringGen-0.4.tar.gz,tar,RandomStringGen-0.4/setup.py,1092,ast,1,1,distutils
randomstrrang-0.0.2,D:\10. RQ1 DySec\Step 9 DownloadSelectedBenignPackages\Benign_Packages\randomstrrang-0.0.2.tar.gz,tar,randomstrrang-0.0.2/setup.py,692,ast,1,1,setuptools
randomua-0.0.7,D:\10. RQ1 DySec\Step 9 DownloadSelectedBenignPackages\Benign_Packages\randomua-0.0.7.tar.gz,tar,randomua-0.0.7/setup.py,757,ast,2,2,os; setuptools
randomus-1.0.0,D:\10. RQ1 DySec\Step 9 DownloadSelectedBenignPackages\Benign_Packages\randomus-1.0.0.tar.gz,tar,randomus-1.0.0/setup.py,969,ast,1,1,setuptools
randomuser-1.6,D:\10. RQ1 DySec\Step 9 DownloadSelectedBenignPackages\Benign_Packages\randomuser-1.6.tar.gz,tar,randomuser-1.6/setup.py,688,ast,1,1,setuptools
randpass-1.0.3,D:\10. RQ1 DySec\Step 9 DownloadSelectedBenignPackages\Benign_Packages\randpass-1.0.3.tar.gz,tar,randpass-1.0.3/setup.py,465,ast,1,1,setuptools
randpy-0.1.1,D:\10. RQ1 DySec\Step 9 DownloadSelectedBenignPackages\Benign_Packages\randpy-0.1.1.tar.gz,tar,randpy-0.1.1/setup.py,1147,ast,3,3,codecs; os; setuptools
randrandom-0.0.3,D:\10. RQ1 DySec\Step 9 DownloadSelectedBenignPackages\Benign_Packages\randrandom-0.0.3.tar.gz,tar,randrandom-0.0.3/setup.py,675,ast,1,1,setuptools
randre-0.1.0,D:\10. RQ1 DySec\Step 9 DownloadSelectedBenignPackages\Benign_Packages\randre-0.1.0.tar.gz,tar,randre-0.1.0/setup.py,930,ast,2,2,os; setuptools
randstr-0.1.2,D:\10. RQ1 DySec\Step 9 DownloadSelectedBenignPackages\Benign_Packages\randstr-0.1.2.tar.gz,tar,randstr-0.1.2/setup.py,1195,ast,2,2,distutils; setuptools
randstr-random-1.1.3,D:\10. RQ1 DySec\Step 9 DownloadSelectedBenignPackages\Benign_Packages\randstr-random-1.1.3.tar.gz,tar,randstr-random-1.1.3/setup.py,810,ast,2,2,pathlib; setuptools
RandString-1.0.2,D:\10. RQ1 DySec\Step 9 DownloadSelectedBenignPackages\Benign_Packages\RandString-1.0.2.tar.gz,tar,RandString-1.0.2/setup.py,411,ast,1,1,distutils
randyhand-0.3.5,D:\10. RQ1 DySec\Step 9 DownloadSelectedBenignPackages\Benign_Packages\randyhand-0.3.5.tar.gz,tar,randyhand-0.3.5/setup.py,427,ast,1,1,setuptools
rapidfuzz-3.9.7,D:\10. RQ1 DySec\Step 9 DownloadSelectedBenignPackages\Benign_Packages\rapidfuzz-3.9.7.tar.gz,tar,rapidfuzz-3.9.7/setup.py,2484,ast,4,4,__future__; os; setuptools; skbuild
rasa-hydra-3.6.0,D:\10. RQ1 DySec\Step 9 DownloadSelectedBenignPackages\Benign_Packages\rasa-hydra-3.6.0.tar.gz,tar,rasa-hydra-3.6.0/metrics/setup.py,331,ast,3,3,logging; os; uuid
rasa-hydra-3.6.0,D:\10. RQ1 DySec\Step 9 DownloadSelectedBenignPackages\Benign_Packages\rasa-hydra-3.6.0.tar.gz,tar,rasa-hydra-3.6.0/setup.py,4778,ast,2,2,os; setuptools
rastro-0.1.8,D:\10. RQ1 DySec\Step 9 DownloadSelectedBenignPackages\Benign_Packages\rastro-0.1.8.tar.gz,tar,rastro-0.1.8/setup.py,883,ast,3,4,os; setuptools; setuptools_rust
raven-harakiri-0.1.2,D:\10. RQ1 DySec\Step 9 DownloadSelectedBenignPackages\Benign_Packages\raven-harakiri-0.1.2.zip,zip,raven-harakiri-0.1.2/setup.py,1277,ast,3,4,pytest; setuptools; sys
Raw_distributions-0.1,D:\10. RQ1 DySec\Step 9 DownloadSelectedBenignPackages\Benign_Packages\Raw_distributions-0.1.tar.gz,tar,Raw_distributions-0.1/setup.py,216,ast,1,1,setuptools
rbatools-1.0.3,D:\10. RQ1 DySec\Step 9 DownloadSelectedBenignPackages\Benign_Packages\rbatools-1.0.3.tar.gz,tar,rbatools-1.0.3/setup.py,2996,ast,3,3,codecs; os; setuptools
rcolors-0.0.1b0,D:\10. RQ1 DySec\Step 9 DownloadSelectedBenignPackages\Benign_Packages\rcolors-0.0.1b0.tar.gz,tar,rcolors-0.0.1b0/setup.py,1302,ast,2,2,pypandoc; setuptools
rcontrol-0.1.3,D:\10. RQ1 DySec\Step 9 DownloadSelectedBenignPackages\Benign_Packages\rcontrol-0.1.3.tar.gz,tar,rcontrol-0.1.3/setup.py,1498,ast,3,3,os; re; setuptools
rd-webhooks-0.0.1,D:\10. RQ1 DySec\Step 9 DownloadSelectedBenignPackages\Benign_Packages\rd-webhooks-0.0.1.tar.gz,tar,rd-webhooks-0.0.1/setup.py,625,ast,1,1,setuptools
rdflib-sqlalchemy-0.5.5.dev20230129174154,D:\10. RQ1 DySec\Step 9 DownloadSelectedBenignPackages\Benign_Packages\rdflib-sqlalchemy-0.5.5.dev20230129174154.tar.gz,tar,rdflib-sqlalchemy-0.5.5.dev20230129174154/setup.py,1937,ast,1,1,setuptools
readycheck-1.0.1,D:\10. RQ1 DySec\Step 9 DownloadSelectedBenignPackages\Benign_Packages\readycheck-1.0.1.tar.gz,tar,readycheck-1.0.1/setup.py,927,ast,2,2,readycheck; setuptools
realreq-0.7.4,D:\10. RQ1 DySec\Step 9 DownloadSelectedBenignPackages\Benign_Packages\realreq-0.7.4.tar.gz,tar,realreq-0.7.4/setup.py,1125,ast,1,1,setuptools
realtpl-0.0.9,D:\10. RQ1 DySec\Step 9 DownloadSelectedBenignPackages\Benign_Packages\realtpl-0.0.9.tar.gz,tar,realtpl-0.0.9/setup.py,49,ast,1,1,setuptools
recoder-0.3.1,D:\10. RQ1 DySec\Step 9 DownloadSelectedBenignPackages\Benign_Packages\recoder-0.3.1.tar.gz,tar,recoder-0.3.1/setup.py,1423,ast,1,1,setuptools
recv-0.2.0,D:\10. RQ1 DySec\Step 9 DownloadSelectedBenignPackages\Benign_Packages\recv-0.2.0.zip,zip,recv-0.2.0/setup.py,125,ast,1,1,setuptools
redflask-0.1.5,D:\10. RQ1 DySec\Step 9 DownloadSelectedBenignPackages\Benign_Packages\redflask-0.1.5.tar.gz,tar,redflask-0.1.5/setup.py,1496,ast,1,1,setuptools
redino-2.0.1,D:\10. RQ1 DySec\Step 9 DownloadSelectedBenignPackages\Benign_Packages\redino-2.0.1.tar.gz,tar,redino-2.0.1/setup.py,519,ast,1,2,setuptools
redis-5.0.8,D:\10. RQ1 DySec\Step 9 DownloadSelectedBenignPackages\Benign_Packages\redis-5.0.8.tar.gz,tar,redis-5.0.8/setup.py,2374,ast,1,1,setuptools
redis-cluster-backend-0.1,D:\10. RQ1 DySec\Step 9 DownloadSelectedBenignPackages\Benign_Packages\redis-cluster-backend-0.1.tar.gz,tar,redis-cluster-backend-0.1/setup.py,1716,ast,4,4,codecs; os; re; setuptools
rediset-0.9.0,D:\10. RQ1 DySec\Step 9 DownloadSelectedBenignPackages\Benign_Packages\rediset-0.9.0.tar.gz,tar,rediset-0.9.0/setup.py,796,ast,1,1,setuptools
Redistr-0.0b9,D:\10. RQ1 DySec\Step 9 DownloadSelectedBenignPackages\Benign_Packages\Redistr-0.0b9.tar.gz,tar,Redistr-0.0b9/setup.py,1763,ast,4,4,codecs; os; redistr; setuptools
redmask-1.1.0,D:\10. RQ1 DySec\Step 9 DownloadSelectedBenignPackages\Benign_Packages\redmask-1.1.0.tar.gz,tar,redmask-1.1.0/setup.py,1800,ast,1,1,setuptools
redpatch-0.2.4,D:\10. RQ1 DySec\Step 9 DownloadSelectedBenignPackages\Benign_Packages\redpatch-0.2.4.tar.gz,tar,redpatch-0.2.4/setup.py,1228,ast,1,1,setuptools
reeeeeeeeeeeee-0.3.0,D:\10. RQ1 DySec\Step 9 DownloadSelectedBenignPackages\Benign_Packages\reeeeeeeeeeeee-0.3.0.tar.gz,tar,reeeeeeeeeeeee-0.3.0/setup.py,1603,ast,3,3,__future__; os; setuptools
reeeeeeeeeeeeeeeeeeee-0.3.0,D:\10. RQ1 DySec\Step 9 DownloadSelectedBenignPackages\Benign_Packages\reeeeeeeeeeeeeeeeeeee-0.3.0.tar.gz,tar,reeeeeeeeeeeeeeeeeeee-0.3.0/setup.py,1610,ast,3,3,__future__; os; setuptools
reeeeeeeeeeeeeeeeeeeeee-0.3.0,D:\10. RQ1 DySec\Step 9 DownloadSelectedBenignPackages\Benign_Packages\reeeeeeeeeeeeeeeeeeeeee-0.3.0.tar.gz,tar,reeeeeeeeeeeeeeeeeeeeee-0.3.0/setup.py,1612,ast,3,3,__future__; os; setuptools
reequirements-1.2.1,D:\10. RQ1 DySec\Step 9 DownloadSelectedBenignPackages\Benign_Packages\reequirements-1.2.1.tar.gz,tar,reequirements-1.2.1/setup.py,674,ast,3,3,os; re; setuptools
referencer-0.2.3,D:\10. RQ1 DySec\Step 9 DownloadSelectedBenignPackages\Benign_Packages\referencer-0.2.3.tar.gz,tar,referencer-0.2.3/setup.py,1877,ast,3,3,io; os; setuptools
referenceseeker-1.8.0,D:\10. RQ1 DySec\Step 9 DownloadSelectedBenignPackages\Benign_Packages\referenceseeker-1.8.0.tar.gz,tar,referenceseeker-1.8.0/setup.py,1779,ast,3,3,os; referenceseeker; setuptools
referral_candy-0.2.0,D:\10. RQ1 DySec\Step 9 DownloadSelectedBenignPackages\Benign_Packages\referral_candy-0.2.0.tar.gz,tar,referral_candy-0.2.0/setup.py,478,ast,1,1,setuptools
reflex-supporter-0.0.7,D:\10. RQ1 DySec\Step 9 DownloadSelectedBenignPackages\Benign_Packages\reflex-supporter-0.0.7.tar.gz,tar,reflex-supporter-0.0.7/setup.py,600,ast,2,2,os; setuptools
regex-2024.9.11,D:\10. RQ1 DySec\Step 9 DownloadSelectedBenignPackages\Benign_Packages\regex-2024.9.11.tar.gz,tar,regex-2024.9.11/setup.py,1614,ast,2,2,os; setuptools
regexp-sar-0.1.2b5,D:\10. RQ1 DySec\Step 9 DownloadSelectedBenignPackages\Benign_Packages\regexp-sar-0.1.2b5.tar.gz,tar,regexp-sar-0.1.2b5/setup.py,969,ast,1,1,setuptools
regexparser-0.1.0,D:\10. RQ1 DySec\Step 9 DownloadSelectedBenignPackages\Benign_Packages\regexparser-0.1.0.tar.gz,tar,regexparser-0.1.0/setup.py,2768,ast,1,1,setuptools
regparse-1.0.1,D:\10. RQ1 DySec\Step 9 DownloadSelectedBenignPackages\Benign_Packages\regparse-1.0.1.tar.gz,tar,regparse-1.0.1/setup.py,626,ast,1,1,setuptools
regreplace-0.1.4,D:\10. RQ1 DySec\Step 9 DownloadSelectedBenignPackages\Benign_Packages\regreplace-0.1.4.tar.gz,tar,regreplace-0.1.4/setup.py,552,ast,1,1,setuptools
rehydra-1.3.5,D:\10. RQ1 DySec\Step 9 DownloadSelectedBenignPackages\Benign_Packages\rehydra-1.3.5.tar.gz,tar,rehydra-1.3.5/setup.py,2273,ast,4,4,build_helpers; pathlib; pkg_resources; setuptools
reinforce-0.1.0,D:\10. RQ1 DySec\Step 9 DownloadSelectedBenignPackages\Benign_Packages\reinforce-0.1.0.tar.gz,tar,reinforce-0.1.0/setup.py,321,ast,1,1,setuptools
reload-0.9,D:\10. RQ1 DySec\Step 9 DownloadSelectedBenignPackages\Benign_Packages\reload-0.9.tar.gz,tar,reload-0.9/setup.py,769,ast,2,2,os; setuptools
remisprotolib-1.0.1,D:\10. RQ1 DySec\Step 9 DownloadSelectedBenignPackages\Benign_Packages\remisprotolib-1.0.1.tar.gz,tar,remisprotolib-1.0.1/setup.py,325,ast,2,2,os; setuptools
remontantz-1.1,D:\10. RQ1 DySec\Step 9 DownloadSelectedBenignPackages\Benign_Packages\remontantz-1.1.tar.gz,tar,remontantz-1.1/setup.py,1599,ast,2,2,distutils; pathlib
rencode-1.0.6,D:\10. RQ1 DySec\Step 9 DownloadSelectedBenignPackages\Benign_Packages\rencode-1.0.6.tar.gz,tar,rencode-1.0.6/setup.py,2772,ast,4,7,Cython; distutils; setuptools; sys
rendre-0.0.9,D:\10. RQ1 DySec\Step 9 DownloadSelectedBenignPackages\Benign_Packages\rendre-0.0.9.tar.gz,tar,rendre-0.0.9/setup.py,1775,ast,5,8,glob; io; os; re; setuptools
rep_root-66.0.3,D:\10. RQ1 DySec\Step 9 DownloadSelectedBenignPackages\Benign_Packages\rep_root-66.0.3.tar.gz,tar,rep_root-66.0.3/setup.py,807,ast,1,2,setuptools
replace-2020.7.1,D:\10. RQ1 DySec\Step 9 DownloadSelectedBenignPackages\Benign_Packages\replace-2020.7.1.tar.gz,tar,replace-2020.7.1/setup.py,166,ast,1,1,setuptools
replace-null-2.0.2,D:\10. RQ1 DySec\Step 9 DownloadSelectedBenignPackages\Benign_Packages\replace-null-2.0.2.tar.gz,tar,replace-null-2.0.2/setup.py,930,ast,1,1,setuptools
replaceall-1.0,D:\10. RQ1 DySec\Step 9 DownloadSelectedBenignPackages\Benign_Packages\replaceall-1.0.tar.gz,tar,replaceall-1.0/setup.py,567,ast,1,1,distutils
replacefs-1.2.0,D:\10. RQ1 DySec\Step 9 DownloadSelectedBenignPackages\Benign_Packages\replacefs-1.2.0.tar.gz,tar,replacefs-1.2.0/setup.py,793,ast,1,1,setuptools
replacement-0.4.4,D:\10. RQ1 DySec\Step 9 DownloadSelectedBenignPackages\Benign_Packages\replacement-0.4.4.tar.gz,tar,replacement-0.4.4/setup.py,1208,ast,3,3,os; replacement; setuptools
replacements-1.0,D:\10. RQ1 DySec\Step 9 DownloadSelectedBenignPackages\Benign_Packages\replacements-1.0.tar.gz,tar,replacements-1.0/setup.py,414,ast,1,1,setuptools
replacer-1.1.1,D:\10. RQ1 DySec\Step 9 DownloadSelectedBenignPackages\Benign_Packages\replacer-1.1.1.tar.gz,tar,replacer-1.1.1/setup.py,749,ast,1,1,setuptools
replacerwd-1.0.0,D:\10. RQ1 DySec\Step 9 DownloadSelectedBenignPackages\Benign_Packages\replacerwd-1.0.0.tar.gz,tar,replacerwd-1.0.0/setup.py,300,ast,1,1,distutils
replacex-1.3.4,D:\10. RQ1 DySec\Step 9 DownloadSelectedBenignPackages\Benign_Packages\replacex-1.3.4.tar.gz,tar,replacex-1.3.4/setup.py,504,ast,1,1,setuptools
replacy-3.7.2,D:\10. RQ1 DySec\Step 9 DownloadSelectedBenignPackages\Benign_Packages\replacy-3.7.2.tar.gz,tar,replacy-3.7.2/setup.py,4206,ast,1,1,setuptools
replaylib-0.1,D:\10. RQ1 DySec\Step 9 DownloadSelectedBenignPackages\Benign_Packages\replaylib-0.1.tar.gz,tar,replaylib-0.1/setup.py,1270,ast,4,5,ez_setup; os; replaylib; setuptools
repoload-0.2,D:\10. RQ1 DySec\Step 9 DownloadSelectedBenignPackages\Benign_Packages\repoload-0.2.tar.gz,tar,repoload-0.2/setup.py,1080,ast,2,2,re; setuptools
repols-1.1.2,D:\10. RQ1 DySec\Step 9 DownloadSelectedBenignPackages\Benign_Packages\repols-1.1.2.tar.gz,tar,repols-1.1.2/setup.py,957,ast,1,1,setuptools
reportgen-0.1.8,D:\10. RQ1 DySec\Step 9 DownloadSelectedBenignPackages\Benign_Packages\reportgen-0.1.8.tar.gz,tar,reportgen-0.1.8/setup.py,1435,ast,1,1,setuptools
repoupdate-0.1.0,D:\10. RQ1 DySec\Step 9 DownloadSelectedBenignPackages\Benign_Packages\repoupdate-0.1.0.tar.gz,tar,repoupdate-0.1.0/setup.py,571,ast,1,1,setuptools
repro-0.1.6,D:\10. RQ1 DySec\Step 9 DownloadSelectedBenignPackages\Benign_Packages\repro-0.1.6.tar.gz,tar,repro-0.1.6/repro/commands/setup.py,923,ast,3,4,argparse; overrides; repro
repro-0.1.6,D:\10. RQ1 DySec\Step 9 DownloadSelectedBenignPackages\Benign_Packages\repro-0.1.6.tar.gz,tar,repro-0.1.6/repro/models/chen2020/setup.py,405,ast,1,4,repro
repro-0.1.6,D:\10. RQ1 DySec\Step 9 DownloadSelectedBenignPackages\Benign_Packages\repro-0.1.6.tar.gz,tar,repro-0.1.6/repro/models/colombo2021/setup.py,411,ast,1,4,repro
repro-0.1.6,D:\10. RQ1 DySec\Step 9 DownloadSelectedBenignPackages\Benign_Packages\repro-0.1.6.tar.gz,tar,repro-0.1.6/repro/models/denkowski2014/setup.py,415,ast,1,4,repro
repro-0.1.6,D:\10. RQ1 DySec\Step 9 DownloadSelectedBenignPackages\Benign_Packages\repro-0.1.6.tar.gz,tar,repro-0.1.6/repro/models/deutsch2021/setup.py,411,ast,1,4,repro
repro-0.1.6,D:\10. RQ1 DySec\Step 9 DownloadSelectedBenignPackages\Benign_Packages\repro-0.1.6.tar.gz,tar,repro-0.1.6/repro/models/dou2021/setup.py,403,ast,1,4,repro
repro-0.1.6,D:\10. RQ1 DySec\Step 9 DownloadSelectedBenignPackages\Benign_Packages\repro-0.1.6.tar.gz,tar,repro-0.1.6/repro/models/dugan2020/setup.py,407,ast,1,4,repro
repro-0.1.6,D:\10. RQ1 DySec\Step 9 DownloadSelectedBenignPackages\Benign_Packages\repro-0.1.6.tar.gz,tar,repro-0.1.6/repro/models/durmus2020/setup.py,409,ast,1,4,repro
repro-0.1.6,D:\10. RQ1 DySec\Step 9 DownloadSelectedBenignPackages\Benign_Packages\repro-0.1.6.tar.gz,tar,repro-0.1.6/repro/models/fitzgerald2018/setup.py,417,ast,1,4,repro
repro-0.1.6,D:\10. RQ1 DySec\Step 9 DownloadSelectedBenignPackages\Benign_Packages\repro-0.1.6.tar.gz,tar,repro-0.1.6/repro/models/gao2020/setup.py,403,ast,1,4,repro
repro-0.1.6,D:\10. RQ1 DySec\Step 9 DownloadSelectedBenignPackages\Benign_Packages\repro-0.1.6.tar.gz,tar,repro-0.1.6/repro/models/goyal2020/setup.py,407,ast,1,4,repro
repro-0.1.6,D:\10. RQ1 DySec\Step 9 DownloadSelectedBenignPackages\Benign_Packages\repro-0.1.6.tar.gz,tar,repro-0.1.6/repro/models/gupta2020/setup.py,407,ast,1,4,repro
repro-0.1.6,D:\10. RQ1 DySec\Step 9 DownloadSelectedBenignPackages\Benign_Packages\repro-0.1.6.tar.gz,tar,repro-0.1.6/repro/models/hessel2021/setup.py,409,ast,1,4,repro
repro-0.1.6,D:\10. RQ1 DySec\Step 9 DownloadSelectedBenignPackages\Benign_Packages\repro-0.1.6.tar.gz,tar,repro-0.1.6/repro/models/kane2020/setup.py,405,ast,1,4,repro
repro-0.1.6,D:\10. RQ1 DySec\Step 9 DownloadSelectedBenignPackages\Benign_Packages\repro-0.1.6.tar.gz,tar,repro-0.1.6/repro/models/kitaev2019/setup.py,1525,ast,3,6,argparse; overrides; repro
repro-0.1.6,D:\10. RQ1 DySec\Step 9 DownloadSelectedBenignPackages\Benign_Packages\repro-0.1.6.tar.gz,tar,repro-0.1.6/repro/models/krubinski2021/setup.py,415,ast,1,4,repro
repro-0.1.6,D:\10. RQ1 DySec\Step 9 DownloadSelectedBenignPackages\Benign_Packages\repro-0.1.6.tar.gz,tar,repro-0.1.6/repro/models/kryscinski2019/setup.py,417,ast,1,4,repro
repro-0.1.6,D:\10. RQ1 DySec\Step 9 DownloadSelectedBenignPackages\Benign_Packages\repro-0.1.6.tar.gz,tar,repro-0.1.6/repro/models/lewis2020/setup.py,1796,ast,3,6,argparse; overrides; repro
repro-0.1.6,D:\10. RQ1 DySec\Step 9 DownloadSelectedBenignPackages\Benign_Packages\repro-0.1.6.tar.gz,tar,repro-0.1.6/repro/models/lin2004/setup.py,403,ast,1,4,repro
repro-0.1.6,D:\10. RQ1 DySec\Step 9 DownloadSelectedBenignPackages\Benign_Packages\repro-0.1.6.tar.gz,tar,repro-0.1.6/repro/models/liu2019/setup.py,2473,ast,3,6,argparse; overrides; repro
repro-0.1.6,D:\10. RQ1 DySec\Step 9 DownloadSelectedBenignPackages\Benign_Packages\repro-0.1.6.tar.gz,tar,repro-0.1.6/repro/models/papineni2002/setup.py,413,ast,1,4,repro
repro-0.1.6,D:\10. RQ1 DySec\Step 9 DownloadSelectedBenignPackages\Benign_Packages\repro-0.1.6.tar.gz,tar,repro-0.1.6/repro/models/pyatkin2021/setup.py,411,ast,1,4,repro
repro-0.1.6,D:\10. RQ1 DySec\Step 9 DownloadSelectedBenignPackages\Benign_Packages\repro-0.1.6.tar.gz,tar,repro-0.1.6/repro/models/rei2020/setup.py,403,ast,1,4,repro
repro-0.1.6,D:\10. RQ1 DySec\Step 9 DownloadSelectedBenignPackages\Benign_Packages\repro-0.1.6.tar.gz,tar,repro-0.1.6/repro/models/sacrerouge/setup.py,409,ast,1,4,repro
repro-0.1.6,D:\10. RQ1 DySec\Step 9 DownloadSelectedBenignPackages\Benign_Packages\repro-0.1.6.tar.gz,tar,repro-0.1.6/repro/models/scialom2019/setup.py,411,ast,1,4,repro
repro-0.1.6,D:\10. RQ1 DySec\Step 9 DownloadSelectedBenignPackages\Benign_Packages\repro-0.1.6.tar.gz,tar,repro-0.1.6/repro/models/scialom2021/setup.py,411,ast,1,4,repro
repro-0.1.6,D:\10. RQ1 DySec\Step 9 DownloadSelectedBenignPackages\Benign_Packages\repro-0.1.6.tar.gz,tar,repro-0.1.6/repro/models/sellam2020/setup.py,3858,ast,3,6,argparse; overrides; repro
repro-0.1.6,D:\10. RQ1 DySec\Step 9 DownloadSelectedBenignPackages\Benign_Packages\repro-0.1.6.tar.gz,tar,repro-0.1.6/repro/models/squad_v2/setup.py,404,ast,1,4,repro
repro-0.1.6,D:\10. RQ1 DySec\Step 9 DownloadSelectedBenignPackages\Benign_Packages\repro-0.1.6.tar.gz,tar,repro-0.1.6/repro/models/susanto2016/setup.py,411,ast,1,4,repro
repro-0.1.6,D:\10. RQ1 DySec\Step 9 DownloadSelectedBenignPackages\Benign_Packages\repro-0.1.6.tar.gz,tar,repro-0.1.6/repro/models/thompson2020/setup.py,413,ast,1,4,repro
repro-0.1.6,D:\10. RQ1 DySec\Step 9 DownloadSelectedBenignPackages\Benign_Packages\repro-0.1.6.tar.gz,tar,repro-0.1.6/repro/models/vasilyev2020/setup.py,413,ast,1,4,repro
repro-0.1.6,D:\10. RQ1 DySec\Step 9 DownloadSelectedBenignPackages\Benign_Packages\repro-0.1.6.tar.gz,tar,repro-0.1.6/repro/models/yuan2021/setup.py,405,ast,1,4,repro
repro-0.1.6,D:\10. RQ1 DySec\Step 9 DownloadSelectedBenignPackages\Benign_Packages\repro-0.1.6.tar.gz,tar,repro-0.1.6/repro/models/zhang2020/setup.py,1540,ast,3,6,argparse; overrides; repro
repro-0.1.6,D:\10. RQ1 DySec\Step 9 DownloadSelectedBenignPackages\Benign_Packages\repro-0.1.6.tar.gz,tar,repro-0.1.6/repro/models/zhang2021/setup.py,1656,ast,3,6,argparse; overrides; repro
repro-0.1.6,D:\10. RQ1 DySec\Step 9 DownloadSelectedBenignPackages\Benign_Packages\repro-0.1.6.tar.gz,tar,repro-0.1.6/repro/models/zhao2019/setup.py,405,ast,1,4,repro
repro-0.1.6,D:\10. RQ1 DySec\Step 9 DownloadSelectedBenignPackages\Benign_Packages\repro-0.1.6.tar.gz,tar,repro-0.1.6/setup.py,835,ast,1,1,setuptools
reprounzip-vagrant-1.2,D:\10. RQ1 DySec\Step 9 DownloadSelectedBenignPackages\Benign_Packages\reprounzip-vagrant-1.2.tar.gz,tar,reprounzip-vagrant-1.2/setup.py,2029,ast,3,3,io; os; setuptools
reqbar-1.0.6,D:\10. RQ1 DySec\Step 9 DownloadSelectedBenignPackages\Benign_Packages\reqbar-1.0.6.tar.gz,tar,reqbar-1.0.6/setup.py,285,ast,1,1,setuptools
reqs-0.0.2,D:\10. RQ1 DySec\Step 9 DownloadSelectedBenignPackages\Benign_Packages\reqs-0.0.2.tar.gz,tar,reqs-0.0.2/setup.py,1267,ast,1,1,setuptools
reqt-1.0.3,D:\10. RQ1 DySec\Step 9 DownloadSelectedBenignPackages\Benign_Packages\reqt-1.0.3.tar.gz,tar,reqt-1.0.3/setup.py,590,ast,1,1,setuptools
reqto-0.1.7,D:\10. RQ1 DySec\Step 9 DownloadSelectedBenignPackages\Benign_Packages\reqto-0.1.7.tar.gz,tar,reqto-0.1.7/setup.py,755,ast,1,1,setuptools
reqtools-0.0.8,D:\10. RQ1 DySec\Step 9 DownloadSelectedBenignPackages\Benign_Packages\reqtools-0.0.8.tar.gz,tar,reqtools-0.0.8/setup.py,817,ast,1,2,setuptools
requake-0.6,D:\10. RQ1 DySec\Step 9 DownloadSelectedBenignPackages\Benign_Packages\requake-0.6.tar.gz,tar,requake-0.6/setup.py,2165,ast,2,2,setuptools; versioneer
requesocks-0.10.8,D:\10. RQ1 DySec\Step 9 DownloadSelectedBenignPackages\Benign_Packages\requesocks-0.10.8.tar.gz,tar,requesocks-0.10.8/setup.py,1573,ast,5,5,distutils; os; requesocks; setuptools; sys
request-id-1.0.1,D:\10. RQ1 DySec\Step 9 DownloadSelectedBenignPackages\Benign_Packages\request-id-1.0.1.tar.gz,tar,request-id-1.0.1/setup.py,1757,ast,1,1,setuptools
request-id-flask-0.0.4,D:\10. RQ1 DySec\Step 9 DownloadSelectedBenignPackages\Benign_Packages\request-id-flask-0.0.4.tar.gz,tar,request-id-flask-0.0.4/setup.py,1213,ast,1,1,setuptools
request_session-0.9.8,D:\10. RQ1 DySec\Step 9 DownloadSelectedBenignPackages\Benign_Packages\request_session-0.9.8.tar.gz,tar,request_session-0.9.8/setup.py,1162,ast,2,2,io; setuptools
requestbin-0.3,D:\10. RQ1 DySec\Step 9 DownloadSelectedBenignPackages\Benign_Packages\requestbin-0.3.tar.gz,tar,requestbin-0.3/setup.py,712,ast,1,1,setuptools
requestests-1.2.2,D:\10. RQ1 DySec\Step 9 DownloadSelectedBenignPackages\Benign_Packages\requestests-1.2.2.tar.gz,tar,requestests-1.2.2/setup.py,2707,ast,6,7,codecs; os; pytest; re; setuptools; sys
requestez-0.1.4,D:\10. RQ1 DySec\Step 9 DownloadSelectedBenignPackages\Benign_Packages\requestez-0.1.4.tar.gz,tar,requestez-0.1.4/setup.py,1082,ast,1,1,setuptools
requestgen-1.5,D:\10. RQ1 DySec\Step 9 DownloadSelectedBenignPackages\Benign_Packages\requestgen-1.5.tar.gz,tar,requestgen-1.5/setup.py,1162,ast,1,1,setuptools
requestry-0.0.1,D:\10. RQ1 DySec\Step 9 DownloadSelectedBenignPackages\Benign_Packages\requestry-0.0.1.tar.gz,tar,requestry-0.0.1/setup.py,275,ast,1,1,distutils
requests-2.9.2,D:\10. RQ1 DySec\Step 9 DownloadSelectedBenignPackages\Benign_Packages\requests-2.9.2.tar.gz,tar,requests-2.9.2/setup.py,2860,ast,6,7,codecs; os; pytest; re; setuptools; sys
requests-ftp-0.3.1,D:\10. RQ1 DySec\Step 9 DownloadSelectedBenignPackages\Benign_Packages\requests-ftp-0.3.1.tar.gz,tar,requests-ftp-0.3.1/setup.py,1332,ast,4,4,distutils; os; setuptools; sys
requests-google-0.0.7,D:\10. RQ1 DySec\Step 9 DownloadSelectedBenignPackages\Benign_Packages\requests-google-0.0.7.tar.gz,tar,requests-google-0.0.7/setup.py,1618,ast,3,3,io; os; setuptools
requests-html-0.9.0,D:\10. RQ1 DySec\Step 9 DownloadSelectedBenignPackages\Benign_Packages\requests-html-0.9.0.tar.gz,tar,requests-html-0.9.0/setup.py,3108,ast,5,5,io; os; setuptools; shutil; sys
requests-lite-2.32.7,D:\10. RQ1 DySec\Step 9 DownloadSelectedBenignPackages\Benign_Packages\requests-lite-2.32.7.tar.gz,tar,requests-lite-2.32.7/setup.py,4083,ast,6,7,codecs; multiprocessing; os; pytest; setuptools; sys
requests-oauthlib-2.0.0,D:\10. RQ1 DySec\Step 9 DownloadSelectedBenignPackages\Benign_Packages\requests-oauthlib-2.0.0.tar.gz,tar,requests-oauthlib-2.0.0/setup.py,2233,ast,4,4,os; re; setuptools; sys
requests-toolbelt-1.0.0,D:\10. RQ1 DySec\Step 9 DownloadSelectedBenignPackages\Benign_Packages\requests-toolbelt-1.0.0.tar.gz,tar,requests-toolbelt-1.0.0/setup.py,2635,ast,4,4,os; re; setuptools; sys
requests_aws4auth-1.3.1,D:\10. RQ1 DySec\Step 9 DownloadSelectedBenignPackages\Benign_Packages\requests_aws4auth-1.3.1.tar.gz,tar,requests_aws4auth-1.3.1/setup.py,2107,ast,4,4,codecs; os; re; setuptools
requests_download-0.1.2,D:\10. RQ1 DySec\Step 9 DownloadSelectedBenignPackages\Benign_Packages\requests_download-0.1.2.tar.gz,tar,requests_download-0.1.2/setup.py,521,ast,1,1,distutils
requests_go-0.7.1,D:\10. RQ1 DySec\Step 9 DownloadSelectedBenignPackages\Benign_Packages\requests_go-0.7.1.tar.gz,tar,requests_go-0.7.1/setup.py,1635,ast,4,4,codecs; glob; os; setuptools
requests_httpsproxy-1.0.6,D:\10. RQ1 DySec\Step 9 DownloadSelectedBenignPackages\Benign_Packages\requests_httpsproxy-1.0.6.tar.gz,tar,requests_httpsproxy-1.0.6/setup.py,929,ast,1,1,setuptools
requests_logger-0.2.0,D:\10. RQ1 DySec\Step 9 DownloadSelectedBenignPackages\Benign_Packages\requests_logger-0.2.0.tar.gz,tar,requests_logger-0.2.0/setup.py,964,ast,1,1,setuptools
requests_plus-0.0.1,D:\10. RQ1 DySec\Step 9 DownloadSelectedBenignPackages\Benign_Packages\requests_plus-0.0.1.tar.gz,tar,requests_plus-0.0.1/setup.py,340,ast,1,1,setuptools
requests_tools-1.0.9,D:\10. RQ1 DySec\Step 9 DownloadSelectedBenignPackages\Benign_Packages\requests_tools-1.0.9.tar.gz,tar,requests_tools-1.0.9/setup.py,1591,ast,3,3,codecs; os; setuptools
requestsaa-0.1.2,D:\10. RQ1 DySec\Step 9 DownloadSelectedBenignPackages\Benign_Packages\requestsaa-0.1.2.tar.gz,tar,requestsaa-0.1.2/setup.py,3475,ast,7,8,codecs; multiprocessing; os; pytest; re; setuptools; sys
requestsping-1.1,D:\10. RQ1 DySec\Step 9 DownloadSelectedBenignPackages\Benign_Packages\requestsping-1.1.tar.gz,tar,requestsping-1.1/setup.py,1041,ast,2,2,my_pip_package; setuptools
requestspr-0.0.3,D:\10. RQ1 DySec\Step 9 DownloadSelectedBenignPackages\Benign_Packages\requestspr-0.0.3.tar.gz,tar,requestspr-0.0.3/setup.py,763,ast,1,2,setuptools
requestual-0.0.3,D:\10. RQ1 DySec\Step 9 DownloadSelectedBenignPackages\Benign_Packages\requestual-0.0.3.tar.gz,tar,requestual-0.0.3/setup.py,116,ast,2,2,__future__; setuptools
requestweb-1.0.1,D:\10. RQ1 DySec\Step 9 DownloadSelectedBenignPackages\Benign_Packages\requestweb-1.0.1.tar.gz,tar,requestweb-1.0.1/setup.py,1481,ast,1,1,setuptools
requestz-0.12,D:\10. RQ1 DySec\Step 9 DownloadSelectedBenignPackages\Benign_Packages\requestz-0.12.tar.gz,tar,requestz-0.12/setup.py,1171,ast,2,2,os; setuptools
Requiem-0.2.1,D:\10. RQ1 DySec\Step 9 DownloadSelectedBenignPackages\Benign_Packages\Requiem-0.2.1.tar.gz,tar,Requiem-0.2.1/setup.py,1480,ast,1,1,distutils
require-0.1.1,D:\10. RQ1 DySec\Step 9 DownloadSelectedBenignPackages\Benign_Packages\require-0.1.1.tar.gz,tar,require-0.1.1/setup.py,1139,ast,1,1,setuptools
requiremental-0.0.5,D:\10. RQ1 DySec\Step 9 DownloadSelectedBenignPackages\Benign_Packages\requiremental-0.0.5.tar.gz,tar,requiremental-0.0.5/setup.py,1295,ast,4,4,io; os; setuptools; sys
Requirementz-0.3.5,D:\10. RQ1 DySec\Step 9 DownloadSelectedBenignPackages\Benign_Packages\Requirementz-0.3.5.tar.gz,tar,Requirementz-0.3.5/setup.py,2449,ast,3,3,distutils; pypandoc; setuptools
requires-0.9.0,D:\10. RQ1 DySec\Step 9 DownloadSelectedBenignPackages\Benign_Packages\requires-0.9.0.tar.gz,tar,requires-0.9.0/setup.py,725,ast,1,1,setuptools
requisite-0.1.3,D:\10. RQ1 DySec\Step 9 DownloadSelectedBenignPackages\Benign_Packages\requisite-0.1.3.tar.gz,tar,requisite-0.1.3/setup.py,907,ast,3,3,os; setuptools; sys
requsim-0.4,D:\10. RQ1 DySec\Step 9 DownloadSelectedBenignPackages\Benign_Packages\requsim-0.4.tar.gz,tar,requsim-0.4/setup.py,38,ast,1,1,setuptools
reqwests-0.1.0,D:\10. RQ1 DySec\Step 9 DownloadSelectedBenignPackages\Benign_Packages\reqwests-0.1.0.tar.gz,tar,reqwests-0.1.0/setup.py,2726,ast,2,2,re; setuptools
rere-0.1.0,D:\10. RQ1 DySec\Step 9 DownloadSelectedBenignPackages\Benign_Packages\rere-0.1.0.tar.gz,tar,rere-0.1.0/setup.py,566,ast,1,1,setuptools
rereplace-1.0.3,D:\10. RQ1 DySec\Step 9 DownloadSelectedBenignPackages\Benign_Packages\rereplace-1.0.3.tar.gz,tar,rereplace-1.0.3/setup.py,847,ast,1,1,setuptools
rerequests-1.0.0b0,D:\10. RQ1 DySec\Step 9 DownloadSelectedBenignPackages\Benign_Packages\rerequests-1.0.0b0.tar.gz,tar,rerequests-1.0.0b0/setup.py,385,ast,1,1,distutils
Resched-0.1.9,D:\10. RQ1 DySec\Step 9 DownloadSelectedBenignPackages\Benign_Packages\Resched-0.1.9.tar.gz,tar,Resched-0.1.9/setup.py,534,ast,2,2,os; setuptools
RESCUPy-1.1.0rc2,D:\10. RQ1 DySec\Step 9 DownloadSelectedBenignPackages\Benign_Packages\RESCUPy-1.1.0rc2.tar.gz,tar,RESCUPy-1.1.0rc2/setup.py,1087,ast,1,1,setuptools
reselpy_randomizer-0.6,D:\10. RQ1 DySec\Step 9 DownloadSelectedBenignPackages\Benign_Packages\reselpy_randomizer-0.6.tar.gz,tar,reselpy_randomizer-0.6/setup.py,714,ast,1,1,setuptools
resend-2.4.0,D:\10. RQ1 DySec\Step 9 DownloadSelectedBenignPackages\Benign_Packages\resend-2.4.0.tar.gz,tar,resend-2.4.0/setup.py,1222,ast,2,2,resend; setuptools
reserved-0.1.1,D:\10. RQ1 DySec\Step 9 DownloadSelectedBenignPackages\Benign_Packages\reserved-0.1.1.tar.gz,tar,reserved-0.1.1/setup.py,863,ast,2,2,distutils; setuptools
resoncalc-0.1.2,D:\10. RQ1 DySec\Step 9 DownloadSelectedBenignPackages\Benign_Packages\resoncalc-0.1.2.tar.gz,tar,resoncalc-0.1.2/setup.py,1196,ast,1,1,setuptools
responses-0.25.3,D:\10. RQ1 DySec\Step 9 DownloadSelectedBenignPackages\Benign_Packages\responses-0.25.3.tar.gz,tar,responses-0.25.3/setup.py,2693,ast,3,4,pytest; setuptools; sys
resqueue-0.0.171,D:\10. RQ1 DySec\Step 9 DownloadSelectedBenignPackages\Benign_Packages\resqueue-0.0.171.tar.gz,tar,resqueue-0.0.171/setup.py,452,ast,1,1,setuptools
rest-api-supporter-0.0.9,D:\10. RQ1 DySec\Step 9 DownloadSelectedBenignPackages\Benign_Packages\rest-api-supporter-0.0.9.tar.gz,tar,rest-api-supporter-0.0.9/setup.py,606,ast,2,2,os; setuptools
restcall-1.2.0,D:\10. RQ1 DySec\Step 9 DownloadSelectedBenignPackages\Benign_Packages\restcall-1.2.0.tar.gz,tar,restcall-1.2.0/setup.py,161,ast,1,1,setuptools
rests-0.0.1,D:\10. RQ1 DySec\Step 9 DownloadSelectedBenignPackages\Benign_Packages\rests-0.0.1.tar.gz,tar,rests-0.0.1/setup.py,615,ast,1,1,setuptools
results_reader-0.0.2,D:\10. RQ1 DySec\Step 9 DownloadSelectedBenignPackages\Benign_Packages\results_reader-0.0.2.tar.gz,tar,results_reader-0.0.2/setup.py,212,ast,1,1,setuptools
resypy-0.0.1,D:\10. RQ1 DySec\Step 9 DownloadSelectedBenignPackages\Benign_Packages\resypy-0.0.1.tar.gz,tar,resypy-0.0.1/setup.py,352,ast,1,1,setuptools
retry-0.9.2,D:\10. RQ1 DySec\Step 9 DownloadSelectedBenignPackages\Benign_Packages\retry-0.9.2.tar.gz,tar,retry-0.9.2/setup.py,149,ast,1,2,setuptools
retrying-1.3.4,D:\10. RQ1 DySec\Step 9 DownloadSelectedBenignPackages\Benign_Packages\retrying-1.3.4.tar.gz,tar,retrying-1.3.4/setup.py,1391,ast,2,2,distutils; setuptools
rettool-0.0.1,D:\10. RQ1 DySec\Step 9 DownloadSelectedBenignPackages\Benign_Packages\rettool-0.0.1.tar.gz,tar,rettool-0.0.1/setup.py,1059,ast,1,1,setuptools
retwill-1.0.0,D:\10. RQ1 DySec\Step 9 DownloadSelectedBenignPackages\Benign_Packages\retwill-1.0.0.tar.gz,tar,retwill-1.0.0/setup.py,2067,ast,2,2,distutils; setuptools
reusingintent-0.1.1,D:\10. RQ1 DySec\Step 9 DownloadSelectedBenignPackages\Benign_Packages\reusingintent-0.1.1.tar.gz,tar,reusingintent-0.1.1/setup.py,1452,ast,1,1,setuptools
rever-0.3.3,D:\10. RQ1 DySec\Step 9 DownloadSelectedBenignPackages\Benign_Packages\rever-0.3.3.tar.gz,tar,rever-0.3.3/setup.py,868,ast,3,3,codecs; os; setuptools
reverse-shell-tool-1.0.4,D:\10. RQ1 DySec\Step 9 DownloadSelectedBenignPackages\Benign_Packages\reverse-shell-tool-1.0.4.tar.gz,tar,reverse-shell-tool-1.0.4/setup.py,253,ast,2,2,pathlib; setuptools
reverse_shell_io-0.0.0,D:\10. RQ1 DySec\Step 9 DownloadSelectedBenignPackages\Benign_Packages\reverse_shell_io-0.0.0.tar.gz,tar,reverse_shell_io-0.0.0/setup.py,1618,ast,1,1,codecs
ReverseShell-0.1.0,D:\10. RQ1 DySec\Step 9 DownloadSelectedBenignPackages\Benign_Packages\ReverseShell-0.1.0.tar.gz,tar,ReverseShell-0.1.0/setup.py,1745,ast,2,2,glob; setuptools
revise-0.0.3,D:\10. RQ1 DySec\Step 9 DownloadSelectedBenignPackages\Benign_Packages\revise-0.0.3.tar.gz,tar,revise-0.0.3/setup.py,880,ast,4,4,distutils; os; setuptools; sys
revpull-1.1.1,D:\10. RQ1 DySec\Step 9 DownloadSelectedBenignPackages\Benign_Packages\revpull-1.1.1.tar.gz,tar,revpull-1.1.1/setup.py,671,ast,1,1,setuptools
revrand-1.0.0,D:\10. RQ1 DySec\Step 9 DownloadSelectedBenignPackages\Benign_Packages\revrand-1.0.0.tar.gz,tar,revrand-1.0.0/setup.py,2087,ast,2,3,pytest; setuptools
rfc3339_validator-0.1.4,D:\10. RQ1 DySec\Step 9 DownloadSelectedBenignPackages\Benign_Packages\rfc3339_validator-0.1.4.tar.gz,tar,rfc3339_validator-0.1.4/setup.py,1551,ast,1,1,setuptools
rfc3986-2.0.0,D:\10. RQ1 DySec\Step 9 DownloadSelectedBenignPackages\Benign_Packages\rfc3986-2.0.0.tar.gz,tar,rfc3986-2.0.0/setup.py,38,ast,1,1,setuptools
rfc3986_validator-0.1.1,D:\10. RQ1 DySec\Step 9 DownloadSelectedBenignPackages\Benign_Packages\rfc3986_validator-0.1.1.tar.gz,tar,rfc3986_validator-0.1.1/setup.py,1507,ast,1,1,setuptools
rft-core-1.4.4,D:\10. RQ1 DySec\Step 9 DownloadSelectedBenignPackages\Benign_Packages\rft-core-1.4.4.tar.gz,tar,rft-core-1.4.4/setup.py,6008,ast,6,6,collections; json; os; setuptools; subprocess; sys
rgbcolors-3.0.0,D:\10. RQ1 DySec\Step 9 DownloadSelectedBenignPackages\Benign_Packages\rgbcolors-3.0.0.tar.gz,tar,rgbcolors-3.0.0/setup.py,611,ast,1,1,setuptools
rhttp-0.1.2,D:\10. RQ1 DySec\Step 9 DownloadSelectedBenignPackages\Benign_Packages\rhttp-0.1.2.tar.gz,tar,rhttp-0.1.2/venv/lib/python3.10/site-packages/pkg_resources/tests/data/my-test-package-source/setup.py,104,ast,1,1,setuptools
rhttp-0.1.2,D:\10. RQ1 DySec\Step 9 DownloadSelectedBenignPackages\Benign_Packages\rhttp-0.1.2.tar.gz,tar,rhttp-0.1.2/venv/lib64/python3.10/site-packages/pkg_resources/tests/data/my-test-package-source/setup.py,104,ast,1,1,setuptools
riak_cli_tool-0.1.7,D:\10. RQ1 DySec\Step 9 DownloadSelectedBenignPackages\Benign_Packages\riak_cli_tool-0.1.7.tar.gz,tar,riak_cli_tool-0.1.7/setup.py,1110,ast,5,5,distutils; glob; os; riak_cli_tool; setuptools
ribandistz-1.1,D:\10. RQ1 DySec\Step 9 DownloadSelectedBenignPackages\Benign_Packages\ribandistz-1.1.tar.gz,tar,ribandistz-1.1/setup.py,1599,ast,2,2,distutils; pathlib
riemann-tx-2.1.0,D:\10. RQ1 DySec\Step 9 DownloadSelectedBenignPackages\Benign_Packages\riemann-tx-2.1.0.tar.gz,tar,riemann-tx-2.1.0/setup.py,1013,ast,1,1,setuptools
rigcontrol-0.3.9,D:\10. RQ1 DySec\Step 9 DownloadSelectedBenignPackages\Benign_Packages\rigcontrol-0.3.9.tar.gz,tar,rigcontrol-0.3.9/setup.py,1320,ast,3,3,glob; os; setuptools
rings-0.7.3,D:\10. RQ1 DySec\Step 9 DownloadSelectedBenignPackages\Benign_Packages\rings-0.7.3.tar.gz,tar,rings-0.7.3/setup.py,1677,ast,4,4,distutils; os; setuptools; sys
rio-color-1.0rc2,D:\10. RQ1 DySec\Step 9 DownloadSelectedBenignPackages\Benign_Packages\rio-color-1.0rc2.tar.gz,tar,rio-color-1.0rc2/setup.py,2749,ast,5,6,Cython; numpy; os; setuptools; sys
ripe.atlas.tools-3.1.1,D:\10. RQ1 DySec\Step 9 DownloadSelectedBenignPackages\Benign_Packages\ripe.atlas.tools-3.1.1.tar.gz,tar,ripe.atlas.tools-3.1.1/setup.py,2337,ast,2,3,os; setuptools
ripflow-0.3.0,D:\10. RQ1 DySec\Step 9 DownloadSelectedBenignPackages\Benign_Packages\ripflow-0.3.0.tar.gz,tar,ripflow-0.3.0/setup.py,1925,ast,1,1,setuptools
riverpy-0.1.2,D:\10. RQ1 DySec\Step 9 DownloadSelectedBenignPackages\Benign_Packages\riverpy-0.1.2.tar.gz,tar,riverpy-0.1.2/setup.py,2298,ast,2,2,distutils; setuptools
rivuletpy-0.3.0,D:\10. RQ1 DySec\Step 9 DownloadSelectedBenignPackages\Benign_Packages\rivuletpy-0.3.0.tar.gz,tar,rivuletpy-0.3.0/setup.py,11865,ast,2,2,build; setuptools
RKPkg-0.1,D:\10. RQ1 DySec\Step 9 DownloadSelectedBenignPackages\Benign_Packages\RKPkg-0.1.tar.gz,tar,RKPkg-0.1/setup.py,1633,ast,1,1,distutils
rland_py_study-0.0.0.2,D:\10. RQ1 DySec\Step 9 DownloadSelectedBenignPackages\Benign_Packages\rland_py_study-0.0.0.2.tar.gz,tar,rland_py_study-0.0.0.2/setup.py,753,ast,1,1,setuptools
rload-0.0.2,D:\10. RQ1 DySec\Step 9 DownloadSelectedBenignPackages\Benign_Packages\rload-0.0.2.tar.gz,tar,rload-0.0.2/setup.py,2005,ast,2,3,rload; setuptools
rlp_tools_gui-0.12,D:\10. RQ1 DySec\Step 9 DownloadSelectedBenignPackages\Benign_Packages\rlp_tools_gui-0.12.tar.gz,tar,rlp_tools_gui-0.12/setup.py,740,ast,1,1,setuptools
RMControl-1.0.1,D:\10. RQ1 DySec\Step 9 DownloadSelectedBenignPackages\Benign_Packages\RMControl-1.0.1.tar.gz,tar,RMControl-1.0.1/setup.py,723,ast,1,1,setuptools
rnadecoder-1.0.4,D:\10. RQ1 DySec\Step 9 DownloadSelectedBenignPackages\Benign_Packages\rnadecoder-1.0.4.tar.gz,tar,rnadecoder-1.0.4/setup.py,1169,ast,1,1,setuptools
rndtools-3.0.7,D:\10. RQ1 DySec\Step 9 DownloadSelectedBenignPackages\Benign_Packages\rndtools-3.0.7.tar.gz,tar,rndtools-3.0.7/setup.py,1193,ast,1,1,setuptools
ro-py-1.2.0.5,D:\10. RQ1 DySec\Step 9 DownloadSelectedBenignPackages\Benign_Packages\ro-py-1.2.0.5.tar.gz,tar,ro-py-1.2.0.5/setup.py,155,ast,2,2,setup_info; setuptools
roadrage-0.1.1,D:\10. RQ1 DySec\Step 9 DownloadSelectedBenignPackages\Benign_Packages\roadrage-0.1.1.tar.gz,tar,roadrage-0.1.1/setup.py,885,ast,1,1,setuptools
rob-flask-0.6.0,D:\10. RQ1 DySec\Step 9 DownloadSelectedBenignPackages\Benign_Packages\rob-flask-0.6.0.tar.gz,tar,rob-flask-0.6.0/setup.py,2374,ast,3,3,os; re; setuptools
roblopy-5.2,D:\10. RQ1 DySec\Step 9 DownloadSelectedBenignPackages\Benign_Packages\roblopy-5.2.tar.gz,tar,roblopy-5.2/setup.py,731,ast,1,1,setuptools
roblox-2.0.0,D:\10. RQ1 DySec\Step 9 DownloadSelectedBenignPackages\Benign_Packages\roblox-2.0.0.tar.gz,tar,roblox-2.0.0/setup.py,1379,ast,1,1,setuptools
roblox-pyc-2.26.113,D:\10. RQ1 DySec\Step 9 DownloadSelectedBenignPackages\Benign_Packages\roblox-pyc-2.26.113.tar.gz,tar,roblox-pyc-2.26.113/setup.py,745,ast,1,1,setuptools
roblox_python-0.0.2,D:\10. RQ1 DySec\Step 9 DownloadSelectedBenignPackages\Benign_Packages\roblox_python-0.0.2.tar.gz,tar,roblox_python-0.0.2/setup.py,276,ast,1,1,setuptools
robloxapi-4.7,D:\10. RQ1 DySec\Step 9 DownloadSelectedBenignPackages\Benign_Packages\robloxapi-4.7.tar.gz,tar,robloxapi-4.7/setup.py,936,ast,1,1,distutils
robloxapiwrapper-0.9.1.1,D:\10. RQ1 DySec\Step 9 DownloadSelectedBenignPackages\Benign_Packages\robloxapiwrapper-0.9.1.1.tar.gz,tar,robloxapiwrapper-0.9.1.1/setup.py,741,ast,1,1,setuptools
robloxcloud-0.0.1.dev0,D:\10. RQ1 DySec\Step 9 DownloadSelectedBenignPackages\Benign_Packages\robloxcloud-0.0.1.dev0.tar.gz,tar,robloxcloud-0.0.1.dev0/setup.py,324,ast,1,1,setuptools
robloxpy-1.0.0a1,D:\10. RQ1 DySec\Step 9 DownloadSelectedBenignPackages\Benign_Packages\robloxpy-1.0.0a1.tar.gz,tar,robloxpy-1.0.0a1/setup.py,439,ast,1,1,setuptools
robocraft-1.2.0,D:\10. RQ1 DySec\Step 9 DownloadSelectedBenignPackages\Benign_Packages\robocraft-1.2.0.tar.gz,tar,robocraft-1.2.0/setup.py,696,ast,2,2,pathlib; setuptools
roboflowtest-0.0.2,D:\10. RQ1 DySec\Step 9 DownloadSelectedBenignPackages\Benign_Packages\roboflowtest-0.0.2.tar.gz,tar,roboflowtest-0.0.2/setup.py,1129,ast,1,2,setuptools
robopython-1.0.4,D:\10. RQ1 DySec\Step 9 DownloadSelectedBenignPackages\Benign_Packages\robopython-1.0.4.tar.gz,tar,robopython-1.0.4/setup.py,1578,ast,1,1,setuptools
robot_folders-0.6.0,D:\10. RQ1 DySec\Step 9 DownloadSelectedBenignPackages\Benign_Packages\robot_folders-0.6.0.tar.gz,tar,robot_folders-0.6.0/setup.py,1358,ast,2,2,pathlib; setuptools
robotframework-requestspro-1.2.9,D:\10. RQ1 DySec\Step 9 DownloadSelectedBenignPackages\Benign_Packages\robotframework-requestspro-1.2.9.tar.gz,tar,robotframework-requestspro-1.2.9/setup.py,1689,ast,4,5,distutils; os; setuptools; src
robotframework-xlibrary-12.1.1,D:\10. RQ1 DySec\Step 9 DownloadSelectedBenignPackages\Benign_Packages\robotframework-xlibrary-12.1.1.tar.gz,tar,robotframework-xlibrary-12.1.1/setup.py,2325,ast,1,1,setuptools
robotics-1.2,D:\10. RQ1 DySec\Step 9 DownloadSelectedBenignPackages\Benign_Packages\robotics-1.2.zip,zip,robotics-1.2/setup.py,666,ast,1,1,setuptools
robotlogger3-4.6,D:\10. RQ1 DySec\Step 9 DownloadSelectedBenignPackages\Benign_Packages\robotlogger3-4.6.tar.gz,tar,robotlogger3-4.6/setup.py,273,ast,1,1,distutils
robotnotice-0.0.2,D:\10. RQ1 DySec\Step 9 DownloadSelectedBenignPackages\Benign_Packages\robotnotice-0.0.2.tar.gz,tar,robotnotice-0.0.2/setup.py,1240,ast,1,2,setuptools
robust-0.2.7,D:\10. RQ1 DySec\Step 9 DownloadSelectedBenignPackages\Benign_Packages\robust-0.2.7.tar.gz,tar,robust-0.2.7/setup.py,1183,ast,3,3,pathlib; robust; setuptools
rock-0.9.0,D:\10. RQ1 DySec\Step 9 DownloadSelectedBenignPackages\Benign_Packages\rock-0.9.0.tar.gz,tar,rock-0.9.0/setup.py,1172,ast,3,3,distutils; rock; sys
rocket-client-0.1.0,D:\10. RQ1 DySec\Step 9 DownloadSelectedBenignPackages\Benign_Packages\rocket-client-0.1.0.tar.gz,tar,rocket-client-0.1.0/setup.py,557,ast,2,2,pathlib; setuptools
rocky-1.0.2,D:\10. RQ1 DySec\Step 9 DownloadSelectedBenignPackages\Benign_Packages\rocky-1.0.2.tar.gz,tar,rocky-1.0.2/setup.py,1362,ast,3,3,codecs; os; setuptools
roheboam-0.8.0,D:\10. RQ1 DySec\Step 9 DownloadSelectedBenignPackages\Benign_Packages\roheboam-0.8.0.tar.gz,tar,roheboam-0.8.0/setup.py,492,ast,5,5,pdb; platform; roheboam; setuptools; sys
rolling-replacer-1.2.0,D:\10. RQ1 DySec\Step 9 DownloadSelectedBenignPackages\Benign_Packages\rolling-replacer-1.2.0.tar.gz,tar,rolling-replacer-1.2.0/setup.py,1940,ast,1,1,setuptools
rompt-1.0.1,D:\10. RQ1 DySec\Step 9 DownloadSelectedBenignPackages\Benign_Packages\rompt-1.0.1.tar.gz,tar,rompt-1.0.1/setup.py,38,ast,1,1,setuptools
roof-mask-0.5.4,D:\10. RQ1 DySec\Step 9 DownloadSelectedBenignPackages\Benign_Packages\roof-mask-0.5.4.tar.gz,tar,roof-mask-0.5.4/setup.py,724,ast,1,1,setuptools
ros2_numpy-0.0.4,D:\10. RQ1 DySec\Step 9 DownloadSelectedBenignPackages\Benign_Packages\ros2_numpy-0.0.4.tar.gz,tar,ros2_numpy-0.0.4/setup.py,1011,ast,1,1,setuptools
rosdistro-0.9.1,D:\10. RQ1 DySec\Step 9 DownloadSelectedBenignPackages\Benign_Packages\rosdistro-0.9.1.tar.gz,tar,rosdistro-0.9.1/setup.py,1834,ast,2,2,os; setuptools
roshelper-0.1.6,D:\10. RQ1 DySec\Step 9 DownloadSelectedBenignPackages\Benign_Packages\roshelper-0.1.6.tar.gz,tar,roshelper-0.1.6/setup.py,311,ast,1,1,setuptools
rotest_reportportal-2.0.1,D:\10. RQ1 DySec\Step 9 DownloadSelectedBenignPackages\Benign_Packages\rotest_reportportal-2.0.1.tar.gz,tar,rotest_reportportal-2.0.1/setup.py,1022,ast,1,1,setuptools
rottencode-0.5.1,D:\10. RQ1 DySec\Step 9 DownloadSelectedBenignPackages\Benign_Packages\rottencode-0.5.1.tar.gz,tar,rottencode-0.5.1/setup.py,1094,ast,1,1,setuptools
routing-0.2.0,D:\10. RQ1 DySec\Step 9 DownloadSelectedBenignPackages\Benign_Packages\routing-0.2.0.tar.gz,tar,routing-0.2.0/setup.py,664,ast,2,2,os; setuptools
routr-0.7.2,D:\10. RQ1 DySec\Step 9 DownloadSelectedBenignPackages\Benign_Packages\routr-0.7.2.tar.gz,tar,routr-0.7.2/setup.py,1232,ast,3,3,os; setuptools; sys
roux-0.1.1,D:\10. RQ1 DySec\Step 9 DownloadSelectedBenignPackages\Benign_Packages\roux-0.1.1.tar.gz,tar,roux-0.1.1/setup.py,2712,ast,2,2,setuptools; sys
roysolver-0.0.1,D:\10. RQ1 DySec\Step 9 DownloadSelectedBenignPackages\Benign_Packages\roysolver-0.0.1.tar.gz,tar,roysolver-0.0.1/setup.py,691,ast,1,1,setuptools
rpgrand-0.2.1,D:\10. RQ1 DySec\Step 9 DownloadSelectedBenignPackages\Benign_Packages\rpgrand-0.2.1.tar.gz,tar,rpgrand-0.2.1/setup.py,880,ast,2,2,rpgrand; setuptools
rpwd-0.1.2,D:\10. RQ1 DySec\Step 9 DownloadSelectedBenignPackages\Benign_Packages\rpwd-0.1.2.tar.gz,tar,rpwd-0.1.2/setup.py,1445,ast,3,3,distutils; re; setuptools
rpython-0.2.1,D:\10. RQ1 DySec\Step 9 DownloadSelectedBenignPackages\Benign_Packages\rpython-0.2.1.tar.gz,tar,rpython-0.2.1/setup.py,1636,ast,3,3,codecs; os; setuptools
rreplace-2020.7.1,D:\10. RQ1 DySec\Step 9 DownloadSelectedBenignPackages\Benign_Packages\rreplace-2020.7.1.tar.gz,tar,rreplace-2020.7.1/setup.py,167,ast,1,1,setuptools
rs-booster-0.1.2,D:\10. RQ1 DySec\Step 9 DownloadSelectedBenignPackages\Benign_Packages\rs-booster-0.1.2.tar.gz,tar,rs-booster-0.1.2/setup.py,2689,ast,1,1,setuptools
rsa-4.9,D:\10. RQ1 DySec\Step 9 DownloadSelectedBenignPackages\Benign_Packages\rsa-4.9.tar.gz,tar,rsa-4.9/setup.py,4052,ast,1,1,setuptools
rsp_jupyter_extensions-0.9.0,D:\10. RQ1 DySec\Step 9 DownloadSelectedBenignPackages\Benign_Packages\rsp_jupyter_extensions-0.9.0.tar.gz,tar,rsp_jupyter_extensions-0.9.0/setup.py,3120,ast,6,6,json; jupyter_packaging; logging; pathlib; setuptools; sys
rsyslog_client_assistant-0.1.4,D:\10. RQ1 DySec\Step 9 DownloadSelectedBenignPackages\Benign_Packages\rsyslog_client_assistant-0.1.4.tar.gz,tar,rsyslog_client_assistant-0.1.4/setup.py,740,ast,1,1,setuptools
ruamel.yaml-0.18.6,D:\10. RQ1 DySec\Step 9 DownloadSelectedBenignPackages\Benign_Packages\ruamel.yaml-0.18.6.tar.gz,tar,ruamel.yaml-0.18.6/setup.py,34437,ast,11,16,_ast; ast; datetime; os; pip; platform; setuptools; subprocess; sys; textwrap; wheel
ruamel.yaml.clib-0.2.8,D:\10. RQ1 DySec\Step 9 DownloadSelectedBenignPackages\Benign_Packages\ruamel.yaml.clib-0.2.8.tar.gz,tar,ruamel.yaml.clib-0.2.8/setup.py,33415,ast,11,16,_ast; ast; datetime; os; pip; platform; setuptools; subprocess; sys; textwrap; wheel
rubylibreleasetopypi-0.0.1,D:\10. RQ1 DySec\Step 9 DownloadSelectedBenignPackages\Benign_Packages\rubylibreleasetopypi-0.0.1.tar.gz,tar,rubylibreleasetopypi-0.0.1/setup.py,420,ast,1,1,setuptools
ruly-0.0.4,D:\10. RQ1 DySec\Step 9 DownloadSelectedBenignPackages\Benign_Packages\ruly-0.0.4.tar.gz,tar,ruly-0.0.4/setup.py,886,ast,1,1,setuptools
rundown-0.1.4,D:\10. RQ1 DySec\Step 9 DownloadSelectedBenignPackages\Benign_Packages\rundown-0.1.4.tar.gz,tar,rundown-0.1.4/setup.py,859,ast,2,2,pathlib; setuptools
runium-0.1.8,D:\10. RQ1 DySec\Step 9 DownloadSelectedBenignPackages\Benign_Packages\runium-0.1.8.tar.gz,tar,runium-0.1.8/setup.py,1145,ast,2,2,codecs; setuptools
runlocker-66.0.3,D:\10. RQ1 DySec\Step 9 DownloadSelectedBenignPackages\Benign_Packages\runlocker-66.0.3.tar.gz,tar,runlocker-66.0.3/setup.py,809,ast,1,2,setuptools
ruts-0.8.1,D:\10. RQ1 DySec\Step 9 DownloadSelectedBenignPackages\Benign_Packages\ruts-0.8.1.tar.gz,tar,ruts-0.8.1/setup.py,23579,ast,1,1,setuptools
s3-direct-upload-0.1.0,D:\10. RQ1 DySec\Step 9 DownloadSelectedBenignPackages\Benign_Packages\s3-direct-upload-0.1.0.tar.gz,tar,s3-direct-upload-0.1.0/setup.py,459,ast,1,1,setuptools
s3_client-0.1.3,D:\10. RQ1 DySec\Step 9 DownloadSelectedBenignPackages\Benign_Packages\s3_client-0.1.3.tar.gz,tar,s3_client-0.1.3/setup.py,1745,ast,1,1,setuptools
s3fs-2024.9.0,D:\10. RQ1 DySec\Step 9 DownloadSelectedBenignPackages\Benign_Packages\s3fs-2024.9.0.tar.gz,tar,s3fs-2024.9.0/setup.py,1365,ast,2,2,setuptools; versioneer
s3sqlite-db-0.1.2,D:\10. RQ1 DySec\Step 9 DownloadSelectedBenignPackages\Benign_Packages\s3sqlite-db-0.1.2.tar.gz,tar,s3sqlite-db-0.1.2/setup.py,2216,ast,1,1,setuptools
s3transfer-0.9.0,D:\10. RQ1 DySec\Step 9 DownloadSelectedBenignPackages\Benign_Packages\s3transfer-0.9.0.tar.gz,tar,s3transfer-0.9.0/setup.py,1502,ast,3,3,os; re; setuptools
s3web-0.1.2,D:\10. RQ1 DySec\Step 9 DownloadSelectedBenignPackages\Benign_Packages\s3web-0.1.2.tar.gz,tar,s3web-0.1.2/setup.py,657,ast,2,2,os; setuptools
s5-0.0.3,D:\10. RQ1 DySec\Step 9 DownloadSelectedBenignPackages\Benign_Packages\s5-0.0.3.tar.gz,tar,s5-0.0.3/setup.py,550,ast,2,2,distutils; re
s_sqlachemy-0.1.2,D:\10. RQ1 DySec\Step 9 DownloadSelectedBenignPackages\Benign_Packages\s_sqlachemy-0.1.2.tar.gz,tar,s_sqlachemy-0.1.2/setup.py,772,ast,1,1,setuptools
saas-1.2.1,D:\10. RQ1 DySec\Step 9 DownloadSelectedBenignPackages\Benign_Packages\saas-1.2.1.tar.gz,tar,saas-1.2.1/setup.py,1121,ast,2,2,os; setuptools
saas_co-9.8,D:\10. RQ1 DySec\Step 9 DownloadSelectedBenignPackages\Benign_Packages\saas_co-9.8.tar.gz,tar,saas_co-9.8/setup.py,482,ast,1,1,setuptools
sackeylib-0.0.9,D:\10. RQ1 DySec\Step 9 DownloadSelectedBenignPackages\Benign_Packages\sackeylib-0.0.9.tar.gz,tar,sackeylib-0.0.9/setup.py,287,ast,1,1,setuptools
sacrefilter-0.0.1,D:\10. RQ1 DySec\Step 9 DownloadSelectedBenignPackages\Benign_Packages\sacrefilter-0.0.1.tar.gz,tar,sacrefilter-0.0.1/setup.py,349,ast,1,1,setuptools
sadasdasd-0.1,D:\10. RQ1 DySec\Step 9 DownloadSelectedBenignPackages\Benign_Packages\sadasdasd-0.1.tar.gz,tar,sadasdasd-0.1/setup.py,197,ast,1,1,setuptools
saeligram-0.0.31,D:\10. RQ1 DySec\Step 9 DownloadSelectedBenignPackages\Benign_Packages\saeligram-0.0.31.tar.gz,tar,saeligram-0.0.31/setup.py,843,ast,1,1,setuptools
safeaipackage-0.5.0,D:\10. RQ1 DySec\Step 9 DownloadSelectedBenignPackages\Benign_Packages\safeaipackage-0.5.0.tar.gz,tar,safeaipackage-0.5.0/setup.py,1051,ast,2,3,pathlib; setuptools
safepass-1.0.8,D:\10. RQ1 DySec\Step 9 DownloadSelectedBenignPackages\Benign_Packages\safepass-1.0.8.tar.gz,tar,safepass-1.0.8/setup.py,1051,ast,1,1,setuptools
sage_testsuite-0.1.0a6,D:\10. RQ1 DySec\Step 9 DownloadSelectedBenignPackages\Benign_Packages\sage_testsuite-0.1.0a6.tar.gz,tar,sage_testsuite-0.1.0a6/setup.py,3898,ast,1,1,setuptools
SageLogger-1.7,D:\10. RQ1 DySec\Step 9 DownloadSelectedBenignPackages\Benign_Packages\SageLogger-1.7.tar.gz,tar,SageLogger-1.7/setup.py,1025,ast,1,1,setuptools
sagetex-3.6.1,D:\10. RQ1 DySec\Step 9 DownloadSelectedBenignPackages\Benign_Packages\sagetex-3.6.1.tar.gz,tar,sagetex-3.6.1/setup.py,1112,ast,1,1,distutils
sajjad-2.1,D:\10. RQ1 DySec\Step 9 DownloadSelectedBenignPackages\Benign_Packages\sajjad-2.1.tar.gz,tar,sajjad-2.1/setup.py,639,ast,1,1,setuptools
salami-0.3.2,D:\10. RQ1 DySec\Step 9 DownloadSelectedBenignPackages\Benign_Packages\salami-0.3.2.tar.gz,tar,salami-0.3.2/setup.py,947,ast,3,3,distutils; salami; setuptools
salat-1.1.0,D:\10. RQ1 DySec\Step 9 DownloadSelectedBenignPackages\Benign_Packages\salat-1.1.0.tar.gz,tar,salat-1.1.0/setup.py,839,ast,2,2,pathlib; setuptools
salt-pepper-0.7.6,D:\10. RQ1 DySec\Step 9 DownloadSelectedBenignPackages\Benign_Packages\salt-pepper-0.7.6.tar.gz,tar,salt-pepper-0.7.6/setup.py,1505,ast,1,1,setuptools
sameh-stirling-0.0.6,D:\10. RQ1 DySec\Step 9 DownloadSelectedBenignPackages\Benign_Packages\sameh-stirling-0.0.6.tar.gz,tar,sameh-stirling-0.0.6/setup.py,880,ast,1,1,setuptools
samestr-1.2024.2.post1,D:\10. RQ1 DySec\Step 9 DownloadSelectedBenignPackages\Benign_Packages\samestr-1.2024.2.post1.tar.gz,tar,samestr-1.2024.2.post1/setup.py,1235,ast,1,1,setuptools
samlfedapiaccess-0.0.1,D:\10. RQ1 DySec\Step 9 DownloadSelectedBenignPackages\Benign_Packages\samlfedapiaccess-0.0.1.tar.gz,tar,samlfedapiaccess-0.0.1/setup.py,566,ast,1,1,setuptools
sample_random-0.2.0,D:\10. RQ1 DySec\Step 9 DownloadSelectedBenignPackages\Benign_Packages\sample_random-0.2.0.tar.gz,tar,sample_random-0.2.0/setup.py,3098,ast,4,4,codecs; os; setuptools; version
samtool-0.0.2,D:\10. RQ1 DySec\Step 9 DownloadSelectedBenignPackages\Benign_Packages\samtool-0.0.2.tar.gz,tar,samtool-0.0.2/setup.py,1610,ast,3,4,install_preserve; pip; setuptools
sandsit-0.1.0,D:\10. RQ1 DySec\Step 9 DownloadSelectedBenignPackages\Benign_Packages\sandsit-0.1.0.tar.gz,tar,sandsit-0.1.0/setup.py,223,ast,1,1,setuptools
Sanescript-0.6.1,D:\10. RQ1 DySec\Step 9 DownloadSelectedBenignPackages\Benign_Packages\Sanescript-0.6.1.tar.gz,tar,Sanescript-0.6.1/setup.py,933,ast,1,1,setuptools
sanetinel-0.1.9,D:\10. RQ1 DySec\Step 9 DownloadSelectedBenignPackages\Benign_Packages\sanetinel-0.1.9.tar.gz,tar,sanetinel-0.1.9/setup.py,816,ast,1,1,setuptools
sanic-prometheus-0.2.1,D:\10. RQ1 DySec\Step 9 DownloadSelectedBenignPackages\Benign_Packages\sanic-prometheus-0.2.1.tar.gz,tar,sanic-prometheus-0.2.1/setup.py,1115,ast,2,2,scripts; setuptools
sanic-prometheus-mon-0.3.9,D:\10. RQ1 DySec\Step 9 DownloadSelectedBenignPackages\Benign_Packages\sanic-prometheus-mon-0.3.9.tar.gz,tar,sanic-prometheus-mon-0.3.9/setup.py,1164,ast,1,1,setuptools
sanic-security-1.9.9,D:\10. RQ1 DySec\Step 9 DownloadSelectedBenignPackages\Benign_Packages\sanic-security-1.9.9.tar.gz,tar,sanic-security-1.9.9/setup.py,1061,ast,1,2,setuptools
sanitizer-1.0.0,D:\10. RQ1 DySec\Step 9 DownloadSelectedBenignPackages\Benign_Packages\sanitizer-1.0.0.zip,zip,sanitizer-1.0.0/setup.py,316,ast,1,1,distutils
sas2sqlite3-0.0.2,D:\10. RQ1 DySec\Step 9 DownloadSelectedBenignPackages\Benign_Packages\sas2sqlite3-0.0.2.tar.gz,tar,sas2sqlite3-0.0.2/setup.py,1569,ast,3,3,codecs; os; setuptools
sasaniz-1.1,D:\10. RQ1 DySec\Step 9 DownloadSelectedBenignPackages\Benign_Packages\sasaniz-1.1.tar.gz,tar,sasaniz-1.1/setup.py,1575,ast,2,2,distutils; pathlib
satellighte-0.2.5,D:\10. RQ1 DySec\Step 9 DownloadSelectedBenignPackages\Benign_Packages\satellighte-0.2.5.tar.gz,tar,satellighte-0.2.5/setup.py,3922,ast,4,4,importlib; os; setuptools; typing
savepoint-0.1,D:\10. RQ1 DySec\Step 9 DownloadSelectedBenignPackages\Benign_Packages\savepoint-0.1.tar.gz,tar,savepoint-0.1/setup.py,1436,ast,3,3,os; setuptools; sys
saynihello-2021.11.23,D:\10. RQ1 DySec\Step 9 DownloadSelectedBenignPackages\Benign_Packages\saynihello-2021.11.23.tar.gz,tar,saynihello-2021.11.23/setup.py,1800,ast,2,3,distutils; setuptools
sb_modules-0.1,D:\10. RQ1 DySec\Step 9 DownloadSelectedBenignPackages\Benign_Packages\sb_modules-0.1.tar.gz,tar,sb_modules-0.1/setup.py,318,ast,1,1,setuptools
sbedecoder-0.1.8,D:\10. RQ1 DySec\Step 9 DownloadSelectedBenignPackages\Benign_Packages\sbedecoder-0.1.8.tar.gz,tar,sbedecoder-0.1.8/setup.py,1097,ast,2,2,os; setuptools
sbvirtualdisplay-1.3.0,D:\10. RQ1 DySec\Step 9 DownloadSelectedBenignPackages\Benign_Packages\sbvirtualdisplay-1.3.0.tar.gz,tar,sbvirtualdisplay-1.3.0/setup.py,6692,ast,3,3,os; setuptools; sys
sbxreader-0.2.2,D:\10. RQ1 DySec\Step 9 DownloadSelectedBenignPackages\Benign_Packages\sbxreader-0.2.2.tar.gz,tar,sbxreader-0.2.2/setup.py,1009,ast,2,4,os; setuptools
sc2gamedata-0.0.9,D:\10. RQ1 DySec\Step 9 DownloadSelectedBenignPackages\Benign_Packages\sc2gamedata-0.0.9.tar.gz,tar,sc2gamedata-0.0.9/setup.py,466,ast,1,1,distutils
sc2replay-lib-0.1.3,D:\10. RQ1 DySec\Step 9 DownloadSelectedBenignPackages\Benign_Packages\sc2replay-lib-0.1.3.tar.gz,tar,sc2replay-lib-0.1.3/setup.py,1100,ast,1,1,setuptools
scadgen-0.0.2,D:\10. RQ1 DySec\Step 9 DownloadSelectedBenignPackages\Benign_Packages\scadgen-0.0.2.tar.gz,tar,scadgen-0.0.2/setup.py,710,ast,1,1,setuptools
scancode-analyzer-21.4.7,D:\10. RQ1 DySec\Step 9 DownloadSelectedBenignPackages\Benign_Packages\scancode-analyzer-21.4.7.tar.gz,tar,scancode-analyzer-21.4.7/setup.py,91,ast,1,1,setuptools
scandy-0.0.3,D:\10. RQ1 DySec\Step 9 DownloadSelectedBenignPackages\Benign_Packages\scandy-0.0.3.tar.gz,tar,scandy-0.0.3/setup.py,948,ast,2,2,os; setuptools
scarp-1.0.0,D:\10. RQ1 DySec\Step 9 DownloadSelectedBenignPackages\Benign_Packages\scarp-1.0.0.tar.gz,tar,scarp-1.0.0/setup.py,717,ast,1,1,setuptools
scary-0.1,D:\10. RQ1 DySec\Step 9 DownloadSelectedBenignPackages\Benign_Packages\scary-0.1.tar.gz,tar,scary-0.1/setup.py,311,ast,1,1,setuptools
sccore-1.0.1,D:\10. RQ1 DySec\Step 9 DownloadSelectedBenignPackages\Benign_Packages\sccore-1.0.1.tar.gz,tar,sccore-1.0.1/setup.py,1082,ast,4,4,glob; os; sccore; setuptools
sccx-1.1,D:\10. RQ1 DySec\Step 9 DownloadSelectedBenignPackages\Benign_Packages\sccx-1.1.tar.gz,tar,sccx-1.1/setup.py,787,ast,1,1,setuptools
scenterpy-0.5.0,D:\10. RQ1 DySec\Step 9 DownloadSelectedBenignPackages\Benign_Packages\scenterpy-0.5.0.tar.gz,tar,scenterpy-0.5.0/setup.py,303,ast,1,1,distutils
scgame-0.0.1,D:\10. RQ1 DySec\Step 9 DownloadSelectedBenignPackages\Benign_Packages\scgame-0.0.1.tar.gz,tar,scgame-0.0.1/setup.py,409,ast,1,1,setuptools
schema-0.7.7,D:\10. RQ1 DySec\Step 9 DownloadSelectedBenignPackages\Benign_Packages\schema-0.7.7.tar.gz,tar,schema-0.7.7/setup.py,1461,ast,3,3,codecs; setuptools; sys
schuylkill-0.1.2,D:\10. RQ1 DySec\Step 9 DownloadSelectedBenignPackages\Benign_Packages\schuylkill-0.1.2.tar.gz,tar,schuylkill-0.1.2/setup.py,782,ast,1,1,setuptools
scicolor-1.1,D:\10. RQ1 DySec\Step 9 DownloadSelectedBenignPackages\Benign_Packages\scicolor-1.1.tar.gz,tar,scicolor-1.1/setup.py,481,ast,2,2,distutils; setuptools
scientific-string-0.1.0,D:\10. RQ1 DySec\Step 9 DownloadSelectedBenignPackages\Benign_Packages\scientific-string-0.1.0.tar.gz,tar,scientific-string-0.1.0/setup.py,504,ast,2,2,setuptools; sys
scikit-data-0.1.3,D:\10. RQ1 DySec\Step 9 DownloadSelectedBenignPackages\Benign_Packages\scikit-data-0.1.3.tar.gz,tar,scikit-data-0.1.3/setup.py,1762,ast,3,3,imp; os; setuptools
scikit-elm-0.21a0,D:\10. RQ1 DySec\Step 9 DownloadSelectedBenignPackages\Benign_Packages\scikit-elm-0.21a0.tar.gz,tar,scikit-elm-0.21a0/setup.py,2014,ast,3,3,codecs; os; setuptools
scikit-labs-0.0.1rc2,D:\10. RQ1 DySec\Step 9 DownloadSelectedBenignPackages\Benign_Packages\scikit-labs-0.0.1rc2.tar.gz,tar,scikit-labs-0.0.1rc2/setup.py,7260,ast,8,9,distutils; ninja; os; platform; re; setuptools; subprocess; sys
scikit-lego-0.9.1,D:\10. RQ1 DySec\Step 9 DownloadSelectedBenignPackages\Benign_Packages\scikit-lego-0.9.1.tar.gz,tar,scikit-lego-0.9.1/setup.py,182,ast,1,1,setuptools
scikit-qlearn-1.2,D:\10. RQ1 DySec\Step 9 DownloadSelectedBenignPackages\Benign_Packages\scikit-qlearn-1.2.tar.gz,tar,scikit-qlearn-1.2/setup.py,2523,ast,3,3,codecs; os; setuptools
scikit_learn-1.5.1,D:\10. RQ1 DySec\Step 9 DownloadSelectedBenignPackages\Benign_Packages\scikit_learn-1.5.1.tar.gz,tar,scikit_learn-1.5.1/setup.py,22350,ast,11,18,__builtin__; builtins; importlib; numpy; os; platform; setuptools; shutil; sklearn; sys; traceback
scinstr-bin-0.1.0,D:\10. RQ1 DySec\Step 9 DownloadSelectedBenignPackages\Benign_Packages\scinstr-bin-0.1.0.tar.gz,tar,scinstr-bin-0.1.0/setup.py,1544,ast,1,1,setuptools
scipy-1.14.1,D:\10. RQ1 DySec\Step 9 DownloadSelectedBenignPackages\Benign_Packages\scipy-1.14.1.tar.gz,tar,scipy-1.14.1/scipy/_lib/array_api_compat/setup.py,1086,ast,2,2,array_api_compat; setuptools
scipy-1.14.1,D:\10. RQ1 DySec\Step 9 DownloadSelectedBenignPackages\Benign_Packages\scipy-1.14.1.tar.gz,tar,scipy-1.14.1/scipy/_lib/highs/src/interfaces/highspy/setup.py,2288,ast,4,5,os; pybind11; pyomo; setuptools
sckit-0.0.5,D:\10. RQ1 DySec\Step 9 DownloadSelectedBenignPackages\Benign_Packages\sckit-0.0.5.tar.gz,tar,sckit-0.0.5/setup.py,973,ast,2,2,pathlib; setuptools
scmappy-0.2,D:\10. RQ1 DySec\Step 9 DownloadSelectedBenignPackages\Benign_Packages\scmappy-0.2.tar.gz,tar,scmappy-0.2/setup.py,812,ast,1,1,setuptools
scodeu-0.3,D:\10. RQ1 DySec\Step 9 DownloadSelectedBenignPackages\Benign_Packages\scodeu-0.3.zip,zip,scodeu-0.3/setup.py,759,ast,3,3,os; setuptools; sys
scranpy-0.1.3a0,D:\10. RQ1 DySec\Step 9 DownloadSelectedBenignPackages\Benign_Packages\scranpy-0.1.3a0.tar.gz,tar,scranpy-0.1.3a0/setup.py,2796,ast,3,4,assorthead; mattress; setuptools
scraparser-0.3.1,D:\10. RQ1 DySec\Step 9 DownloadSelectedBenignPackages\Benign_Packages\scraparser-0.3.1.tar.gz,tar,scraparser-0.3.1/setup.py,1725,ast,4,4,os; re; setuptools; sys
scrapeasy-0.12,D:\10. RQ1 DySec\Step 9 DownloadSelectedBenignPackages\Benign_Packages\scrapeasy-0.12.tar.gz,tar,scrapeasy-0.12/setup.py,1411,ast,1,1,distutils
scraperlib-1.0.0,D:\10. RQ1 DySec\Step 9 DownloadSelectedBenignPackages\Benign_Packages\scraperlib-1.0.0.tar.gz,tar,scraperlib-1.0.0/setup.py,655,ast,2,2,scraper; setuptools
scrapers-1.5,D:\10. RQ1 DySec\Step 9 DownloadSelectedBenignPackages\Benign_Packages\scrapers-1.5.tar.gz,tar,scrapers-1.5/setup.py,1709,ast,1,1,setuptools
scrapertools-1.7.5,D:\10. RQ1 DySec\Step 9 DownloadSelectedBenignPackages\Benign_Packages\scrapertools-1.7.5.tar.gz,tar,scrapertools-1.7.5/setup.py,1005,ast,3,3,pathlib; re; setuptools
scraping-0.0.3,D:\10. RQ1 DySec\Step 9 DownloadSelectedBenignPackages\Benign_Packages\scraping-0.0.3.tar.gz,tar,scraping-0.0.3/setup.py,588,ast,1,1,setuptools
Scrapper-0.9.5,D:\10. RQ1 DySec\Step 9 DownloadSelectedBenignPackages\Benign_Packages\Scrapper-0.9.5.tar.gz,tar,Scrapper-0.9.5/setup.py,1087,ast,1,1,setuptools
scrapper-cf-1.0.6,D:\10. RQ1 DySec\Step 9 DownloadSelectedBenignPackages\Benign_Packages\scrapper-cf-1.0.6.tar.gz,tar,scrapper-cf-1.0.6/setup.py,1090,ast,2,2,pathlib; setuptools
ScrapperImports-0.0.2,D:\10. RQ1 DySec\Step 9 DownloadSelectedBenignPackages\Benign_Packages\ScrapperImports-0.0.2.tar.gz,tar,ScrapperImports-0.0.2/setup.py,704,ast,1,1,setuptools
Scrapy-2.9.0,D:\10. RQ1 DySec\Step 9 DownloadSelectedBenignPackages\Benign_Packages\Scrapy-2.9.0.tar.gz,tar,Scrapy-2.9.0/setup.py,3276,ast,3,4,pathlib; pkg_resources; setuptools
scrapy-beautifulsoup-0.0.2,D:\10. RQ1 DySec\Step 9 DownloadSelectedBenignPackages\Benign_Packages\scrapy-beautifulsoup-0.0.2.tar.gz,tar,scrapy-beautifulsoup-0.0.2/setup.py,853,ast,1,1,setuptools
scrapy-kafka-0.1.1,D:\10. RQ1 DySec\Step 9 DownloadSelectedBenignPackages\Benign_Packages\scrapy-kafka-0.1.1.tar.gz,tar,scrapy-kafka-0.1.1/setup.py,1041,ast,3,3,os; pkg_resources; setuptools
scrapy-selenium-0.0.7,D:\10. RQ1 DySec\Step 9 DownloadSelectedBenignPackages\Benign_Packages\scrapy-selenium-0.0.7.tar.gz,tar,scrapy-selenium-0.0.7/setup.py,872,ast,2,5,pip; setuptools
scrapy-statsd-1.0.1,D:\10. RQ1 DySec\Step 9 DownloadSelectedBenignPackages\Benign_Packages\scrapy-statsd-1.0.1.tar.gz,tar,scrapy-statsd-1.0.1/setup.py,1505,ast,3,3,codecs; os; setuptools
scrapylib-1.7.1,D:\10. RQ1 DySec\Step 9 DownloadSelectedBenignPackages\Benign_Packages\scrapylib-1.7.1.tar.gz,tar,scrapylib-1.7.1/setup.py,776,ast,1,1,setuptools
scrapyz-0.3.3,D:\10. RQ1 DySec\Step 9 DownloadSelectedBenignPackages\Benign_Packages\scrapyz-0.3.3.zip,zip,scrapyz-0.3.3/setup.py,3767,ast,3,3,codecs; os; setuptools
scratchpad-py-0.0.6,D:\10. RQ1 DySec\Step 9 DownloadSelectedBenignPackages\Benign_Packages\scratchpad-py-0.0.6.tar.gz,tar,scratchpad-py-0.0.6/setup.py,961,ast,2,2,distutils; setuptools
screen-1.0.1,D:\10. RQ1 DySec\Step 9 DownloadSelectedBenignPackages\Benign_Packages\screen-1.0.1.tar.gz,tar,screen-1.0.1/setup.py,1131,ast,2,2,__future__; setuptools
ScreenCapture-0.1.0,D:\10. RQ1 DySec\Step 9 DownloadSelectedBenignPackages\Benign_Packages\ScreenCapture-0.1.0.tar.gz,tar,ScreenCapture-0.1.0/setup.py,820,ast,1,1,setuptools
screencast-1.2,D:\10. RQ1 DySec\Step 9 DownloadSelectedBenignPackages\Benign_Packages\screencast-1.2.tar.gz,tar,screencast-1.2/setup.py,2322,ast,2,2,distutils; setuptools
screencastpy-0.1.1,D:\10. RQ1 DySec\Step 9 DownloadSelectedBenignPackages\Benign_Packages\screencastpy-0.1.1.tar.gz,tar,screencastpy-0.1.1/setup.py,357,ast,1,1,setuptools
screenshotter-0.1.0,D:\10. RQ1 DySec\Step 9 DownloadSelectedBenignPackages\Benign_Packages\screenshotter-0.1.0.tar.gz,tar,screenshotter-0.1.0/setup.py,766,ast,2,2,pathlib; setuptools
screenwriter-1.0.4,D:\10. RQ1 DySec\Step 9 DownloadSelectedBenignPackages\Benign_Packages\screenwriter-1.0.4.tar.gz,tar,screenwriter-1.0.4/setup.py,650,ast,1,1,setuptools
scrp-0.8,D:\10. RQ1 DySec\Step 9 DownloadSelectedBenignPackages\Benign_Packages\scrp-0.8.tar.gz,tar,scrp-0.8/setup.py,449,ast,1,1,distutils
scrubber-1.6.1,D:\10. RQ1 DySec\Step 9 DownloadSelectedBenignPackages\Benign_Packages\scrubber-1.6.1.tar.gz,tar,scrubber-1.6.1/setup.py,1171,ast,4,4,imp; scrubber; setuptools; sys
scryptlib-0.4.7,D:\10. RQ1 DySec\Step 9 DownloadSelectedBenignPackages\Benign_Packages\scryptlib-0.4.7.tar.gz,tar,scryptlib-0.4.7/setup.py,1289,ast,3,3,codecs; os; setuptools
scsmote-package-0.0.1,D:\10. RQ1 DySec\Step 9 DownloadSelectedBenignPackages\Benign_Packages\scsmote-package-0.0.1.tar.gz,tar,scsmote-package-0.0.1/setup.py,589,ast,1,1,setuptools
scSplit-1.0.8.2,D:\10. RQ1 DySec\Step 9 DownloadSelectedBenignPackages\Benign_Packages\scSplit-1.0.8.2.tar.gz,tar,scSplit-1.0.8.2/setup.py,768,ast,1,1,setuptools
scss_tools-0.1.1,D:\10. RQ1 DySec\Step 9 DownloadSelectedBenignPackages\Benign_Packages\scss_tools-0.1.1.zip,zip,scss_tools-0.1.1/setup.py,1507,ast,3,3,distribute_setup; os; setuptools
sdc-orchestration-helpers-0.4.6,D:\10. RQ1 DySec\Step 9 DownloadSelectedBenignPackages\Benign_Packages\sdc-orchestration-helpers-0.4.6.tar.gz,tar,sdc-orchestration-helpers-0.4.6/setup.py,1042,ast,1,1,setuptools
sdkit-2.0.9,D:\10. RQ1 DySec\Step 9 DownloadSelectedBenignPackages\Benign_Packages\sdkit-2.0.9.tar.gz,tar,sdkit-2.0.9/setup.py,497,ast,1,1,setuptools
sdreaper-1.0.1.dev0,D:\10. RQ1 DySec\Step 9 DownloadSelectedBenignPackages\Benign_Packages\sdreaper-1.0.1.dev0.tar.gz,tar,sdreaper-1.0.1.dev0/setup.py,1788,ast,3,3,os; setuptools; sys
sdrsac-0.0.2,D:\10. RQ1 DySec\Step 9 DownloadSelectedBenignPackages\Benign_Packages\sdrsac-0.0.2.tar.gz,tar,sdrsac-0.0.2/setup.py,5285,ast,6,9,os; pybind11; re; setuptools; sys; tempfile
sds-2.0.1,D:\10. RQ1 DySec\Step 9 DownloadSelectedBenignPackages\Benign_Packages\sds-2.0.1.tar.gz,tar,sds-2.0.1/setup.py,1768,ast,1,1,setuptools
se_profile-1.0.0,D:\10. RQ1 DySec\Step 9 DownloadSelectedBenignPackages\Benign_Packages\se_profile-1.0.0.tar.gz,tar,se_profile-1.0.0/setup.py,376,ast,3,3,__future__; se_profile; setuptools
seaborn-0.9.1rc0,D:\10. RQ1 DySec\Step 9 DownloadSelectedBenignPackages\Benign_Packages\seaborn-0.9.1rc0.tar.gz,tar,seaborn-0.9.1rc0/setup.py,3020,ast,2,2,distutils; setuptools
seabred-0.0.1,D:\10. RQ1 DySec\Step 9 DownloadSelectedBenignPackages\Benign_Packages\seabred-0.0.1.tar.gz,tar,seabred-0.0.1/setup.py,730,ast,1,1,setuptools
sealteamtest-1.0,D:\10. RQ1 DySec\Step 9 DownloadSelectedBenignPackages\Benign_Packages\sealteamtest-1.0.tar.gz,tar,sealteamtest-1.0/setup.py,167,ast,1,1,setuptools
seamester-1.4,D:\10. RQ1 DySec\Step 9 DownloadSelectedBenignPackages\Benign_Packages\seamester-1.4.tar.gz,tar,seamester-1.4/setup.py,623,ast,1,1,distutils
seantis.placemap-0.2,D:\10. RQ1 DySec\Step 9 DownloadSelectedBenignPackages\Benign_Packages\seantis.placemap-0.2.tar.gz,tar,seantis.placemap-0.2/setup.py,2180,ast,2,2,os; setuptools
search-replace-0.1.2,D:\10. RQ1 DySec\Step 9 DownloadSelectedBenignPackages\Benign_Packages\search-replace-0.1.2.tar.gz,tar,search-replace-0.1.2/setup.py,1336,ast,3,3,os; re; setuptools
searchcolor-2.1.3,D:\10. RQ1 DySec\Step 9 DownloadSelectedBenignPackages\Benign_Packages\searchcolor-2.1.3.tar.gz,tar,searchcolor-2.1.3/setup.py,1333,ast,2,2,codecs; setuptools
searchstring-0.1.0,D:\10. RQ1 DySec\Step 9 DownloadSelectedBenignPackages\Benign_Packages\searchstring-0.1.0.tar.gz,tar,searchstring-0.1.0/setup.py,663,ast,1,1,setuptools
secml_malware-0.3.2,D:\10. RQ1 DySec\Step 9 DownloadSelectedBenignPackages\Benign_Packages\secml_malware-0.3.2.tar.gz,tar,secml_malware-0.3.2/setup.py,1302,ast,2,2,pathlib; setuptools
secobj-0.2a-1,D:\10. RQ1 DySec\Step 9 DownloadSelectedBenignPackages\Benign_Packages\secobj-0.2a-1.tar.gz,tar,secobj-0.2a-1/setup.py,1257,ast,3,3,os; setuptools; sys
second_brain_tools-0.0.4,D:\10. RQ1 DySec\Step 9 DownloadSelectedBenignPackages\Benign_Packages\second_brain_tools-0.0.4.tar.gz,tar,second_brain_tools-0.0.4/setup.py,3188,ast,5,9,glob; io; os; re; setuptools
second_brain_tools-0.0.4,D:\10. RQ1 DySec\Step 9 DownloadSelectedBenignPackages\Benign_Packages\second_brain_tools-0.0.4.tar.gz,tar,second_brain_tools-0.0.4/src/second_brain_tools/setup.py,64533,ast,4,4,git; os; rich; sys
secpip-1.0.0rc1,D:\10. RQ1 DySec\Step 9 DownloadSelectedBenignPackages\Benign_Packages\secpip-1.0.0rc1.tar.gz,tar,secpip-1.0.0rc1/setup.py,2321,ast,4,4,codecs; os; setuptools; sys
secret_lib-0.1.1,D:\10. RQ1 DySec\Step 9 DownloadSelectedBenignPackages\Benign_Packages\secret_lib-0.1.1.tar.gz,tar,secret_lib-0.1.1/setup.py,697,ast,1,1,setuptools
secretclient-0.0.0,D:\10. RQ1 DySec\Step 9 DownloadSelectedBenignPackages\Benign_Packages\secretclient-0.0.0.tar.gz,tar,secretclient-0.0.0/setup.py,85,ast,1,1,setuptools
secrets-1.0.2,D:\10. RQ1 DySec\Step 9 DownloadSelectedBenignPackages\Benign_Packages\secrets-1.0.2.tar.gz,tar,secrets-1.0.2/setup.py,955,ast,4,4,OpenSSL; glob; os; setuptools
secretsrandrange-0.2,D:\10. RQ1 DySec\Step 9 DownloadSelectedBenignPackages\Benign_Packages\secretsrandrange-0.2.tar.gz,tar,secretsrandrange-0.2/setup.py,1111,ast,2,2,pathlib; setuptools
SecretStorage-3.3.3,D:\10. RQ1 DySec\Step 9 DownloadSelectedBenignPackages\Benign_Packages\SecretStorage-3.3.3.tar.gz,tar,SecretStorage-3.3.3/setup.py,61,ast,1,1,setuptools
security-util-0.0.4,D:\10. RQ1 DySec\Step 9 DownloadSelectedBenignPackages\Benign_Packages\security-util-0.0.4.tar.gz,tar,security-util-0.0.4/setup.py,264,ast,1,2,setuptools
seed-control-interface-0.9.9,D:\10. RQ1 DySec\Step 9 DownloadSelectedBenignPackages\Benign_Packages\seed-control-interface-0.9.9.tar.gz,tar,seed-control-interface-0.9.9/setup.py,1647,ast,4,4,codecs; os; re; setuptools
seedrandom-2.3.1,D:\10. RQ1 DySec\Step 9 DownloadSelectedBenignPackages\Benign_Packages\seedrandom-2.3.1.tar.gz,tar,seedrandom-2.3.1/setup.py,2827,ast,1,1,setuptools
seenoevil-0.1.2,D:\10. RQ1 DySec\Step 9 DownloadSelectedBenignPackages\Benign_Packages\seenoevil-0.1.2.tar.gz,tar,seenoevil-0.1.2/setup.py,3679,ast,5,5,io; os; setuptools; shutil; sys
segdb-0.0.3,D:\10. RQ1 DySec\Step 9 DownloadSelectedBenignPackages\Benign_Packages\segdb-0.0.3.tar.gz,tar,segdb-0.0.3/setup.py,1253,ast,2,2,os; setuptools
segmentools-0.1.0,D:\10. RQ1 DySec\Step 9 DownloadSelectedBenignPackages\Benign_Packages\segmentools-0.1.0.tar.gz,tar,segmentools-0.1.0/setup.py,138,ast,1,1,setuptools
seisample-1.0.1,D:\10. RQ1 DySec\Step 9 DownloadSelectedBenignPackages\Benign_Packages\seisample-1.0.1.tar.gz,tar,seisample-1.0.1/setup.py,1167,ast,1,1,setuptools
selectinf-0.1.3,D:\10. RQ1 DySec\Step 9 DownloadSelectedBenignPackages\Benign_Packages\selectinf-0.1.3.tar.gz,tar,selectinf-0.1.3/setup.py,5378,ast,7,9,cythexts; distutils; os; setup_helpers; setuptools; sys; versioneer
selenate-0.4.0,D:\10. RQ1 DySec\Step 9 DownloadSelectedBenignPackages\Benign_Packages\selenate-0.4.0.tar.gz,tar,selenate-0.4.0/setup.py,503,ast,1,1,setuptools
selenic-0.9.0,D:\10. RQ1 DySec\Step 9 DownloadSelectedBenignPackages\Benign_Packages\selenic-0.9.0.tar.gz,tar,selenic-0.9.0/setup.py,873,ast,1,1,setuptools
selenium-4.9.1,D:\10. RQ1 DySec\Step 9 DownloadSelectedBenignPackages\Benign_Packages\selenium-4.9.1.tar.gz,tar,selenium-4.9.1/setup.py,3432,ast,3,4,distutils; os; setuptools
selenium-po-0.0.7,D:\10. RQ1 DySec\Step 9 DownloadSelectedBenignPackages\Benign_Packages\selenium-po-0.0.7.tar.gz,tar,selenium-po-0.0.7/setup.py,944,ast,3,3,codecs; os; setuptools
selenium-tools-0.0.2,D:\10. RQ1 DySec\Step 9 DownloadSelectedBenignPackages\Benign_Packages\selenium-tools-0.0.2.tar.gz,tar,selenium-tools-0.0.2/setup.py,68,ast,1,1,setuptools
selenium_account-0.2.3,D:\10. RQ1 DySec\Step 9 DownloadSelectedBenignPackages\Benign_Packages\selenium_account-0.2.3.tar.gz,tar,selenium_account-0.2.3/setup.py,921,ast,2,2,os; setuptools
selenium_interceptor-1.0.2,D:\10. RQ1 DySec\Step 9 DownloadSelectedBenignPackages\Benign_Packages\selenium_interceptor-1.0.2.tar.gz,tar,selenium_interceptor-1.0.2/setup.py,1869,ast,1,1,setuptools
selenium_super-0.0.1,D:\10. RQ1 DySec\Step 9 DownloadSelectedBenignPackages\Benign_Packages\selenium_super-0.0.1.tar.gz,tar,selenium_super-0.0.1/setup.py,1124,ast,3,4,os; pip; setuptools
seleniumbase-4.9.9,D:\10. RQ1 DySec\Step 9 DownloadSelectedBenignPackages\Benign_Packages\seleniumbase-4.9.9.tar.gz,tar,seleniumbase-4.9.9/setup.py,16779,ast,3,3,os; setuptools; sys
seleniumpm-2.9.1,D:\10. RQ1 DySec\Step 9 DownloadSelectedBenignPackages\Benign_Packages\seleniumpm-2.9.1.tar.gz,tar,seleniumpm-2.9.1/setup.py,2797,ast,6,7,codecs; os; pytest; re; setuptools; sys
seleniumslicer-0.0.3,D:\10. RQ1 DySec\Step 9 DownloadSelectedBenignPackages\Benign_Packages\seleniumslicer-0.0.3.tar.gz,tar,seleniumslicer-0.0.3/setup.py,652,ast,1,1,setuptools
seleniumwrapper-0.5.4,D:\10. RQ1 DySec\Step 9 DownloadSelectedBenignPackages\Benign_Packages\seleniumwrapper-0.5.4.zip,zip,seleniumwrapper-0.5.4/setup.py,1497,ast,2,3,setuptools; sys
seleniumx-0.1.1,D:\10. RQ1 DySec\Step 9 DownloadSelectedBenignPackages\Benign_Packages\seleniumx-0.1.1.tar.gz,tar,seleniumx-0.1.1/setup.py,3809,ast,5,5,io; os; setuptools; shutil; sys
selestium-0.2.8,D:\10. RQ1 DySec\Step 9 DownloadSelectedBenignPackages\Benign_Packages\selestium-0.2.8.tar.gz,tar,selestium-0.2.8/setup.py,628,ast,1,1,setuptools
seletools-1.5.0,D:\10. RQ1 DySec\Step 9 DownloadSelectedBenignPackages\Benign_Packages\seletools-1.5.0.tar.gz,tar,seletools-1.5.0/setup.py,827,ast,1,1,setuptools
seletrans-0.4.7,D:\10. RQ1 DySec\Step 9 DownloadSelectedBenignPackages\Benign_Packages\seletrans-0.4.7.tar.gz,tar,seletrans-0.4.7/setup.py,1683,ast,1,1,setuptools
self-certifi-1.0.0,D:\10. RQ1 DySec\Step 9 DownloadSelectedBenignPackages\Benign_Packages\self-certifi-1.0.0.tar.gz,tar,self-certifi-1.0.0/setup.py,38,ast,1,1,setuptools
self-driving-0.0.1,D:\10. RQ1 DySec\Step 9 DownloadSelectedBenignPackages\Benign_Packages\self-driving-0.0.1.tar.gz,tar,self-driving-0.0.1/setup.py,1082,ast,1,1,setuptools
self-make-0.1.0,D:\10. RQ1 DySec\Step 9 DownloadSelectedBenignPackages\Benign_Packages\self-make-0.1.0.tar.gz,tar,self-make-0.1.0/setup.py,584,ast,1,1,setuptools
self-py-0.0.1a0,D:\10. RQ1 DySec\Step 9 DownloadSelectedBenignPackages\Benign_Packages\self-py-0.0.1a0.tar.gz,tar,self-py-0.0.1a0/setup.py,1802,ast,1,1,setuptools
self-server-0.0.1,D:\10. RQ1 DySec\Step 9 DownloadSelectedBenignPackages\Benign_Packages\self-server-0.0.1.tar.gz,tar,self-server-0.0.1/setup.py,354,ast,1,1,setuptools
self_attention_cv-1.2.3,D:\10. RQ1 DySec\Step 9 DownloadSelectedBenignPackages\Benign_Packages\self_attention_cv-1.2.3.tar.gz,tar,self_attention_cv-1.2.3/setup.py,2882,ast,6,6,codecs; os; pathlib; platform; re; setuptools
self_supervised-1.0.4,D:\10. RQ1 DySec\Step 9 DownloadSelectedBenignPackages\Benign_Packages\self_supervised-1.0.4.tar.gz,tar,self_supervised-1.0.4/setup.py,2206,ast,3,3,configparser; pkg_resources; setuptools
selfbot-0.2,D:\10. RQ1 DySec\Step 9 DownloadSelectedBenignPackages\Benign_Packages\selfbot-0.2.tar.gz,tar,selfbot-0.2/setup.py,865,ast,2,2,pathlib; setuptools
selfbotdiscord-0.0.9,D:\10. RQ1 DySec\Step 9 DownloadSelectedBenignPackages\Benign_Packages\selfbotdiscord-0.0.9.tar.gz,tar,selfbotdiscord-0.0.9/setup.py,765,ast,1,1,setuptools
selfcaffeinate-0.1.0,D:\10. RQ1 DySec\Step 9 DownloadSelectedBenignPackages\Benign_Packages\selfcaffeinate-0.1.0.tar.gz,tar,selfcaffeinate-0.1.0/setup.py,890,ast,2,2,setuptools; sys
selfcalframework-0.1.3,D:\10. RQ1 DySec\Step 9 DownloadSelectedBenignPackages\Benign_Packages\selfcalframework-0.1.3.tar.gz,tar,selfcalframework-0.1.3/setup.py,683,ast,1,2,setuptools
selfcheckgpt-0.1.7,D:\10. RQ1 DySec\Step 9 DownloadSelectedBenignPackages\Benign_Packages\selfcheckgpt-0.1.7.tar.gz,tar,selfcheckgpt-0.1.7/setup.py,1176,ast,1,1,setuptools
selfclean-0.0.9,D:\10. RQ1 DySec\Step 9 DownloadSelectedBenignPackages\Benign_Packages\selfclean-0.0.9.tar.gz,tar,selfclean-0.0.9/setup.py,1578,ast,4,5,codecs; os; re; setuptools
selfcmp-0.0.3.2,D:\10. RQ1 DySec\Step 9 DownloadSelectedBenignPackages\Benign_Packages\selfcmp-0.0.3.2.tar.gz,tar,selfcmp-0.0.3.2/setup.py,957,ast,3,5,platform; setuptools; subprocess
selfcontain-0.2,D:\10. RQ1 DySec\Step 9 DownloadSelectedBenignPackages\Benign_Packages\selfcontain-0.2.tar.gz,tar,selfcontain-0.2/setup.py,644,ast,1,1,setuptools
selfcord-0.2.5,D:\10. RQ1 DySec\Step 9 DownloadSelectedBenignPackages\Benign_Packages\selfcord-0.2.5.tar.gz,tar,selfcord-0.2.5/setup.py,1266,ast,2,2,re; setuptools
selfcord.py-1.0.2,D:\10. RQ1 DySec\Step 9 DownloadSelectedBenignPackages\Benign_Packages\selfcord.py-1.0.2.tar.gz,tar,selfcord.py-1.0.2/setup.py,1746,ast,3,3,pathlib; setuptools; sys
selfea-0.0b7,D:\10. RQ1 DySec\Step 9 DownloadSelectedBenignPackages\Benign_Packages\selfea-0.0b7.tar.gz,tar,selfea-0.0b7/setup.py,906,ast,2,2,selfea; setuptools
selfetch-0.0.0.1,D:\10. RQ1 DySec\Step 9 DownloadSelectedBenignPackages\Benign_Packages\selfetch-0.0.0.1.tar.gz,tar,selfetch-0.0.0.1/setup.py,2054,ast,2,2,atexit; setuptools
selfextend-0.0.1,D:\10. RQ1 DySec\Step 9 DownloadSelectedBenignPackages\Benign_Packages\selfextend-0.0.1.tar.gz,tar,selfextend-0.0.1/setup.py,3685,ast,1,1,setuptools
selfish-0.3.1,D:\10. RQ1 DySec\Step 9 DownloadSelectedBenignPackages\Benign_Packages\selfish-0.3.1.tar.gz,tar,selfish-0.3.1/setup.py,61,ast,1,1,setuptools
selfplay-0.1.0,D:\10. RQ1 DySec\Step 9 DownloadSelectedBenignPackages\Benign_Packages\selfplay-0.1.0.tar.gz,tar,selfplay-0.1.0/setup.py,877,ast,1,1,setuptools
selfpy-0.0.2,D:\10. RQ1 DySec\Step 9 DownloadSelectedBenignPackages\Benign_Packages\selfpy-0.0.2.tar.gz,tar,selfpy-0.0.2/setup.py,2754,ast,4,4,os; setuptools; shutil; sys
selfsne-0.0.dev0,D:\10. RQ1 DySec\Step 9 DownloadSelectedBenignPackages\Benign_Packages\selfsne-0.0.dev0.tar.gz,tar,selfsne-0.0.dev0/setup.py,1789,ast,4,4,os; setuptools; sys; warnings
selfstoredict-0.5,D:\10. RQ1 DySec\Step 9 DownloadSelectedBenignPackages\Benign_Packages\selfstoredict-0.5.tar.gz,tar,selfstoredict-0.5/setup.py,374,ast,1,1,distutils
selftest-0.4.1,D:\10. RQ1 DySec\Step 9 DownloadSelectedBenignPackages\Benign_Packages\selftest-0.4.1.tar.gz,tar,selftest-0.4.1/setup.py,1824,ast,2,2,pathlib; setuptools
selfupdate-0.2.0,D:\10. RQ1 DySec\Step 9 DownloadSelectedBenignPackages\Benign_Packages\selfupdate-0.2.0.tar.gz,tar,selfupdate-0.2.0/setup.py,1718,ast,5,9,codecs; os; selfupdate; setuptools; sys
selfusepy-0.1.0,D:\10. RQ1 DySec\Step 9 DownloadSelectedBenignPackages\Benign_Packages\selfusepy-0.1.0.tar.gz,tar,selfusepy-0.1.0/setup.py,1051,ast,1,1,setuptools
selfutils-0.1.2,D:\10. RQ1 DySec\Step 9 DownloadSelectedBenignPackages\Benign_Packages\selfutils-0.1.2.tar.gz,tar,selfutils-0.1.2/setup.py,646,ast,1,1,setuptools
selia-admin-0.1.3,D:\10. RQ1 DySec\Step 9 DownloadSelectedBenignPackages\Benign_Packages\selia-admin-0.1.3.tar.gz,tar,selia-admin-0.1.3/setup.py,1476,ast,2,2,os; setuptools
selinonlib-1.0.0rc1,D:\10. RQ1 DySec\Step 9 DownloadSelectedBenignPackages\Benign_Packages\selinonlib-1.0.0rc1.tar.gz,tar,selinonlib-1.0.0rc1/setup.py,1924,ast,3,3,os; setuptools; sys
selinstapy-0.0.1,D:\10. RQ1 DySec\Step 9 DownloadSelectedBenignPackages\Benign_Packages\selinstapy-0.0.1.tar.gz,tar,selinstapy-0.0.1/setup.py,711,ast,1,1,setuptools
selinux-0.3.0,D:\10. RQ1 DySec\Step 9 DownloadSelectedBenignPackages\Benign_Packages\selinux-0.3.0.tar.gz,tar,selinux-0.3.0/setup.py,111,ast,1,1,setuptools
sellgate-1.0.0,D:\10. RQ1 DySec\Step 9 DownloadSelectedBenignPackages\Benign_Packages\sellgate-1.0.0.tar.gz,tar,sellgate-1.0.0/setup.py,462,ast,1,1,setuptools
selva-0.9.0,D:\10. RQ1 DySec\Step 9 DownloadSelectedBenignPackages\Benign_Packages\selva-0.9.0.tar.gz,tar,selva-0.9.0/src/selva/logging/setup.py,1561,ast,4,5,functools; loguru; selva; sys
selvamath-1.0.0,D:\10. RQ1 DySec\Step 9 DownloadSelectedBenignPackages\Benign_Packages\selvamath-1.0.0.zip,zip,selvamath-1.0.0/setup.py,288,ast,1,1,distutils
semantic_version-2.10.0,D:\10. RQ1 DySec\Step 9 DownloadSelectedBenignPackages\Benign_Packages\semantic_version-2.10.0.tar.gz,tar,semantic_version-2.10.0/setup.py,137,ast,1,1,setuptools
semicpy-0.0.2,D:\10. RQ1 DySec\Step 9 DownloadSelectedBenignPackages\Benign_Packages\semicpy-0.0.2.tar.gz,tar,semicpy-0.0.2/setup.py,880,ast,1,2,setuptools
semidbm-0.5.1,D:\10. RQ1 DySec\Step 9 DownloadSelectedBenignPackages\Benign_Packages\semidbm-0.5.1.tar.gz,tar,semidbm-0.5.1/setup.py,1031,ast,2,2,os; setuptools
semispiritousz-1.1,D:\10. RQ1 DySec\Step 9 DownloadSelectedBenignPackages\Benign_Packages\semispiritousz-1.1.tar.gz,tar,semispiritousz-1.1/setup.py,1630,ast,2,2,distutils; pathlib
sempyver-0.1.0,D:\10. RQ1 DySec\Step 9 DownloadSelectedBenignPackages\Benign_Packages\sempyver-0.1.0.tar.gz,tar,sempyver-0.1.0/setup.py,1820,ast,2,2,re; setuptools
sender-0.3,D:\10. RQ1 DySec\Step 9 DownloadSelectedBenignPackages\Benign_Packages\sender-0.3.tar.gz,tar,sender-0.3/setup.py,1290,ast,1,1,setuptools
sendpost-1.1.0,D:\10. RQ1 DySec\Step 9 DownloadSelectedBenignPackages\Benign_Packages\sendpost-1.1.0.tar.gz,tar,sendpost-1.1.0/setup.py,1631,ast,1,1,setuptools
sendpushover-1.0.2,D:\10. RQ1 DySec\Step 9 DownloadSelectedBenignPackages\Benign_Packages\sendpushover-1.0.2.tar.gz,tar,sendpushover-1.0.2/setup.py,974,ast,1,1,setuptools
sense-push-0.1.9,D:\10. RQ1 DySec\Step 9 DownloadSelectedBenignPackages\Benign_Packages\sense-push-0.1.9.tar.gz,tar,sense-push-0.1.9/setup.py,863,ast,2,2,os; setuptools
sensegame-0.0.6,D:\10. RQ1 DySec\Step 9 DownloadSelectedBenignPackages\Benign_Packages\sensegame-0.0.6.tar.gz,tar,sensegame-0.0.6/setup.py,783,ast,1,1,setuptools
sensorpush_api-1.0.0,D:\10. RQ1 DySec\Step 9 DownloadSelectedBenignPackages\Benign_Packages\sensorpush_api-1.0.0.tar.gz,tar,sensorpush_api-1.0.0/setup.py,1908,ast,3,3,json; os; setuptools
sentence-spliter-2.1.8,D:\10. RQ1 DySec\Step 9 DownloadSelectedBenignPackages\Benign_Packages\sentence-spliter-2.1.8.tar.gz,tar,sentence-spliter-2.1.8/setup.py,1078,ast,1,1,setuptools
sentencepiece-0.2.0,D:\10. RQ1 DySec\Step 9 DownloadSelectedBenignPackages\Benign_Packages\sentencepiece-0.2.0.tar.gz,tar,sentencepiece-0.2.0/setup.py,6241,ast,6,8,codecs; os; setuptools; string; subprocess; sys
sentinel-1.0.0,D:\10. RQ1 DySec\Step 9 DownloadSelectedBenignPackages\Benign_Packages\sentinel-1.0.0.tar.gz,tar,sentinel-1.0.0/setup.py,6478,ast,1,1,setuptools
SentinelOne4py-0.0.2,D:\10. RQ1 DySec\Step 9 DownloadSelectedBenignPackages\Benign_Packages\SentinelOne4py-0.0.2.tar.gz,tar,SentinelOne4py-0.0.2/setup.py,837,ast,1,1,setuptools
sentinelsat-1.2.1,D:\10. RQ1 DySec\Step 9 DownloadSelectedBenignPackages\Benign_Packages\sentinelsat-1.2.1.tar.gz,tar,sentinelsat-1.2.1/setup.py,1928,ast,3,3,io; re; setuptools
sentium-0.0.5,D:\10. RQ1 DySec\Step 9 DownloadSelectedBenignPackages\Benign_Packages\sentium-0.0.5.tar.gz,tar,sentium-0.0.5/setup.py,1115,ast,3,4,setuptools; subprocess; sys
sentry-tracpost-0.3.0,D:\10. RQ1 DySec\Step 9 DownloadSelectedBenignPackages\Benign_Packages\sentry-tracpost-0.3.0.tar.gz,tar,sentry-tracpost-0.3.0/setup.py,1313,ast,1,1,setuptools
sentry_sdk-2.14.0,D:\10. RQ1 DySec\Step 9 DownloadSelectedBenignPackages\Benign_Packages\sentry_sdk-2.14.0.tar.gz,tar,sentry_sdk-2.14.0/setup.py,3723,ast,2,2,os; setuptools
sentsplit-1.0.8,D:\10. RQ1 DySec\Step 9 DownloadSelectedBenignPackages\Benign_Packages\sentsplit-1.0.8.tar.gz,tar,sentsplit-1.0.8/setup.py,1237,ast,3,3,distutils; os; setuptools
seolint-0.2,D:\10. RQ1 DySec\Step 9 DownloadSelectedBenignPackages\Benign_Packages\seolint-0.2.tar.gz,tar,seolint-0.2/setup.py,697,ast,1,1,setuptools
sepelib.http-66.0.3,D:\10. RQ1 DySec\Step 9 DownloadSelectedBenignPackages\Benign_Packages\sepelib.http-66.0.3.tar.gz,tar,sepelib.http-66.0.3/setup.py,815,ast,1,2,setuptools
sepplotlib-1.0.1,D:\10. RQ1 DySec\Step 9 DownloadSelectedBenignPackages\Benign_Packages\sepplotlib-1.0.1.tar.gz,tar,sepplotlib-1.0.1/setup.py,2664,ast,1,1,setuptools
seq-tools-1.0.9,D:\10. RQ1 DySec\Step 9 DownloadSelectedBenignPackages\Benign_Packages\seq-tools-1.0.9.tar.gz,tar,seq-tools-1.0.9/setup.py,1678,ast,4,4,codecs; os; setuptools; sys
seqchromloader-0.7.7,D:\10. RQ1 DySec\Step 9 DownloadSelectedBenignPackages\Benign_Packages\seqchromloader-0.7.7.tar.gz,tar,seqchromloader-0.7.7/setup.py,3396,ast,2,2,os; setuptools
seqlib-0.0.6,D:\10. RQ1 DySec\Step 9 DownloadSelectedBenignPackages\Benign_Packages\seqlib-0.0.6.tar.gz,tar,seqlib-0.0.6/setup.py,7901,ast,9,11,contextlib; os; pybind11; re; setuptools; shutil; subprocess; sys; tempfile
seqreppy-1.0.2,D:\10. RQ1 DySec\Step 9 DownloadSelectedBenignPackages\Benign_Packages\seqreppy-1.0.2.tar.gz,tar,seqreppy-1.0.2/setup.py,448,ast,1,1,setuptools
seqtk-0.5.0,D:\10. RQ1 DySec\Step 9 DownloadSelectedBenignPackages\Benign_Packages\seqtk-0.5.0.tar.gz,tar,seqtk-0.5.0/setup.py,387,ast,1,1,setuptools
sequences-lang-1.9,D:\10. RQ1 DySec\Step 9 DownloadSelectedBenignPackages\Benign_Packages\sequences-lang-1.9.tar.gz,tar,sequences-lang-1.9/setup.py,1298,ast,1,1,setuptools
sequencetools-0.0.7,D:\10. RQ1 DySec\Step 9 DownloadSelectedBenignPackages\Benign_Packages\sequencetools-0.0.7.tar.gz,tar,sequencetools-0.0.7/setup.py,1349,ast,2,2,setuptools; sys
serial_interface-2.3.1,D:\10. RQ1 DySec\Step 9 DownloadSelectedBenignPackages\Benign_Packages\serial_interface-2.3.1.tar.gz,tar,serial_interface-2.3.1/setup.py,218,ast,1,1,setuptools
Serializer-0.2.1,D:\10. RQ1 DySec\Step 9 DownloadSelectedBenignPackages\Benign_Packages\Serializer-0.2.1.tar.gz,tar,Serializer-0.2.1/setup.py,929,ast,2,2,distutils; setuptools
serplint-1.4.0,D:\10. RQ1 DySec\Step 9 DownloadSelectedBenignPackages\Benign_Packages\serplint-1.4.0.tar.gz,tar,serplint-1.4.0/setup.py,1362,ast,2,2,setuptools; sys
serpost-0.2.2,D:\10. RQ1 DySec\Step 9 DownloadSelectedBenignPackages\Benign_Packages\serpost-0.2.2.tar.gz,tar,serpost-0.2.2/setup.py,1203,ast,2,2,os; setuptools
Servant-2.1.0,D:\10. RQ1 DySec\Step 9 DownloadSelectedBenignPackages\Benign_Packages\Servant-2.1.0.tar.gz,tar,Servant-2.1.0/setup.py,3174,ast,5,5,distutils; os; setuptools; subprocess; versioneer
servator-0.3.6,D:\10. RQ1 DySec\Step 9 DownloadSelectedBenignPackages\Benign_Packages\servator-0.3.6.tar.gz,tar,servator-0.3.6/setup.py,368,ast,1,1,setuptools
serverclient-0.0.2,D:\10. RQ1 DySec\Step 9 DownloadSelectedBenignPackages\Benign_Packages\serverclient-0.0.2.tar.gz,tar,serverclient-0.0.2/setup.py,748,ast,3,3,codecs; os; setuptools
serverhandler-1.2,D:\10. RQ1 DySec\Step 9 DownloadSelectedBenignPackages\Benign_Packages\serverhandler-1.2.tar.gz,tar,serverhandler-1.2/setup.py,384,ast,1,1,setuptools
serverhttp-1.7.1,D:\10. RQ1 DySec\Step 9 DownloadSelectedBenignPackages\Benign_Packages\serverhttp-1.7.1.tar.gz,tar,serverhttp-1.7.1/setup.py,706,ast,1,1,setuptools
serverlla-1.23,D:\10. RQ1 DySec\Step 9 DownloadSelectedBenignPackages\Benign_Packages\serverlla-1.23.tar.gz,tar,serverlla-1.23/setup.py,948,ast,1,1,setuptools
servicecontrol-0.9.0,D:\10. RQ1 DySec\Step 9 DownloadSelectedBenignPackages\Benign_Packages\servicecontrol-0.9.0.tar.gz,tar,servicecontrol-0.9.0/setup.py,7070,ast,4,8,codecs; glob; os; setuptools
serviceping-21.6.718832,D:\10. RQ1 DySec\Step 9 DownloadSelectedBenignPackages\Benign_Packages\serviceping-21.6.718832.tar.gz,tar,serviceping-21.6.718832/setup.py,668,ast,2,2,setuptools; sys
serviceultractl-0.2.0,D:\10. RQ1 DySec\Step 9 DownloadSelectedBenignPackages\Benign_Packages\serviceultractl-0.2.0.tar.gz,tar,serviceultractl-0.2.0/setup.py,980,ast,1,1,setuptools
sesame-package-tools-0.4.2.dev9,D:\10. RQ1 DySec\Step 9 DownloadSelectedBenignPackages\Benign_Packages\sesame-package-tools-0.4.2.dev9.tar.gz,tar,sesame-package-tools-0.4.2.dev9/setup.py,1963,ast,3,3,os; re; setuptools
sesemi-1.0.0b1,D:\10. RQ1 DySec\Step 9 DownloadSelectedBenignPackages\Benign_Packages\sesemi-1.0.0b1.tar.gz,tar,sesemi-1.0.0b1/setup.py,1312,ast,2,2,os; setuptools
sethpusher-0.2.2,D:\10. RQ1 DySec\Step 9 DownloadSelectedBenignPackages\Benign_Packages\sethpusher-0.2.2.tar.gz,tar,sethpusher-0.2.2/setup.py,1314,ast,1,1,setuptools
setproctitle-1.3.3,D:\10. RQ1 DySec\Step 9 DownloadSelectedBenignPackages\Benign_Packages\setproctitle-1.3.3.tar.gz,tar,setproctitle-1.3.3/setup.py,3961,ast,3,4,re; setuptools; sys
settings_loader-0.1.4,D:\10. RQ1 DySec\Step 9 DownloadSelectedBenignPackages\Benign_Packages\settings_loader-0.1.4.tar.gz,tar,settings_loader-0.1.4/setup.py,966,ast,1,1,setuptools
setuper-0.0.7,D:\10. RQ1 DySec\Step 9 DownloadSelectedBenignPackages\Benign_Packages\setuper-0.0.7.tar.gz,tar,setuper-0.0.7/setup.py,911,ast,2,2,setuptools; sys
setupextras-0.1.5,D:\10. RQ1 DySec\Step 9 DownloadSelectedBenignPackages\Benign_Packages\setupextras-0.1.5.tar.gz,tar,setupextras-0.1.5/setupextras/tests/__fixtures__/py-foo/setup.py,0,none,0,0,
setupextras-0.1.5,D:\10. RQ1 DySec\Step 9 DownloadSelectedBenignPackages\Benign_Packages\setupextras-0.1.5.tar.gz,tar,setupextras-0.1.5/setup.py,2850,ast,5,5,glob; os; setupextras; setuptools; sys
setupinit-0.0.4,D:\10. RQ1 DySec\Step 9 DownloadSelectedBenignPackages\Benign_Packages\setupinit-0.0.4.tar.gz,tar,setupinit-0.0.4/setup.py,70,ast,1,1,setuptools
setuptls-2.0,D:\10. RQ1 DySec\Step 9 DownloadSelectedBenignPackages\Benign_Packages\setuptls-2.0.tar.gz,tar,setuptls-2.0/setup.py,230,ast,1,1,setuptools
setuptools-9.1,D:\10. RQ1 DySec\Step 9 DownloadSelectedBenignPackages\Benign_Packages\setuptools-9.1.zip,zip,setuptools-9.1/setup.py,8406,ast,7,9,contextlib; distutils; io; os; setuptools; sys; textwrap
setuptools-9.1,D:\10. RQ1 DySec\Step 9 DownloadSelectedBenignPackages\Benign_Packages\setuptools-9.1.zip,zip,setuptools-9.1/tests/shlib_test/setup.py,264,ast,1,1,setuptools
setuptools-lint-0.6.0a1,D:\10. RQ1 DySec\Step 9 DownloadSelectedBenignPackages\Benign_Packages\setuptools-lint-0.6.0a1.tar.gz,tar,setuptools-lint-0.6.0a1/setup.py,1478,ast,2,2,os; setuptools
setuptools-odoo-3.3,D:\10. RQ1 DySec\Step 9 DownloadSelectedBenignPackages\Benign_Packages\setuptools-odoo-3.3.tar.gz,tar,setuptools-odoo-3.3/setup.py,1964,ast,3,3,io; os; setuptools
setuptools_cpp-0.1.0,D:\10. RQ1 DySec\Step 9 DownloadSelectedBenignPackages\Benign_Packages\setuptools_cpp-0.1.0.tar.gz,tar,setuptools_cpp-0.1.0/setup.py,3839,ast,1,1,setuptools
setuptools_scm-8.1.0,D:\10. RQ1 DySec\Step 9 DownloadSelectedBenignPackages\Benign_Packages\setuptools_scm-8.1.0.tar.gz,tar,setuptools_scm-8.1.0/docs/examples/version_scheme_code/setup.py,492,ast,3,4,__future__; setuptools; setuptools_scm
setupy-0.6.0,D:\10. RQ1 DySec\Step 9 DownloadSelectedBenignPackages\Benign_Packages\setupy-0.6.0.tar.gz,tar,setupy-0.6.0/setup.py,1991,ast,4,5,os; setuptools; shutil; sys
severn-0.0.0,D:\10. RQ1 DySec\Step 9 DownloadSelectedBenignPackages\Benign_Packages\severn-0.0.0.tar.gz,tar,severn-0.0.0/setup.py,272,ast,1,1,setuptools
sf_virtual_data-0.1.2,D:\10. RQ1 DySec\Step 9 DownloadSelectedBenignPackages\Benign_Packages\sf_virtual_data-0.1.2.tar.gz,tar,sf_virtual_data-0.1.2/setup.py,71,ast,1,1,setuptools
sfhydrant-0.1.1,D:\10. RQ1 DySec\Step 9 DownloadSelectedBenignPackages\Benign_Packages\sfhydrant-0.1.1.tar.gz,tar,sfhydrant-0.1.1/setup.py,706,ast,1,1,setuptools
sforecast-0.6.4,D:\10. RQ1 DySec\Step 9 DownloadSelectedBenignPackages\Benign_Packages\sforecast-0.6.4.tar.gz,tar,sforecast-0.6.4/setup.py,1833,ast,1,1,setuptools
sgaimdbpull-1.0.1,D:\10. RQ1 DySec\Step 9 DownloadSelectedBenignPackages\Benign_Packages\sgaimdbpull-1.0.1.tar.gz,tar,sgaimdbpull-1.0.1/setup.py,530,ast,1,1,setuptools
sgcontrol-0.5.9,D:\10. RQ1 DySec\Step 9 DownloadSelectedBenignPackages\Benign_Packages\sgcontrol-0.5.9.tar.gz,tar,sgcontrol-0.5.9/setup.py,677,ast,1,1,setuptools
sgui-0.1.3,D:\10. RQ1 DySec\Step 9 DownloadSelectedBenignPackages\Benign_Packages\sgui-0.1.3.tar.gz,tar,sgui-0.1.3/setup.py,636,ast,2,2,os; setuptools
shackles-1.0,D:\10. RQ1 DySec\Step 9 DownloadSelectedBenignPackages\Benign_Packages\shackles-1.0.tar.gz,tar,shackles-1.0/setup.py,893,ast,3,3,distutils; setuptools; shackles
shad-0.1.5,D:\10. RQ1 DySec\Step 9 DownloadSelectedBenignPackages\Benign_Packages\shad-0.1.5.tar.gz,tar,shad-0.1.5/setup.py,1107,ast,3,3,distutils; os; setuptools
shaderpy-0.0.4,D:\10. RQ1 DySec\Step 9 DownloadSelectedBenignPackages\Benign_Packages\shaderpy-0.0.4.tar.gz,tar,shaderpy-0.0.4/setup.py,757,ast,1,1,setuptools
shadow-0.39,D:\10. RQ1 DySec\Step 9 DownloadSelectedBenignPackages\Benign_Packages\shadow-0.39.tar.gz,tar,shadow-0.39/setup.py,1372,ast,2,2,distutils; sys
shadybackend-0.1.0,D:\10. RQ1 DySec\Step 9 DownloadSelectedBenignPackages\Benign_Packages\shadybackend-0.1.0.tar.gz,tar,shadybackend-0.1.0/setup.py,1750,ast,1,1,setuptools
shameni-1.1.0,D:\10. RQ1 DySec\Step 9 DownloadSelectedBenignPackages\Benign_Packages\shameni-1.1.0.tar.gz,tar,shameni-1.1.0/setup.py,1054,ast,1,1,setuptools
shapely-2.0.6,D:\10. RQ1 DySec\Step 9 DownloadSelectedBenignPackages\Benign_Packages\shapely-2.0.6.tar.gz,tar,shapely-2.0.6/setup.py,6310,ast,10,11,Cython; builtins; logging; numpy; os; pathlib; setuptools; subprocess; sys; versioneer
sharder-0.0,D:\10. RQ1 DySec\Step 9 DownloadSelectedBenignPackages\Benign_Packages\sharder-0.0.tar.gz,tar,sharder-0.0/setup.py,1176,ast,2,2,os; setuptools
share123-0.0.1,D:\10. RQ1 DySec\Step 9 DownloadSelectedBenignPackages\Benign_Packages\share123-0.0.1.tar.gz,tar,share123-0.0.1/setup.py,479,ast,1,1,setuptools
sharklog-0.0.4,D:\10. RQ1 DySec\Step 9 DownloadSelectedBenignPackages\Benign_Packages\sharklog-0.0.4.tar.gz,tar,sharklog-0.0.4/setup.py,38,ast,1,1,setuptools
shears-0.0.3,D:\10. RQ1 DySec\Step 9 DownloadSelectedBenignPackages\Benign_Packages\shears-0.0.3.tar.gz,tar,shears-0.0.3/setup.py,548,ast,1,1,setuptools
shelf_loader-1.0.0,D:\10. RQ1 DySec\Step 9 DownloadSelectedBenignPackages\Benign_Packages\shelf_loader-1.0.0.tar.gz,tar,shelf_loader-1.0.0/setup.py,944,ast,3,3,os; setuptools; sys
shell2-0.103,D:\10. RQ1 DySec\Step 9 DownloadSelectedBenignPackages\Benign_Packages\shell2-0.103.tar.gz,tar,shell2-0.103/setup.py,404,ast,2,2,pathlib; setuptools
shell2http-2.9,D:\10. RQ1 DySec\Step 9 DownloadSelectedBenignPackages\Benign_Packages\shell2http-2.9.tar.gz,tar,shell2http-2.9/setup.py,1582,ast,1,1,setuptools
shella-1.0.3,D:\10. RQ1 DySec\Step 9 DownloadSelectedBenignPackages\Benign_Packages\shella-1.0.3.tar.gz,tar,shella-1.0.3/setup.py,1193,ast,2,2,pathlib; setuptools
shellbind-1.3.0,D:\10. RQ1 DySec\Step 9 DownloadSelectedBenignPackages\Benign_Packages\shellbind-1.3.0.tar.gz,tar,shellbind-1.3.0/setup.py,506,ast,1,1,setuptools
shellcc-0.1.0,D:\10. RQ1 DySec\Step 9 DownloadSelectedBenignPackages\Benign_Packages\shellcc-0.1.0.tar.gz,tar,shellcc-0.1.0/setup.py,487,ast,1,1,setuptools
shellcode-0.2.1,D:\10. RQ1 DySec\Step 9 DownloadSelectedBenignPackages\Benign_Packages\shellcode-0.2.1.tar.gz,tar,shellcode-0.2.1/setup.py,4065,ast,1,1,setuptools
shellcraft-0.9.9,D:\10. RQ1 DySec\Step 9 DownloadSelectedBenignPackages\Benign_Packages\shellcraft-0.9.9.tar.gz,tar,shellcraft-0.9.9/setup.py,1575,ast,2,2,re; setuptools
shellcrafter-1.1.7,D:\10. RQ1 DySec\Step 9 DownloadSelectedBenignPackages\Benign_Packages\shellcrafter-1.1.7.tar.gz,tar,shellcrafter-1.1.7/setup.py,1092,ast,1,1,setuptools
shellexecute-1.0.5,D:\10. RQ1 DySec\Step 9 DownloadSelectedBenignPackages\Benign_Packages\shellexecute-1.0.5.tar.gz,tar,shellexecute-1.0.5/setup.py,1041,ast,3,3,os; re; setuptools
shellinford-0.4.1,D:\10. RQ1 DySec\Step 9 DownloadSelectedBenignPackages\Benign_Packages\shellinford-0.4.1.tar.gz,tar,shellinford-0.4.1/setup.py,2062,ast,5,5,codecs; glob; os; re; setuptools
shellingham-1.5.4,D:\10. RQ1 DySec\Step 9 DownloadSelectedBenignPackages\Benign_Packages\shellingham-1.5.4.tar.gz,tar,shellingham-1.5.4/setup.py,37,ast,1,1,setuptools
shellium-9,D:\10. RQ1 DySec\Step 9 DownloadSelectedBenignPackages\Benign_Packages\shellium-9.tar.gz,tar,shellium-9/setup.py,756,ast,1,1,setuptools
shellstreaming-0.1.1,D:\10. RQ1 DySec\Step 9 DownloadSelectedBenignPackages\Benign_Packages\shellstreaming-0.1.1.zip,zip,shellstreaming-0.1.1/setup.py,1139,ast,2,2,setuptools; shellstreaming
shellwhat-1.2.0,D:\10. RQ1 DySec\Step 9 DownloadSelectedBenignPackages\Benign_Packages\shellwhat-1.2.0.tar.gz,tar,shellwhat-1.2.0/setup.py,1645,ast,4,4,ast; os; re; setuptools
shellxec-0.1.7,D:\10. RQ1 DySec\Step 9 DownloadSelectedBenignPackages\Benign_Packages\shellxec-0.1.7.tar.gz,tar,shellxec-0.1.7/setup.py,248,ast,1,1,setuptools
shellypython-0.1.1,D:\10. RQ1 DySec\Step 9 DownloadSelectedBenignPackages\Benign_Packages\shellypython-0.1.1.tar.gz,tar,shellypython-0.1.1/setup.py,1592,ast,4,4,os; re; setuptools; shellypython
shelve_cache-0.0.4,D:\10. RQ1 DySec\Step 9 DownloadSelectedBenignPackages\Benign_Packages\shelve_cache-0.0.4.tar.gz,tar,shelve_cache-0.0.4/setup.py,1044,ast,3,3,codecs; os; setuptools
shelvedump-1.0,D:\10. RQ1 DySec\Step 9 DownloadSelectedBenignPackages\Benign_Packages\shelvedump-1.0.tar.gz,tar,shelvedump-1.0/setup.py,797,ast,1,1,setuptools
shiftencode-0.0.4,D:\10. RQ1 DySec\Step 9 DownloadSelectedBenignPackages\Benign_Packages\shiftencode-0.0.4.tar.gz,tar,shiftencode-0.0.4/setup.py,679,ast,1,1,setuptools
shim-0.1.0,D:\10. RQ1 DySec\Step 9 DownloadSelectedBenignPackages\Benign_Packages\shim-0.1.0.tar.gz,tar,shim-0.1.0/setup.py,1271,ast,3,4,pytest; setuptools; sys
shimmers-1.1,D:\10. RQ1 DySec\Step 9 DownloadSelectedBenignPackages\Benign_Packages\shimmers-1.1.tar.gz,tar,shimmers-1.1/setup.py,2402,ast,2,2,importlib; setuptools
shipchain-hydra-1.1.4,D:\10. RQ1 DySec\Step 9 DownloadSelectedBenignPackages\Benign_Packages\shipchain-hydra-1.1.4.tar.gz,tar,shipchain-hydra-1.1.4/setup.py,1461,ast,2,2,hydra; setuptools
shlack-0.1.1,D:\10. RQ1 DySec\Step 9 DownloadSelectedBenignPackages\Benign_Packages\shlack-0.1.1.tar.gz,tar,shlack-0.1.1/setup.py,1132,ast,2,2,os; setuptools
sho-0.4.9,D:\10. RQ1 DySec\Step 9 DownloadSelectedBenignPackages\Benign_Packages\sho-0.4.9.tar.gz,tar,sho-0.4.9/setup.py,1281,ast,1,1,setuptools
shoes-0.0.9,D:\10. RQ1 DySec\Step 9 DownloadSelectedBenignPackages\Benign_Packages\shoes-0.0.9.zip,zip,shoes-0.0.9/setup.py,489,ast,1,1,distutils
shopee-mmu-python-splib-0.0.0,D:\10. RQ1 DySec\Step 9 DownloadSelectedBenignPackages\Benign_Packages\shopee-mmu-python-splib-0.0.0.tar.gz,tar,shopee-mmu-python-splib-0.0.0/setup.py,1091,ast,2,2,distutils; setuptools
shopee-prometheus-client-1.0.0,D:\10. RQ1 DySec\Step 9 DownloadSelectedBenignPackages\Benign_Packages\shopee-prometheus-client-1.0.0.tar.gz,tar,shopee-prometheus-client-1.0.0/setup.py,1092,ast,2,2,distutils; setuptools
ShowSys-1.0.1,D:\10. RQ1 DySec\Step 9 DownloadSelectedBenignPackages\Benign_Packages\ShowSys-1.0.1.tar.gz,tar,ShowSys-1.0.1/setup.py,1837,ast,1,1,setuptools
shp2postgis-0.3.1,D:\10. RQ1 DySec\Step 9 DownloadSelectedBenignPackages\Benign_Packages\shp2postgis-0.3.1.tar.gz,tar,shp2postgis-0.3.1/setup.py,1376,ast,2,2,setuptools; shp2postgis
shpinfo-0.2.0,D:\10. RQ1 DySec\Step 9 DownloadSelectedBenignPackages\Benign_Packages\shpinfo-0.2.0.tar.gz,tar,shpinfo-0.2.0/setup.py,1558,ast,4,4,distutils; io; setuptools; shpinfo
shpystudy-0.0.7,D:\10. RQ1 DySec\Step 9 DownloadSelectedBenignPackages\Benign_Packages\shpystudy-0.0.7.tar.gz,tar,shpystudy-0.0.7/setup.py,867,ast,1,1,setuptools
shttps-0.1,D:\10. RQ1 DySec\Step 9 DownloadSelectedBenignPackages\Benign_Packages\shttps-0.1.tar.gz,tar,shttps-0.1/setup.py,352,ast,1,1,distutils
shutdown-1.1,D:\10. RQ1 DySec\Step 9 DownloadSelectedBenignPackages\Benign_Packages\shutdown-1.1.zip,zip,shutdown-1.1/setup.py,667,ast,1,1,distutils
siambotnet-1,D:\10. RQ1 DySec\Step 9 DownloadSelectedBenignPackages\Benign_Packages\siambotnet-1.tar.gz,tar,siambotnet-1/setup.py,1198,ast,1,1,setuptools
sibilla-0.1.0,D:\10. RQ1 DySec\Step 9 DownloadSelectedBenignPackages\Benign_Packages\sibilla-0.1.0.tar.gz,tar,sibilla-0.1.0/setup.py,1102,ast,1,1,setuptools
sierrapy-0.4.3,D:\10. RQ1 DySec\Step 9 DownloadSelectedBenignPackages\Benign_Packages\sierrapy-0.4.3.tar.gz,tar,sierrapy-0.4.3/setup.py,1838,ast,3,3,os; setuptools; typing
signpost-0.2.1,D:\10. RQ1 DySec\Step 9 DownloadSelectedBenignPackages\Benign_Packages\signpost-0.2.1.tar.gz,tar,signpost-0.2.1/setup.py,8116,ast,1,1,setuptools
sigtool-1.0,D:\10. RQ1 DySec\Step 9 DownloadSelectedBenignPackages\Benign_Packages\sigtool-1.0.tar.gz,tar,sigtool-1.0/setup.py,761,ast,1,1,setuptools
SIHTTPRequest-18.2.1,D:\10. RQ1 DySec\Step 9 DownloadSelectedBenignPackages\Benign_Packages\SIHTTPRequest-18.2.1.tar.gz,tar,SIHTTPRequest-18.2.1/setup.py,6752,ast,3,3,codecs; os; setuptools
silero_advanced-1.0.0,D:\10. RQ1 DySec\Step 9 DownloadSelectedBenignPackages\Benign_Packages\silero_advanced-1.0.0.tar.gz,tar,silero_advanced-1.0.0/setup.py,937,ast,1,1,setuptools
silicon-clustering-0.3.1,D:\10. RQ1 DySec\Step 9 DownloadSelectedBenignPackages\Benign_Packages\silicon-clustering-0.3.1.tar.gz,tar,silicon-clustering-0.3.1/setup.py,1079,ast,1,1,setuptools
silverbullet-0.3.0,D:\10. RQ1 DySec\Step 9 DownloadSelectedBenignPackages\Benign_Packages\silverbullet-0.3.0.tar.gz,tar,silverbullet-0.3.0/setup.py,2177,ast,1,1,distutils
silvergram-0.0.4,D:\10. RQ1 DySec\Step 9 DownloadSelectedBenignPackages\Benign_Packages\silvergram-0.0.4.tar.gz,tar,silvergram-0.0.4/setup.py,498,ast,1,1,setuptools
silverpop-0.6,D:\10. RQ1 DySec\Step 9 DownloadSelectedBenignPackages\Benign_Packages\silverpop-0.6.zip,zip,silverpop-0.6/setup.py,1422,ast,2,2,os; setuptools
simdb-0.3.0,D:\10. RQ1 DySec\Step 9 DownloadSelectedBenignPackages\Benign_Packages\simdb-0.3.0.tar.gz,tar,simdb-0.3.0/setup.py,914,ast,1,1,setuptools
simian-2.0.0,D:\10. RQ1 DySec\Step 9 DownloadSelectedBenignPackages\Benign_Packages\simian-2.0.0.tar.gz,tar,simian-2.0.0/setup.py,1046,ast,1,1,setuptools
SimPel-1.0.3a0,D:\10. RQ1 DySec\Step 9 DownloadSelectedBenignPackages\Benign_Packages\SimPel-1.0.3a0.tar.gz,tar,SimPel-1.0.3a0/setup.py,1766,ast,2,2,os; setuptools
simple-bcrypt-0.1.0,D:\10. RQ1 DySec\Step 9 DownloadSelectedBenignPackages\Benign_Packages\simple-bcrypt-0.1.0.tar.gz,tar,simple-bcrypt-0.1.0/setup.py,1498,ast,2,2,os; setuptools
simple-requests-1.1.1,D:\10. RQ1 DySec\Step 9 DownloadSelectedBenignPackages\Benign_Packages\simple-requests-1.1.1.tar.gz,tar,simple-requests-1.1.1/setup.py,3207,ast,1,1,setuptools
simple-salesforce-1.12.6,D:\10. RQ1 DySec\Step 9 DownloadSelectedBenignPackages\Benign_Packages\simple-salesforce-1.12.6.tar.gz,tar,simple-salesforce-1.12.6/setup.py,1864,ast,3,3,pathlib; setuptools; textwrap
simple_discord-9.0.0,D:\10. RQ1 DySec\Step 9 DownloadSelectedBenignPackages\Benign_Packages\simple_discord-9.0.0.tar.gz,tar,simple_discord-9.0.0/setup.py,623,ast,1,1,setuptools
simple_json-1.1,D:\10. RQ1 DySec\Step 9 DownloadSelectedBenignPackages\Benign_Packages\simple_json-1.1.tar.gz,tar,simple_json-1.1/setup.py,1011,ast,2,2,ez_setup; setuptools
simple_pip_upload-0.0.2,D:\10. RQ1 DySec\Step 9 DownloadSelectedBenignPackages\Benign_Packages\simple_pip_upload-0.0.2.tar.gz,tar,simple_pip_upload-0.0.2/setup.py,582,ast,1,1,setuptools
simpleencode-1.0.0,D:\10. RQ1 DySec\Step 9 DownloadSelectedBenignPackages\Benign_Packages\simpleencode-1.0.0.tar.gz,tar,simpleencode-1.0.0/setup.py,1097,ast,1,1,setuptools
simplejson-3.9.0,D:\10. RQ1 DySec\Step 9 DownloadSelectedBenignPackages\Benign_Packages\simplejson-3.9.0.tar.gz,tar,simplejson-3.9.0/setup.py,3811,ast,5,8,__future__; distutils; setuptools; subprocess; sys
simplelinearregression-0.0.1,D:\10. RQ1 DySec\Step 9 DownloadSelectedBenignPackages\Benign_Packages\simplelinearregression-0.0.1.tar.gz,tar,simplelinearregression-0.0.1/setup.py,725,ast,1,1,setuptools
simpleparam-0.0.4,D:\10. RQ1 DySec\Step 9 DownloadSelectedBenignPackages\Benign_Packages\simpleparam-0.0.4.tar.gz,tar,simpleparam-0.0.4/setup.py,1770,ast,2,2,distutils; setuptools
simplepso-2.2.3,D:\10. RQ1 DySec\Step 9 DownloadSelectedBenignPackages\Benign_Packages\simplepso-2.2.3.tar.gz,tar,simplepso-2.2.3/setup.py,922,ast,2,2,setuptools; simplepso
simplepypi-0.2.2,D:\10. RQ1 DySec\Step 9 DownloadSelectedBenignPackages\Benign_Packages\simplepypi-0.2.2.tar.gz,tar,simplepypi-0.2.2/setup.py,700,ast,1,1,setuptools
SimpleRequests-0.2,D:\10. RQ1 DySec\Step 9 DownloadSelectedBenignPackages\Benign_Packages\SimpleRequests-0.2.zip,zip,SimpleRequests-0.2/setup.py,1023,regex,2,2,SimpleRequests; setuptools
simples-0.1.0a0,D:\10. RQ1 DySec\Step 9 DownloadSelectedBenignPackages\Benign_Packages\simples-0.1.0a0.tar.gz,tar,simples-0.1.0a0/setup.py,758,ast,2,2,os; setuptools
simplesoc-0.5.3,D:\10. RQ1 DySec\Step 9 DownloadSelectedBenignPackages\Benign_Packages\simplesoc-0.5.3.tar.gz,tar,simplesoc-0.5.3/setup.py,555,ast,1,1,setuptools
simplesuper-1.0.9,D:\10. RQ1 DySec\Step 9 DownloadSelectedBenignPackages\Benign_Packages\simplesuper-1.0.9.tar.gz,tar,simplesuper-1.0.9/setup.py,1663,ast,3,4,os; setuptools; subprocess
simpletestpackage-0.0.7,D:\10. RQ1 DySec\Step 9 DownloadSelectedBenignPackages\Benign_Packages\simpletestpackage-0.0.7.tar.gz,tar,simpletestpackage-0.0.7/setup.py,1048,ast,1,1,setuptools
Simpleton-1.0.0,D:\10. RQ1 DySec\Step 9 DownloadSelectedBenignPackages\Benign_Packages\Simpleton-1.0.0.tar.gz,tar,Simpleton-1.0.0/setup.py,873,ast,1,1,setuptools
simpletrainer-0.3.2.post2,D:\10. RQ1 DySec\Step 9 DownloadSelectedBenignPackages\Benign_Packages\simpletrainer-0.3.2.post2.tar.gz,tar,simpletrainer-0.3.2.post2/setup.py,1295,ast,1,1,setuptools
simplevisa-17.08.2017.1,D:\10. RQ1 DySec\Step 9 DownloadSelectedBenignPackages\Benign_Packages\simplevisa-17.08.2017.1.tar.gz,tar,simplevisa-17.08.2017.1/setup.py,741,ast,1,1,distutils
simsogui-0.9,D:\10. RQ1 DySec\Step 9 DownloadSelectedBenignPackages\Benign_Packages\simsogui-0.9.tar.gz,tar,simsogui-0.9/setup.py,1253,ast,2,2,setuptools; simsogui
sinais-0.0.2,D:\10. RQ1 DySec\Step 9 DownloadSelectedBenignPackages\Benign_Packages\sinais-0.0.2.tar.gz,tar,sinais-0.0.2/setup.py,1395,ast,2,2,setuptools; sys
sinever-1.0.0,D:\10. RQ1 DySec\Step 9 DownloadSelectedBenignPackages\Benign_Packages\sinever-1.0.0.tar.gz,tar,sinever-1.0.0/setup.py,235,ast,1,1,setuptools
sinfonia-0.0.3,D:\10. RQ1 DySec\Step 9 DownloadSelectedBenignPackages\Benign_Packages\sinfonia-0.0.3.tar.gz,tar,sinfonia-0.0.3/setup.py,1415,ast,1,1,setuptools
singlejson-0.2.3,D:\10. RQ1 DySec\Step 9 DownloadSelectedBenignPackages\Benign_Packages\singlejson-0.2.3.tar.gz,tar,singlejson-0.2.3/setup.py,742,ast,1,1,setuptools
singulr-0.0.9,D:\10. RQ1 DySec\Step 9 DownloadSelectedBenignPackages\Benign_Packages\singulr-0.0.9.tar.gz,tar,singulr-0.0.9/setup.py,520,ast,1,1,setuptools
sinophone-0.0.2,D:\10. RQ1 DySec\Step 9 DownloadSelectedBenignPackages\Benign_Packages\sinophone-0.0.2.tar.gz,tar,sinophone-0.0.2/setup.py,1534,ast,2,2,os; setuptools
sintel-0.1.0.dev0,D:\10. RQ1 DySec\Step 9 DownloadSelectedBenignPackages\Benign_Packages\sintel-0.1.0.dev0.tar.gz,tar,sintel-0.1.0.dev0/setup.py,2951,ast,1,1,setuptools
sinter-1.9.dev1657429876,D:\10. RQ1 DySec\Step 9 DownloadSelectedBenignPackages\Benign_Packages\sinter-1.9.dev1657429876.tar.gz,tar,sinter-1.9.dev1657429876/setup.py,1460,ast,1,1,setuptools
sinthon-0.0.1,D:\10. RQ1 DySec\Step 9 DownloadSelectedBenignPackages\Benign_Packages\sinthon-0.0.1.tar.gz,tar,sinthon-0.0.1/setup.py,960,ast,1,1,setuptools
sinyal-0.0.1,D:\10. RQ1 DySec\Step 9 DownloadSelectedBenignPackages\Benign_Packages\sinyal-0.0.1.tar.gz,tar,sinyal-0.0.1/setup.py,397,ast,1,1,setuptools
siotelegram-1.3.0,D:\10. RQ1 DySec\Step 9 DownloadSelectedBenignPackages\Benign_Packages\siotelegram-1.3.0.tar.gz,tar,siotelegram-1.3.0/setup.py,1261,ast,4,4,os; pathlib; re; setuptools
sipack-0.0,D:\10. RQ1 DySec\Step 9 DownloadSelectedBenignPackages\Benign_Packages\sipack-0.0.tar.gz,tar,sipack-0.0/setup.py,580,ast,1,1,distutils
sirutalib-1.2.1,D:\10. RQ1 DySec\Step 9 DownloadSelectedBenignPackages\Benign_Packages\sirutalib-1.2.1.tar.gz,tar,sirutalib-1.2.1/setup.py,1302,ast,5,6,distutils; os; pathlib; setuptools; sys
six-1.16.0,D:\10. RQ1 DySec\Step 9 DownloadSelectedBenignPackages\Benign_Packages\six-1.16.0.tar.gz,tar,six-1.16.0/setup.py,2294,ast,4,4,__future__; distutils; setuptools; six
skilletlib-1.2.5,D:\10. RQ1 DySec\Step 9 DownloadSelectedBenignPackages\Benign_Packages\skilletlib-1.2.5.tar.gz,tar,skilletlib-1.2.5/setup.py,1179,ast,1,1,setuptools
Skills_game-1.0.0,D:\10. RQ1 DySec\Step 9 DownloadSelectedBenignPackages\Benign_Packages\Skills_game-1.0.0.tar.gz,tar,Skills_game-1.0.0/setup.py,553,ast,1,1,setuptools
skit-auth-0.1.5,D:\10. RQ1 DySec\Step 9 DownloadSelectedBenignPackages\Benign_Packages\skit-auth-0.1.5.tar.gz,tar,skit-auth-0.1.5/setup.py,856,ast,1,1,setuptools
sklearnpro-0.1.2,D:\10. RQ1 DySec\Step 9 DownloadSelectedBenignPackages\Benign_Packages\sklearnpro-0.1.2.tar.gz,tar,sklearnpro-0.1.2/setup.py,1248,ast,1,1,setuptools
skm_pyutils-1.0.0,D:\10. RQ1 DySec\Step 9 DownloadSelectedBenignPackages\Benign_Packages\skm_pyutils-1.0.0.tar.gz,tar,skm_pyutils-1.0.0/setup.py,2131,ast,3,3,distutils; os; setuptools
slack_sdk-3.33.0,D:\10. RQ1 DySec\Step 9 DownloadSelectedBenignPackages\Benign_Packages\slack_sdk-3.33.0.tar.gz,tar,slack_sdk-3.33.0/setup.py,8006,ast,5,5,os; re; setuptools; subprocess; sys
slacker-cli-0.4.2,D:\10. RQ1 DySec\Step 9 DownloadSelectedBenignPackages\Benign_Packages\slacker-cli-0.4.2.tar.gz,tar,slacker-cli-0.4.2/setup.py,1208,ast,2,2,os; setuptools
slacker_game-2.1.2,D:\10. RQ1 DySec\Step 9 DownloadSelectedBenignPackages\Benign_Packages\slacker_game-2.1.2.tar.gz,tar,slacker_game-2.1.2/setup.py,708,ast,1,1,distutils
slackerade-0.0.2.dev1583501547,D:\10. RQ1 DySec\Step 9 DownloadSelectedBenignPackages\Benign_Packages\slackerade-0.0.2.dev1583501547.tar.gz,tar,slackerade-0.0.2.dev1583501547/setup.py,1395,ast,3,3,os; setuptools; time
slackest-0.15.0,D:\10. RQ1 DySec\Step 9 DownloadSelectedBenignPackages\Benign_Packages\slackest-0.15.0.tar.gz,tar,slackest-0.15.0/setup.py,831,ast,1,1,setuptools
slackmodule-0.0.1,D:\10. RQ1 DySec\Step 9 DownloadSelectedBenignPackages\Benign_Packages\slackmodule-0.0.1.tar.gz,tar,slackmodule-0.0.1/setup.py,932,ast,1,1,setuptools
slackpush-0.1.1,D:\10. RQ1 DySec\Step 9 DownloadSelectedBenignPackages\Benign_Packages\slackpush-0.1.1.tar.gz,tar,slackpush-0.1.1/setup.py,3085,ast,5,5,io; os; setuptools; shutil; sys
slackron-0.0.9,D:\10. RQ1 DySec\Step 9 DownloadSelectedBenignPackages\Benign_Packages\slackron-0.0.9.tar.gz,tar,slackron-0.0.9/setup.py,998,ast,1,1,setuptools
slapprepare-1.2.1,D:\10. RQ1 DySec\Step 9 DownloadSelectedBenignPackages\Benign_Packages\slapprepare-1.2.1.tar.gz,tar,slapprepare-1.2.1/setup.py,935,ast,1,1,setuptools
slapstack-controls-0.1.1,D:\10. RQ1 DySec\Step 9 DownloadSelectedBenignPackages\Benign_Packages\slapstack-controls-0.1.1.tar.gz,tar,slapstack-controls-0.1.1/setup.py,496,ast,1,1,setuptools
slash-discord-py-0.0.0.1,D:\10. RQ1 DySec\Step 9 DownloadSelectedBenignPackages\Benign_Packages\slash-discord-py-0.0.0.1.tar.gz,tar,slash-discord-py-0.0.0.1/setup.py,386,ast,2,2,pathlib; setuptools
slicegui-0.7.1,D:\10. RQ1 DySec\Step 9 DownloadSelectedBenignPackages\Benign_Packages\slicegui-0.7.1.tar.gz,tar,slicegui-0.7.1/setup.py,2465,ast,6,6,io; json; os; pathlib; setuptools; sys
slidepull-0.12,D:\10. RQ1 DySec\Step 9 DownloadSelectedBenignPackages\Benign_Packages\slidepull-0.12.tar.gz,tar,slidepull-0.12/setup.py,425,ast,1,1,setuptools
slimpoint-1.0.7,D:\10. RQ1 DySec\Step 9 DownloadSelectedBenignPackages\Benign_Packages\slimpoint-1.0.7.tar.gz,tar,slimpoint-1.0.7/setup.py,376,ast,1,1,setuptools
sling-linux-arm64-1.2.9,D:\10. RQ1 DySec\Step 9 DownloadSelectedBenignPackages\Benign_Packages\sling-linux-arm64-1.2.9.tar.gz,tar,sling-linux-arm64-1.2.9/setup.py,1263,ast,4,5,os; pathlib; setuptools; sling_linux_arm64
slingrpm-1.0.0b3,D:\10. RQ1 DySec\Step 9 DownloadSelectedBenignPackages\Benign_Packages\slingrpm-1.0.0b3.tar.gz,tar,slingrpm-1.0.0b3/setup.py,860,ast,2,2,distutils; sys
slippy_api-0.9,D:\10. RQ1 DySec\Step 9 DownloadSelectedBenignPackages\Benign_Packages\slippy_api-0.9.tar.gz,tar,slippy_api-0.9/setup.py,846,ast,2,2,pathlib; setuptools
slite-0.0.2,D:\10. RQ1 DySec\Step 9 DownloadSelectedBenignPackages\Benign_Packages\slite-0.0.2.tar.gz,tar,slite-0.0.2/setup.py,674,ast,1,1,setuptools
slitronomy-0.3.3,D:\10. RQ1 DySec\Step 9 DownloadSelectedBenignPackages\Benign_Packages\slitronomy-0.3.3.tar.gz,tar,slitronomy-0.3.3/setup.py,1927,ast,5,7,distutils; os; pytest; setuptools; sys
slotmachine-0.0.3.8,D:\10. RQ1 DySec\Step 9 DownloadSelectedBenignPackages\Benign_Packages\slotmachine-0.0.3.8.tar.gz,tar,slotmachine-0.0.3.8/setup.py,948,ast,1,1,setuptools
slotminer-0.9.2,D:\10. RQ1 DySec\Step 9 DownloadSelectedBenignPackages\Benign_Packages\slotminer-0.9.2.tar.gz,tar,slotminer-0.9.2/setup.py,793,ast,1,1,setuptools
slotminer-0.9.2,D:\10. RQ1 DySec\Step 9 DownloadSelectedBenignPackages\Benign_Packages\slotminer-0.9.2.tar.gz,tar,slotminer-0.9.2/slotminer/setup.py,793,ast,1,1,setuptools
smairon-0.1.0,D:\10. RQ1 DySec\Step 9 DownloadSelectedBenignPackages\Benign_Packages\smairon-0.1.0.tar.gz,tar,smairon-0.1.0/setup.py,508,ast,1,1,setuptools
smalld-0.3.0,D:\10. RQ1 DySec\Step 9 DownloadSelectedBenignPackages\Benign_Packages\smalld-0.3.0.tar.gz,tar,smalld-0.3.0/setup.py,1129,ast,2,2,os; setuptools
smart_open-7.0.4,D:\10. RQ1 DySec\Step 9 DownloadSelectedBenignPackages\Benign_Packages\smart_open-7.0.4.tar.gz,tar,smart_open-7.0.4/setup.py,3049,ast,3,3,io; os; setuptools
smartrandom-0.2.1,D:\10. RQ1 DySec\Step 9 DownloadSelectedBenignPackages\Benign_Packages\smartrandom-0.2.1.tar.gz,tar,smartrandom-0.2.1/setup.py,469,ast,1,1,setuptools
smasher-1.0,D:\10. RQ1 DySec\Step 9 DownloadSelectedBenignPackages\Benign_Packages\smasher-1.0.tar.gz,tar,smasher-1.0/setup.py,1689,ast,2,2,__future__; distutils
SMBL-1.4.5,D:\10. RQ1 DySec\Step 9 DownloadSelectedBenignPackages\Benign_Packages\SMBL-1.4.5.tar.gz,tar,SMBL-1.4.5/setup.py,98,ast,1,1,setuptools
smdebug_rulesconfig-1.0.1,D:\10. RQ1 DySec\Step 9 DownloadSelectedBenignPackages\Benign_Packages\smdebug_rulesconfig-1.0.1.tar.gz,tar,smdebug_rulesconfig-1.0.1/setup.py,1498,ast,1,1,setuptools
smipyping-0.6.0,D:\10. RQ1 DySec\Step 9 DownloadSelectedBenignPackages\Benign_Packages\smipyping-0.6.0.tar.gz,tar,smipyping-0.6.0/setup.py,814,ast,1,1,setuptools
smm-0.1.5,D:\10. RQ1 DySec\Step 9 DownloadSelectedBenignPackages\Benign_Packages\smm-0.1.5.tar.gz,tar,smm-0.1.5/setup.py,1207,ast,2,2,setuptools; unittest
smmap-5.0.1,D:\10. RQ1 DySec\Step 9 DownloadSelectedBenignPackages\Benign_Packages\smmap-5.0.1.tar.gz,tar,smmap-5.0.1/setup.py,1711,ast,4,5,ez_setup; os; setuptools; smmap
smpl_parallel-1.2.1.1,D:\10. RQ1 DySec\Step 9 DownloadSelectedBenignPackages\Benign_Packages\smpl_parallel-1.2.1.1.tar.gz,tar,smpl_parallel-1.2.1.1/setup.py,3845,ast,1,1,setuptools
smpljson-0.1.0,D:\10. RQ1 DySec\Step 9 DownloadSelectedBenignPackages\Benign_Packages\smpljson-0.1.0.tar.gz,tar,smpljson-0.1.0/setup.py,917,ast,1,1,setuptools
smriprep-0.9.2,D:\10. RQ1 DySec\Step 9 DownloadSelectedBenignPackages\Benign_Packages\smriprep-0.9.2.tar.gz,tar,smriprep-0.9.2/setup.py,683,ast,3,3,setuptools; sys; versioneer
smtb-0.0.0.0.20240209.1,D:\10. RQ1 DySec\Step 9 DownloadSelectedBenignPackages\Benign_Packages\smtb-0.0.0.0.20240209.1.tar.gz,tar,smtb-0.0.0.0.20240209.1/setup.py,7951,ast,2,2,pathlib; setuptools
smtplibaio-2.1.2.post1,D:\10. RQ1 DySec\Step 9 DownloadSelectedBenignPackages\Benign_Packages\smtplibaio-2.1.2.post1.tar.gz,tar,smtplibaio-2.1.2.post1/setup.py,5100,ast,1,1,distutils
smullpeg-0.1.5,D:\10. RQ1 DySec\Step 9 DownloadSelectedBenignPackages\Benign_Packages\smullpeg-0.1.5.tar.gz,tar,smullpeg-0.1.5/setup.py,403,ast,1,1,distutils
snapcastcontrol-0.1.0,D:\10. RQ1 DySec\Step 9 DownloadSelectedBenignPackages\Benign_Packages\snapcastcontrol-0.1.0.tar.gz,tar,snapcastcontrol-0.1.0/setup.py,551,ast,1,1,distutils
snapchat-0.1,D:\10. RQ1 DySec\Step 9 DownloadSelectedBenignPackages\Benign_Packages\snapchat-0.1.tar.gz,tar,snapchat-0.1/setup.py,490,ast,1,1,setuptools
snapinfo-0.0.1,D:\10. RQ1 DySec\Step 9 DownloadSelectedBenignPackages\Benign_Packages\snapinfo-0.0.1.tar.gz,tar,snapinfo-0.0.1/setup.py,1104,ast,3,3,codecs; os; setuptools
snel-0.0.1,D:\10. RQ1 DySec\Step 9 DownloadSelectedBenignPackages\Benign_Packages\snel-0.0.1.tar.gz,tar,snel-0.0.1/setup.py,860,ast,1,1,setuptools
snet-0.0.0,D:\10. RQ1 DySec\Step 9 DownloadSelectedBenignPackages\Benign_Packages\snet-0.0.0.tar.gz,tar,snet-0.0.0/setup.py,2100,ast,4,5,distutils; os; pypandoc; setuptools
snowballstemmer-2.2.0,D:\10. RQ1 DySec\Step 9 DownloadSelectedBenignPackages\Benign_Packages\snowballstemmer-2.2.0.tar.gz,tar,snowballstemmer-2.2.0/setup.py,2658,ast,2,2,re; setuptools
snowflake_connector_python-3.12.2,D:\10. RQ1 DySec\Step 9 DownloadSelectedBenignPackages\Benign_Packages\snowflake_connector_python-3.12.2.tar.gz,tar,snowflake_connector_python-3.12.2/setup.py,6914,ast,5,6,Cython; os; setuptools; sys; warnings
snutshell-1.3,D:\10. RQ1 DySec\Step 9 DownloadSelectedBenignPackages\Benign_Packages\snutshell-1.3.tar.gz,tar,snutshell-1.3/setup.py,746,ast,1,1,setuptools
social-0.1.dev3,D:\10. RQ1 DySec\Step 9 DownloadSelectedBenignPackages\Benign_Packages\social-0.1.dev3.tar.gz,tar,social-0.1.dev3/setup.py,4595,ast,3,3,codecs; os; setuptools
social_scrape-0.2,D:\10. RQ1 DySec\Step 9 DownloadSelectedBenignPackages\Benign_Packages\social_scrape-0.2.tar.gz,tar,social_scrape-0.2/setup.py,530,ast,1,1,setuptools
SocialScraper-1.0.2,D:\10. RQ1 DySec\Step 9 DownloadSelectedBenignPackages\Benign_Packages\SocialScraper-1.0.2.tar.gz,tar,SocialScraper-1.0.2/setup.py,1271,ast,1,1,setuptools
sockets-1.0.0,D:\10. RQ1 DySec\Step 9 DownloadSelectedBenignPackages\Benign_Packages\sockets-1.0.0.tar.gz,tar,sockets-1.0.0/setup.py,753,ast,1,1,setuptools
socks-0,D:\10. RQ1 DySec\Step 9 DownloadSelectedBenignPackages\Benign_Packages\socks-0.tar.gz,tar,socks-0/setup.py,178,ast,1,1,setuptools
socks5-0.2.1,D:\10. RQ1 DySec\Step 9 DownloadSelectedBenignPackages\Benign_Packages\socks5-0.2.1.tar.gz,tar,socks5-0.2.1/setup.py,1405,ast,1,1,setuptools
socksproxy-0.1,D:\10. RQ1 DySec\Step 9 DownloadSelectedBenignPackages\Benign_Packages\socksproxy-0.1.tar.gz,tar,socksproxy-0.1/setup.py,901,ast,2,3,distribute_setup; setuptools
socproof-0.0.1,D:\10. RQ1 DySec\Step 9 DownloadSelectedBenignPackages\Benign_Packages\socproof-0.0.1.tar.gz,tar,socproof-0.0.1/setup.py,927,ast,1,1,setuptools
softinfo-0.2,D:\10. RQ1 DySec\Step 9 DownloadSelectedBenignPackages\Benign_Packages\softinfo-0.2.tar.gz,tar,softinfo-0.2/setup.py,321,ast,1,1,setuptools
sola_print_list-0.2.0,D:\10. RQ1 DySec\Step 9 DownloadSelectedBenignPackages\Benign_Packages\sola_print_list-0.2.0.zip,zip,sola_print_list-0.2.0/setup.py,252,ast,1,1,distutils
solaar-1.1.9,D:\10. RQ1 DySec\Step 9 DownloadSelectedBenignPackages\Benign_Packages\solaar-1.1.9.tar.gz,tar,solaar-1.1.9/setup.py,3556,ast,5,5,distutils; glob; os; setuptools; subprocess
solan-0.1.1,D:\10. RQ1 DySec\Step 9 DownloadSelectedBenignPackages\Benign_Packages\solan-0.1.1.tar.gz,tar,solan-0.1.1/setup.py,1108,ast,1,1,setuptools
solana-0.9.2,D:\10. RQ1 DySec\Step 9 DownloadSelectedBenignPackages\Benign_Packages\solana-0.9.2.tar.gz,tar,solana-0.9.2/setup.py,1661,ast,1,1,setuptools
solflatliner-1.0.118,D:\10. RQ1 DySec\Step 9 DownloadSelectedBenignPackages\Benign_Packages\solflatliner-1.0.118.tar.gz,tar,solflatliner-1.0.118/setup.py,2225,ast,4,5,codecs; os; platform; setuptools
solidwebpush-1.2.3,D:\10. RQ1 DySec\Step 9 DownloadSelectedBenignPackages\Benign_Packages\solidwebpush-1.2.3.tar.gz,tar,solidwebpush-1.2.3/setup.py,2022,ast,4,4,io; os; re; setuptools
solman-0.0.2,D:\10. RQ1 DySec\Step 9 DownloadSelectedBenignPackages\Benign_Packages\solman-0.0.2.tar.gz,tar,solman-0.0.2/setup.py,708,ast,2,2,setuptools; solman
solnado-0.9.3,D:\10. RQ1 DySec\Step 9 DownloadSelectedBenignPackages\Benign_Packages\solnado-0.9.3.tar.gz,tar,solnado-0.9.3/setup.py,2049,ast,3,4,os; setuptools; sys
soloman-3.1.1,D:\10. RQ1 DySec\Step 9 DownloadSelectedBenignPackages\Benign_Packages\soloman-3.1.1.tar.gz,tar,soloman-3.1.1/setup.py,1687,ast,1,1,setuptools
solow-sim-0.1.3,D:\10. RQ1 DySec\Step 9 DownloadSelectedBenignPackages\Benign_Packages\solow-sim-0.1.3.tar.gz,tar,solow-sim-0.1.3/setup.py,1220,ast,3,3,codecs; os; setuptools
solver-0.0.4,D:\10. RQ1 DySec\Step 9 DownloadSelectedBenignPackages\Benign_Packages\solver-0.0.4.tar.gz,tar,solver-0.0.4/setup.py,1099,ast,2,2,os; setuptools
som-0.2.3,D:\10. RQ1 DySec\Step 9 DownloadSelectedBenignPackages\Benign_Packages\som-0.2.3.tar.gz,tar,som-0.2.3/setup.py,3567,ast,3,3,os; setuptools; sys
somber-2.0.1,D:\10. RQ1 DySec\Step 9 DownloadSelectedBenignPackages\Benign_Packages\somber-2.0.1.tar.gz,tar,somber-2.0.1/setup.py,661,ast,1,2,setuptools
some_hoes-0.0.1,D:\10. RQ1 DySec\Step 9 DownloadSelectedBenignPackages\Benign_Packages\some_hoes-0.0.1.tar.gz,tar,some_hoes-0.0.1/setup.py,188,ast,1,1,setuptools
somerandom-5.1,D:\10. RQ1 DySec\Step 9 DownloadSelectedBenignPackages\Benign_Packages\somerandom-5.1.tar.gz,tar,somerandom-5.1/setup.py,825,ast,2,2,setuptools; sys
somerandomapiml-1.0.2,D:\10. RQ1 DySec\Step 9 DownloadSelectedBenignPackages\Benign_Packages\somerandomapiml-1.0.2.tar.gz,tar,somerandomapiml-1.0.2/setup.py,632,ast,1,1,setuptools
songcn-0.1.3,D:\10. RQ1 DySec\Step 9 DownloadSelectedBenignPackages\Benign_Packages\songcn-0.1.3.tar.gz,tar,songcn-0.1.3/setup.py,1497,ast,1,1,setuptools
SongNameSplit-2.2.5,D:\10. RQ1 DySec\Step 9 DownloadSelectedBenignPackages\Benign_Packages\SongNameSplit-2.2.5.tar.gz,tar,SongNameSplit-2.2.5/setup.py,952,ast,3,3,codecs; os; setuptools
songvid-1.0.1,D:\10. RQ1 DySec\Step 9 DownloadSelectedBenignPackages\Benign_Packages\songvid-1.0.1.tar.gz,tar,songvid-1.0.1/setup.py,956,ast,1,1,setuptools
sortedcontainers-2.4.0,D:\10. RQ1 DySec\Step 9 DownloadSelectedBenignPackages\Benign_Packages\sortedcontainers-2.4.0.tar.gz,tar,sortedcontainers-2.4.0/setup.py,1749,ast,3,4,setuptools; sortedcontainers; tox
sorting_package-1,D:\10. RQ1 DySec\Step 9 DownloadSelectedBenignPackages\Benign_Packages\sorting_package-1.tar.gz,tar,sorting_package-1/setup.py,570,ast,1,1,setuptools
soupy-0.3,D:\10. RQ1 DySec\Step 9 DownloadSelectedBenignPackages\Benign_Packages\soupy-0.3.tar.gz,tar,soupy-0.3/setup.py,886,ast,2,2,distutils; pypandoc
sox_chords-0.1.4,D:\10. RQ1 DySec\Step 9 DownloadSelectedBenignPackages\Benign_Packages\sox_chords-0.1.4.tar.gz,tar,sox_chords-0.1.4/setup.py,2853,ast,6,8,distutils; glob; os; setuptools; shutil; sox_chords
soxyproxy-0.6.2,D:\10. RQ1 DySec\Step 9 DownloadSelectedBenignPackages\Benign_Packages\soxyproxy-0.6.2.tar.gz,tar,soxyproxy-0.6.2/setup.py,1922,ast,1,1,setuptools
spacestudio-orbit-propagation-1.4.1,D:\10. RQ1 DySec\Step 9 DownloadSelectedBenignPackages\Benign_Packages\spacestudio-orbit-propagation-1.4.1.tar.gz,tar,spacestudio-orbit-propagation-1.4.1/setup.py,3224,ast,1,1,setuptools
spamming-0.1.3,D:\10. RQ1 DySec\Step 9 DownloadSelectedBenignPackages\Benign_Packages\spamming-0.1.3.tar.gz,tar,spamming-0.1.3/setup.py,703,ast,1,1,setuptools
spark-0.2.1,D:\10. RQ1 DySec\Step 9 DownloadSelectedBenignPackages\Benign_Packages\spark-0.2.1.tar.gz,tar,spark-0.2.1/setup.py,1244,ast,1,1,distutils
spark_sql_to_sqlite-0.8,D:\10. RQ1 DySec\Step 9 DownloadSelectedBenignPackages\Benign_Packages\spark_sql_to_sqlite-0.8.tar.gz,tar,spark_sql_to_sqlite-0.8/setup.py,542,ast,1,1,setuptools
sparkl-0.0.2,D:\10. RQ1 DySec\Step 9 DownloadSelectedBenignPackages\Benign_Packages\sparkl-0.0.2.tar.gz,tar,sparkl-0.0.2/setup.py,408,ast,1,1,distutils
sparkmonitor-3.0.2,D:\10. RQ1 DySec\Step 9 DownloadSelectedBenignPackages\Benign_Packages\sparkmonitor-3.0.2.tar.gz,tar,sparkmonitor-3.0.2/setup.py,33,ast,0,0,
sparky-0.0.1.dev0,D:\10. RQ1 DySec\Step 9 DownloadSelectedBenignPackages\Benign_Packages\sparky-0.0.1.dev0.tar.gz,tar,sparky-0.0.1.dev0/setup.py,2035,ast,2,3,setuptools; sys
sparkypandas-0.1.1,D:\10. RQ1 DySec\Step 9 DownloadSelectedBenignPackages\Benign_Packages\sparkypandas-0.1.1.tar.gz,tar,sparkypandas-0.1.1/setup.py,1571,ast,1,1,setuptools
spath-0.1.5,D:\10. RQ1 DySec\Step 9 DownloadSelectedBenignPackages\Benign_Packages\spath-0.1.5.tar.gz,tar,spath-0.1.5/setup.py,1587,ast,1,1,setuptools
spawn-wind-0.1.2,D:\10. RQ1 DySec\Step 9 DownloadSelectedBenignPackages\Benign_Packages\spawn-wind-0.1.2.tar.gz,tar,spawn-wind-0.1.2/setup.py,2187,ast,3,3,os; setuptools; versioneer
spawnz-1.1,D:\10. RQ1 DySec\Step 9 DownloadSelectedBenignPackages\Benign_Packages\spawnz-1.1.tar.gz,tar,spawnz-1.1/setup.py,1567,ast,2,2,distutils; pathlib
spe-encoder-0.0.4,D:\10. RQ1 DySec\Step 9 DownloadSelectedBenignPackages\Benign_Packages\spe-encoder-0.0.4.tar.gz,tar,spe-encoder-0.0.4/setup.py,838,ast,2,2,setuptools; sys
speclear-0.1.1,D:\10. RQ1 DySec\Step 9 DownloadSelectedBenignPackages\Benign_Packages\speclear-0.1.1.tar.gz,tar,speclear-0.1.1/setup.py,2032,ast,1,1,setuptools
specparam-2.0.0rc2,D:\10. RQ1 DySec\Step 9 DownloadSelectedBenignPackages\Benign_Packages\specparam-2.0.0rc2.tar.gz,tar,specparam-2.0.0rc2/setup.py,2476,ast,2,2,os; setuptools
speech-0.5.2,D:\10. RQ1 DySec\Step 9 DownloadSelectedBenignPackages\Benign_Packages\speech-0.5.2.tar.gz,tar,speech-0.5.2/setup.py,2895,ast,1,1,setuptools
speechdb-0.1.7,D:\10. RQ1 DySec\Step 9 DownloadSelectedBenignPackages\Benign_Packages\speechdb-0.1.7.tar.gz,tar,speechdb-0.1.7/setup.py,1248,ast,1,1,distutils
SpeechRecognition-3.9.0,D:\10. RQ1 DySec\Step 9 DownloadSelectedBenignPackages\Benign_Packages\SpeechRecognition-3.9.0.tar.gz,tar,SpeechRecognition-3.9.0/setup.py,3088,ast,6,7,distutils; os; setuptools; speech_recognition; stat; sys
speedread-0.2,D:\10. RQ1 DySec\Step 9 DownloadSelectedBenignPackages\Benign_Packages\speedread-0.2.tar.gz,tar,speedread-0.2/setup.py,762,ast,1,1,setuptools
speedtestrouter-0.0.2,D:\10. RQ1 DySec\Step 9 DownloadSelectedBenignPackages\Benign_Packages\speedtestrouter-0.0.2.tar.gz,tar,speedtestrouter-0.0.2/setup.py,1759,ast,3,3,codecs; os; setuptools
spelling-bee-game-1.0.1,D:\10. RQ1 DySec\Step 9 DownloadSelectedBenignPackages\Benign_Packages\spelling-bee-game-1.0.1.tar.gz,tar,spelling-bee-game-1.0.1/setup.py,793,ast,1,1,setuptools
spellingtest-0.2.0,D:\10. RQ1 DySec\Step 9 DownloadSelectedBenignPackages\Benign_Packages\spellingtest-0.2.0.tar.gz,tar,spellingtest-0.2.0/setup.py,2822,ast,4,4,codecs; os; re; setuptools
spellotape-0.0.8,D:\10. RQ1 DySec\Step 9 DownloadSelectedBenignPackages\Benign_Packages\spellotape-0.0.8.tar.gz,tar,spellotape-0.0.8/setup.py,1934,ast,2,2,configparser; setuptools
sphinx-proof-0.1.3,D:\10. RQ1 DySec\Step 9 DownloadSelectedBenignPackages\Benign_Packages\sphinx-proof-0.1.3.tar.gz,tar,sphinx-proof-0.1.3/setup.py,1755,ast,1,1,setuptools
sphinx-testing-1.0.1,D:\10. RQ1 DySec\Step 9 DownloadSelectedBenignPackages\Benign_Packages\sphinx-testing-1.0.1.tar.gz,tar,sphinx-testing-1.0.1/setup.py,1687,ast,2,2,setuptools; sys
sphinx_advanced-0.3.0,D:\10. RQ1 DySec\Step 9 DownloadSelectedBenignPackages\Benign_Packages\sphinx_advanced-0.3.0.tar.gz,tar,sphinx_advanced-0.3.0/setup.py,1486,ast,1,1,setuptools
sphinx_rtd_theme-3.0.0rc1,D:\10. RQ1 DySec\Step 9 DownloadSelectedBenignPackages\Benign_Packages\sphinx_rtd_theme-3.0.0rc1.tar.gz,tar,sphinx_rtd_theme-3.0.0rc1/setup.py,2111,ast,5,5,distutils; io; os; setuptools; subprocess
sphinx_rtd_theme_citus-0.5.9,D:\10. RQ1 DySec\Step 9 DownloadSelectedBenignPackages\Benign_Packages\sphinx_rtd_theme_citus-0.5.9.tar.gz,tar,sphinx_rtd_theme_citus-0.5.9/setup.py,4289,ast,5,5,distutils; io; os; setuptools; subprocess
sphinxcontrib-jsmath-1.0.1,D:\10. RQ1 DySec\Step 9 DownloadSelectedBenignPackages\Benign_Packages\sphinxcontrib-jsmath-1.0.1.tar.gz,tar,sphinxcontrib-jsmath-1.0.1/setup.py,2064,ast,2,2,os; setuptools
sphinxcontrib-proof-1.6.0,D:\10. RQ1 DySec\Step 9 DownloadSelectedBenignPackages\Benign_Packages\sphinxcontrib-proof-1.6.0.tar.gz,tar,sphinxcontrib-proof-1.6.0/setup.py,93,ast,1,1,setuptools
spicer-0.6.0,D:\10. RQ1 DySec\Step 9 DownloadSelectedBenignPackages\Benign_Packages\spicer-0.6.0.tar.gz,tar,spicer-0.6.0/setup.py,1175,ast,1,1,setuptools
spiegelib-0.0.4,D:\10. RQ1 DySec\Step 9 DownloadSelectedBenignPackages\Benign_Packages\spiegelib-0.0.4.tar.gz,tar,spiegelib-0.0.4/setup.py,1456,ast,1,2,setuptools
spill-0.0.1a0,D:\10. RQ1 DySec\Step 9 DownloadSelectedBenignPackages\Benign_Packages\spill-0.0.1a0.tar.gz,tar,spill-0.0.1a0/setup.py,1574,ast,3,3,codecs; os; setuptools
spinpy-0.1.0.dev1,D:\10. RQ1 DySec\Step 9 DownloadSelectedBenignPackages\Benign_Packages\spinpy-0.1.0.dev1.tar.gz,tar,spinpy-0.1.0.dev1/setup.py,1344,ast,2,2,os; setuptools
spinvis-0.3.0,D:\10. RQ1 DySec\Step 9 DownloadSelectedBenignPackages\Benign_Packages\spinvis-0.3.0.tar.gz,tar,spinvis-0.3.0/setup.py,2111,ast,3,3,os; runpy; setuptools
spittalpond-0.1.3,D:\10. RQ1 DySec\Step 9 DownloadSelectedBenignPackages\Benign_Packages\spittalpond-0.1.3.zip,zip,spittalpond-0.1.3/setup.py,391,ast,1,1,setuptools
spladtool-0.0.5,D:\10. RQ1 DySec\Step 9 DownloadSelectedBenignPackages\Benign_Packages\spladtool-0.0.5.tar.gz,tar,spladtool-0.0.5/setup.py,1149,ast,2,2,pathlib; setuptools
splinecalib-0.0.9,D:\10. RQ1 DySec\Step 9 DownloadSelectedBenignPackages\Benign_Packages\splinecalib-0.0.9.tar.gz,tar,splinecalib-0.0.9/setup.py,1356,ast,2,2,numpy; setuptools
splinepy-0.1.2,D:\10. RQ1 DySec\Step 9 DownloadSelectedBenignPackages\Benign_Packages\splinepy-0.1.2.tar.gz,tar,splinepy-0.1.2/third_party/napf/setup.py,2059,ast,3,3,platform; pybind11; setuptools
splinepy-0.1.2,D:\10. RQ1 DySec\Step 9 DownloadSelectedBenignPackages\Benign_Packages\splinepy-0.1.2.tar.gz,tar,splinepy-0.1.2/third_party/pybind11/setup.py,4855,ast,11,11,contextlib; os; pathlib; re; setuptools; shutil; string; subprocess; sys; tempfile; typing
split-0.4,D:\10. RQ1 DySec\Step 9 DownloadSelectedBenignPackages\Benign_Packages\split-0.4.zip,zip,split-0.4/setup.py,837,ast,1,1,distutils
split_layer-0.1.1,D:\10. RQ1 DySec\Step 9 DownloadSelectedBenignPackages\Benign_Packages\split_layer-0.1.1.tar.gz,tar,split_layer-0.1.1/setup.py,617,ast,1,2,setuptools
split_library-0.0.6,D:\10. RQ1 DySec\Step 9 DownloadSelectedBenignPackages\Benign_Packages\split_library-0.0.6.tar.gz,tar,split_library-0.0.6/setup.py,370,ast,1,1,setuptools
split_settings-1.0.0,D:\10. RQ1 DySec\Step 9 DownloadSelectedBenignPackages\Benign_Packages\split_settings-1.0.0.tar.gz,tar,split_settings-1.0.0/setup.py,4500,ast,1,1,distutils
splitbam-0.1.6,D:\10. RQ1 DySec\Step 9 DownloadSelectedBenignPackages\Benign_Packages\splitbam-0.1.6.tar.gz,tar,splitbam-0.1.6/setup.py,741,ast,1,1,setuptools
splitconflict-0.9,D:\10. RQ1 DySec\Step 9 DownloadSelectedBenignPackages\Benign_Packages\splitconflict-0.9.tar.gz,tar,splitconflict-0.9/setup.py,846,ast,1,1,distutils
spliter-1.0.0,D:\10. RQ1 DySec\Step 9 DownloadSelectedBenignPackages\Benign_Packages\spliter-1.0.0.zip,zip,spliter-1.0.0/setup.py,272,ast,1,1,distutils
splitgill-2.0.0,D:\10. RQ1 DySec\Step 9 DownloadSelectedBenignPackages\Benign_Packages\splitgill-2.0.0.tar.gz,tar,splitgill-2.0.0/setup.py,112,ast,1,1,setuptools
splitgraph-0.3.9,D:\10. RQ1 DySec\Step 9 DownloadSelectedBenignPackages\Benign_Packages\splitgraph-0.3.9.tar.gz,tar,splitgraph-0.3.9/setup.py,10727,ast,1,1,setuptools
splitinerary-0.1.1,D:\10. RQ1 DySec\Step 9 DownloadSelectedBenignPackages\Benign_Packages\splitinerary-0.1.1.tar.gz,tar,splitinerary-0.1.1/setup.py,292,ast,1,1,setuptools
splitit-1.6.9,D:\10. RQ1 DySec\Step 9 DownloadSelectedBenignPackages\Benign_Packages\splitit-1.6.9.tar.gz,tar,splitit-1.6.9/setup.py,1030,ast,1,1,setuptools
splitlogger-1.0.3,D:\10. RQ1 DySec\Step 9 DownloadSelectedBenignPackages\Benign_Packages\splitlogger-1.0.3.tar.gz,tar,splitlogger-1.0.3/setup.py,536,ast,1,1,setuptools
splitmasked-0.1.1,D:\10. RQ1 DySec\Step 9 DownloadSelectedBenignPackages\Benign_Packages\splitmasked-0.1.1.tar.gz,tar,splitmasked-0.1.1/setup.py,1145,ast,1,1,setuptools
splitmedia-0.2.1,D:\10. RQ1 DySec\Step 9 DownloadSelectedBenignPackages\Benign_Packages\splitmedia-0.2.1.tar.gz,tar,splitmedia-0.2.1/setup.py,1047,ast,3,3,os; setuptools; sm
splitmovieaiyc-2.1.0,D:\10. RQ1 DySec\Step 9 DownloadSelectedBenignPackages\Benign_Packages\splitmovieaiyc-2.1.0.tar.gz,tar,splitmovieaiyc-2.1.0/setup.py,415,ast,1,1,setuptools
splitp-0.1.8,D:\10. RQ1 DySec\Step 9 DownloadSelectedBenignPackages\Benign_Packages\splitp-0.1.8.tar.gz,tar,splitp-0.1.8/setup.py,870,ast,1,1,setuptools
splitprop-0.0.0,D:\10. RQ1 DySec\Step 9 DownloadSelectedBenignPackages\Benign_Packages\splitprop-0.0.0.tar.gz,tar,splitprop-0.0.0/setup.py,1258,ast,1,1,setuptools
splitraster-0.3.5,D:\10. RQ1 DySec\Step 9 DownloadSelectedBenignPackages\Benign_Packages\splitraster-0.3.5.tar.gz,tar,splitraster-0.3.5/setup.py,1587,ast,2,2,pathlib; setuptools
splitres-1.7.1,D:\10. RQ1 DySec\Step 9 DownloadSelectedBenignPackages\Benign_Packages\splitres-1.7.1.tar.gz,tar,splitres-1.7.1/setup.py,528,ast,2,2,os; setuptools
splitstream-1.2.6,D:\10. RQ1 DySec\Step 9 DownloadSelectedBenignPackages\Benign_Packages\splitstream-1.2.6.tar.gz,tar,splitstream-1.2.6/setup.py,1851,ast,2,2,os; setuptools
splitter-0.1.1,D:\10. RQ1 DySec\Step 9 DownloadSelectedBenignPackages\Benign_Packages\splitter-0.1.1.tar.gz,tar,splitter-0.1.1/setup.py,775,ast,1,1,setuptools
splittr-0.0.4,D:\10. RQ1 DySec\Step 9 DownloadSelectedBenignPackages\Benign_Packages\splittr-0.0.4.tar.gz,tar,splittr-0.0.4/setup.py,3291,ast,8,10,fileinput; glob; os; pathlib; pylint; setuptools; sys; zipfile
splitvid-0.1.1,D:\10. RQ1 DySec\Step 9 DownloadSelectedBenignPackages\Benign_Packages\splitvid-0.1.1.tar.gz,tar,splitvid-0.1.1/setup.py,1113,ast,1,1,setuptools
spoiltracker-0.0.9,D:\10. RQ1 DySec\Step 9 DownloadSelectedBenignPackages\Benign_Packages\spoiltracker-0.0.9.tar.gz,tar,spoiltracker-0.0.9/setup.py,846,ast,1,1,setuptools
spoonacular-3.0,D:\10. RQ1 DySec\Step 9 DownloadSelectedBenignPackages\Benign_Packages\spoonacular-3.0.tar.gz,tar,spoonacular-3.0/setup.py,1290,ast,3,3,os; re; setuptools
sport-scraper-0.0.9,D:\10. RQ1 DySec\Step 9 DownloadSelectedBenignPackages\Benign_Packages\sport-scraper-0.0.9.tar.gz,tar,sport-scraper-0.0.9/setup.py,1162,ast,3,3,os; pkg_resources; setuptools
spot_nik-0.3.1,D:\10. RQ1 DySec\Step 9 DownloadSelectedBenignPackages\Benign_Packages\spot_nik-0.3.1.tar.gz,tar,spot_nik-0.3.1/setup.py,63,ast,1,1,setuptools
spotfirepill-0.15,D:\10. RQ1 DySec\Step 9 DownloadSelectedBenignPackages\Benign_Packages\spotfirepill-0.15.tar.gz,tar,spotfirepill-0.15/setup.py,1401,ast,1,1,setuptools
spotinst_troposphere-1.0.2,D:\10. RQ1 DySec\Step 9 DownloadSelectedBenignPackages\Benign_Packages\spotinst_troposphere-1.0.2.tar.gz,tar,spotinst_troposphere-1.0.2/setup.py,1294,ast,4,4,codecs; os; setuptools; spotinst_troposphere
spotlight-sqlalchemy-1.0.2,D:\10. RQ1 DySec\Step 9 DownloadSelectedBenignPackages\Benign_Packages\spotlight-sqlalchemy-1.0.2.tar.gz,tar,spotlight-sqlalchemy-1.0.2/setup.py,935,ast,2,2,collections; setuptools
sppclient-0.60,D:\10. RQ1 DySec\Step 9 DownloadSelectedBenignPackages\Benign_Packages\sppclient-0.60.tar.gz,tar,sppclient-0.60/setup.py,3076,ast,3,3,codecs; os; setuptools
sppush-1.0.4,D:\10. RQ1 DySec\Step 9 DownloadSelectedBenignPackages\Benign_Packages\sppush-1.0.4.tar.gz,tar,sppush-1.0.4/setup.py,504,ast,1,1,setuptools
spradius-1.0.1,D:\10. RQ1 DySec\Step 9 DownloadSelectedBenignPackages\Benign_Packages\spradius-1.0.1.tar.gz,tar,spradius-1.0.1/setup.py,2129,ast,2,2,os; setuptools
spring_data_sqlachemy-0.1.4,D:\10. RQ1 DySec\Step 9 DownloadSelectedBenignPackages\Benign_Packages\spring_data_sqlachemy-0.1.4.tar.gz,tar,spring_data_sqlachemy-0.1.4/setup.py,967,ast,1,1,setuptools
springcraft-0.3.0,D:\10. RQ1 DySec\Step 9 DownloadSelectedBenignPackages\Benign_Packages\springcraft-0.3.0.tar.gz,tar,springcraft-0.3.0/setup.py,4317,ast,1,1,setuptools
springpy-0.1.0,D:\10. RQ1 DySec\Step 9 DownloadSelectedBenignPackages\Benign_Packages\springpy-0.1.0.tar.gz,tar,springpy-0.1.0/setup.py,942,ast,1,1,setuptools
sprint_velocity-1.0.5,D:\10. RQ1 DySec\Step 9 DownloadSelectedBenignPackages\Benign_Packages\sprint_velocity-1.0.5.tar.gz,tar,sprint_velocity-1.0.5/setup.py,1833,ast,1,1,setuptools
spuglib-0.16,D:\10. RQ1 DySec\Step 9 DownloadSelectedBenignPackages\Benign_Packages\spuglib-0.16.tar.gz,tar,spuglib-0.16/setup.py,1403,ast,2,2,distutils; os
spydagram-0.0.1.dev1,D:\10. RQ1 DySec\Step 9 DownloadSelectedBenignPackages\Benign_Packages\spydagram-0.0.1.dev1.tar.gz,tar,spydagram-0.0.1.dev1/setup.py,696,ast,1,1,setuptools
spyer-0.0.1,D:\10. RQ1 DySec\Step 9 DownloadSelectedBenignPackages\Benign_Packages\spyer-0.0.1.tar.gz,tar,spyer-0.0.1/setup.py,448,ast,1,1,setuptools
spygame-0.1a9,D:\10. RQ1 DySec\Step 9 DownloadSelectedBenignPackages\Benign_Packages\spygame-0.1a9.tar.gz,tar,spygame-0.1a9/setup.py,1162,ast,3,3,os; setuptools; spygame
spym-0.9.0,D:\10. RQ1 DySec\Step 9 DownloadSelectedBenignPackages\Benign_Packages\spym-0.9.0.tar.gz,tar,spym-0.9.0/setup.py,955,ast,2,2,setuptools; spym
sPyMem-0.0.9,D:\10. RQ1 DySec\Step 9 DownloadSelectedBenignPackages\Benign_Packages\sPyMem-0.0.9.tar.gz,tar,sPyMem-0.0.9/setup.py,952,ast,1,1,setuptools
spython-0.3.13,D:\10. RQ1 DySec\Step 9 DownloadSelectedBenignPackages\Benign_Packages\spython-0.3.13.tar.gz,tar,spython-0.3.13/setup.py,3368,ast,2,2,os; setuptools
SpyWare-1.0.5,D:\10. RQ1 DySec\Step 9 DownloadSelectedBenignPackages\Benign_Packages\SpyWare-1.0.5.tar.gz,tar,SpyWare-1.0.5/setup.py,4977,ast,4,5,os; platform; setuptools; sys
sqgamma-0.0.1,D:\10. RQ1 DySec\Step 9 DownloadSelectedBenignPackages\Benign_Packages\sqgamma-0.0.1.tar.gz,tar,sqgamma-0.0.1/setup.py,316,ast,1,1,setuptools
sqgtool-0.0.5.dev8,D:\10. RQ1 DySec\Step 9 DownloadSelectedBenignPackages\Benign_Packages\sqgtool-0.0.5.dev8.tar.gz,tar,sqgtool-0.0.5.dev8/setup.py,775,ast,1,1,setuptools
sqimple-0.1.1,D:\10. RQ1 DySec\Step 9 DownloadSelectedBenignPackages\Benign_Packages\sqimple-0.1.1.tar.gz,tar,sqimple-0.1.1/setup.py,659,ast,1,1,distutils
sqinsta-0.1,D:\10. RQ1 DySec\Step 9 DownloadSelectedBenignPackages\Benign_Packages\sqinsta-0.1.tar.gz,tar,sqinsta-0.1/setup.py,515,ast,1,1,setuptools
sql-spliter-0.0.2,D:\10. RQ1 DySec\Step 9 DownloadSelectedBenignPackages\Benign_Packages\sql-spliter-0.0.2.tar.gz,tar,sql-spliter-0.0.2/setup.py,776,ast,1,1,setuptools
sql_interp-0.1.0,D:\10. RQ1 DySec\Step 9 DownloadSelectedBenignPackages\Benign_Packages\sql_interp-0.1.0.tar.gz,tar,sql_interp-0.1.0/setup.py,413,ast,1,1,distutils
sql_profiling-1.2.0,D:\10. RQ1 DySec\Step 9 DownloadSelectedBenignPackages\Benign_Packages\sql_profiling-1.2.0.tar.gz,tar,sql_profiling-1.2.0/setup.py,940,ast,1,1,setuptools
SQLAlchemy-2.0.9,D:\10. RQ1 DySec\Step 9 DownloadSelectedBenignPackages\Benign_Packages\SQLAlchemy-2.0.9.tar.gz,tar,SQLAlchemy-2.0.9/setup.py,2281,ast,6,9,Cython; __future__; os; platform; setuptools; typing
sqlalchemyp-0.0.5,D:\10. RQ1 DySec\Step 9 DownloadSelectedBenignPackages\Benign_Packages\sqlalchemyp-0.0.5.tar.gz,tar,sqlalchemyp-0.0.5/setup.py,880,ast,1,1,setuptools
sqlatracker-0.0.7,D:\10. RQ1 DySec\Step 9 DownloadSelectedBenignPackages\Benign_Packages\sqlatracker-0.0.7.tar.gz,tar,sqlatracker-0.0.7/setup.py,466,ast,1,1,distutils
sqlconnection-0.2.2,D:\10. RQ1 DySec\Step 9 DownloadSelectedBenignPackages\Benign_Packages\sqlconnection-0.2.2.tar.gz,tar,sqlconnection-0.2.2/setup.py,834,ast,1,1,setuptools
sqlcraft-0.1.4,D:\10. RQ1 DySec\Step 9 DownloadSelectedBenignPackages\Benign_Packages\sqlcraft-0.1.4.tar.gz,tar,sqlcraft-0.1.4/setup.py,38,ast,1,1,setuptools
sqlcrush-0.1.5,D:\10. RQ1 DySec\Step 9 DownloadSelectedBenignPackages\Benign_Packages\sqlcrush-0.1.5.tar.gz,tar,sqlcrush-0.1.5/setup.py,459,ast,1,1,setuptools
sqlforerogamer-1.3.4,D:\10. RQ1 DySec\Step 9 DownloadSelectedBenignPackages\Benign_Packages\sqlforerogamer-1.3.4.tar.gz,tar,sqlforerogamer-1.3.4/setup.py,1119,ast,3,3,os; setuptools; subprocess
sqlframe-2.2.0,D:\10. RQ1 DySec\Step 9 DownloadSelectedBenignPackages\Benign_Packages\sqlframe-2.2.0.tar.gz,tar,sqlframe-2.2.0/setup.py,2720,ast,1,1,setuptools
sqlhttpcs-0.1.0,D:\10. RQ1 DySec\Step 9 DownloadSelectedBenignPackages\Benign_Packages\sqlhttpcs-0.1.0.tar.gz,tar,sqlhttpcs-0.1.0/setup.py,1098,ast,1,1,setuptools
sqlhttpcss-0.5,D:\10. RQ1 DySec\Step 9 DownloadSelectedBenignPackages\Benign_Packages\sqlhttpcss-0.5.tar.gz,tar,sqlhttpcss-0.5/setup.py,1097,ast,1,1,setuptools
sqlib-0.2.0,D:\10. RQ1 DySec\Step 9 DownloadSelectedBenignPackages\Benign_Packages\sqlib-0.2.0.tar.gz,tar,sqlib-0.2.0/setup.py,670,ast,1,1,setuptools
sqlibrist-0.1.9,D:\10. RQ1 DySec\Step 9 DownloadSelectedBenignPackages\Benign_Packages\sqlibrist-0.1.9.tar.gz,tar,sqlibrist-0.1.9/setup.py,1599,ast,3,3,os; setuptools; sqlibrist
sqlineage-0.2.2,D:\10. RQ1 DySec\Step 9 DownloadSelectedBenignPackages\Benign_Packages\sqlineage-0.2.2.tar.gz,tar,sqlineage-0.2.2/setup.py,1222,ast,1,1,setuptools
sqlinjectlib-0.1.2,D:\10. RQ1 DySec\Step 9 DownloadSelectedBenignPackages\Benign_Packages\sqlinjectlib-0.1.2.tar.gz,tar,sqlinjectlib-0.1.2/setup.py,3200,ast,1,1,setuptools
sqlist-0.2b,D:\10. RQ1 DySec\Step 9 DownloadSelectedBenignPackages\Benign_Packages\sqlist-0.2b.tar.gz,tar,sqlist-0.2b/setup.py,879,ast,1,1,setuptools
sqlite3View-0.0.1,D:\10. RQ1 DySec\Step 9 DownloadSelectedBenignPackages\Benign_Packages\sqlite3View-0.0.1.tar.gz,tar,sqlite3View-0.0.1/setup.py,487,ast,1,1,setuptools
sqlite_tool-0.0.2,D:\10. RQ1 DySec\Step 9 DownloadSelectedBenignPackages\Benign_Packages\sqlite_tool-0.0.2.tar.gz,tar,sqlite_tool-0.0.2/setup.py,962,ast,1,1,setuptools
sqlite_ucf-1.0.1,D:\10. RQ1 DySec\Step 9 DownloadSelectedBenignPackages\Benign_Packages\sqlite_ucf-1.0.1.tar.gz,tar,sqlite_ucf-1.0.1/setup.py,670,ast,1,1,setuptools
sqlitehouse-1.2,D:\10. RQ1 DySec\Step 9 DownloadSelectedBenignPackages\Benign_Packages\sqlitehouse-1.2.tar.gz,tar,sqlitehouse-1.2/setup.py,376,ast,1,1,setuptools
sqlitelib-1.0.3,D:\10. RQ1 DySec\Step 9 DownloadSelectedBenignPackages\Benign_Packages\sqlitelib-1.0.3.tar.gz,tar,sqlitelib-1.0.3/setup.py,622,ast,1,1,setuptools
sqlitelist-0.1,D:\10. RQ1 DySec\Step 9 DownloadSelectedBenignPackages\Benign_Packages\sqlitelist-0.1.tar.gz,tar,sqlitelist-0.1/setup.py,773,ast,2,2,setuptools; sqlitelist
sqlitemanager-0.7.2,D:\10. RQ1 DySec\Step 9 DownloadSelectedBenignPackages\Benign_Packages\sqlitemanager-0.7.2.tar.gz,tar,sqlitemanager-0.7.2/setup.py,717,ast,1,1,setuptools
sqlitemodel-0.1.3,D:\10. RQ1 DySec\Step 9 DownloadSelectedBenignPackages\Benign_Packages\sqlitemodel-0.1.3.tar.gz,tar,sqlitemodel-0.1.3/setup.py,1322,ast,4,4,distutils; setuptools; sqlitemodel; sys
sqlitepy-0.1.2,D:\10. RQ1 DySec\Step 9 DownloadSelectedBenignPackages\Benign_Packages\sqlitepy-0.1.2.tar.gz,tar,sqlitepy-0.1.2/setup.py,557,ast,1,1,setuptools
sqlitescripting-0.0.9,D:\10. RQ1 DySec\Step 9 DownloadSelectedBenignPackages\Benign_Packages\sqlitescripting-0.0.9.tar.gz,tar,sqlitescripting-0.0.9/setup.py,3265,ast,6,6,fileinput; os; pathlib; setuptools; sys; zipfile
sqlitis-0.0.5,D:\10. RQ1 DySec\Step 9 DownloadSelectedBenignPackages\Benign_Packages\sqlitis-0.0.5.tar.gz,tar,sqlitis-0.0.5/setup.py,1237,ast,2,2,setuptools; sqlitis
sqlive-0.0.1,D:\10. RQ1 DySec\Step 9 DownloadSelectedBenignPackages\Benign_Packages\sqlive-0.0.1.tar.gz,tar,sqlive-0.0.1/setup.py,315,ast,1,1,setuptools
sqlLinter-0.0.23,D:\10. RQ1 DySec\Step 9 DownloadSelectedBenignPackages\Benign_Packages\sqlLinter-0.0.23.tar.gz,tar,sqlLinter-0.0.23/setup.py,732,ast,1,1,setuptools
sqlmakeuper-0.1.4,D:\10. RQ1 DySec\Step 9 DownloadSelectedBenignPackages\Benign_Packages\sqlmakeuper-0.1.4.tar.gz,tar,sqlmakeuper-0.1.4/setup.py,738,ast,1,1,setuptools
sqlmasker-0.1.0,D:\10. RQ1 DySec\Step 9 DownloadSelectedBenignPackages\Benign_Packages\sqlmasker-0.1.0.tar.gz,tar,sqlmasker-0.1.0/setup.py,507,ast,1,1,setuptools
sqlmin-1.0.3,D:\10. RQ1 DySec\Step 9 DownloadSelectedBenignPackages\Benign_Packages\sqlmin-1.0.3.tar.gz,tar,sqlmin-1.0.3/setup.py,453,ast,1,1,setuptools
sqload-0.1.0,D:\10. RQ1 DySec\Step 9 DownloadSelectedBenignPackages\Benign_Packages\sqload-0.1.0.tar.gz,tar,sqload-0.1.0/setup.py,1016,ast,1,1,setuptools
sqlsettingslib-0.0.9,D:\10. RQ1 DySec\Step 9 DownloadSelectedBenignPackages\Benign_Packages\sqlsettingslib-0.0.9.tar.gz,tar,sqlsettingslib-0.0.9/setup.py,690,ast,1,1,setuptools
sqlsplit-0.1.0,D:\10. RQ1 DySec\Step 9 DownloadSelectedBenignPackages\Benign_Packages\sqlsplit-0.1.0.tar.gz,tar,sqlsplit-0.1.0/setup.py,554,ast,1,1,setuptools
sqlstrings-0.1.4,D:\10. RQ1 DySec\Step 9 DownloadSelectedBenignPackages\Benign_Packages\sqlstrings-0.1.4.tar.gz,tar,sqlstrings-0.1.4/setup.py,778,ast,2,2,pathlib; setuptools
sqltap-0.3.9,D:\10. RQ1 DySec\Step 9 DownloadSelectedBenignPackages\Benign_Packages\sqltap-0.3.9.tar.gz,tar,sqltap-0.3.9/setup.py,1487,ast,1,1,setuptools
sqltap-ng-0.3.11,D:\10. RQ1 DySec\Step 9 DownloadSelectedBenignPackages\Benign_Packages\sqltap-ng-0.3.11.tar.gz,tar,sqltap-ng-0.3.11/setup.py,1491,ast,1,1,setuptools
sqltrack-0.1.4,D:\10. RQ1 DySec\Step 9 DownloadSelectedBenignPackages\Benign_Packages\sqltrack-0.1.4.tar.gz,tar,sqltrack-0.1.4/sqltrack/commands/setup.py,3516,ast,4,6,__future__; pathlib; psycopg; typing
sqltranslate-0.1.4,D:\10. RQ1 DySec\Step 9 DownloadSelectedBenignPackages\Benign_Packages\sqltranslate-0.1.4.tar.gz,tar,sqltranslate-0.1.4/setup.py,1622,ast,1,1,setuptools
sqlvana-0.1.3,D:\10. RQ1 DySec\Step 9 DownloadSelectedBenignPackages\Benign_Packages\sqlvana-0.1.3.tar.gz,tar,sqlvana-0.1.3/setup.py,525,ast,1,1,setuptools
sqlvis-0.1.0,D:\10. RQ1 DySec\Step 9 DownloadSelectedBenignPackages\Benign_Packages\sqlvis-0.1.0.tar.gz,tar,sqlvis-0.1.0/setup.py,773,ast,1,1,setuptools
sqmanage-0.1.0,D:\10. RQ1 DySec\Step 9 DownloadSelectedBenignPackages\Benign_Packages\sqmanage-0.1.0.tar.gz,tar,sqmanage-0.1.0/setup.py,235,ast,1,1,setuptools
sqre-codekit-7.5.0,D:\10. RQ1 DySec\Step 9 DownloadSelectedBenignPackages\Benign_Packages\sqre-codekit-7.5.0.tar.gz,tar,sqre-codekit-7.5.0/setup.py,2238,ast,3,3,codecs; os; setuptools
sqreen-1.9.0,D:\10. RQ1 DySec\Step 9 DownloadSelectedBenignPackages\Benign_Packages\sqreen-1.9.0.tar.gz,tar,sqreen-1.9.0/setup.py,1899,ast,1,1,setuptools
sqspipes-0.3.3,D:\10. RQ1 DySec\Step 9 DownloadSelectedBenignPackages\Benign_Packages\sqspipes-0.3.3.zip,zip,sqspipes-0.3.3/setup.py,882,ast,1,1,distutils
squadco-1.0.5,D:\10. RQ1 DySec\Step 9 DownloadSelectedBenignPackages\Benign_Packages\squadco-1.0.5.tar.gz,tar,squadco-1.0.5/setup.py,1097,ast,1,1,setuptools
squaddata-0.0.2,D:\10. RQ1 DySec\Step 9 DownloadSelectedBenignPackages\Benign_Packages\squaddata-0.0.2.tar.gz,tar,squaddata-0.0.2/setup.py,1002,ast,4,4,os; pathlib; re; setuptools
squander-1.8.8,D:\10. RQ1 DySec\Step 9 DownloadSelectedBenignPackages\Benign_Packages\squander-1.8.8.tar.gz,tar,squander-1.8.8/setup.py,1851,ast,2,3,setuptools; skbuild
squareandcube-0.0.4,D:\10. RQ1 DySec\Step 9 DownloadSelectedBenignPackages\Benign_Packages\squareandcube-0.0.4.tar.gz,tar,squareandcube-0.0.4/setup.py,1103,ast,1,1,setuptools
squarefortest-0.1.0,D:\10. RQ1 DySec\Step 9 DownloadSelectedBenignPackages\Benign_Packages\squarefortest-0.1.0.tar.gz,tar,squarefortest-0.1.0/setup.py,919,ast,1,1,setuptools
squarespace-0.0.2,D:\10. RQ1 DySec\Step 9 DownloadSelectedBenignPackages\Benign_Packages\squarespace-0.0.2.tar.gz,tar,squarespace-0.0.2/setup.py,1130,ast,2,2,os; setuptools
squeaknode-proto-0.1.7,D:\10. RQ1 DySec\Step 9 DownloadSelectedBenignPackages\Benign_Packages\squeaknode-proto-0.1.7.tar.gz,tar,squeaknode-proto-0.1.7/setup.py,3693,ast,7,12,grpc_tools; os; pkg_resources; setuptools; squeaknode_proto; sys; typing
squidward-0.0.25,D:\10. RQ1 DySec\Step 9 DownloadSelectedBenignPackages\Benign_Packages\squidward-0.0.25.tar.gz,tar,squidward-0.0.25/setup.py,994,ast,1,1,setuptools
squigualiser-0.6.3,D:\10. RQ1 DySec\Step 9 DownloadSelectedBenignPackages\Benign_Packages\squigualiser-0.6.3.tar.gz,tar,squigualiser-0.6.3/setup.py,1601,ast,3,3,os; re; setuptools
squp-0.1.8,D:\10. RQ1 DySec\Step 9 DownloadSelectedBenignPackages\Benign_Packages\squp-0.1.8.tar.gz,tar,squp-0.1.8/setup.py,2136,ast,1,1,setuptools
squyrrel-0.4.7,D:\10. RQ1 DySec\Step 9 DownloadSelectedBenignPackages\Benign_Packages\squyrrel-0.4.7.tar.gz,tar,squyrrel-0.4.7/setup.py,4662,ast,2,2,os; setuptools
srand-0.0.1,D:\10. RQ1 DySec\Step 9 DownloadSelectedBenignPackages\Benign_Packages\srand-0.0.1.tar.gz,tar,srand-0.0.1/setup.py,677,ast,1,1,setuptools
srapy-0.1.8,D:\10. RQ1 DySec\Step 9 DownloadSelectedBenignPackages\Benign_Packages\srapy-0.1.8.tar.gz,tar,srapy-0.1.8/setup.py,2223,ast,3,4,nose; setuptools; versioneer
srcinfo-0.1.2,D:\10. RQ1 DySec\Step 9 DownloadSelectedBenignPackages\Benign_Packages\srcinfo-0.1.2.tar.gz,tar,srcinfo-0.1.2/setup.py,1190,ast,1,1,setuptools
srcpy-0.1.8,D:\10. RQ1 DySec\Step 9 DownloadSelectedBenignPackages\Benign_Packages\srcpy-0.1.8.tar.gz,tar,srcpy-0.1.8/setup.py,992,ast,2,2,os; setuptools
sri_checker-0.1.1,D:\10. RQ1 DySec\Step 9 DownloadSelectedBenignPackages\Benign_Packages\sri_checker-0.1.1.tar.gz,tar,sri_checker-0.1.1/setup.py,37,ast,1,1,setuptools
srivastav-0.0.3,D:\10. RQ1 DySec\Step 9 DownloadSelectedBenignPackages\Benign_Packages\srivastav-0.0.3.tar.gz,tar,srivastav-0.0.3/setup.py,644,ast,1,1,setuptools
srv-1.1.0,D:\10. RQ1 DySec\Step 9 DownloadSelectedBenignPackages\Benign_Packages\srv-1.1.0.tar.gz,tar,srv-1.1.0/setup.py,968,ast,1,1,setuptools
ssh-unlocker-0.2,D:\10. RQ1 DySec\Step 9 DownloadSelectedBenignPackages\Benign_Packages\ssh-unlocker-0.2.tar.gz,tar,ssh-unlocker-0.2/setup.py,1406,ast,4,4,os; setuptools; sys; unlocker
ssh2http-0.1.0,D:\10. RQ1 DySec\Step 9 DownloadSelectedBenignPackages\Benign_Packages\ssh2http-0.1.0.tar.gz,tar,ssh2http-0.1.0/setup.py,1049,ast,1,1,setuptools
sshcontroller-1.5,D:\10. RQ1 DySec\Step 9 DownloadSelectedBenignPackages\Benign_Packages\sshcontroller-1.5.tar.gz,tar,sshcontroller-1.5/setup.py,903,ast,1,1,setuptools
sshping-0.1.2,D:\10. RQ1 DySec\Step 9 DownloadSelectedBenignPackages\Benign_Packages\sshping-0.1.2.tar.gz,tar,sshping-0.1.2/setup.py,1241,ast,2,2,os; setuptools
sshscript-2.0.2,D:\10. RQ1 DySec\Step 9 DownloadSelectedBenignPackages\Benign_Packages\sshscript-2.0.2.tar.gz,tar,sshscript-2.0.2/setup.py,2062,ast,1,1,setuptools
sshtunnel-0.4.0,D:\10. RQ1 DySec\Step 9 DownloadSelectedBenignPackages\Benign_Packages\sshtunnel-0.4.0.tar.gz,tar,sshtunnel-0.4.0/setup.py,4569,ast,4,4,codecs; os; re; setuptools
sslproxies-0.1.0,D:\10. RQ1 DySec\Step 9 DownloadSelectedBenignPackages\Benign_Packages\sslproxies-0.1.0.tar.gz,tar,sslproxies-0.1.0/setup.py,1781,ast,2,2,setuptools; sslproxies
ssmrandom-0.3,D:\10. RQ1 DySec\Step 9 DownloadSelectedBenignPackages\Benign_Packages\ssmrandom-0.3.tar.gz,tar,ssmrandom-0.3/setup.py,1364,ast,3,3,os; setuptools; sys
sstools-0.2.4,D:\10. RQ1 DySec\Step 9 DownloadSelectedBenignPackages\Benign_Packages\sstools-0.2.4.tar.gz,tar,sstools-0.2.4/setup.py,716,ast,1,1,setuptools
sstudentt-0.1.1,D:\10. RQ1 DySec\Step 9 DownloadSelectedBenignPackages\Benign_Packages\sstudentt-0.1.1.tar.gz,tar,sstudentt-0.1.1/setup.py,1423,ast,1,1,setuptools
sstudy-0.0.5,D:\10. RQ1 DySec\Step 9 DownloadSelectedBenignPackages\Benign_Packages\sstudy-0.0.5.tar.gz,tar,sstudy-0.0.5/setup.py,1208,ast,2,2,distutils; setuptools
ssutils-0.4.7,D:\10. RQ1 DySec\Step 9 DownloadSelectedBenignPackages\Benign_Packages\ssutils-0.4.7.tar.gz,tar,ssutils-0.4.7/setup.py,628,ast,1,1,setuptools
st_rating-0.0.2,D:\10. RQ1 DySec\Step 9 DownloadSelectedBenignPackages\Benign_Packages\st_rating-0.0.2.tar.gz,tar,st_rating-0.0.2/setup.py,1348,ast,2,2,pathlib; setuptools
stack_data-0.6.3,D:\10. RQ1 DySec\Step 9 DownloadSelectedBenignPackages\Benign_Packages\stack_data-0.6.3.tar.gz,tar,stack_data-0.6.3/setup.py,69,ast,1,1,setuptools
stackdriver-0.1.1,D:\10. RQ1 DySec\Step 9 DownloadSelectedBenignPackages\Benign_Packages\stackdriver-0.1.1.tar.gz,tar,stackdriver-0.1.1/setup.py,928,ast,1,1,setuptools
stacked-0.1.4,D:\10. RQ1 DySec\Step 9 DownloadSelectedBenignPackages\Benign_Packages\stacked-0.1.4.tar.gz,tar,stacked-0.1.4/setup.py,1933,ast,3,4,nose; setuptools; stacked
stackfuelpip-0.0.91,D:\10. RQ1 DySec\Step 9 DownloadSelectedBenignPackages\Benign_Packages\stackfuelpip-0.0.91.tar.gz,tar,stackfuelpip-0.0.9/setup.py,747,ast,1,1,setuptools
stackfuelpippip-0.0.1,D:\10. RQ1 DySec\Step 9 DownloadSelectedBenignPackages\Benign_Packages\stackfuelpippip-0.0.1.tar.gz,tar,stackfuelpippip-0.0.1/setup.py,750,ast,1,1,setuptools
stacksplit-0.0.0,D:\10. RQ1 DySec\Step 9 DownloadSelectedBenignPackages\Benign_Packages\stacksplit-0.0.0.tar.gz,tar,stacksplit-0.0.0/setup.py,6522,ast,7,8,io; multiprocessing; os; pytest; setuptools; shutil; sys
stacktask-0.1.3,D:\10. RQ1 DySec\Step 9 DownloadSelectedBenignPackages\Benign_Packages\stacktask-0.1.3.tar.gz,tar,stacktask-0.1.3/setup.py,1284,ast,1,1,setuptools
stage_testing-0.0.4,D:\10. RQ1 DySec\Step 9 DownloadSelectedBenignPackages\Benign_Packages\stage_testing-0.0.4.tar.gz,tar,stage_testing-0.0.4/setup.py,1597,ast,1,1,setuptools
staller-0.4.5,D:\10. RQ1 DySec\Step 9 DownloadSelectedBenignPackages\Benign_Packages\staller-0.4.5.tar.gz,tar,staller-0.4.5/setup.py,2269,ast,1,1,setuptools
starintel_doc-0.8.0,D:\10. RQ1 DySec\Step 9 DownloadSelectedBenignPackages\Benign_Packages\starintel_doc-0.8.0.tar.gz,tar,starintel_doc-0.8.0/setup.py,660,ast,1,1,setuptools
starknet_skproof-1.0.1,D:\10. RQ1 DySec\Step 9 DownloadSelectedBenignPackages\Benign_Packages\starknet_skproof-1.0.1.tar.gz,tar,starknet_skproof-1.0.1/setup.py,703,ast,1,1,setuptools
startwork-0.1.3,D:\10. RQ1 DySec\Step 9 DownloadSelectedBenignPackages\Benign_Packages\startwork-0.1.3.tar.gz,tar,startwork-0.1.3/setup.py,1144,ast,5,5,codecs; os; setup_utils; setuptools; startwork
stashlib-0.0.8.0,D:\10. RQ1 DySec\Step 9 DownloadSelectedBenignPackages\Benign_Packages\stashlib-0.0.8.0.tar.gz,tar,stashlib-0.0.8.0/setup.py,85,ast,1,1,setuptools
stats_advanced-0.0.8,D:\10. RQ1 DySec\Step 9 DownloadSelectedBenignPackages\Benign_Packages\stats_advanced-0.0.8.tar.gz,tar,stats_advanced-0.0.8/setup.py,1034,ast,3,3,codecs; os; setuptools
statsmodels-0.9.0rc1,D:\10. RQ1 DySec\Step 9 DownloadSelectedBenignPackages\Benign_Packages\statsmodels-0.9.0rc1.tar.gz,tar,statsmodels-0.9.0rc1/setup.py,22104,ast,14,23,distutils; ez_setup; numpy; os; pandas; patsy; pkg_resources; re; scipy; setuptools; shutil; statsmodels; subprocess; sys
statworks-0.0.1,D:\10. RQ1 DySec\Step 9 DownloadSelectedBenignPackages\Benign_Packages\statworks-0.0.1.tar.gz,tar,statworks-0.0.1/setup.py,764,ast,1,1,setuptools
stcal-1.8.0,D:\10. RQ1 DySec\Step 9 DownloadSelectedBenignPackages\Benign_Packages\stcal-1.8.0.tar.gz,tar,stcal-1.8.0/setup.py,1435,ast,3,4,Cython; numpy; setuptools
stcolors-0.0.1,D:\10. RQ1 DySec\Step 9 DownloadSelectedBenignPackages\Benign_Packages\stcolors-0.0.1.tar.gz,tar,stcolors-0.0.1/setup.py,687,ast,1,1,setuptools
steelbase-1.0.1,D:\10. RQ1 DySec\Step 9 DownloadSelectedBenignPackages\Benign_Packages\steelbase-1.0.1.tar.gz,tar,steelbase-1.0.1/setup.py,1143,ast,3,3,codecs; os; setuptools
steembit-0.0.2,D:\10. RQ1 DySec\Step 9 DownloadSelectedBenignPackages\Benign_Packages\steembit-0.0.2.tar.gz,tar,steembit-0.0.2/setup.py,844,ast,2,2,os; setuptools
stela-control-package-0.1.0,D:\10. RQ1 DySec\Step 9 DownloadSelectedBenignPackages\Benign_Packages\stela-control-package-0.1.0.tar.gz,tar,stela-control-package-0.1.0/setup.py,1452,ast,1,1,setuptools
stela_control_dynamic-1.5.34,D:\10. RQ1 DySec\Step 9 DownloadSelectedBenignPackages\Benign_Packages\stela_control_dynamic-1.5.34.tar.gz,tar,stela_control_dynamic-1.5.34/setup.py,4539,ast,1,1,setuptools
stelapoint-0.1,D:\10. RQ1 DySec\Step 9 DownloadSelectedBenignPackages\Benign_Packages\stelapoint-0.1.tar.gz,tar,stelapoint-0.1/setup.py,566,ast,1,1,distutils
stellagban-0.2.9,D:\10. RQ1 DySec\Step 9 DownloadSelectedBenignPackages\Benign_Packages\stellagban-0.2.9.tar.gz,tar,stellagban-0.2.9/setup.py,1175,ast,3,3,os; setuptools; stellagban
Stemming-Ind-0.0.6,D:\10. RQ1 DySec\Step 9 DownloadSelectedBenignPackages\Benign_Packages\Stemming-Ind-0.0.6.tar.gz,tar,Stemming-Ind-0.0.6/setup.py,395,ast,1,1,setuptools
stepsmodifier-0.0.1,D:\10. RQ1 DySec\Step 9 DownloadSelectedBenignPackages\Benign_Packages\stepsmodifier-0.0.1.tar.gz,tar,stepsmodifier-0.0.1/setup.py,625,ast,1,1,setuptools
steptoolkit-0.3,D:\10. RQ1 DySec\Step 9 DownloadSelectedBenignPackages\Benign_Packages\steptoolkit-0.3.tar.gz,tar,steptoolkit-0.3/setup.py,644,ast,1,1,setuptools
sterm-6.0.3,D:\10. RQ1 DySec\Step 9 DownloadSelectedBenignPackages\Benign_Packages\sterm-6.0.3.tar.gz,tar,sterm-6.0.3/setup.py,2671,ast,2,2,setuptools; sterm
stilt-0.0.3,D:\10. RQ1 DySec\Step 9 DownloadSelectedBenignPackages\Benign_Packages\stilt-0.0.3.tar.gz,tar,stilt-0.0.3/setup.py,632,ast,1,1,setuptools
stone_color-0.3.0,D:\10. RQ1 DySec\Step 9 DownloadSelectedBenignPackages\Benign_Packages\stone_color-0.3.0.tar.gz,tar,stone_color-0.3.0/setup.py,425,ast,1,1,setuptools
storify-0.0.3,D:\10. RQ1 DySec\Step 9 DownloadSelectedBenignPackages\Benign_Packages\storify-0.0.3.tar.gz,tar,storify-0.0.3/setup.py,899,ast,1,1,setuptools
stormhttp-0.0.9,D:\10. RQ1 DySec\Step 9 DownloadSelectedBenignPackages\Benign_Packages\stormhttp-0.0.9.zip,zip,stormhttp-0.0.9/setup.py,1470,ast,5,5,distutils; pytest; setuptools; stormhttp; sys
stram-1.0.2,D:\10. RQ1 DySec\Step 9 DownloadSelectedBenignPackages\Benign_Packages\stram-1.0.2.tar.gz,tar,stram-1.0.2/setup.py,1111,ast,1,1,setuptools
strand-0.1.3,D:\10. RQ1 DySec\Step 9 DownloadSelectedBenignPackages\Benign_Packages\strand-0.1.3.tar.gz,tar,strand-0.1.3/setup.py,91,ast,1,1,setuptools
stranding-0.2.0,D:\10. RQ1 DySec\Step 9 DownloadSelectedBenignPackages\Benign_Packages\stranding-0.2.0.tar.gz,tar,stranding-0.2.0/setup.py,1014,ast,2,2,io; setuptools
stratify-0.3.0,D:\10. RQ1 DySec\Step 9 DownloadSelectedBenignPackages\Benign_Packages\stratify-0.3.0.tar.gz,tar,stratify-0.3.0/setup.py,2239,ast,7,7,Cython; numpy; os; pathlib; setuptools; sys; warnings
strcolor-1.9,D:\10. RQ1 DySec\Step 9 DownloadSelectedBenignPackages\Benign_Packages\strcolor-1.9.tar.gz,tar,strcolor-1.9/setup.py,343,ast,1,1,setuptools
stream-0.8,D:\10. RQ1 DySec\Step 9 DownloadSelectedBenignPackages\Benign_Packages\stream-0.8.tar.gz,tar,stream-0.8/setup.py,1331,ast,4,4,distutils; os; stream; sys
streamingpool-1.1.1,D:\10. RQ1 DySec\Step 9 DownloadSelectedBenignPackages\Benign_Packages\streamingpool-1.1.1.tar.gz,tar,streamingpool-1.1.1/setup.py,446,ast,2,2,pathlib; setuptools
streamlit-l7-0.1.6,D:\10. RQ1 DySec\Step 9 DownloadSelectedBenignPackages\Benign_Packages\streamlit-l7-0.1.6.tar.gz,tar,streamlit-l7-0.1.6/setup.py,523,ast,1,1,setuptools
streampipe-0.1,D:\10. RQ1 DySec\Step 9 DownloadSelectedBenignPackages\Benign_Packages\streampipe-0.1.tar.gz,tar,streampipe-0.1/setup.py,399,ast,1,1,setuptools
streamrandom-0.0.1,D:\10. RQ1 DySec\Step 9 DownloadSelectedBenignPackages\Benign_Packages\streamrandom-0.0.1.tar.gz,tar,streamrandom-0.0.1/setup.py,516,ast,1,1,distutils
streamsplit-0.1.1,D:\10. RQ1 DySec\Step 9 DownloadSelectedBenignPackages\Benign_Packages\streamsplit-0.1.1.tar.gz,tar,streamsplit-0.1.1/setup.py,683,ast,1,1,setuptools
streamtask-0.0.9,D:\10. RQ1 DySec\Step 9 DownloadSelectedBenignPackages\Benign_Packages\streamtask-0.0.9.tar.gz,tar,streamtask-0.0.9/setup.py,866,ast,3,3,pathlib; setuptools; streamtask
streamtasks-0.1.9,D:\10. RQ1 DySec\Step 9 DownloadSelectedBenignPackages\Benign_Packages\streamtasks-0.1.9.tar.gz,tar,streamtasks-0.1.9/setup.py,515,ast,5,5,glob; platform; pybind11; re; setuptools
strictTyping-0.1.4,D:\10. RQ1 DySec\Step 9 DownloadSelectedBenignPackages\Benign_Packages\strictTyping-0.1.4.tar.gz,tar,strictTyping-0.1.4/setup.py,260,ast,1,1,setuptools
string-split-0.1.0,D:\10. RQ1 DySec\Step 9 DownloadSelectedBenignPackages\Benign_Packages\string-split-0.1.0.tar.gz,tar,string-split-0.1.0/setup.py,497,ast,1,1,setuptools
string_grab-1.3.0,D:\10. RQ1 DySec\Step 9 DownloadSelectedBenignPackages\Benign_Packages\string_grab-1.3.0.tar.gz,tar,string_grab-1.3.0/setup.py,543,ast,1,1,setuptools
string_py-0.1.3,D:\10. RQ1 DySec\Step 9 DownloadSelectedBenignPackages\Benign_Packages\string_py-0.1.3.tar.gz,tar,string_py-0.1.3/setup.py,1067,ast,4,4,codecs; os; pathlib; setuptools
StringC-1.0.1,D:\10. RQ1 DySec\Step 9 DownloadSelectedBenignPackages\Benign_Packages\StringC-1.0.1.tar.gz,tar,StringC-1.0.1/setup.py,1388,ast,1,1,setuptools
stringcontext-1.0.0,D:\10. RQ1 DySec\Step 9 DownloadSelectedBenignPackages\Benign_Packages\stringcontext-1.0.0.tar.gz,tar,stringcontext-1.0.0/setup.py,727,ast,1,1,setuptools
stringen-1.2,D:\10. RQ1 DySec\Step 9 DownloadSelectedBenignPackages\Benign_Packages\stringen-1.2.zip,zip,stringen-1.2/setup.py,119,ast,1,1,distutils
stringer-0.3.2,D:\10. RQ1 DySec\Step 9 DownloadSelectedBenignPackages\Benign_Packages\stringer-0.3.2.tar.gz,tar,stringer-0.3.2/setup.py,1711,ast,1,1,distutils
stringf-0.0.7,D:\10. RQ1 DySec\Step 9 DownloadSelectedBenignPackages\Benign_Packages\stringf-0.0.7.tar.gz,tar,stringf-0.0.7/setup.py,1451,ast,3,3,codecs; os; setuptools
stringine-1.0.2b0,D:\10. RQ1 DySec\Step 9 DownloadSelectedBenignPackages\Benign_Packages\stringine-1.0.2b0.tar.gz,tar,stringine-1.0.2b0/setup.py,1019,ast,2,3,pathlib; setuptools
stringking-0.0.1,D:\10. RQ1 DySec\Step 9 DownloadSelectedBenignPackages\Benign_Packages\stringking-0.0.1.tar.gz,tar,stringking-0.0.1/setup.py,37,ast,1,1,setuptools
stringlike-0.3.3,D:\10. RQ1 DySec\Step 9 DownloadSelectedBenignPackages\Benign_Packages\stringlike-0.3.3.tar.gz,tar,stringlike-0.3.3/setup.py,1706,ast,2,2,distutils; stringlike
stringliteral-0.0.1,D:\10. RQ1 DySec\Step 9 DownloadSelectedBenignPackages\Benign_Packages\stringliteral-0.0.1.tar.gz,tar,stringliteral-0.0.1/setup.py,632,ast,1,1,distutils
stringmod-1.1.0,D:\10. RQ1 DySec\Step 9 DownloadSelectedBenignPackages\Benign_Packages\stringmod-1.1.0.tar.gz,tar,stringmod-1.1.0/setup.py,764,ast,1,1,setuptools
stringpath-1.0.0,D:\10. RQ1 DySec\Step 9 DownloadSelectedBenignPackages\Benign_Packages\stringpath-1.0.0.tar.gz,tar,stringpath-1.0.0/setup.py,708,ast,1,1,setuptools
stringReverse-1.0.0,D:\10. RQ1 DySec\Step 9 DownloadSelectedBenignPackages\Benign_Packages\stringReverse-1.0.0.zip,zip,stringReverse-1.0.0/setup.py,240,ast,1,1,distutils
strings_pkg-0.0.1,D:\10. RQ1 DySec\Step 9 DownloadSelectedBenignPackages\Benign_Packages\strings_pkg-0.0.1.tar.gz,tar,strings_pkg-0.0.1/setup.py,786,ast,1,1,setuptools
stringstring-0.2,D:\10. RQ1 DySec\Step 9 DownloadSelectedBenignPackages\Benign_Packages\stringstring-0.2.tar.gz,tar,stringstring-0.2/setup.py,1702,ast,1,1,distutils
stringtools-3.0.1,D:\10. RQ1 DySec\Step 9 DownloadSelectedBenignPackages\Benign_Packages\stringtools-3.0.1.tar.gz,tar,stringtools-3.0.1/setup.py,36,ast,1,1,setuptools
stringtoolsfpat-0.0.9,D:\10. RQ1 DySec\Step 9 DownloadSelectedBenignPackages\Benign_Packages\stringtoolsfpat-0.0.9.tar.gz,tar,stringtoolsfpat-0.0.9/setup.py,620,ast,2,2,os; setuptools
stringutil-1.1.2,D:\10. RQ1 DySec\Step 9 DownloadSelectedBenignPackages\Benign_Packages\stringutil-1.1.2.zip,zip,stringutil-1.1.2/setup.py,571,ast,1,1,distutils
strint-1.4.9.642019,D:\10. RQ1 DySec\Step 9 DownloadSelectedBenignPackages\Benign_Packages\strint-1.4.9.642019.tar.gz,tar,strint-1.4.9.642019/setup.py,888,ast,4,4,os; re; setuptools; sys
stripe-9.9.0b1,D:\10. RQ1 DySec\Step 9 DownloadSelectedBenignPackages\Benign_Packages\stripe-9.9.0b1.tar.gz,tar,stripe-9.9.0b1/setup.py,2576,ast,3,3,codecs; os; setuptools
stripe-requests-1.9.1-rc1,D:\10. RQ1 DySec\Step 9 DownloadSelectedBenignPackages\Benign_Packages\stripe-requests-1.9.1-rc1.tar.gz,tar,stripe-requests-1.9.1-rc1/setup.py,1162,ast,5,5,distutils; multiprocessing; os; setuptools; sys
stripe_api_client-0.1.3,D:\10. RQ1 DySec\Step 9 DownloadSelectedBenignPackages\Benign_Packages\stripe_api_client-0.1.3.tar.gz,tar,stripe_api_client-0.1.3/setup.py,642,ast,1,1,setuptools
stripogram-1.5,D:\10. RQ1 DySec\Step 9 DownloadSelectedBenignPackages\Benign_Packages\stripogram-1.5.tar.gz,tar,stripogram-1.5/setup.py,362,ast,1,1,setuptools
strmbrkr-1.3.3,D:\10. RQ1 DySec\Step 9 DownloadSelectedBenignPackages\Benign_Packages\strmbrkr-1.3.3.tar.gz,tar,strmbrkr-1.3.3/setup.py,38,ast,1,1,setuptools
stroll-1.1.0,D:\10. RQ1 DySec\Step 9 DownloadSelectedBenignPackages\Benign_Packages\stroll-1.1.0.tar.gz,tar,stroll-1.1.0/setup.py,1240,ast,2,2,pathlib; setuptools
strong-0.2.2,D:\10. RQ1 DySec\Step 9 DownloadSelectedBenignPackages\Benign_Packages\strong-0.2.2.tar.gz,tar,strong-0.2.2/setup.py,774,ast,1,1,setuptools
strpay-0.1.0.dev0,D:\10. RQ1 DySec\Step 9 DownloadSelectedBenignPackages\Benign_Packages\strpay-0.1.0.dev0.tar.gz,tar,strpay-0.1.0.dev0/setup.py,491,ast,1,1,setuptools
strpipe-0.5.0,D:\10. RQ1 DySec\Step 9 DownloadSelectedBenignPackages\Benign_Packages\strpipe-0.5.0.tar.gz,tar,strpipe-0.5.0/setup.py,2893,ast,4,6,Cython; pathlib; pypandoc; setuptools
strplus-1.0.8,D:\10. RQ1 DySec\Step 9 DownloadSelectedBenignPackages\Benign_Packages\strplus-1.0.8.tar.gz,tar,strplus-1.0.8/setup.py,3573,ast,1,1,setuptools
strpy-0.6.5,D:\10. RQ1 DySec\Step 9 DownloadSelectedBenignPackages\Benign_Packages\strpy-0.6.5.tar.gz,tar,strpy-0.6.5/setup.py,1185,ast,1,1,setuptools
strsplit-1.0.0,D:\10. RQ1 DySec\Step 9 DownloadSelectedBenignPackages\Benign_Packages\strsplit-1.0.0.tar.gz,tar,strsplit-1.0.0/setup.py,511,ast,1,1,setuptools
strtoint-0.0.1,D:\10. RQ1 DySec\Step 9 DownloadSelectedBenignPackages\Benign_Packages\strtoint-0.0.1.tar.gz,tar,strtoint-0.0.1/setup.py,1114,ast,1,1,setuptools
strudra-0.1.2,D:\10. RQ1 DySec\Step 9 DownloadSelectedBenignPackages\Benign_Packages\strudra-0.1.2.tar.gz,tar,strudra-0.1.2/setup.py,1358,ast,1,1,setuptools
strupper-0.0.1,D:\10. RQ1 DySec\Step 9 DownloadSelectedBenignPackages\Benign_Packages\strupper-0.0.1.tar.gz,tar,strupper-0.0.1/setup.py,666,ast,1,1,setuptools
sts-pydingo-0.post0.dev1,D:\10. RQ1 DySec\Step 9 DownloadSelectedBenignPackages\Benign_Packages\sts-pydingo-0.post0.dev1.tar.gz,tar,sts-pydingo-0.post0.dev1/setup.py,247,ast,2,2,setuptools; versioneer
stTransfer-1.0.9,D:\10. RQ1 DySec\Step 9 DownloadSelectedBenignPackages\Benign_Packages\stTransfer-1.0.9.tar.gz,tar,stTransfer-1.0.9/setup.py,1632,ast,2,2,setuptools; wheel
study-0.1.0,D:\10. RQ1 DySec\Step 9 DownloadSelectedBenignPackages\Benign_Packages\study-0.1.0.tar.gz,tar,study-0.1.0/setup.py,1443,ast,1,1,setuptools
study_nester-1.4.0,D:\10. RQ1 DySec\Step 9 DownloadSelectedBenignPackages\Benign_Packages\study_nester-1.4.0.tar.gz,tar,study_nester-1.4.0/setup.py,281,ast,1,1,distutils
studydrive-0.3.2,D:\10. RQ1 DySec\Step 9 DownloadSelectedBenignPackages\Benign_Packages\studydrive-0.3.2.tar.gz,tar,studydrive-0.3.2/setup.py,874,ast,2,2,pathlib; setuptools
studyplan-1.0.1,D:\10. RQ1 DySec\Step 9 DownloadSelectedBenignPackages\Benign_Packages\studyplan-1.0.1.tar.gz,tar,studyplan-1.0.1/setup.py,449,ast,1,1,setuptools
studysmarter-0.0.2,D:\10. RQ1 DySec\Step 9 DownloadSelectedBenignPackages\Benign_Packages\studysmarter-0.0.2.tar.gz,tar,studysmarter-0.0.2/setup.py,2094,ast,2,2,setuptools; twine
stuffer-0.0.9,D:\10. RQ1 DySec\Step 9 DownloadSelectedBenignPackages\Benign_Packages\stuffer-0.0.9.tar.gz,tar,stuffer-0.0.9/setup.py,803,ast,3,3,pathlib; setuptools; sys
stui-0.3.6,D:\10. RQ1 DySec\Step 9 DownloadSelectedBenignPackages\Benign_Packages\stui-0.3.6.tar.gz,tar,stui-0.3.6/setup.py,770,ast,3,3,codecs; setuptools; stui
stulib-0.0.4,D:\10. RQ1 DySec\Step 9 DownloadSelectedBenignPackages\Benign_Packages\stulib-0.0.4.tar.gz,tar,stulib-0.0.4/setup.py,1025,ast,2,2,pathlib; setuptools
sturl-0.0.1,D:\10. RQ1 DySec\Step 9 DownloadSelectedBenignPackages\Benign_Packages\sturl-0.0.1.tar.gz,tar,sturl-0.0.1/setup.py,816,ast,1,1,setuptools
stusystem-0.0.5,D:\10. RQ1 DySec\Step 9 DownloadSelectedBenignPackages\Benign_Packages\stusystem-0.0.5.tar.gz,tar,stusystem-0.0.5/setup.py,865,ast,1,1,setuptools
stvis-0.0.2,D:\10. RQ1 DySec\Step 9 DownloadSelectedBenignPackages\Benign_Packages\stvis-0.0.2.tar.gz,tar,stvis-0.0.2/setup.py,693,ast,1,1,setuptools
stylin-0.0.0,D:\10. RQ1 DySec\Step 9 DownloadSelectedBenignPackages\Benign_Packages\stylin-0.0.0.tar.gz,tar,stylin-0.0.0/setup.py,392,ast,1,1,setuptools
subdownloaderlite-0.1.0.dev20131126090236,D:\10. RQ1 DySec\Step 9 DownloadSelectedBenignPackages\Benign_Packages\subdownloaderlite-0.1.0.dev20131126090236.tar.gz,tar,subdownloaderlite-0.1.0.dev20131126090236/setup.py,654,ast,2,2,os; setuptools
subprocessww-0.1,D:\10. RQ1 DySec\Step 9 DownloadSelectedBenignPackages\Benign_Packages\subprocessww-0.1.tar.gz,tar,subprocessww-0.1/setup.py,2377,ast,1,1,setuptools
substratools-0.7.0,D:\10. RQ1 DySec\Step 9 DownloadSelectedBenignPackages\Benign_Packages\substratools-0.7.0.tar.gz,tar,substratools-0.7.0/setup.py,1166,ast,3,3,codecs; os; setuptools
substring-0.2,D:\10. RQ1 DySec\Step 9 DownloadSelectedBenignPackages\Benign_Packages\substring-0.2.tar.gz,tar,substring-0.2/setup.py,1104,ast,1,1,setuptools
subtitler-0.2.2,D:\10. RQ1 DySec\Step 9 DownloadSelectedBenignPackages\Benign_Packages\subtitler-0.2.2.tar.gz,tar,subtitler-0.2.2/setup.py,991,ast,2,2,os; setuptools
SudokuStudyLib-1.0.7,D:\10. RQ1 DySec\Step 9 DownloadSelectedBenignPackages\Benign_Packages\SudokuStudyLib-1.0.7.zip,zip,SudokuStudyLib-1.0.7/setup.py,1336,ast,2,2,os; setuptools
suibianshishi-1.0.0,D:\10. RQ1 DySec\Step 9 DownloadSelectedBenignPackages\Benign_Packages\suibianshishi-1.0.0.tar.gz,tar,suibianshishi-1.0.0/setup.py,219,ast,1,1,distutils
sulfureousz-1.1,D:\10. RQ1 DySec\Step 9 DownloadSelectedBenignPackages\Benign_Packages\sulfureousz-1.1.tar.gz,tar,sulfureousz-1.1/setup.py,1607,ast,2,2,distutils; pathlib
sumer-1.1,D:\10. RQ1 DySec\Step 9 DownloadSelectedBenignPackages\Benign_Packages\sumer-1.1.tar.gz,tar,sumer-1.1/setup.py,463,ast,1,1,setuptools
sumgram-1.0.4,D:\10. RQ1 DySec\Step 9 DownloadSelectedBenignPackages\Benign_Packages\sumgram-1.0.4.tar.gz,tar,sumgram-1.0.4/setup.py,934,ast,2,2,setuptools; sumgram
sumo2-0.0.1,D:\10. RQ1 DySec\Step 9 DownloadSelectedBenignPackages\Benign_Packages\sumo2-0.0.1.tar.gz,tar,sumo2-0.0.1/setup.py,2298,ast,2,2,setuptools; sumo
super-selfish-0.0.6,D:\10. RQ1 DySec\Step 9 DownloadSelectedBenignPackages\Benign_Packages\super-selfish-0.0.6.tar.gz,tar,super-selfish-0.0.6/setup.py,610,ast,1,1,setuptools
supercanvas-0.6.6,D:\10. RQ1 DySec\Step 9 DownloadSelectedBenignPackages\Benign_Packages\supercanvas-0.6.6.tar.gz,tar,supercanvas-0.6.6/setup.py,567,ast,1,1,setuptools
supercontest-1.0.1,D:\10. RQ1 DySec\Step 9 DownloadSelectedBenignPackages\Benign_Packages\supercontest-1.0.1.tar.gz,tar,supercontest-1.0.1/setup.py,657,ast,2,2,os; setuptools
SuperEncode-0.0.2,D:\10. RQ1 DySec\Step 9 DownloadSelectedBenignPackages\Benign_Packages\SuperEncode-0.0.2.tar.gz,tar,SuperEncode-0.0.2/setup.py,520,ast,1,1,setuptools
supergrad-0.1.4,D:\10. RQ1 DySec\Step 9 DownloadSelectedBenignPackages\Benign_Packages\supergrad-0.1.4.tar.gz,tar,supergrad-0.1.4/setup.py,1820,ast,3,4,importlib; os; setuptools
SuperHelper-1.2.0,D:\10. RQ1 DySec\Step 9 DownloadSelectedBenignPackages\Benign_Packages\SuperHelper-1.2.0.tar.gz,tar,SuperHelper-1.2.0/setup.py,1548,ast,1,1,setuptools
superiq-0.0.2,D:\10. RQ1 DySec\Step 9 DownloadSelectedBenignPackages\Benign_Packages\superiq-0.0.2.tar.gz,tar,superiq-0.0.2/setup.py,335,ast,1,1,setuptools
superlance-2.0.0,D:\10. RQ1 DySec\Step 9 DownloadSelectedBenignPackages\Benign_Packages\superlance-2.0.0.tar.gz,tar,superlance-2.0.0/setup.py,3190,ast,3,3,os; setuptools; sys
SuperMS-2.0,D:\10. RQ1 DySec\Step 9 DownloadSelectedBenignPackages\Benign_Packages\SuperMS-2.0.tar.gz,tar,SuperMS-2.0/setup.py,627,ast,1,1,setuptools
supernodes-1.0.1,D:\10. RQ1 DySec\Step 9 DownloadSelectedBenignPackages\Benign_Packages\supernodes-1.0.1.tar.gz,tar,supernodes-1.0.1/setup.py,1420,ast,2,2,setuptools; supernodes
superprint-1.0,D:\10. RQ1 DySec\Step 9 DownloadSelectedBenignPackages\Benign_Packages\superprint-1.0.tar.gz,tar,superprint-1.0/setup.py,228,ast,1,1,distutils
superpy-1.2.6,D:\10. RQ1 DySec\Step 9 DownloadSelectedBenignPackages\Benign_Packages\superpy-1.2.6.zip,zip,superpy-1.2.6/setup.py,4071,ast,2,2,setuptools; superpyMisc
superset_iris-0.4.1b1,D:\10. RQ1 DySec\Step 9 DownloadSelectedBenignPackages\Benign_Packages\superset_iris-0.4.1b1.tar.gz,tar,superset_iris-0.4.1b1/setup.py,211,ast,1,1,setuptools
superstring-0.4,D:\10. RQ1 DySec\Step 9 DownloadSelectedBenignPackages\Benign_Packages\superstring-0.4.tar.gz,tar,superstring-0.4/setup.py,833,ast,1,1,distutils
superTest-1.0,D:\10. RQ1 DySec\Step 9 DownloadSelectedBenignPackages\Benign_Packages\superTest-1.0.tar.gz,tar,superTest-1.0/setup.py,442,ast,1,1,distutils
superu-0.0.8,D:\10. RQ1 DySec\Step 9 DownloadSelectedBenignPackages\Benign_Packages\superu-0.0.8.tar.gz,tar,superu-0.0.8/setup.py,1238,ast,3,3,codecs; os; setuptools
supervise-1.1.1,D:\10. RQ1 DySec\Step 9 DownloadSelectedBenignPackages\Benign_Packages\supervise-1.1.1.tar.gz,tar,supervise-1.1.1/setup.py,1302,ast,3,3,imp; os; setuptools
supervisely-6.9.2,D:\10. RQ1 DySec\Step 9 DownloadSelectedBenignPackages\Benign_Packages\supervisely-6.9.2.tar.gz,tar,supervisely-6.9.2/setup.py,2204,ast,3,3,os; requests; setuptools
SUPPA-2.3,D:\10. RQ1 DySec\Step 9 DownloadSelectedBenignPackages\Benign_Packages\SUPPA-2.3.tar.gz,tar,SUPPA-2.3/setup.py,1004,ast,1,1,setuptools
support_sbk-2.2.1,D:\10. RQ1 DySec\Step 9 DownloadSelectedBenignPackages\Benign_Packages\support_sbk-2.2.1.tar.gz,tar,support_sbk-2.2.1/setup.py,1350,ast,2,2,pathlib; setuptools
support_th-0.1,D:\10. RQ1 DySec\Step 9 DownloadSelectedBenignPackages\Benign_Packages\support_th-0.1.tar.gz,tar,support_th-0.1/setup.py,328,ast,1,1,setuptools
supportbot-0.0.2,D:\10. RQ1 DySec\Step 9 DownloadSelectedBenignPackages\Benign_Packages\supportbot-0.0.2.tar.gz,tar,supportbot-0.0.2/setup.py,1410,ast,4,5,distutils; os; setuptools; supportbot
supra-1.1.9,D:\10. RQ1 DySec\Step 9 DownloadSelectedBenignPackages\Benign_Packages\supra-1.1.9.tar.gz,tar,supra-1.1.9/setup.py,570,ast,2,2,distutils; os
surebilling-1.2,D:\10. RQ1 DySec\Step 9 DownloadSelectedBenignPackages\Benign_Packages\surebilling-1.2.tar.gz,tar,surebilling-1.2/setup.py,839,ast,2,2,os; setuptools
suremco-1.0.0rc2,D:\10. RQ1 DySec\Step 9 DownloadSelectedBenignPackages\Benign_Packages\suremco-1.0.0rc2.tar.gz,tar,suremco-1.0.0rc2/setup.py,2252,ast,3,3,os; setuptools; subprocess
surepy-0.9.0a0,D:\10. RQ1 DySec\Step 9 DownloadSelectedBenignPackages\Benign_Packages\surepy-0.9.0a0.tar.gz,tar,surepy-0.9.0a0/setup.py,7967,ast,1,1,setuptools
surface_erode-0.1.0,D:\10. RQ1 DySec\Step 9 DownloadSelectedBenignPackages\Benign_Packages\surface_erode-0.1.0.tar.gz,tar,surface_erode-0.1.0/setup.py,684,ast,1,1,setuptools
sushida-0.2.0,D:\10. RQ1 DySec\Step 9 DownloadSelectedBenignPackages\Benign_Packages\sushida-0.2.0.tar.gz,tar,sushida-0.2.0/setup.py,1857,ast,1,1,setuptools
sussy-0.1.3,D:\10. RQ1 DySec\Step 9 DownloadSelectedBenignPackages\Benign_Packages\sussy-0.1.3.tar.gz,tar,sussy-0.1.3/setup.py,542,ast,1,1,distutils
svccache-0.1,D:\10. RQ1 DySec\Step 9 DownloadSelectedBenignPackages\Benign_Packages\svccache-0.1.tar.gz,tar,svccache-0.1/setup.py,413,ast,1,1,setuptools
svg_ultralight-0.9.0,D:\10. RQ1 DySec\Step 9 DownloadSelectedBenignPackages\Benign_Packages\svg_ultralight-0.9.0.tar.gz,tar,svg_ultralight-0.9.0/setup.py,786,ast,1,1,setuptools
svist4get-1.3.1.1,D:\10. RQ1 DySec\Step 9 DownloadSelectedBenignPackages\Benign_Packages\svist4get-1.3.1.1.tar.gz,tar,svist4get-1.3.1.1/setup.py,907,ast,1,1,setuptools
svmloader-0.5,D:\10. RQ1 DySec\Step 9 DownloadSelectedBenignPackages\Benign_Packages\svmloader-0.5.tar.gz,tar,svmloader-0.5/setup.py,1226,ast,4,4,Cython; numpy; setuptools; sys
svnpuppy-0.0.1,D:\10. RQ1 DySec\Step 9 DownloadSelectedBenignPackages\Benign_Packages\svnpuppy-0.0.1.tar.gz,tar,svnpuppy-0.0.1/setup.py,2274,ast,3,3,ez_setup; setuptools; svnpuppy
swaggertest-0.1.1,D:\10. RQ1 DySec\Step 9 DownloadSelectedBenignPackages\Benign_Packages\swaggertest-0.1.1.tar.gz,tar,swaggertest-0.1.1/setup.py,38,ast,1,1,setuptools
swandask-0.0.5,D:\10. RQ1 DySec\Step 9 DownloadSelectedBenignPackages\Benign_Packages\swandask-0.0.5.tar.gz,tar,swandask-0.0.5/setup.py,1750,ast,3,3,jupyter_packaging; os; setuptools
swift-scality-backend-0.4.4,D:\10. RQ1 DySec\Step 9 DownloadSelectedBenignPackages\Benign_Packages\swift-scality-backend-0.4.4.tar.gz,tar,swift-scality-backend-0.4.4/setup.py,2768,ast,5,5,distutils; setuptools; subprocess; swift_scality_backend; sys
swiftype-1.2.3,D:\10. RQ1 DySec\Step 9 DownloadSelectedBenignPackages\Benign_Packages\swiftype-1.2.3.tar.gz,tar,swiftype-1.2.3/setup.py,1012,ast,2,3,setuptools; swiftype
switcheo-0.4.2,D:\10. RQ1 DySec\Step 9 DownloadSelectedBenignPackages\Benign_Packages\switcheo-0.4.2.tar.gz,tar,switcheo-0.4.2/setup.py,1638,ast,2,5,pip; setuptools
switchinfo-1.6,D:\10. RQ1 DySec\Step 9 DownloadSelectedBenignPackages\Benign_Packages\switchinfo-1.6.tar.gz,tar,switchinfo-1.6/setup.py,1405,ast,2,2,os; setuptools
swmm-5.2.0.dev6,D:\10. RQ1 DySec\Step 9 DownloadSelectedBenignPackages\Benign_Packages\swmm-5.2.0.dev6.tar.gz,tar,swmm-5.2.0.dev6/setup.py,1456,ast,1,1,skbuild
swmm-5.2.0.dev6,D:\10. RQ1 DySec\Step 9 DownloadSelectedBenignPackages\Benign_Packages\swmm-5.2.0.dev6.tar.gz,tar,swmm-5.2.0.dev6/tools/nrtest-swmm/setup.py,927,ast,2,2,distutils; setuptools
swmm-5.2.0.dev6,D:\10. RQ1 DySec\Step 9 DownloadSelectedBenignPackages\Benign_Packages\swmm-5.2.0.dev6.tar.gz,tar,swmm-5.2.0.dev6/tools/swmm-output/setup.py,905,ast,2,4,distutils; setuptools
swprepost-2.0.0,D:\10. RQ1 DySec\Step 9 DownloadSelectedBenignPackages\Benign_Packages\swprepost-2.0.0.tar.gz,tar,swprepost-2.0.0/setup.py,1912,ast,1,1,setuptools
swriter-0.0.1,D:\10. RQ1 DySec\Step 9 DownloadSelectedBenignPackages\Benign_Packages\swriter-0.0.1.tar.gz,tar,swriter-0.0.1/setup.py,1610,ast,3,3,codecs; os; setuptools
sxxxs-0.2.9,D:\10. RQ1 DySec\Step 9 DownloadSelectedBenignPackages\Benign_Packages\sxxxs-0.2.9.tar.gz,tar,sxxxs-0.2.9/setup.py,677,ast,1,1,setuptools
sylenium-1.0.5a0,D:\10. RQ1 DySec\Step 9 DownloadSelectedBenignPackages\Benign_Packages\sylenium-1.0.5a0.tar.gz,tar,sylenium-1.0.5a0/setup.py,38,ast,1,1,setuptools
symal-0.7,D:\10. RQ1 DySec\Step 9 DownloadSelectedBenignPackages\Benign_Packages\symal-0.7.tar.gz,tar,symal-0.7/setup.py,928,ast,1,1,setuptools
symcodelib-0.1,D:\10. RQ1 DySec\Step 9 DownloadSelectedBenignPackages\Benign_Packages\symcodelib-0.1.tar.gz,tar,symcodelib-0.1/setup.py,342,ast,1,1,setuptools
symcopy-0.1,D:\10. RQ1 DySec\Step 9 DownloadSelectedBenignPackages\Benign_Packages\symcopy-0.1.tar.gz,tar,symcopy-0.1/setup.py,401,ast,1,1,setuptools
symlearn-0.1.1,D:\10. RQ1 DySec\Step 9 DownloadSelectedBenignPackages\Benign_Packages\symlearn-0.1.1.tar.gz,tar,symlearn-0.1.1/setup.py,959,ast,2,2,setuptools; symlearn
sympy-1.13.2,D:\10. RQ1 DySec\Step 9 DownloadSelectedBenignPackages\Benign_Packages\sympy-1.13.2.tar.gz,tar,sympy-1.13.2/setup.py,11419,ast,6,9,os; pathlib; setuptools; subprocess; sympy; sys
syncrepl-client-0.95.1,D:\10. RQ1 DySec\Step 9 DownloadSelectedBenignPackages\Benign_Packages\syncrepl-client-0.95.1.tar.gz,tar,syncrepl-client-0.95.1/setup.py,4547,ast,3,4,re; setuptools; sys
synonym-0.1.3,D:\10. RQ1 DySec\Step 9 DownloadSelectedBenignPackages\Benign_Packages\synonym-0.1.3.tar.gz,tar,synonym-0.1.3/setup.py,2010,ast,2,2,setuptools; synonym
synonyms-3.9.0,D:\10. RQ1 DySec\Step 9 DownloadSelectedBenignPackages\Benign_Packages\synonyms-3.9.0.tar.gz,tar,synonyms-3.9.0/setup.py,1603,ast,1,1,setuptools
syntax-0.1.3.2,D:\10. RQ1 DySec\Step 9 DownloadSelectedBenignPackages\Benign_Packages\syntax-0.1.3.2.tar.gz,tar,syntax-0.1.3.2/setup.py,409,ast,1,1,setuptools
syntaxiperror-0.1.dev0,D:\10. RQ1 DySec\Step 9 DownloadSelectedBenignPackages\Benign_Packages\syntaxiperror-0.1.dev0.tar.gz,tar,syntaxiperror-0.1.dev0/setup.py,609,ast,1,1,setuptools
synthetic-0.0.1,D:\10. RQ1 DySec\Step 9 DownloadSelectedBenignPackages\Benign_Packages\synthetic-0.0.1.tar.gz,tar,synthetic-0.0.1/setup.py,1409,ast,1,1,setuptools
synthetic-control-0.0.5,D:\10. RQ1 DySec\Step 9 DownloadSelectedBenignPackages\Benign_Packages\synthetic-control-0.0.5.tar.gz,tar,synthetic-control-0.0.5/setup.py,1269,ast,1,1,setuptools
SysArg-1.1.7,D:\10. RQ1 DySec\Step 9 DownloadSelectedBenignPackages\Benign_Packages\SysArg-1.1.7.tar.gz,tar,SysArg-1.1.7/setup.py,1970,ast,4,4,os; setuptools; subprocess; sys
sysargstk-1.0.0,D:\10. RQ1 DySec\Step 9 DownloadSelectedBenignPackages\Benign_Packages\sysargstk-1.0.0.tar.gz,tar,sysargstk-1.0.0/setup.py,1258,ast,1,1,setuptools
syscoloringpackagesV5-1.0.0,D:\10. RQ1 DySec\Step 9 DownloadSelectedBenignPackages\Benign_Packages\syscoloringpackagesV5-1.0.0.tar.gz,tar,syscoloringpackagesV5-1.0.0/setup.py,623,ast,1,1,setuptools
syscolors-0.0.5,D:\10. RQ1 DySec\Step 9 DownloadSelectedBenignPackages\Benign_Packages\syscolors-0.0.5.tar.gz,tar,syscolors-0.0.5/setup.py,1220,ast,1,1,setuptools
syscolouringlibV1-1.0.0,D:\10. RQ1 DySec\Step 9 DownloadSelectedBenignPackages\Benign_Packages\syscolouringlibV1-1.0.0.tar.gz,tar,syscolouringlibV1-1.0.0/setup.py,563,ast,1,1,setuptools
SysExtension-0.1.2,D:\10. RQ1 DySec\Step 9 DownloadSelectedBenignPackages\Benign_Packages\SysExtension-0.1.2.tar.gz,tar,SysExtension-0.1.2/setup.py,379,ast,1,1,distutils
sysinfolib-0.0.1,D:\10. RQ1 DySec\Step 9 DownloadSelectedBenignPackages\Benign_Packages\sysinfolib-0.0.1.tar.gz,tar,sysinfolib-0.0.1/setup.py,443,ast,1,1,setuptools
syslibrary-0.2,D:\10. RQ1 DySec\Step 9 DownloadSelectedBenignPackages\Benign_Packages\syslibrary-0.2.tar.gz,tar,syslibrary-0.2/setup.py,399,ast,1,1,setuptools
syslog-py-0.2.5,D:\10. RQ1 DySec\Step 9 DownloadSelectedBenignPackages\Benign_Packages\syslog-py-0.2.5.tar.gz,tar,syslog-py-0.2.5/setup.py,851,ast,1,1,setuptools
syslogging-0.1.1,D:\10. RQ1 DySec\Step 9 DownloadSelectedBenignPackages\Benign_Packages\syslogging-0.1.1.tar.gz,tar,syslogging-0.1.1/setup.py,2495,ast,1,1,setuptools
sysprober-0.1.2,D:\10. RQ1 DySec\Step 9 DownloadSelectedBenignPackages\Benign_Packages\sysprober-0.1.2.tar.gz,tar,sysprober-0.1.2/setup.py,1020,ast,1,1,setuptools
systemd-0.9.9,D:\10. RQ1 DySec\Step 9 DownloadSelectedBenignPackages\Benign_Packages\systemd-0.9.9.tar.gz,tar,systemd-0.9.9/setup.py,2543,ast,4,4,Cython; setuptools; sys; systemd
systemdlint-1.3.2,D:\10. RQ1 DySec\Step 9 DownloadSelectedBenignPackages\Benign_Packages\systemdlint-1.3.2.tar.gz,tar,systemdlint-1.3.2/setup.py,1652,ast,2,2,setuptools; subprocess
systemdream-0.0.2,D:\10. RQ1 DySec\Step 9 DownloadSelectedBenignPackages\Benign_Packages\systemdream-0.0.2.tar.gz,tar,systemdream-0.0.2/setup.py,2318,ast,6,12,__future__; glob; io; os; re; setuptools
systracker-0.2.7,D:\10. RQ1 DySec\Step 9 DownloadSelectedBenignPackages\Benign_Packages\systracker-0.2.7.tar.gz,tar,systracker-0.2.7/setup.py,2367,ast,1,1,setuptools
syunity_advanced-0.0.1,D:\10. RQ1 DySec\Step 9 DownloadSelectedBenignPackages\Benign_Packages\syunity_advanced-0.0.1.tar.gz,tar,syunity_advanced-0.0.1/setup.py,1068,ast,3,3,__future__; netservice; setuptools
sztestliblib-1.0.1,D:\10. RQ1 DySec\Step 9 DownloadSelectedBenignPackages\Benign_Packages\sztestliblib-1.0.1.tar.gz,tar,sztestliblib-1.0.1/setup.py,476,ast,1,1,setuptools
tabled-0.1.9,D:\10. RQ1 DySec\Step 9 DownloadSelectedBenignPackages\Benign_Packages\tabled-0.1.9.tar.gz,tar,tabled-0.1.9/setup.py,91,ast,1,1,setuptools
tablewriter-0.1.98,D:\10. RQ1 DySec\Step 9 DownloadSelectedBenignPackages\Benign_Packages\tablewriter-0.1.98.tar.gz,tar,tablewriter-0.1.98/setup.py,291,ast,3,3,pathlib; setuptools; versioneer
tabulator-1.9.0,D:\10. RQ1 DySec\Step 9 DownloadSelectedBenignPackages\Benign_Packages\tabulator-1.9.0.tar.gz,tar,tabulator-1.9.0/setup.py,2757,ast,4,6,__future__; io; os; setuptools
tactrandom-0.0.1,D:\10. RQ1 DySec\Step 9 DownloadSelectedBenignPackages\Benign_Packages\tactrandom-0.0.1.tar.gz,tar,tactrandom-0.0.1/setup.py,774,ast,1,1,setuptools
tadtool-0.84,D:\10. RQ1 DySec\Step 9 DownloadSelectedBenignPackages\Benign_Packages\tadtool-0.84.tar.gz,tar,tadtool-0.84/setup.py,1034,ast,2,2,os; setuptools
taemin-0.1.0,D:\10. RQ1 DySec\Step 9 DownloadSelectedBenignPackages\Benign_Packages\taemin-0.1.0.tar.gz,tar,taemin-0.1.0/setup.py,1440,ast,6,6,glob; os; setuptools; shutil; sys; taemin
tagme-0.1.3,D:\10. RQ1 DySec\Step 9 DownloadSelectedBenignPackages\Benign_Packages\tagme-0.1.3.tar.gz,tar,tagme-0.1.3/setup.py,1474,ast,3,3,codecs; os; setuptools
tagpack_tool-24.1.8,D:\10. RQ1 DySec\Step 9 DownloadSelectedBenignPackages\Benign_Packages\tagpack_tool-24.1.8.tar.gz,tar,tagpack_tool-24.1.8/setup.py,720,ast,1,1,setuptools
taisim-0.1.1,D:\10. RQ1 DySec\Step 9 DownloadSelectedBenignPackages\Benign_Packages\taisim-0.1.1.tar.gz,tar,taisim-0.1.1/setup.py,1619,ast,2,2,os; setuptools
tap-fullstory-1.0.4,D:\10. RQ1 DySec\Step 9 DownloadSelectedBenignPackages\Benign_Packages\tap-fullstory-1.0.4.tar.gz,tar,tap-fullstory-1.0.4/setup.py,814,ast,1,1,setuptools
tap-gladly-0.4.1,D:\10. RQ1 DySec\Step 9 DownloadSelectedBenignPackages\Benign_Packages\tap-gladly-0.4.1.tar.gz,tar,tap-gladly-0.4.1/setup.py,896,ast,1,1,setuptools
tap-indeed-0.0.9,D:\10. RQ1 DySec\Step 9 DownloadSelectedBenignPackages\Benign_Packages\tap-indeed-0.0.9.tar.gz,tar,tap-indeed-0.0.9/setup.py,980,ast,1,1,setuptools
tap-randomdata-0.2.0,D:\10. RQ1 DySec\Step 9 DownloadSelectedBenignPackages\Benign_Packages\tap-randomdata-0.2.0.tar.gz,tar,tap-randomdata-0.2.0/setup.py,1525,ast,1,1,setuptools
tap-ringcentral-1.0.1,D:\10. RQ1 DySec\Step 9 DownloadSelectedBenignPackages\Benign_Packages\tap-ringcentral-1.0.1.tar.gz,tar,tap-ringcentral-1.0.1/setup.py,696,ast,1,1,setuptools
tap-stripe-3.2.0,D:\10. RQ1 DySec\Step 9 DownloadSelectedBenignPackages\Benign_Packages\tap-stripe-3.2.0.tar.gz,tar,tap-stripe-3.2.0/setup.py,853,ast,1,1,setuptools
tarantoolup-0.1.1,D:\10. RQ1 DySec\Step 9 DownloadSelectedBenignPackages\Benign_Packages\tarantoolup-0.1.1.tar.gz,tar,tarantoolup-0.1.1/setup.py,373,ast,1,1,distutils
tasdos-0.0.1,D:\10. RQ1 DySec\Step 9 DownloadSelectedBenignPackages\Benign_Packages\tasdos-0.0.1.tar.gz,tar,tasdos-0.0.1/setup.py,688,ast,2,2,setuptools; tasdos
Tasfers-1.0.4,D:\10. RQ1 DySec\Step 9 DownloadSelectedBenignPackages\Benign_Packages\Tasfers-1.0.4.tar.gz,tar,Tasfers-1.0.4/setup.py,331,ast,2,2,distutils; setuptools
task_in_steps-0.0.1,D:\10. RQ1 DySec\Step 9 DownloadSelectedBenignPackages\Benign_Packages\task_in_steps-0.0.1.tar.gz,tar,task_in_steps-0.0.1/setup.py,1040,ast,3,3,distutils; pathlib; setuptools
taskcontrol-1.3.0b1,D:\10. RQ1 DySec\Step 9 DownloadSelectedBenignPackages\Benign_Packages\taskcontrol-1.3.0b1.tar.gz,tar,taskcontrol-1.3.0b1/setup.py,3334,ast,3,3,os; re; setuptools
tasklist-1.2.1,D:\10. RQ1 DySec\Step 9 DownloadSelectedBenignPackages\Benign_Packages\tasklist-1.2.1.tar.gz,tar,tasklist-1.2.1/setup.py,837,ast,1,1,setuptools
taskpacker-0.1.1,D:\10. RQ1 DySec\Step 9 DownloadSelectedBenignPackages\Benign_Packages\taskpacker-0.1.1.tar.gz,tar,taskpacker-0.1.1/setup.py,424,ast,2,2,ez_setup; setuptools
tbcontrol-0.2.1,D:\10. RQ1 DySec\Step 9 DownloadSelectedBenignPackages\Benign_Packages\tbcontrol-0.2.1.tar.gz,tar,tbcontrol-0.2.1/setup.py,916,ast,1,1,setuptools
tblib-3.0.0,D:\10. RQ1 DySec\Step 9 DownloadSelectedBenignPackages\Benign_Packages\tblib-3.0.0.tar.gz,tar,tblib-3.0.0/setup.py,2734,ast,3,4,pathlib; re; setuptools
tcalculator-0.1.1,D:\10. RQ1 DySec\Step 9 DownloadSelectedBenignPackages\Benign_Packages\tcalculator-0.1.1.tar.gz,tar,tcalculator-0.1.1/setup.py,1286,ast,1,1,setuptools
tcconfig-0.9.0,D:\10. RQ1 DySec\Step 9 DownloadSelectedBenignPackages\Benign_Packages\tcconfig-0.9.0.tar.gz,tar,tcconfig-0.9.0/setup.py,2564,ast,5,5,__future__; os; setuptools; sys; tcconfig
tclite-0.33,D:\10. RQ1 DySec\Step 9 DownloadSelectedBenignPackages\Benign_Packages\tclite-0.33.tar.gz,tar,tclite-0.33/setup.py,1853,ast,2,2,os; setuptools
TControl-0.9.14,D:\10. RQ1 DySec\Step 9 DownloadSelectedBenignPackages\Benign_Packages\TControl-0.9.14.tar.gz,tar,TControl-0.9.14/setup.py,946,ast,2,2,setuptools; sys
tcping-0.1.1rc1,D:\10. RQ1 DySec\Step 9 DownloadSelectedBenignPackages\Benign_Packages\tcping-0.1.1rc1.tar.gz,tar,tcping-0.1.1rc1/setup.py,1445,ast,3,3,pypandoc; setuptools; tcping
tcpping-0.2,D:\10. RQ1 DySec\Step 9 DownloadSelectedBenignPackages\Benign_Packages\tcpping-0.2.tar.gz,tar,tcpping-0.2/setup.py,418,ast,1,1,distutils
teamhack-0.0.41,D:\10. RQ1 DySec\Step 9 DownloadSelectedBenignPackages\Benign_Packages\teamhack-0.0.41.tar.gz,tar,teamhack-0.0.41/setup.py,161,ast,2,2,os; setuptools
teamhack_recond-0.0.99,D:\10. RQ1 DySec\Step 9 DownloadSelectedBenignPackages\Benign_Packages\teamhack_recond-0.0.99.tar.gz,tar,teamhack_recond-0.0.99/setup.py,161,ast,2,2,os; setuptools
teamhack_restify-0.0.5,D:\10. RQ1 DySec\Step 9 DownloadSelectedBenignPackages\Benign_Packages\teamhack_restify-0.0.5.tar.gz,tar,teamhack_restify-0.0.5/setup.py,161,ast,2,2,os; setuptools
tears-0.3,D:\10. RQ1 DySec\Step 9 DownloadSelectedBenignPackages\Benign_Packages\tears-0.3.tar.gz,tar,tears-0.3/setup.py,934,ast,3,3,os; re; setuptools
techcombine-0.0.3,D:\10. RQ1 DySec\Step 9 DownloadSelectedBenignPackages\Benign_Packages\techcombine-0.0.3.tar.gz,tar,techcombine-0.0.3/setup.py,1759,ast,1,1,setuptools
telebotapi-0.9.9.3,D:\10. RQ1 DySec\Step 9 DownloadSelectedBenignPackages\Benign_Packages\telebotapi-0.9.9.3.tar.gz,tar,telebotapi-0.9.9.3/setup.py,568,ast,1,1,setuptools
telegame-1.1,D:\10. RQ1 DySec\Step 9 DownloadSelectedBenignPackages\Benign_Packages\telegame-1.1.zip,zip,telegame-1.1/setup.py,591,ast,1,1,distutils
telegram-0.0.1,D:\10. RQ1 DySec\Step 9 DownloadSelectedBenignPackages\Benign_Packages\telegram-0.0.1.tar.gz,tar,telegram-0.0.1/setup.py,377,ast,1,1,setuptools
telegram-autoposter-0.3,D:\10. RQ1 DySec\Step 9 DownloadSelectedBenignPackages\Benign_Packages\telegram-autoposter-0.3.tar.gz,tar,telegram-autoposter-0.3/setup.py,1032,ast,1,1,distutils
telegram-bell-0.7.1,D:\10. RQ1 DySec\Step 9 DownloadSelectedBenignPackages\Benign_Packages\telegram-bell-0.7.1.tar.gz,tar,telegram-bell-0.7.1/setup.py,2086,ast,1,1,setuptools
telegram-django-1.1.2,D:\10. RQ1 DySec\Step 9 DownloadSelectedBenignPackages\Benign_Packages\telegram-django-1.1.2.tar.gz,tar,telegram-django-1.1.2/setup.py,8025,ast,1,1,setuptools
telegram-envelope-0.1.3,D:\10. RQ1 DySec\Step 9 DownloadSelectedBenignPackages\Benign_Packages\telegram-envelope-0.1.3.tar.gz,tar,telegram-envelope-0.1.3/setup.py,846,ast,1,1,setuptools
telegram-game-0.0.3,D:\10. RQ1 DySec\Step 9 DownloadSelectedBenignPackages\Benign_Packages\telegram-game-0.0.3.tar.gz,tar,telegram-game-0.0.3/setup.py,129,ast,1,1,setuptools
telegram-send-0.9.3,D:\10. RQ1 DySec\Step 9 DownloadSelectedBenignPackages\Benign_Packages\telegram-send-0.9.3.tar.gz,tar,telegram-send-0.9.3/setup.py,1632,ast,4,4,pypandoc; re; setuptools; telegram_send
telegram_printer-0.0.1,D:\10. RQ1 DySec\Step 9 DownloadSelectedBenignPackages\Benign_Packages\telegram_printer-0.0.1.tar.gz,tar,telegram_printer-0.0.1/setup.py,816,ast,1,1,setuptools
telegram_types-1.9,D:\10. RQ1 DySec\Step 9 DownloadSelectedBenignPackages\Benign_Packages\telegram_types-1.9.tar.gz,tar,telegram_types-1.9/setup.py,1908,ast,2,2,re; setuptools
telegrambot-py-0.1.0,D:\10. RQ1 DySec\Step 9 DownloadSelectedBenignPackages\Benign_Packages\telegrambot-py-0.1.0.tar.gz,tar,telegrambot-py-0.1.0/setup.py,851,ast,2,2,os; setuptools
telepost-0.0.9,D:\10. RQ1 DySec\Step 9 DownloadSelectedBenignPackages\Benign_Packages\telepost-0.0.9.tar.gz,tar,telepost-0.0.9/setup.py,818,ast,1,1,setuptools
telepot-9.1,D:\10. RQ1 DySec\Step 9 DownloadSelectedBenignPackages\Benign_Packages\telepot-9.1.zip,zip,telepot-9.1/setup.py,3760,ast,3,5,os; setuptools; sys
telepota-1.0,D:\10. RQ1 DySec\Step 9 DownloadSelectedBenignPackages\Benign_Packages\telepota-1.0.tar.gz,tar,telepota-1.0/setup.py,2895,ast,4,6,os; re; setuptools; sys
telero-0.1.0,D:\10. RQ1 DySec\Step 9 DownloadSelectedBenignPackages\Benign_Packages\telero-0.1.0.tar.gz,tar,telero-0.1.0/setup.py,838,ast,1,1,setuptools
teletiffinfo-0.0.4,D:\10. RQ1 DySec\Step 9 DownloadSelectedBenignPackages\Benign_Packages\teletiffinfo-0.0.4.tar.gz,tar,teletiffinfo-0.0.4/setup.py,752,ast,3,3,os; setuptools; teletiffinfo
television-0.1.1,D:\10. RQ1 DySec\Step 9 DownloadSelectedBenignPackages\Benign_Packages\television-0.1.1.tar.gz,tar,television-0.1.1/setup.py,1552,ast,1,3,setuptools
telib-0.0.1,D:\10. RQ1 DySec\Step 9 DownloadSelectedBenignPackages\Benign_Packages\telib-0.0.1.tar.gz,tar,telib-0.0.1/setup.py,673,ast,1,1,setuptools
telneter-0.0.9,D:\10. RQ1 DySec\Step 9 DownloadSelectedBenignPackages\Benign_Packages\telneter-0.0.9.tar.gz,tar,telneter-0.0.9/setup.py,652,ast,1,1,setuptools
telometer-0.81,D:\10. RQ1 DySec\Step 9 DownloadSelectedBenignPackages\Benign_Packages\telometer-0.81.tar.gz,tar,telometer-0.81/setup.py,826,ast,1,1,setuptools
Telpy-0.1.7,D:\10. RQ1 DySec\Step 9 DownloadSelectedBenignPackages\Benign_Packages\Telpy-0.1.7.tar.gz,tar,Telpy-0.1.7/setup.py,1225,ast,1,1,distutils
tempest-lib-1.0.0,D:\10. RQ1 DySec\Step 9 DownloadSelectedBenignPackages\Benign_Packages\tempest-lib-1.0.0.tar.gz,tar,tempest-lib-1.0.0/setup.py,1028,ast,2,2,multiprocessing; setuptools
template-extension-0.7,D:\10. RQ1 DySec\Step 9 DownloadSelectedBenignPackages\Benign_Packages\template-extension-0.7.tar.gz,tar,template-extension-0.7/setup.py,597,ast,2,2,freecad; setuptools
tempura-0.1,D:\10. RQ1 DySec\Step 9 DownloadSelectedBenignPackages\Benign_Packages\tempura-0.1.tar.gz,tar,tempura-0.1/setup.py,327,ast,2,2,os; setuptools
tenacity-9.0.0,D:\10. RQ1 DySec\Step 9 DownloadSelectedBenignPackages\Benign_Packages\tenacity-9.0.0.tar.gz,tar,tenacity-9.0.0/setup.py,674,ast,1,1,setuptools
tensionflow-0.1.2,D:\10. RQ1 DySec\Step 9 DownloadSelectedBenignPackages\Benign_Packages\tensionflow-0.1.2.tar.gz,tar,tensionflow-0.1.2/setup.py,2998,ast,1,1,distutils
tensor-0.3.6,D:\10. RQ1 DySec\Step 9 DownloadSelectedBenignPackages\Benign_Packages\tensor-0.3.6.tar.gz,tar,tensor-0.3.6/setup.py,897,ast,1,1,setuptools
tensorflou-2.0,D:\10. RQ1 DySec\Step 9 DownloadSelectedBenignPackages\Benign_Packages\tensorflou-2.0.tar.gz,tar,tensorflou-2.0/setup.py,498,ast,1,1,setuptools
tensorflow3d-0.1,D:\10. RQ1 DySec\Step 9 DownloadSelectedBenignPackages\Benign_Packages\tensorflow3d-0.1.tar.gz,tar,tensorflow3d-0.1/setup.py,1013,ast,1,1,distutils
TensorFox-1.2.1,D:\10. RQ1 DySec\Step 9 DownloadSelectedBenignPackages\Benign_Packages\TensorFox-1.2.1.tar.gz,tar,TensorFox-1.2.1/setup.py,1140,ast,2,2,pathlib; setuptools
tensorfx-0.1.3,D:\10. RQ1 DySec\Step 9 DownloadSelectedBenignPackages\Benign_Packages\tensorfx-0.1.3.tar.gz,tar,tensorfx-0.1.3/setup.py,1560,ast,2,2,datetime; setuptools
tensorlab-0.0.0,D:\10. RQ1 DySec\Step 9 DownloadSelectedBenignPackages\Benign_Packages\tensorlab-0.0.0.tar.gz,tar,tensorlab-0.0.0/setup.py,1499,ast,1,1,setuptools
tensorly-0.8.1,D:\10. RQ1 DySec\Step 9 DownloadSelectedBenignPackages\Benign_Packages\tensorly-0.8.1.tar.gz,tar,tensorly-0.8.1/setup.py,1929,ast,4,4,distutils; pathlib; re; setuptools
tensornow-0.3,D:\10. RQ1 DySec\Step 9 DownloadSelectedBenignPackages\Benign_Packages\tensornow-0.3.tar.gz,tar,tensornow-0.3/setup.py,1686,ast,1,1,distutils
tensorslow-1.0.3,D:\10. RQ1 DySec\Step 9 DownloadSelectedBenignPackages\Benign_Packages\tensorslow-1.0.3.tar.gz,tar,tensorslow-1.0.3/setup.py,498,ast,1,1,setuptools
tensorspacejs-0.2.0,D:\10. RQ1 DySec\Step 9 DownloadSelectedBenignPackages\Benign_Packages\tensorspacejs-0.2.0.tar.gz,tar,tensorspacejs-0.2.0/setup.py,1879,ast,3,3,os; setuptools; tensorspacejs
tephigram-0.2.0,D:\10. RQ1 DySec\Step 9 DownloadSelectedBenignPackages\Benign_Packages\tephigram-0.2.0.tar.gz,tar,tephigram-0.2.0/setup.py,880,ast,10,12,distutils; os; platform; pytest; re; setuptools; shlex; subprocess; sys; sysconfig
tercontrol-1.0.5,D:\10. RQ1 DySec\Step 9 DownloadSelectedBenignPackages\Benign_Packages\tercontrol-1.0.5.tar.gz,tar,tercontrol-1.0.5/setup.py,1022,ast,5,6,Cython; distutils; numpy; os; setuptools
termcolors-0.1.0,D:\10. RQ1 DySec\Step 9 DownloadSelectedBenignPackages\Benign_Packages\termcolors-0.1.0.tar.gz,tar,termcolors-0.1.0/setup.py,388,ast,1,1,setuptools
termcontrol-2021.5.2,D:\10. RQ1 DySec\Step 9 DownloadSelectedBenignPackages\Benign_Packages\termcontrol-2021.5.2.tar.gz,tar,termcontrol-2021.5.2/setup.py,2458,ast,3,4,codecs; os; setuptools
termed-1.0.3,D:\10. RQ1 DySec\Step 9 DownloadSelectedBenignPackages\Benign_Packages\termed-1.0.3.tar.gz,tar,termed-1.0.3/setup.py,3919,ast,4,4,codecs; os; setuptools; version
terminalprint-0.0.5,D:\10. RQ1 DySec\Step 9 DownloadSelectedBenignPackages\Benign_Packages\terminalprint-0.0.5.tar.gz,tar,terminalprint-0.0.5/setup.py,1812,ast,4,4,codecs; os; re; setuptools
termineter-1.0.4,D:\10. RQ1 DySec\Step 9 DownloadSelectedBenignPackages\Benign_Packages\termineter-1.0.4.tar.gz,tar,termineter-1.0.4/setup.py,3273,ast,4,4,os; pypandoc; setuptools; sys
termstyle-0.1.11,D:\10. RQ1 DySec\Step 9 DownloadSelectedBenignPackages\Benign_Packages\termstyle-0.1.11.tar.gz,tar,termstyle-0.1.11/setup.py,2742,ast,1,1,setuptools
tes33423312-0.0.1,D:\10. RQ1 DySec\Step 9 DownloadSelectedBenignPackages\Benign_Packages\tes33423312-0.0.1.tar.gz,tar,tes33423312-0.0.1/setup.py,662,ast,2,2,pathlib; setuptools
tesla-0.2.6,D:\10. RQ1 DySec\Step 9 DownloadSelectedBenignPackages\Benign_Packages\tesla-0.2.6.tar.gz,tar,tesla/setup.py,2322,ast,2,2,ez_setup; setuptools
tesla-0.2.6,D:\10. RQ1 DySec\Step 9 DownloadSelectedBenignPackages\Benign_Packages\tesla-0.2.6.tar.gz,tar,tesla/tests/output/AuthProjectName/setup.py,597,ast,2,2,ez_setup; setuptools
tesla-0.2.6,D:\10. RQ1 DySec\Step 9 DownloadSelectedBenignPackages\Benign_Packages\tesla-0.2.6.tar.gz,tar,tesla/tests/output/AuthXpProjectName/setup.py,603,ast,2,2,ez_setup; setuptools
tesla-0.2.6,D:\10. RQ1 DySec\Step 9 DownloadSelectedBenignPackages\Benign_Packages\tesla-0.2.6.tar.gz,tar,tesla/tests/output/ProjectName/setup.py,585,ast,2,2,ez_setup; setuptools
tesla_api-2.0.1,D:\10. RQ1 DySec\Step 9 DownloadSelectedBenignPackages\Benign_Packages\tesla_api-2.0.1.tar.gz,tar,tesla_api-2.0.1/setup.py,656,ast,1,1,setuptools
tesppypi-1.0.2,D:\10. RQ1 DySec\Step 9 DownloadSelectedBenignPackages\Benign_Packages\tesppypi-1.0.2.tar.gz,tar,tesppypi-1.0.2/setup.py,626,ast,2,2,pathlib; setuptools
tess-0.3.1,D:\10. RQ1 DySec\Step 9 DownloadSelectedBenignPackages\Benign_Packages\tess-0.3.1.tar.gz,tar,tess-0.3.1/setup.py,2861,ast,3,5,Cython; distutils; setuptools
tesstrain-0.1.4,D:\10. RQ1 DySec\Step 9 DownloadSelectedBenignPackages\Benign_Packages\tesstrain-0.1.4.tar.gz,tar,tesstrain-0.1.4/setup.py,1231,ast,2,2,pathlib; setuptools
test-1234-0.3.16,D:\10. RQ1 DySec\Step 9 DownloadSelectedBenignPackages\Benign_Packages\test-1234-0.3.16.tar.gz,tar,test-1234-0.3.16/setup.py,384,ast,2,2,os; setuptools
test-jack-py-0.0.1,D:\10. RQ1 DySec\Step 9 DownloadSelectedBenignPackages\Benign_Packages\test-jack-py-0.0.1.tar.gz,tar,test-jack-py-0.0.1/setup.py,393,ast,1,1,setuptools
test12345-0.0.0,D:\10. RQ1 DySec\Step 9 DownloadSelectedBenignPackages\Benign_Packages\test12345-0.0.0.zip,zip,test12345-0.0.0/setup.py,90,ast,1,1,distutils
test2-1.0.0,D:\10. RQ1 DySec\Step 9 DownloadSelectedBenignPackages\Benign_Packages\test2-1.0.0.zip,zip,test2-1.0.0/setup.py,250,ast,1,1,distutils
test_arunima_package-0.0.2,D:\10. RQ1 DySec\Step 9 DownloadSelectedBenignPackages\Benign_Packages\test_arunima_package-0.0.2.tar.gz,tar,test_arunima_package-0.0.2/setup.py,984,ast,3,3,codecs; os; setuptools
test_flask-0.2.0,D:\10. RQ1 DySec\Step 9 DownloadSelectedBenignPackages\Benign_Packages\test_flask-0.2.0.tar.gz,tar,test_flask-0.2.0/setup.py,4004,ast,5,5,io; os; setuptools; shutil; sys
test_package_1423423423-0.1.0,D:\10. RQ1 DySec\Step 9 DownloadSelectedBenignPackages\Benign_Packages\test_package_1423423423-0.1.0.tar.gz,tar,test_package_1423423423-0.1.0/setup.py,525,ast,1,1,setuptools
test_proto-0.0.4,D:\10. RQ1 DySec\Step 9 DownloadSelectedBenignPackages\Benign_Packages\test_proto-0.0.4.tar.gz,tar,test_proto-0.0.4/setup.py,1660,ast,1,1,distutils
test_py154236-0.0.1,D:\10. RQ1 DySec\Step 9 DownloadSelectedBenignPackages\Benign_Packages\test_py154236-0.0.1.tar.gz,tar,test_py154236-0.0.1/setup.py,804,ast,1,1,setuptools
test_random2-0.0.1,D:\10. RQ1 DySec\Step 9 DownloadSelectedBenignPackages\Benign_Packages\test_random2-0.0.1.tar.gz,tar,test_random2-0.0.1/setup.py,1275,ast,4,4,codecs; os; pkg_resources; setuptools
test_test_test-0.2.0,D:\10. RQ1 DySec\Step 9 DownloadSelectedBenignPackages\Benign_Packages\test_test_test-0.2.0.tar.gz,tar,test_test_test-0.2.0/setup.py,448,ast,1,1,setuptools
test_tube-0.7.5,D:\10. RQ1 DySec\Step 9 DownloadSelectedBenignPackages\Benign_Packages\test_tube-0.7.5.tar.gz,tar,test_tube-0.7.5/setup.py,1251,ast,2,2,os; setuptools
testdump-0.1.0,D:\10. RQ1 DySec\Step 9 DownloadSelectedBenignPackages\Benign_Packages\testdump-0.1.0.tar.gz,tar,testdump-0.1.0/setup.py,239,ast,1,1,setuptools
tested-0.1.9,D:\10. RQ1 DySec\Step 9 DownloadSelectedBenignPackages\Benign_Packages\tested-0.1.9.tar.gz,tar,tested-0.1.9/setup.py,91,ast,1,1,setuptools
testerandomlib-0.0.1,D:\10. RQ1 DySec\Step 9 DownloadSelectedBenignPackages\Benign_Packages\testerandomlib-0.0.1.tar.gz,tar,testerandomlib-0.0.1/setup.py,1190,ast,1,1,setuptools
testexprep-0.0.1,D:\10. RQ1 DySec\Step 9 DownloadSelectedBenignPackages\Benign_Packages\testexprep-0.0.1.tar.gz,tar,testexprep-0.0.1/setup.py,620,ast,1,1,setuptools
testgui-0.3,D:\10. RQ1 DySec\Step 9 DownloadSelectedBenignPackages\Benign_Packages\testgui-0.3.tar.gz,tar,testgui-0.3/setup.py,1596,ast,5,5,os; pathlib; pkg_resources; re; setuptools
testhello-0.3,D:\10. RQ1 DySec\Step 9 DownloadSelectedBenignPackages\Benign_Packages\testhello-0.3.tar.gz,tar,testhello-0.3/setup.py,293,ast,1,1,setuptools
testhttp-0.6.6,D:\10. RQ1 DySec\Step 9 DownloadSelectedBenignPackages\Benign_Packages\testhttp-0.6.6.tar.gz,tar,testhttp-0.6.6/setup.py,579,ast,1,1,setuptools
testinfiniteloop-0.0.1,D:\10. RQ1 DySec\Step 9 DownloadSelectedBenignPackages\Benign_Packages\testinfiniteloop-0.0.1.tar.gz,tar,testinfiniteloop-0.0.1/setup.py,521,ast,1,2,setuptools
testinfra-6.0.0,D:\10. RQ1 DySec\Step 9 DownloadSelectedBenignPackages\Benign_Packages\testinfra-6.0.0.tar.gz,tar,testinfra-6.0.0/setup.py,94,ast,1,1,setuptools
testing-aiohttp-0.0.7,D:\10. RQ1 DySec\Step 9 DownloadSelectedBenignPackages\Benign_Packages\testing-aiohttp-0.0.7.tar.gz,tar,testing-aiohttp-0.0.7/setup.py,918,ast,2,2,os; setuptools
testing-random-0.6,D:\10. RQ1 DySec\Step 9 DownloadSelectedBenignPackages\Benign_Packages\testing-random-0.6.tar.gz,tar,testing-random-0.6/setup.py,455,ast,1,1,setuptools
testing123-0.2,D:\10. RQ1 DySec\Step 9 DownloadSelectedBenignPackages\Benign_Packages\testing123-0.2.tar.gz,tar,testing123-0.2/setup.py,172,ast,1,1,setuptools
testing2323-0.1.0,D:\10. RQ1 DySec\Step 9 DownloadSelectedBenignPackages\Benign_Packages\testing2323-0.1.0.tar.gz,tar,testing2323-0.1.0/setup.py,402,ast,1,1,setuptools
testing_ex_tony-0.0.1,D:\10. RQ1 DySec\Step 9 DownloadSelectedBenignPackages\Benign_Packages\testing_ex_tony-0.0.1.tar.gz,tar,testing_ex_tony-0.0.1/setup.py,646,ast,1,1,setuptools
testing_tools-1.0.3,D:\10. RQ1 DySec\Step 9 DownloadSelectedBenignPackages\Benign_Packages\testing_tools-1.0.3.tar.gz,tar,testing_tools-1.0.3/setup.py,1913,ast,2,2,pathlib; setuptools
testingdavid-1.0,D:\10. RQ1 DySec\Step 9 DownloadSelectedBenignPackages\Benign_Packages\testingdavid-1.0.tar.gz,tar,testingdavid-1.0/setup.py,267,ast,1,1,setuptools
testinghelloworld-1.0.0,D:\10. RQ1 DySec\Step 9 DownloadSelectedBenignPackages\Benign_Packages\testinghelloworld-1.0.0.tar.gz,tar,testinghelloworld-1.0.0/setup.py,446,ast,1,1,setuptools
testingpackagedavid-1.0,D:\10. RQ1 DySec\Step 9 DownloadSelectedBenignPackages\Benign_Packages\testingpackagedavid-1.0.tar.gz,tar,testingpackagedavid-1.0/setup.py,274,ast,1,1,setuptools
testingpackages-0.1.1,D:\10. RQ1 DySec\Step 9 DownloadSelectedBenignPackages\Benign_Packages\testingpackages-0.1.1.tar.gz,tar,testingpackages-0.1.1/setup.py,1757,ast,1,1,distutils
testingvisualiser-0.2,D:\10. RQ1 DySec\Step 9 DownloadSelectedBenignPackages\Benign_Packages\testingvisualiser-0.2.tar.gz,tar,testingvisualiser-0.2/setup.py,992,ast,1,1,distutils
testlib-0.6.5,D:\10. RQ1 DySec\Step 9 DownloadSelectedBenignPackages\Benign_Packages\testlib-0.6.5.zip,zip,testlib-0.6.5/setup.py,1516,ast,4,4,os; setuptools; sys; testlib
testlib1-0.1.0,D:\10. RQ1 DySec\Step 9 DownloadSelectedBenignPackages\Benign_Packages\testlib1-0.1.0.tar.gz,tar,testlib1-0.1.0/setup.py,680,ast,1,1,setuptools
testlib3add-1235,D:\10. RQ1 DySec\Step 9 DownloadSelectedBenignPackages\Benign_Packages\testlib3add-1235.tar.gz,tar,testlib3add-1235/setup.py,362,ast,1,1,setuptools
testlibpy-0.0.3,D:\10. RQ1 DySec\Step 9 DownloadSelectedBenignPackages\Benign_Packages\testlibpy-0.0.3.tar.gz,tar,testlibpy-0.0.3/setup.py,874,ast,1,1,setuptools
testnet-0.0.1,D:\10. RQ1 DySec\Step 9 DownloadSelectedBenignPackages\Benign_Packages\testnet-0.0.1.tar.gz,tar,testnet-0.0.1/setup.py,982,ast,1,1,setuptools
testo-0.0.3,D:\10. RQ1 DySec\Step 9 DownloadSelectedBenignPackages\Benign_Packages\testo-0.0.3.tar.gz,tar,testo-0.0.3/setup.py,323,ast,1,1,setuptools
testone-0.0.1,D:\10. RQ1 DySec\Step 9 DownloadSelectedBenignPackages\Benign_Packages\testone-0.0.1.tar.gz,tar,testone-0.0.1/setup.py,260,ast,1,1,distutils
testoot-0.0.5,D:\10. RQ1 DySec\Step 9 DownloadSelectedBenignPackages\Benign_Packages\testoot-0.0.5.tar.gz,tar,testoot-0.0.5/setup.py,1132,ast,3,3,os; setuptools; testoot
testpackage-2.6,D:\10. RQ1 DySec\Step 9 DownloadSelectedBenignPackages\Benign_Packages\testpackage-2.6.zip,zip,testpackage-2.6/setup.py,535,ast,1,1,setuptools
testpackagepip-1.0.0,D:\10. RQ1 DySec\Step 9 DownloadSelectedBenignPackages\Benign_Packages\testpackagepip-1.0.0.tar.gz,tar,testpackagepip-1.0.0/setup.py,154,ast,1,1,setuptools
testpackages-1.0a,D:\10. RQ1 DySec\Step 9 DownloadSelectedBenignPackages\Benign_Packages\testpackages-1.0a.tar.gz,tar,testpackages-1.0a/setup.py,404,ast,1,1,distutils
testpip-0.1,D:\10. RQ1 DySec\Step 9 DownloadSelectedBenignPackages\Benign_Packages\testpip-0.1.tar.gz,tar,testpip-0.1/setup.py,325,ast,1,1,setuptools
testpkg123-0.0.1,D:\10. RQ1 DySec\Step 9 DownloadSelectedBenignPackages\Benign_Packages\testpkg123-0.0.1.tar.gz,tar,testpkg123-0.0.1/setup.py,668,ast,3,3,codecs; os; setuptools
testpoetry-0.1.4,D:\10. RQ1 DySec\Step 9 DownloadSelectedBenignPackages\Benign_Packages\testpoetry-0.1.4.tar.gz,tar,testpoetry-0.1.4/setup.py,505,ast,1,1,setuptools
testpongpong-0.0.1,D:\10. RQ1 DySec\Step 9 DownloadSelectedBenignPackages\Benign_Packages\testpongpong-0.0.1.tar.gz,tar,testpongpong-0.0.1/setup.py,1267,ast,3,3,codecs; os; setuptools
testProject_2-0.1,D:\10. RQ1 DySec\Step 9 DownloadSelectedBenignPackages\Benign_Packages\testProject_2-0.1.tar.gz,tar,testProject_2-0.1/setup.py,302,ast,1,1,setuptools
testpypi-pzhu-1.0.0,D:\10. RQ1 DySec\Step 9 DownloadSelectedBenignPackages\Benign_Packages\testpypi-pzhu-1.0.0.tar.gz,tar,testpypi-pzhu-1.0.0/setup.py,237,ast,1,1,setuptools
testr3454-0.1.1,D:\10. RQ1 DySec\Step 9 DownloadSelectedBenignPackages\Benign_Packages\testr3454-0.1.1.tar.gz,tar,testr3454-0.1.1/setup.py,1165,ast,2,2,os; setuptools
testrail-pytest-1.0.0,D:\10. RQ1 DySec\Step 9 DownloadSelectedBenignPackages\Benign_Packages\testrail-pytest-1.0.0.tar.gz,tar,testrail-pytest-1.0.0/setup.py,762,ast,1,1,setuptools
testrpcpy-0.2,D:\10. RQ1 DySec\Step 9 DownloadSelectedBenignPackages\Benign_Packages\testrpcpy-0.2.tar.gz,tar,testrpcpy-0.2/setup.py,455,ast,1,1,distutils
testruntara-1.0.0,D:\10. RQ1 DySec\Step 9 DownloadSelectedBenignPackages\Benign_Packages\testruntara-1.0.0.tar.gz,tar,testruntara-1.0.0/setup.py,258,ast,1,1,distutils
teststack-0.9.0,D:\10. RQ1 DySec\Step 9 DownloadSelectedBenignPackages\Benign_Packages\teststack-0.9.0.tar.gz,tar,teststack-0.9.0/setup.py,58,ast,1,1,setuptools
testtest123-0.0.13,D:\10. RQ1 DySec\Step 9 DownloadSelectedBenignPackages\Benign_Packages\testtest123-0.0.13.tar.gz,tar,testtest123-0.0.13/setup.py,1193,ast,3,3,codecs; os; setuptools
testtrace-0.1,D:\10. RQ1 DySec\Step 9 DownloadSelectedBenignPackages\Benign_Packages\testtrace-0.1.tar.gz,tar,testtrace-0.1/setup.py,1606,ast,1,1,setuptools
testtrackpro-1.0.1,D:\10. RQ1 DySec\Step 9 DownloadSelectedBenignPackages\Benign_Packages\testtrackpro-1.0.1.tar.gz,tar,testtrackpro-1.0.1/setup.py,1012,ast,1,1,setuptools
testtube-1.1.0,D:\10. RQ1 DySec\Step 9 DownloadSelectedBenignPackages\Benign_Packages\testtube-1.1.0.tar.gz,tar,testtube-1.1.0/setup.py,1859,ast,5,5,codecs; multiprocessing; setuptools; sys; testtube
testuiop-1.0,D:\10. RQ1 DySec\Step 9 DownloadSelectedBenignPackages\Benign_Packages\testuiop-1.0.tar.gz,tar,testuiop-1.0/setup.py,186,ast,1,1,setuptools
testupload-0.0.1,D:\10. RQ1 DySec\Step 9 DownloadSelectedBenignPackages\Benign_Packages\testupload-0.0.1.tar.gz,tar,testupload-0.0.1/setup.py,830,ast,3,3,io; os; setuptools
testver-0.3.1,D:\10. RQ1 DySec\Step 9 DownloadSelectedBenignPackages\Benign_Packages\testver-0.3.1.tar.gz,tar,testver-0.3.1/setup.py,745,ast,1,1,distutils
testversioningpkg-0.1.3,D:\10. RQ1 DySec\Step 9 DownloadSelectedBenignPackages\Benign_Packages\testversioningpkg-0.1.3.tar.gz,tar,testversioningpkg-0.1.3/setup.py,784,ast,1,1,setuptools
testxyz-0.0.4,D:\10. RQ1 DySec\Step 9 DownloadSelectedBenignPackages\Benign_Packages\testxyz-0.0.4.tar.gz,tar,testxyz-0.0.4/setup.py,658,ast,1,1,setuptools
text-replace-0.1.2,D:\10. RQ1 DySec\Step 9 DownloadSelectedBenignPackages\Benign_Packages\text-replace-0.1.2.tar.gz,tar,text-replace-0.1.2/setup.py,38,ast,1,1,setuptools
text-unidecode-1.3,D:\10. RQ1 DySec\Step 9 DownloadSelectedBenignPackages\Benign_Packages\text-unidecode-1.3.tar.gz,tar,text-unidecode-1.3/setup.py,1702,ast,3,3,codecs; setuptools; sys
text_saver_utilsss_sss-1.0.0,D:\10. RQ1 DySec\Step 9 DownloadSelectedBenignPackages\Benign_Packages\text_saver_utilsss_sss-1.0.0.tar.gz,tar,text_saver_utilsss_sss-1.0.0/setup.py,602,ast,1,1,setuptools
textgameengine-0.39,D:\10. RQ1 DySec\Step 9 DownloadSelectedBenignPackages\Benign_Packages\textgameengine-0.39.tar.gz,tar,textgameengine-0.39/setup.py,1344,ast,2,2,os; setuptools
textmining_module-0.1.4,D:\10. RQ1 DySec\Step 9 DownloadSelectedBenignPackages\Benign_Packages\textmining_module-0.1.4.tar.gz,tar,textmining_module-0.1.4/setup.py,1761,ast,1,1,setuptools
textui-0.2,D:\10. RQ1 DySec\Step 9 DownloadSelectedBenignPackages\Benign_Packages\textui-0.2.tar.gz,tar,textui-0.2/setup.py,925,ast,1,1,setuptools
tf-madgrad-1.0.2,D:\10. RQ1 DySec\Step 9 DownloadSelectedBenignPackages\Benign_Packages\tf-madgrad-1.0.2.tar.gz,tar,tf-madgrad-1.0.2/setup.py,1125,ast,2,2,os; setuptools
tfvit-2.1.0,D:\10. RQ1 DySec\Step 9 DownloadSelectedBenignPackages\Benign_Packages\tfvit-2.1.0.tar.gz,tar,tfvit-2.1.0/setup.py,1207,ast,2,3,pathlib; setuptools
tgsender-0.1.9,D:\10. RQ1 DySec\Step 9 DownloadSelectedBenignPackages\Benign_Packages\tgsender-0.1.9.tar.gz,tar,tgsender-0.1.9/setup.py,1618,ast,1,1,setuptools
tgtypes-0.1.1,D:\10. RQ1 DySec\Step 9 DownloadSelectedBenignPackages\Benign_Packages\tgtypes-0.1.1.tar.gz,tar,tgtypes-0.1.1/setup.py,896,ast,1,1,setuptools
thcolor-0.4,D:\10. RQ1 DySec\Step 9 DownloadSelectedBenignPackages\Benign_Packages\thcolor-0.4.tar.gz,tar,thcolor-0.4/setup.py,702,ast,2,2,setuptools; sphinx
the_teller-0.9.1,D:\10. RQ1 DySec\Step 9 DownloadSelectedBenignPackages\Benign_Packages\the_teller-0.9.1.tar.gz,tar,the_teller-0.9.1/setup.py,1172,ast,3,3,codecs; os; setuptools
thepasswordgenerator-1.2.1,D:\10. RQ1 DySec\Step 9 DownloadSelectedBenignPackages\Benign_Packages\thepasswordgenerator-1.2.1.tar.gz,tar,thepasswordgenerator-1.2.1/setup.py,1205,ast,2,2,pathlib; setuptools
therapi-0.0.4,D:\10. RQ1 DySec\Step 9 DownloadSelectedBenignPackages\Benign_Packages\therapi-0.0.4.tar.gz,tar,therapi-0.0.4/setup.py,1527,ast,1,1,setuptools
there-0.0.9,D:\10. RQ1 DySec\Step 9 DownloadSelectedBenignPackages\Benign_Packages\there-0.0.9.tar.gz,tar,there-0.0.9/setup.py,474,ast,1,1,distutils
thermoencoder-0.1.2,D:\10. RQ1 DySec\Step 9 DownloadSelectedBenignPackages\Benign_Packages\thermoencoder-0.1.2.tar.gz,tar,thermoencoder-0.1.2/setup.py,717,ast,2,2,os; setuptools
thermos-0.1.5,D:\10. RQ1 DySec\Step 9 DownloadSelectedBenignPackages\Benign_Packages\thermos-0.1.5.tar.gz,tar,thermos-0.1.5/setup.py,606,ast,1,3,distutils
thesr-0.0.9,D:\10. RQ1 DySec\Step 9 DownloadSelectedBenignPackages\Benign_Packages\thesr-0.0.9.tar.gz,tar,thesr-0.0.9/setup.py,845,ast,2,2,pathlib; setuptools
thetadata-0.9.9,D:\10. RQ1 DySec\Step 9 DownloadSelectedBenignPackages\Benign_Packages\thetadata-0.9.9.tar.gz,tar,thetadata-0.9.9/setup.py,138,ast,1,1,setuptools
thisspackage-0.0.1,D:\10. RQ1 DySec\Step 9 DownloadSelectedBenignPackages\Benign_Packages\thisspackage-0.0.1.tar.gz,tar,thisspackage-0.0.1/setup.py,286,ast,1,1,setuptools
thlink-backend-app-lib-0.6.3,D:\10. RQ1 DySec\Step 9 DownloadSelectedBenignPackages\Benign_Packages\thlink-backend-app-lib-0.6.3.tar.gz,tar,thlink-backend-app-lib-0.6.3/setup.py,628,ast,1,1,setuptools
thon-2.2,D:\10. RQ1 DySec\Step 9 DownloadSelectedBenignPackages\Benign_Packages\thon-2.2.tar.gz,tar,thon-2.2/setup.py,1254,ast,1,1,setuptools
threadit-1.2.3,D:\10. RQ1 DySec\Step 9 DownloadSelectedBenignPackages\Benign_Packages\threadit-1.2.3.tar.gz,tar,threadit-1.2.3/setup.py,1285,ast,1,1,setuptools
threadkiller-2.2.0,D:\10. RQ1 DySec\Step 9 DownloadSelectedBenignPackages\Benign_Packages\threadkiller-2.2.0.tar.gz,tar,threadkiller-2.2.0/setup.py,1080,ast,1,1,setuptools
threadpools-1.0.0,D:\10. RQ1 DySec\Step 9 DownloadSelectedBenignPackages\Benign_Packages\threadpools-1.0.0.tar.gz,tar,threadpools-1.0.0/setup.py,336,ast,1,1,setuptools
threatminer-1.0,D:\10. RQ1 DySec\Step 9 DownloadSelectedBenignPackages\Benign_Packages\threatminer-1.0.tar.gz,tar,threatminer-1.0/setup.py,448,ast,1,1,setuptools
three-0.8.0,D:\10. RQ1 DySec\Step 9 DownloadSelectedBenignPackages\Benign_Packages\three-0.8.0.tar.gz,tar,three-0.8.0/setup.py,940,ast,2,2,distutils; setuptools
thrift-0.20.0,D:\10. RQ1 DySec\Step 9 DownloadSelectedBenignPackages\Benign_Packages\thrift-0.20.0.tar.gz,tar,thrift-0.20.0/setup.py,4710,ast,4,6,distutils; os; setuptools; sys
thru-0.0.27,D:\10. RQ1 DySec\Step 9 DownloadSelectedBenignPackages\Benign_Packages\thru-0.0.27.tar.gz,tar,thru-0.0.27/setup.py,3472,ast,5,5,io; os; setuptools; shutil; sys
ti_sdk_python-1.3.30,D:\10. RQ1 DySec\Step 9 DownloadSelectedBenignPackages\Benign_Packages\ti_sdk_python-1.3.30.tar.gz,tar,ti_sdk_python-1.3.30/setup.py,1535,ast,2,2,__future__; setuptools
tibidi-0.3.1,D:\10. RQ1 DySec\Step 9 DownloadSelectedBenignPackages\Benign_Packages\tibidi-0.3.1.tar.gz,tar,tibidi-0.3.1/setup.py,2715,ast,1,1,setuptools
ticguide-0.5.2,D:\10. RQ1 DySec\Step 9 DownloadSelectedBenignPackages\Benign_Packages\ticguide-0.5.2.tar.gz,tar,ticguide-0.5.2/setup.py,1102,ast,1,1,setuptools
tickstore-python-client-1.0.5,D:\10. RQ1 DySec\Step 9 DownloadSelectedBenignPackages\Benign_Packages\tickstore-python-client-1.0.5.tar.gz,tar,tickstore-python-client-1.0.5/setup.py,442,ast,1,1,setuptools
tidygrad-0.0.1,D:\10. RQ1 DySec\Step 9 DownloadSelectedBenignPackages\Benign_Packages\tidygrad-0.0.1.tar.gz,tar,tidygrad-0.0.1/setup.py,2596,ast,4,4,configparser; pkg_resources; setuptools; shlex
tigran_test2-0.1,D:\10. RQ1 DySec\Step 9 DownloadSelectedBenignPackages\Benign_Packages\tigran_test2-0.1.tar.gz,tar,tigran_test2-0.1/setup.py,248,ast,1,1,setuptools
tiktok-api-0.10.5,D:\10. RQ1 DySec\Step 9 DownloadSelectedBenignPackages\Benign_Packages\tiktok-api-0.10.5.tar.gz,tar,tiktok-api-0.10.5/setup.py,1273,ast,3,3,codecs; os; setuptools
tiktok_bot-0.6.4,D:\10. RQ1 DySec\Step 9 DownloadSelectedBenignPackages\Benign_Packages\tiktok_bot-0.6.4.tar.gz,tar,tiktok_bot-0.6.4/setup.py,2259,ast,1,1,setuptools
tiktoken-0.7.0,D:\10. RQ1 DySec\Step 9 DownloadSelectedBenignPackages\Benign_Packages\tiktoken-0.7.0.tar.gz,tar,tiktoken-0.7.0/setup.py,539,ast,2,2,setuptools; setuptools_rust
tiktoktts-1.2,D:\10. RQ1 DySec\Step 9 DownloadSelectedBenignPackages\Benign_Packages\tiktoktts-1.2.tar.gz,tar,tiktoktts-1.2/setup.py,288,ast,1,1,setuptools
tiktokx-0.1.4,D:\10. RQ1 DySec\Step 9 DownloadSelectedBenignPackages\Benign_Packages\tiktokx-0.1.4.tar.gz,tar,tiktokx-0.1.4/setup.py,628,ast,1,1,setuptools
tilecontrol-0.1.6,D:\10. RQ1 DySec\Step 9 DownloadSelectedBenignPackages\Benign_Packages\tilecontrol-0.1.6.tar.gz,tar,tilecontrol-0.1.6/setup.py,934,ast,2,2,codecs; setuptools
tiletool-1.2.0,D:\10. RQ1 DySec\Step 9 DownloadSelectedBenignPackages\Benign_Packages\tiletool-1.2.0.tar.gz,tar,tiletool-1.2.0/setup.py,884,ast,1,2,setuptools
time_machine-2.15.0,D:\10. RQ1 DySec\Step 9 DownloadSelectedBenignPackages\Benign_Packages\time_machine-2.15.0.tar.gz,tar,time_machine-2.15.0/setup.py,395,ast,3,4,__future__; setuptools; sys
timeandplace-1.1.0,D:\10. RQ1 DySec\Step 9 DownloadSelectedBenignPackages\Benign_Packages\timeandplace-1.1.0.tar.gz,tar,timeandplace-1.1.0/setup.py,1466,ast,3,3,distutils; os; setuptools
timecontrol-0.2.2,D:\10. RQ1 DySec\Step 9 DownloadSelectedBenignPackages\Benign_Packages\timecontrol-0.2.2.tar.gz,tar,timecontrol-0.2.2/setup.py,3268,ast,4,4,runpy; setuptools; subprocess; sys
timekill-0.1.0,D:\10. RQ1 DySec\Step 9 DownloadSelectedBenignPackages\Benign_Packages\timekill-0.1.0.tar.gz,tar,timekill-0.1.0/setup.py,5913,ast,1,1,setuptools
timerpy-1.1.0,D:\10. RQ1 DySec\Step 9 DownloadSelectedBenignPackages\Benign_Packages\timerpy-1.1.0.tar.gz,tar,timerpy-1.1.0/setup.py,683,ast,3,3,distutils; setuptools; timerpy
timestamp-0.0.1,D:\10. RQ1 DySec\Step 9 DownloadSelectedBenignPackages\Benign_Packages\timestamp-0.0.1.tar.gz,tar,timestamp-0.0.1/setup.py,316,ast,1,1,distutils
timestramp-0.0.5,D:\10. RQ1 DySec\Step 9 DownloadSelectedBenignPackages\Benign_Packages\timestramp-0.0.5.tar.gz,tar,timestramp-0.0.5/setup.py,723,ast,1,1,setuptools
timestring-1.6.4,D:\10. RQ1 DySec\Step 9 DownloadSelectedBenignPackages\Benign_Packages\timestring-1.6.4.tar.gz,tar,timestring-1.6.4/setup.py,1336,ast,1,1,setuptools
timetracker-0.1,D:\10. RQ1 DySec\Step 9 DownloadSelectedBenignPackages\Benign_Packages\timetracker-0.1.tar.gz,tar,timetracker-0.1/setup.py,656,ast,1,1,distutils
tiny-0.1.3,D:\10. RQ1 DySec\Step 9 DownloadSelectedBenignPackages\Benign_Packages\tiny-0.1.3.tar.gz,tar,tiny-0.1.3/setup.py,316,ast,1,1,setuptools
tiny_proxy-0.2.1,D:\10. RQ1 DySec\Step 9 DownloadSelectedBenignPackages\Benign_Packages\tiny_proxy-0.2.1.tar.gz,tar,tiny_proxy-0.2.1/setup.py,1179,ast,4,4,os; re; setuptools; sys
tinybrain-1.6.0,D:\10. RQ1 DySec\Step 9 DownloadSelectedBenignPackages\Benign_Packages\tinybrain-1.6.0.tar.gz,tar,tinybrain-1.6.0/setup.py,1146,ast,4,4,numpy; platform; setuptools; sys
tinyconf-0.3.0,D:\10. RQ1 DySec\Step 9 DownloadSelectedBenignPackages\Benign_Packages\tinyconf-0.3.0.tar.gz,tar,tinyconf-0.3.0/setup.py,1026,ast,1,1,setuptools
tinymind-0.0.1,D:\10. RQ1 DySec\Step 9 DownloadSelectedBenignPackages\Benign_Packages\tinymind-0.0.1.tar.gz,tar,tinymind-0.0.1/setup.py,612,ast,1,1,setuptools
tinynetrc-1.3.1,D:\10. RQ1 DySec\Step 9 DownloadSelectedBenignPackages\Benign_Packages\tinynetrc-1.3.1.tar.gz,tar,tinynetrc-1.3.1/setup.py,1750,ast,2,2,re; setuptools
tinypost-0.0.3,D:\10. RQ1 DySec\Step 9 DownloadSelectedBenignPackages\Benign_Packages\tinypost-0.0.3.tar.gz,tar,tinypost-0.0.3/setup.py,907,ast,2,2,os; setuptools
tinys3-0.1.9,D:\10. RQ1 DySec\Step 9 DownloadSelectedBenignPackages\Benign_Packages\tinys3-0.1.9.zip,zip,tinys3-0.1.9/setup.py,842,ast,1,1,distutils
tiops-0.1.0,D:\10. RQ1 DySec\Step 9 DownloadSelectedBenignPackages\Benign_Packages\tiops-0.1.0.tar.gz,tar,tiops-0.1.0/setup.py,516,ast,1,1,setuptools
tips-perflib-0.1.2,D:\10. RQ1 DySec\Step 9 DownloadSelectedBenignPackages\Benign_Packages\tips-perflib-0.1.2.tar.gz,tar,tips-perflib-0.1.2/setup.py,830,ast,1,1,setuptools
tispost-0.1.0,D:\10. RQ1 DySec\Step 9 DownloadSelectedBenignPackages\Benign_Packages\tispost-0.1.0.tar.gz,tar,tispost-0.1.0/setup.py,2425,ast,5,5,os; pathlib; re; setuptools; sys
titus-0.8.4,D:\10. RQ1 DySec\Step 9 DownloadSelectedBenignPackages\Benign_Packages\titus-0.8.4.tar.gz,tar,titus-0.8.4/setup.py,2847,ast,2,2,setuptools; titus
tk64-0.1,D:\10. RQ1 DySec\Step 9 DownloadSelectedBenignPackages\Benign_Packages\tk64-0.1.tar.gz,tar,tk64-0.1/setup.py,578,ast,1,1,distutils
tkcalendar-1.6.1,D:\10. RQ1 DySec\Step 9 DownloadSelectedBenignPackages\Benign_Packages\tkcalendar-1.6.1.tar.gz,tar,tkcalendar-1.6.1/setup.py,1410,ast,3,3,codecs; os; setuptools
tkinter-input-box-1.0.2,D:\10. RQ1 DySec\Step 9 DownloadSelectedBenignPackages\Benign_Packages\tkinter-input-box-1.0.2.tar.gz,tar,tkinter-input-box-1.0.2/setup.py,303,ast,1,1,setuptools
tkinterpp-0.1,D:\10. RQ1 DySec\Step 9 DownloadSelectedBenignPackages\Benign_Packages\tkinterpp-0.1.tar.gz,tar,tkinterpp-0.1/setup.py,974,ast,1,1,distutils
tkinterx-0.0.9,D:\10. RQ1 DySec\Step 9 DownloadSelectedBenignPackages\Benign_Packages\tkinterx-0.0.9.tar.gz,tar,tkinterx-0.0.9/setup.py,930,ast,1,1,setuptools
tkwriter-1.0.1,D:\10. RQ1 DySec\Step 9 DownloadSelectedBenignPackages\Benign_Packages\tkwriter-1.0.1.tar.gz,tar,tkwriter-1.0.1/setup.py,1227,ast,1,1,setuptools
tls_client-1.0.1,D:\10. RQ1 DySec\Step 9 DownloadSelectedBenignPackages\Benign_Packages\tls_client-1.0.1.tar.gz,tar,tls_client-1.0.1/setup.py,1894,ast,5,5,codecs; glob; os; setuptools; sys
tminterface-1.0.2,D:\10. RQ1 DySec\Step 9 DownloadSelectedBenignPackages\Benign_Packages\tminterface-1.0.2.tar.gz,tar,tminterface-1.0.2/setup.py,1032,ast,1,1,distutils
tmtoolkit-0.9.0rc3,D:\10. RQ1 DySec\Step 9 DownloadSelectedBenignPackages\Benign_Packages\tmtoolkit-0.9.0rc3.tar.gz,tar,tmtoolkit-0.9.0rc3/setup.py,2522,ast,3,3,codecs; os; setuptools
tmux-control-2024.5.8.1442,D:\10. RQ1 DySec\Step 9 DownloadSelectedBenignPackages\Benign_Packages\tmux-control-2024.5.8.1442.tar.gz,tar,tmux-control-2024.5.8.1442/setup.py,1118,ast,3,4,os; pypandoc; setuptools
tnetwork-1.2,D:\10. RQ1 DySec\Step 9 DownloadSelectedBenignPackages\Benign_Packages\tnetwork-1.2.tar.gz,tar,tnetwork-1.2/setup.py,2523,ast,3,3,codecs; os; setuptools
tnetwork-1.2,D:\10. RQ1 DySec\Step 9 DownloadSelectedBenignPackages\Benign_Packages\tnetwork-1.2.tar.gz,tar,tnetwork-1.2/tnetwork/DCD/externals/GenLouvain-master/GenLouvain/for_redistribution_files_only/setup.py,957,ast,1,3,distutils
tnetwork-1.2,D:\10. RQ1 DySec\Step 9 DownloadSelectedBenignPackages\Benign_Packages\tnetwork-1.2.tar.gz,tar,tnetwork-1.2/tnetwork/DCD/externals/GenLouvain-master/GenLouvain/for_testing/setup.py,957,ast,1,3,distutils
to_literal-1.1.2,D:\10. RQ1 DySec\Step 9 DownloadSelectedBenignPackages\Benign_Packages\to_literal-1.1.2.tar.gz,tar,to_literal-1.1.2/setup.py,587,ast,1,1,setuptools
todopy2-1.3,D:\10. RQ1 DySec\Step 9 DownloadSelectedBenignPackages\Benign_Packages\todopy2-1.3.tar.gz,tar,todopy2-1.3/setup.py,1094,ast,2,2,os; setuptools
toga_style-4.0.0,D:\10. RQ1 DySec\Step 9 DownloadSelectedBenignPackages\Benign_Packages\toga_style-4.0.0.tar.gz,tar,toga_style-4.0.0/setup.py,1579,ast,3,3,codecs; os; setuptools
togamemaker-0.0.3,D:\10. RQ1 DySec\Step 9 DownloadSelectedBenignPackages\Benign_Packages\togamemaker-0.0.3.tar.gz,tar,togamemaker-0.0.3/setup.py,247,ast,2,2,pathlib; setuptools
togpush-1.1.9,D:\10. RQ1 DySec\Step 9 DownloadSelectedBenignPackages\Benign_Packages\togpush-1.1.9.tar.gz,tar,togpush-1.1.9/setup.py,934,ast,1,1,setuptools
toil-msk-3.21.1,D:\10. RQ1 DySec\Step 9 DownloadSelectedBenignPackages\Benign_Packages\toil-msk-3.21.1.tar.gz,tar,toil-msk-3.21.1/setup.py,7798,ast,7,7,errno; imp; os; setuptools; sys; tempfile; version_template
Token-1.8.6,D:\10. RQ1 DySec\Step 9 DownloadSelectedBenignPackages\Benign_Packages\Token-1.8.6.tar.gz,tar,Token-1.8.6/Token/generated/bank/setup.py,674,ast,2,2,setuptools; sys
Token-1.8.6,D:\10. RQ1 DySec\Step 9 DownloadSelectedBenignPackages\Benign_Packages\Token-1.8.6.tar.gz,tar,Token-1.8.6/Token/generated/provider/setup.py,686,ast,2,2,setuptools; sys
Token-1.8.6,D:\10. RQ1 DySec\Step 9 DownloadSelectedBenignPackages\Benign_Packages\Token-1.8.6.tar.gz,tar,Token-1.8.6/Token/generated/alias/setup.py,677,ast,2,2,setuptools; sys
Token-1.8.6,D:\10. RQ1 DySec\Step 9 DownloadSelectedBenignPackages\Benign_Packages\Token-1.8.6.tar.gz,tar,Token-1.8.6/setup.py,705,ast,2,2,setuptools; sys
tokenauth-0.9.1,D:\10. RQ1 DySec\Step 9 DownloadSelectedBenignPackages\Benign_Packages\tokenauth-0.9.1.tar.gz,tar,tokenauth-0.9.1/setup.py,1502,ast,2,2,distutils; os
tokenization-1.0.7,D:\10. RQ1 DySec\Step 9 DownloadSelectedBenignPackages\Benign_Packages\tokenization-1.0.7.tar.gz,tar,tokenization-1.0.7/setup.py,665,ast,2,2,distutils; setuptools
tokenpy-1.0.5,D:\10. RQ1 DySec\Step 9 DownloadSelectedBenignPackages\Benign_Packages\tokenpy-1.0.5.tar.gz,tar,tokenpy-1.0.5/setup.py,880,ast,1,1,setuptools
toloka-client-66.0.3,D:\10. RQ1 DySec\Step 9 DownloadSelectedBenignPackages\Benign_Packages\toloka-client-66.0.3.tar.gz,tar,toloka-client-66.0.3/setup.py,817,ast,1,2,setuptools
toloka_operators-66.0.3,D:\10. RQ1 DySec\Step 9 DownloadSelectedBenignPackages\Benign_Packages\toloka_operators-66.0.3.tar.gz,tar,toloka_operators-66.0.3/setup.py,823,ast,1,2,setuptools
toml-0.10.2,D:\10. RQ1 DySec\Step 9 DownloadSelectedBenignPackages\Benign_Packages\toml-0.10.2.tar.gz,tar,toml-0.10.2/setup.py,1485,ast,3,3,distutils; setuptools; toml
tommy-0.1,D:\10. RQ1 DySec\Step 9 DownloadSelectedBenignPackages\Benign_Packages\tommy-0.1.tar.gz,tar,tommy-0.1/setup.py,347,ast,1,1,setuptools
tommy_time-0.1.0,D:\10. RQ1 DySec\Step 9 DownloadSelectedBenignPackages\Benign_Packages\tommy_time-0.1.0.tar.gz,tar,tommy_time-0.1.0/setup.py,602,ast,1,1,setuptools
tompoes-0.0.5,D:\10. RQ1 DySec\Step 9 DownloadSelectedBenignPackages\Benign_Packages\tompoes-0.0.5.tar.gz,tar,tompoes-0.0.5/setup.py,1558,ast,1,1,setuptools
ton-client-py-1.8.0.0,D:\10. RQ1 DySec\Step 9 DownloadSelectedBenignPackages\Benign_Packages\ton-client-py-1.8.0.0.tar.gz,tar,ton-client-py-1.8.0.0/setup.py,693,ast,1,1,setuptools
tonggong-1.0.0,D:\10. RQ1 DySec\Step 9 DownloadSelectedBenignPackages\Benign_Packages\tonggong-1.0.0.tar.gz,tar,tonggong-1.0.0/setup.py,853,ast,1,1,setuptools
toolbelt-0.1.0,D:\10. RQ1 DySec\Step 9 DownloadSelectedBenignPackages\Benign_Packages\toolbelt-0.1.0.tar.gz,tar,toolbelt-0.1.0/setup.py,890,ast,5,5,distutils; os; setuptools; sys; versioneer
toolgui-0.0.9,D:\10. RQ1 DySec\Step 9 DownloadSelectedBenignPackages\Benign_Packages\toolgui-0.0.9.tar.gz,tar,toolgui-0.0.9/setup.py,715,ast,1,1,setuptools
toolib-0.1.1,D:\10. RQ1 DySec\Step 9 DownloadSelectedBenignPackages\Benign_Packages\toolib-0.1.1.tar.gz,tar,toolib-0.1.1/setup.py,481,ast,1,1,setuptools
toolip-0.2,D:\10. RQ1 DySec\Step 9 DownloadSelectedBenignPackages\Benign_Packages\toolip-0.2.tar.gz,tar,toolip-0.2/setup.py,504,ast,1,1,distutils
toolkit-0.0.3,D:\10. RQ1 DySec\Step 9 DownloadSelectedBenignPackages\Benign_Packages\toolkit-0.0.3.tar.gz,tar,toolkit-0.0.3/setup.py,708,ast,1,1,setuptools
toolnvt-1.0.0,D:\10. RQ1 DySec\Step 9 DownloadSelectedBenignPackages\Benign_Packages\toolnvt-1.0.0.tar.gz,tar,toolnvt-1.0.0/setup.py,402,ast,1,1,setuptools
toolsbox-1.18.11.19.2,D:\10. RQ1 DySec\Step 9 DownloadSelectedBenignPackages\Benign_Packages\toolsbox-1.18.11.19.2.tar.gz,tar,toolsbox-1.18.11.19.2/setup.py,650,ast,1,1,setuptools
Toolserver-0.4.1,D:\10. RQ1 DySec\Step 9 DownloadSelectedBenignPackages\Benign_Packages\Toolserver-0.4.1.tar.gz,tar,Toolserver-0.4.1/setup.py,736,ast,1,1,setuptools
toolsgram-0.0.1,D:\10. RQ1 DySec\Step 9 DownloadSelectedBenignPackages\Benign_Packages\toolsgram-0.0.1.tar.gz,tar,toolsgram-0.0.1/setup.py,756,ast,2,2,setuptools; version
toolshed-0.4.6,D:\10. RQ1 DySec\Step 9 DownloadSelectedBenignPackages\Benign_Packages\toolshed-0.4.6.tar.gz,tar,toolshed-0.4.6/setup.py,2078,ast,6,6,ast; ez_setup; multiprocessing; os; setuptools; sys
tooltip-1.0.0,D:\10. RQ1 DySec\Step 9 DownloadSelectedBenignPackages\Benign_Packages\tooltip-1.0.0.tar.gz,tar,tooltip-1.0.0/setup.py,851,ast,1,1,setuptools
tooltodn-1.5,D:\10. RQ1 DySec\Step 9 DownloadSelectedBenignPackages\Benign_Packages\tooltodn-1.5.tar.gz,tar,tooltodn-1.5/setup.py,1047,ast,3,5,distutils; os; setuptools
tooltodna-1.3,D:\10. RQ1 DySec\Step 9 DownloadSelectedBenignPackages\Benign_Packages\tooltodna-1.3.tar.gz,tar,tooltodna-1.3/setup.py,1043,ast,3,5,distutils; os; setuptools
toolwiki-0.1.9,D:\10. RQ1 DySec\Step 9 DownloadSelectedBenignPackages\Benign_Packages\toolwiki-0.1.9.tar.gz,tar,toolwiki-0.1.9/setup.py,1258,ast,2,2,pathlib; setuptools
toolz-0.12.1,D:\10. RQ1 DySec\Step 9 DownloadSelectedBenignPackages\Benign_Packages\toolz-0.12.1.tar.gz,tar,toolz-0.12.1/setup.py,1541,ast,3,3,os; setuptools; versioneer
topsis-ishaan-1.0.0,D:\10. RQ1 DySec\Step 9 DownloadSelectedBenignPackages\Benign_Packages\topsis-ishaan-1.0.0.tar.gz,tar,topsis-ishaan-1.0.0/setup.py,821,ast,1,1,setuptools
topython-0.3,D:\10. RQ1 DySec\Step 9 DownloadSelectedBenignPackages\Benign_Packages\topython-0.3.tar.gz,tar,topython-0.3/setup.py,857,ast,1,1,setuptools
torchsplit-0.0.8,D:\10. RQ1 DySec\Step 9 DownloadSelectedBenignPackages\Benign_Packages\torchsplit-0.0.8.tar.gz,tar,torchsplit-0.0.8/setup.py,917,ast,1,1,setuptools
torelib-1.0.1,D:\10. RQ1 DySec\Step 9 DownloadSelectedBenignPackages\Benign_Packages\torelib-1.0.1.tar.gz,tar,torelib-1.0.1/setup.py,2021,ast,2,2,os; setuptools
tornado-6.4.1,D:\10. RQ1 DySec\Step 9 DownloadSelectedBenignPackages\Benign_Packages\tornado-6.4.1.tar.gz,tar,tornado-6.4.1/setup.py,4077,ast,4,4,os; platform; setuptools; wheel
tornfoursquare-0.0.1,D:\10. RQ1 DySec\Step 9 DownloadSelectedBenignPackages\Benign_Packages\tornfoursquare-0.0.1.tar.gz,tar,tornfoursquare-0.0.1/setup.py,764,ast,1,1,setuptools
torrent-bencode-0.2,D:\10. RQ1 DySec\Step 9 DownloadSelectedBenignPackages\Benign_Packages\torrent-bencode-0.2.tar.gz,tar,torrent-bencode-0.2/setup.py,406,ast,1,1,setuptools
torrequests-1.1.8,D:\10. RQ1 DySec\Step 9 DownloadSelectedBenignPackages\Benign_Packages\torrequests-1.1.8.zip,zip,torrequests-1.1.8/setup.py,766,ast,1,1,setuptools
toxicjasmine-0.2.3,D:\10. RQ1 DySec\Step 9 DownloadSelectedBenignPackages\Benign_Packages\toxicjasmine-0.2.3.tar.gz,tar,toxicjasmine-0.2.3/setup.py,1168,ast,1,1,setuptools
tpapi-0.2,D:\10. RQ1 DySec\Step 9 DownloadSelectedBenignPackages\Benign_Packages\tpapi-0.2.tar.gz,tar,tpapi-0.2/setup.py,309,ast,1,1,distutils
tpDcc-config-0.0.9,D:\10. RQ1 DySec\Step 9 DownloadSelectedBenignPackages\Benign_Packages\tpDcc-config-0.0.9.tar.gz,tar,tpDcc-config-0.0.9/setup.py,124,ast,2,2,setuptools; versioneer
tpDcc-libs-datalibrary-0.0.1,D:\10. RQ1 DySec\Step 9 DownloadSelectedBenignPackages\Benign_Packages\tpDcc-libs-datalibrary-0.0.1.tar.gz,tar,tpDcc-libs-datalibrary-0.0.1/setup.py,124,ast,2,2,setuptools; versioneer
tpdcclib-0.0.9,D:\10. RQ1 DySec\Step 9 DownloadSelectedBenignPackages\Benign_Packages\tpdcclib-0.0.9.tar.gz,tar,tpdcclib-0.0.9/setup.py,39,ast,1,1,setuptools
tplate-1.2.1,D:\10. RQ1 DySec\Step 9 DownloadSelectedBenignPackages\Benign_Packages\tplate-1.2.1.tar.gz,tar,tplate-1.2.1/setup.py,575,ast,1,1,setuptools
tplbuild-0.1.3,D:\10. RQ1 DySec\Step 9 DownloadSelectedBenignPackages\Benign_Packages\tplbuild-0.1.3.tar.gz,tar,tplbuild-0.1.3/setup.py,61,ast,1,1,setuptools
tpljson-0.1.5,D:\10. RQ1 DySec\Step 9 DownloadSelectedBenignPackages\Benign_Packages\tpljson-0.1.5.tar.gz,tar,tpljson-0.1.5/setup.py,1371,ast,1,1,setuptools
tpltable-0.3.5,D:\10. RQ1 DySec\Step 9 DownloadSelectedBenignPackages\Benign_Packages\tpltable-0.3.5.tar.gz,tar,tpltable-0.3.5/setup.py,767,ast,1,1,setuptools
tpmayalib-0.0.9,D:\10. RQ1 DySec\Step 9 DownloadSelectedBenignPackages\Benign_Packages\tpmayalib-0.0.9.tar.gz,tar,tpmayalib-0.0.9/setup.py,38,ast,1,1,setuptools
tpnameit-0.0.9,D:\10. RQ1 DySec\Step 9 DownloadSelectedBenignPackages\Benign_Packages\tpnameit-0.0.9.tar.gz,tar,tpnameit-0.0.9/setup.py,38,ast,1,1,setuptools
tppyutils-0.0.9,D:\10. RQ1 DySec\Step 9 DownloadSelectedBenignPackages\Benign_Packages\tppyutils-0.0.9.tar.gz,tar,tppyutils-0.0.9/setup.py,38,ast,1,1,setuptools
tpreprocessing-0.0.1,D:\10. RQ1 DySec\Step 9 DownloadSelectedBenignPackages\Benign_Packages\tpreprocessing-0.0.1.tar.gz,tar,tpreprocessing-0.0.1/setup.py,753,ast,1,1,setuptools
tprint-1.0.1,D:\10. RQ1 DySec\Step 9 DownloadSelectedBenignPackages\Benign_Packages\tprint-1.0.1.tar.gz,tar,tprint-1.0/setup.py,956,ast,4,4,codecs; os; setuptools; sys
tprofile-0.0.9,D:\10. RQ1 DySec\Step 9 DownloadSelectedBenignPackages\Benign_Packages\tprofile-0.0.9.tar.gz,tar,tprofile-0.0.9/setup.py,593,ast,1,1,setuptools
tpsisar18-0.0.2,D:\10. RQ1 DySec\Step 9 DownloadSelectedBenignPackages\Benign_Packages\tpsisar18-0.0.2.tar.gz,tar,tpsisar18-0.0.2/setup.py,777,ast,1,1,setuptools
tpucare-0.5.0,D:\10. RQ1 DySec\Step 9 DownloadSelectedBenignPackages\Benign_Packages\tpucare-0.5.0.tar.gz,tar,tpucare-0.5.0/setup.py,1106,ast,1,1,setuptools
trace-engine-0.0.1,D:\10. RQ1 DySec\Step 9 DownloadSelectedBenignPackages\Benign_Packages\trace-engine-0.0.1.tar.gz,tar,trace-engine-0.0.1/setup.py,3786,ast,6,6,__future__; codecs; os; pypandoc; setuptools; sys
tracerlib-0.1,D:\10. RQ1 DySec\Step 9 DownloadSelectedBenignPackages\Benign_Packages\tracerlib-0.1.tar.gz,tar,tracerlib-0.1/setup.py,497,ast,1,1,distutils
track-duplicates-0.0.1,D:\10. RQ1 DySec\Step 9 DownloadSelectedBenignPackages\Benign_Packages\track-duplicates-0.0.1.tar.gz,tar,track-duplicates-0.0.1/setup.py,1022,ast,2,2,setuptools; versioneer
trackerjacker-2.0.5,D:\10. RQ1 DySec\Step 9 DownloadSelectedBenignPackages\Benign_Packages\trackerjacker-2.0.5.tar.gz,tar,trackerjacker-2.0.5/setup.py,2215,ast,2,2,pypandoc; setuptools
trackhand-2.0,D:\10. RQ1 DySec\Step 9 DownloadSelectedBenignPackages\Benign_Packages\trackhand-2.0.tar.gz,tar,trackhand-2.0/setup.py,637,ast,1,1,setuptools
trackinglog-0.1.1,D:\10. RQ1 DySec\Step 9 DownloadSelectedBenignPackages\Benign_Packages\trackinglog-0.1.1.tar.gz,tar,trackinglog-0.1.1/setup.py,465,ast,1,1,setuptools
trackintel-1.3.1,D:\10. RQ1 DySec\Step 9 DownloadSelectedBenignPackages\Benign_Packages\trackintel-1.3.1.tar.gz,tar,trackintel-1.3.1/setup.py,2971,ast,3,3,io; os; setuptools
tractorcan-0.1,D:\10. RQ1 DySec\Step 9 DownloadSelectedBenignPackages\Benign_Packages\tractorcan-0.1.tar.gz,tar,tractorcan-0.1/setup.py,622,ast,1,1,setuptools
tradepy-0.0.0,D:\10. RQ1 DySec\Step 9 DownloadSelectedBenignPackages\Benign_Packages\tradepy-0.0.0.tar.gz,tar,tradepy-0.0.0/setup.py,622,ast,4,4,os; setuptools; sys; version
trafficshaper-0.1.0,D:\10. RQ1 DySec\Step 9 DownloadSelectedBenignPackages\Benign_Packages\trafficshaper-0.1.0.tar.gz,tar,trafficshaper-0.1.0/setup.py,1945,ast,1,1,setuptools
traint-0.1.4,D:\10. RQ1 DySec\Step 9 DownloadSelectedBenignPackages\Benign_Packages\traint-0.1.4.tar.gz,tar,traint-0.1.4/setup.py,1145,ast,2,2,pathlib; setuptools
trame-matplotlib-2.0.3,D:\10. RQ1 DySec\Step 9 DownloadSelectedBenignPackages\Benign_Packages\trame-matplotlib-2.0.3.tar.gz,tar,trame-matplotlib-2.0.3/setup.py,38,ast,1,1,setuptools
trampolino-0.1.9,D:\10. RQ1 DySec\Step 9 DownloadSelectedBenignPackages\Benign_Packages\trampolino-0.1.9.tar.gz,tar,trampolino-0.1.9/setup.py,1792,ast,1,1,setuptools
tramtracker-0.1,D:\10. RQ1 DySec\Step 9 DownloadSelectedBenignPackages\Benign_Packages\tramtracker-0.1.tar.gz,tar,tramtracker-0.1/setup.py,858,ast,1,1,setuptools
trand-23.5.30,D:\10. RQ1 DySec\Step 9 DownloadSelectedBenignPackages\Benign_Packages\trand-23.5.30.tar.gz,tar,trand-23.5.30/setup.py,94,ast,1,1,setuptools
tranquilo-0.0.5,D:\10. RQ1 DySec\Step 9 DownloadSelectedBenignPackages\Benign_Packages\tranquilo-0.0.5.tar.gz,tar,tranquilo-0.0.5/setup.py,69,ast,1,1,setuptools
transcend-1.3.9,D:\10. RQ1 DySec\Step 9 DownloadSelectedBenignPackages\Benign_Packages\transcend-1.3.9.tar.gz,tar,transcend-1.3.9/setup.py,388,ast,1,1,setuptools
transcend-py-0.1.9,D:\10. RQ1 DySec\Step 9 DownloadSelectedBenignPackages\Benign_Packages\transcend-py-0.1.9.tar.gz,tar,transcend-py-0.1.9/setup.py,1633,ast,4,4,os; setuptools; sys; uuid
transencoding-0.1.0,D:\10. RQ1 DySec\Step 9 DownloadSelectedBenignPackages\Benign_Packages\transencoding-0.1.0.tar.gz,tar,transencoding-0.1.0/setup.py,1236,ast,3,4,io; os; setuptools
transformers-4.44.2,D:\10. RQ1 DySec\Step 9 DownloadSelectedBenignPackages\Benign_Packages\transformers-4.44.2.tar.gz,tar,transformers-4.44.2/setup.py,16625,ast,5,5,os; pathlib; re; setuptools; shutil
translate-3.6.1,D:\10. RQ1 DySec\Step 9 DownloadSelectedBenignPackages\Benign_Packages\translate-3.6.1.tar.gz,tar,translate-3.6.1/setup.py,3284,ast,4,4,codecs; os; re; setuptools
translitua-1.3.2,D:\10. RQ1 DySec\Step 9 DownloadSelectedBenignPackages\Benign_Packages\translitua-1.3.2.tar.gz,tar,translitua-1.3.2/setup.py,1741,ast,4,4,codecs; os; setuptools; translitua
transloadit-1.0.1,D:\10. RQ1 DySec\Step 9 DownloadSelectedBenignPackages\Benign_Packages\transloadit-1.0.1.tar.gz,tar,transloadit-1.0.1/setup.py,553,ast,1,1,setuptools
transpyle-0.8.0,D:\10. RQ1 DySec\Step 9 DownloadSelectedBenignPackages\Benign_Packages\transpyle-0.8.0.tar.gz,tar,transpyle-0.8.0/setup.py,1622,ast,3,3,json; pathlib; setup_boilerplate
transpyler-0.5.0,D:\10. RQ1 DySec\Step 9 DownloadSelectedBenignPackages\Benign_Packages\transpyler-0.5.0.tar.gz,tar,transpyler-0.5.0/setup.py,2111,ast,4,4,codecs; os; re; setuptools
transpyler-0.5.0,D:\10. RQ1 DySec\Step 9 DownloadSelectedBenignPackages\Benign_Packages\transpyler-0.5.0.tar.gz,tar,transpyler-0.5.0/src/transpyler/jupyter/setup.py,689,ast,4,4,ipykernel; jupyter_client; os; sys
transtimegrad-1.0,D:\10. RQ1 DySec\Step 9 DownloadSelectedBenignPackages\Benign_Packages\transtimegrad-1.0.tar.gz,tar,transtimegrad-1.0/setup.py,883,ast,1,1,setuptools
trashpanda-1.2.0,D:\10. RQ1 DySec\Step 9 DownloadSelectedBenignPackages\Benign_Packages\trashpanda-1.2.0.tar.gz,tar,trashpanda-1.2.0/setup.py,129,ast,1,1,setuptools
tratools-0.0.4.dev0,D:\10. RQ1 DySec\Step 9 DownloadSelectedBenignPackages\Benign_Packages\tratools-0.0.4.dev0.tar.gz,tar,tratools-0.0.4.dev0/setup.py,2891,ast,2,2,setuptools; setuptools_scm
traVer-1.1.0,D:\10. RQ1 DySec\Step 9 DownloadSelectedBenignPackages\Benign_Packages\traVer-1.1.0.tar.gz,tar,traVer-1.1.0/setup.py,2867,ast,5,6,distutils; glob; os; setuptools; shutil
travis-0.0.3,D:\10. RQ1 DySec\Step 9 DownloadSelectedBenignPackages\Benign_Packages\travis-0.0.3.tar.gz,tar,travis-0.0.3/setup.py,4432,regex,3,5,codecs; os; setuptools
travis-runner-0.6.0,D:\10. RQ1 DySec\Step 9 DownloadSelectedBenignPackages\Benign_Packages\travis-runner-0.6.0.zip,zip,travis-runner-0.6.0/setup.py,965,ast,1,1,setuptools
treesnake-0.1.0,D:\10. RQ1 DySec\Step 9 DownloadSelectedBenignPackages\Benign_Packages\treesnake-0.1.0.tar.gz,tar,treesnake-0.1.0/setup.py,340,ast,1,1,setuptools
treesum-0.3.3,D:\10. RQ1 DySec\Step 9 DownloadSelectedBenignPackages\Benign_Packages\treesum-0.3.3.tar.gz,tar,treesum-0.3.3/setup.py,591,ast,2,2,distutils; pathlib
trekpy-0.0.6,D:\10. RQ1 DySec\Step 9 DownloadSelectedBenignPackages\Benign_Packages\trekpy-0.0.6.tar.gz,tar,trekpy-0.0.6/setup.py,1054,ast,2,2,pathlib; setuptools
trellisplot-0.0.5,D:\10. RQ1 DySec\Step 9 DownloadSelectedBenignPackages\Benign_Packages\trellisplot-0.0.5.tar.gz,tar,trellisplot-0.0.5/setup.py,888,ast,1,1,setuptools
trello-track-0.0.1,D:\10. RQ1 DySec\Step 9 DownloadSelectedBenignPackages\Benign_Packages\trello-track-0.0.1.tar.gz,tar,trello-track-0.0.1/setup.py,648,ast,1,1,setuptools
trendy-0.3.0,D:\10. RQ1 DySec\Step 9 DownloadSelectedBenignPackages\Benign_Packages\trendy-0.3.0.zip,zip,trendy-0.3.0/setup.py,732,ast,2,2,setuptools; trendy
trequests-0.9.5,D:\10. RQ1 DySec\Step 9 DownloadSelectedBenignPackages\Benign_Packages\trequests-0.9.5.tar.gz,tar,trequests-0.9.5/setup.py,911,ast,3,4,ez_setup; os; setuptools
tribe-client-1.1.9,D:\10. RQ1 DySec\Step 9 DownloadSelectedBenignPackages\Benign_Packages\tribe-client-1.1.9.tar.gz,tar,tribe-client-1.1.9/setup.py,1176,ast,2,2,os; setuptools
tricorder-0.0.0.3,D:\10. RQ1 DySec\Step 9 DownloadSelectedBenignPackages\Benign_Packages\tricorder-0.0.0.3.tar.gz,tar,tricorder-0.0.0.3/setup.py,1291,ast,1,1,setuptools
trio-websocket-0.11.1,D:\10. RQ1 DySec\Step 9 DownloadSelectedBenignPackages\Benign_Packages\trio-websocket-0.11.1.tar.gz,tar,trio-websocket-0.11.1/setup.py,1788,ast,2,2,pathlib; setuptools
triple-encoders-0.0.2,D:\10. RQ1 DySec\Step 9 DownloadSelectedBenignPackages\Benign_Packages\triple-encoders-0.0.2.tar.gz,tar,triple-encoders-0.0.2/setup.py,1288,ast,1,1,setuptools
trippy-1.1.1,D:\10. RQ1 DySec\Step 9 DownloadSelectedBenignPackages\Benign_Packages\trippy-1.1.1.tar.gz,tar,trippy-1.1.1/setup.py,1062,ast,2,2,setuptools; sys
trivial_tools-8.9,D:\10. RQ1 DySec\Step 9 DownloadSelectedBenignPackages\Benign_Packages\trivial_tools-8.9.tar.gz,tar,trivial_tools-8.9/setup.py,674,ast,1,1,setuptools
troposphere-4.8.1,D:\10. RQ1 DySec\Step 9 DownloadSelectedBenignPackages\Benign_Packages\troposphere-4.8.1.tar.gz,tar,troposphere-4.8.1/setup.py,38,ast,1,1,setuptools
trove_classifiers-2024.9.12,D:\10. RQ1 DySec\Step 9 DownloadSelectedBenignPackages\Benign_Packages\trove_classifiers-2024.9.12.tar.gz,tar,trove_classifiers-2024.9.12/setup.py,1041,ast,3,3,io; os; setuptools
trStr-1.0.5,D:\10. RQ1 DySec\Step 9 DownloadSelectedBenignPackages\Benign_Packages\trStr-1.0.5.tar.gz,tar,trStr-1.0.5/setup.py,920,ast,1,1,setuptools
true_encoding-1.0.2,D:\10. RQ1 DySec\Step 9 DownloadSelectedBenignPackages\Benign_Packages\true_encoding-1.0.2.tar.gz,tar,true_encoding-1.0.2/setup.py,1249,ast,2,2,distutils; setuptools
truecolor-1.0b2,D:\10. RQ1 DySec\Step 9 DownloadSelectedBenignPackages\Benign_Packages\truecolor-1.0b2.tar.gz,tar,truecolor-1.0b2/setup.py,1646,ast,3,3,codecs; os; setuptools
trullerz-1.1,D:\10. RQ1 DySec\Step 9 DownloadSelectedBenignPackages\Benign_Packages\trullerz-1.1.tar.gz,tar,trullerz-1.1/setup.py,1583,ast,2,2,distutils; pathlib
trulyrandom-0.0.2,D:\10. RQ1 DySec\Step 9 DownloadSelectedBenignPackages\Benign_Packages\trulyrandom-0.0.2.tar.gz,tar,trulyrandom-0.0.2/setup.py,767,ast,3,3,codecs; os; setuptools
trustedtwin-3.3.20231221064307,D:\10. RQ1 DySec\Step 9 DownloadSelectedBenignPackages\Benign_Packages\trustedtwin-3.3.20231221064307.tar.gz,tar,trustedtwin-3.3.20231221064307/setup.py,1156,ast,3,3,os; setuptools; typing
trustgraph-0.5.5,D:\10. RQ1 DySec\Step 9 DownloadSelectedBenignPackages\Benign_Packages\trustgraph-0.5.5.tar.gz,tar,trustgraph-0.5.5/setup.py,2446,ast,2,2,os; setuptools
trustpilot-9.0.0,D:\10. RQ1 DySec\Step 9 DownloadSelectedBenignPackages\Benign_Packages\trustpilot-9.0.0.tar.gz,tar,trustpilot-9.0.0/setup.py,4351,ast,1,1,setuptools
trusty-1.1.0,D:\10. RQ1 DySec\Step 9 DownloadSelectedBenignPackages\Benign_Packages\trusty-1.1.0.tar.gz,tar,trusty-1.1.0/setup.py,598,ast,1,1,setuptools
trx-utils-1.0.4,D:\10. RQ1 DySec\Step 9 DownloadSelectedBenignPackages\Benign_Packages\trx-utils-1.0.4.tar.gz,tar,trx-utils-1.0.4/setup.py,2058,ast,2,2,os; setuptools
trxtools-0.2.2,D:\10. RQ1 DySec\Step 9 DownloadSelectedBenignPackages\Benign_Packages\trxtools-0.2.2.tar.gz,tar,trxtools-0.2.2/setup.py,1379,ast,1,1,setuptools
tryhackme.py-1.2.7,D:\10. RQ1 DySec\Step 9 DownloadSelectedBenignPackages\Benign_Packages\tryhackme.py-1.2.7.tar.gz,tar,tryhackme.py-1.2.7/setup.py,848,ast,2,2,setuptools; tryhackme
tsampling-0.0.1,D:\10. RQ1 DySec\Step 9 DownloadSelectedBenignPackages\Benign_Packages\tsampling-0.0.1.tar.gz,tar,tsampling-0.0.1/setup.py,1344,ast,1,1,setuptools
tsboost-0.1.0,D:\10. RQ1 DySec\Step 9 DownloadSelectedBenignPackages\Benign_Packages\tsboost-0.1.0.tar.gz,tar,tsboost-0.1.0/setup.py,1486,ast,1,1,setuptools
tsd-0.9.0,D:\10. RQ1 DySec\Step 9 DownloadSelectedBenignPackages\Benign_Packages\tsd-0.9.0.tar.gz,tar,tsd-0.9.0/setup.py,1408,ast,3,3,codecs; os; setuptools
tservice-1.0.0,D:\10. RQ1 DySec\Step 9 DownloadSelectedBenignPackages\Benign_Packages\tservice-1.0.0.zip,zip,tservice-1.0.0/setup.py,788,ast,2,2,ez_setup; setuptools
tsgettoolbox-9.14.5.8,D:\10. RQ1 DySec\Step 9 DownloadSelectedBenignPackages\Benign_Packages\tsgettoolbox-9.14.5.8.tar.gz,tar,tsgettoolbox-9.14.5.8/setup.py,2033,ast,4,5,distutils; os; setuptools; sys
tspublisher-0.0.1.dev973,D:\10. RQ1 DySec\Step 9 DownloadSelectedBenignPackages\Benign_Packages\tspublisher-0.0.1.dev973.tar.gz,tar,tspublisher-0.0.1.dev973/setup.py,1497,ast,5,10,__future__; glob; io; os; setuptools
tspublisher-0.0.1.dev973,D:\10. RQ1 DySec\Step 9 DownloadSelectedBenignPackages\Benign_Packages\tspublisher-0.0.1.dev973.tar.gz,tar,tspublisher-0.0.1.dev973/src/publisher/git_handling/setup.py,8320,ast,8,11,Crypto; __future__; getpass; os; publisher; shutil; subprocess; sys
tssplit-1.0.7,D:\10. RQ1 DySec\Step 9 DownloadSelectedBenignPackages\Benign_Packages\tssplit-1.0.7.tar.gz,tar,tssplit-1.0.7/setup.py,1151,ast,1,1,setuptools
tstresser-0.1.3,D:\10. RQ1 DySec\Step 9 DownloadSelectedBenignPackages\Benign_Packages\tstresser-0.1.3.tar.gz,tar,tstresser-0.1.3/setup.py,899,ast,1,1,setuptools
tstring-0.1.2,D:\10. RQ1 DySec\Step 9 DownloadSelectedBenignPackages\Benign_Packages\tstring-0.1.2.tar.gz,tar,tstring-0.1.2/setup.py,92,ast,1,1,setuptools
ttl-0.1a1,D:\10. RQ1 DySec\Step 9 DownloadSelectedBenignPackages\Benign_Packages\ttl-0.1a1.tar.gz,tar,ttl-0.1a1/setup.py,3467,ast,4,4,io; os; setuptools; ttlsuite
ttlv-0.6.0,D:\10. RQ1 DySec\Step 9 DownloadSelectedBenignPackages\Benign_Packages\ttlv-0.6.0.tar.gz,tar,ttlv-0.6.0/setup.py,3093,ast,5,5,io; os; setuptools; shutil; sys
ttpypi-0.0.2,D:\10. RQ1 DySec\Step 9 DownloadSelectedBenignPackages\Benign_Packages\ttpypi-0.0.2.tar.gz,tar,ttpypi-0.0.2/setup.py,687,ast,1,1,setuptools
ttvfaster-0.1.0,D:\10. RQ1 DySec\Step 9 DownloadSelectedBenignPackages\Benign_Packages\ttvfaster-0.1.0.tar.gz,tar,ttvfaster-0.1.0/setup.py,1023,ast,4,4,Cython; numpy; os; setuptools
ttvsplit-0.3,D:\10. RQ1 DySec\Step 9 DownloadSelectedBenignPackages\Benign_Packages\ttvsplit-0.3.tar.gz,tar,ttvsplit-0.3/setup.py,476,ast,1,1,setuptools
tty-color-1.0.0,D:\10. RQ1 DySec\Step 9 DownloadSelectedBenignPackages\Benign_Packages\tty-color-1.0.0.tar.gz,tar,tty-color-1.0.0/setup.py,784,ast,1,1,setuptools
tucan-0.3.2,D:\10. RQ1 DySec\Step 9 DownloadSelectedBenignPackages\Benign_Packages\tucan-0.3.2.tar.gz,tar,tucan-0.3.2/setup.py,38,ast,1,1,setuptools
tully-0.2.1,D:\10. RQ1 DySec\Step 9 DownloadSelectedBenignPackages\Benign_Packages\tully-0.2.1.tar.gz,tar,tully-0.2.1/setup.py,696,ast,2,2,setuptools; tully
tupload-0.1.4,D:\10. RQ1 DySec\Step 9 DownloadSelectedBenignPackages\Benign_Packages\tupload-0.1.4.tar.gz,tar,tupload-0.1.4/setup.py,914,ast,2,2,setuptools; tupload
turbo-http-0.1.2,D:\10. RQ1 DySec\Step 9 DownloadSelectedBenignPackages\Benign_Packages\turbo-http-0.1.2.tar.gz,tar,turbo-http-0.1.2/setup.py,1723,ast,2,2,os; setuptools
turtlepaint-0.0.1,D:\10. RQ1 DySec\Step 9 DownloadSelectedBenignPackages\Benign_Packages\turtlepaint-0.0.1.tar.gz,tar,turtlepaint-0.0.1/setup.py,329,ast,1,1,setuptools
tushare-1.4.8,D:\10. RQ1 DySec\Step 9 DownloadSelectedBenignPackages\Benign_Packages\tushare-1.4.8.tar.gz,tar,tushare-1.4.8/setup.py,3441,ast,3,3,codecs; os; setuptools
tver-0.0.27,D:\10. RQ1 DySec\Step 9 DownloadSelectedBenignPackages\Benign_Packages\tver-0.0.27.tar.gz,tar,tver-0.0.27/setup.py,441,ast,2,2,io; setuptools
tvguiden-0.0.1,D:\10. RQ1 DySec\Step 9 DownloadSelectedBenignPackages\Benign_Packages\tvguiden-0.0.1.tar.gz,tar,tvguiden-0.0.1/setup.py,639,ast,1,1,setuptools
tweepypoll-0.3.0,D:\10. RQ1 DySec\Step 9 DownloadSelectedBenignPackages\Benign_Packages\tweepypoll-0.3.0.tar.gz,tar,tweepypoll-0.3.0/setup.py,4205,ast,1,1,setuptools
twitter-2.0a2,D:\10. RQ1 DySec\Step 9 DownloadSelectedBenignPackages\Benign_Packages\twitter-2.0a2.tar.gz,tar,twitter-2.0a2/setup.py,2543,ast,1,1,setuptools
twittier-0.1.0,D:\10. RQ1 DySec\Step 9 DownloadSelectedBenignPackages\Benign_Packages\twittier-0.1.0.tar.gz,tar,twittier-0.1.0/setup.py,771,ast,1,1,setuptools
twoline-0.9,D:\10. RQ1 DySec\Step 9 DownloadSelectedBenignPackages\Benign_Packages\twoline-0.9.tar.gz,tar,twoline-0.9/setup.py,803,ast,3,3,multiprocessing; os; setuptools
twostage-1.0.1,D:\10. RQ1 DySec\Step 9 DownloadSelectedBenignPackages\Benign_Packages\twostage-1.0.1.tar.gz,tar,twostage-1.0.1/setup.py,2963,ast,8,9,codecs; distutils; os; re; sagemath; setuptools; sys; urllib2
twostream-1.0.0,D:\10. RQ1 DySec\Step 9 DownloadSelectedBenignPackages\Benign_Packages\twostream-1.0.0.tar.gz,tar,twostream-1.0.0/setup.py,1043,ast,1,1,numpy
twweb-0.6.1,D:\10. RQ1 DySec\Step 9 DownloadSelectedBenignPackages\Benign_Packages\twweb-0.6.1.tar.gz,tar,twweb-0.6.1/setup.py,1883,ast,2,2,os; setuptools
txlogstash-0.1.0,D:\10. RQ1 DySec\Step 9 DownloadSelectedBenignPackages\Benign_Packages\txlogstash-0.1.0.tar.gz,tar,txlogstash-0.1.0/setup.py,129,ast,1,1,setuptools
txlongpoll-0.3.2,D:\10. RQ1 DySec\Step 9 DownloadSelectedBenignPackages\Benign_Packages\txlongpoll-0.3.2.tar.gz,tar,txlongpoll-0.3.2/setup.py,934,ast,1,1,setuptools
txmandrill-1.0.0,D:\10. RQ1 DySec\Step 9 DownloadSelectedBenignPackages\Benign_Packages\txmandrill-1.0.0.tar.gz,tar,txmandrill-1.0.0/setup.py,674,ast,1,1,setuptools
txpkgupload-0.5,D:\10. RQ1 DySec\Step 9 DownloadSelectedBenignPackages\Benign_Packages\txpkgupload-0.5.tar.gz,tar,txpkgupload-0.5/setup.py,3001,ast,1,1,setuptools
txrequest-0.1.0,D:\10. RQ1 DySec\Step 9 DownloadSelectedBenignPackages\Benign_Packages\txrequest-0.1.0.tar.gz,tar,txrequest-0.1.0/setup.py,2765,ast,2,2,os; setuptools
txrequests-0.9.6,D:\10. RQ1 DySec\Step 9 DownloadSelectedBenignPackages\Benign_Packages\txrequests-0.9.6.tar.gz,tar,txrequests-0.9.6/setup.py,1183,ast,5,5,distutils; os; setuptools; sys; txrequests
txt2txt-1.1.2,D:\10. RQ1 DySec\Step 9 DownloadSelectedBenignPackages\Benign_Packages\txt2txt-1.1.2.tar.gz,tar,txt2txt-1.1.2/setup.py,3760,ast,5,5,io; os; setuptools; shutil; sys
txtsplit-1.0.0,D:\10. RQ1 DySec\Step 9 DownloadSelectedBenignPackages\Benign_Packages\txtsplit-1.0.0.tar.gz,tar,txtsplit-1.0.0/setup.py,759,ast,1,1,setuptools
tymongo-0.0.5,D:\10. RQ1 DySec\Step 9 DownloadSelectedBenignPackages\Benign_Packages\tymongo-0.0.5.tar.gz,tar,tymongo-0.0.5/setup.py,440,ast,1,1,setuptools
type_constraint-0.0.9,D:\10. RQ1 DySec\Step 9 DownloadSelectedBenignPackages\Benign_Packages\type_constraint-0.0.9.tar.gz,tar,type_constraint-0.0.9/setup.py,433,ast,1,1,setuptools
type_info-0.0.2,D:\10. RQ1 DySec\Step 9 DownloadSelectedBenignPackages\Benign_Packages\type_info-0.0.2.tar.gz,tar,type_info-0.0.2/setup.py,180,ast,1,1,setupmeta_builder
type_utils-1.0.2,D:\10. RQ1 DySec\Step 9 DownloadSelectedBenignPackages\Benign_Packages\type_utils-1.0.2.tar.gz,tar,type_utils-1.0.2/setup.py,633,ast,2,2,pathlib; setuptools
typed-undefined-0.1.0,D:\10. RQ1 DySec\Step 9 DownloadSelectedBenignPackages\Benign_Packages\typed-undefined-0.1.0.tar.gz,tar,typed-undefined-0.1.0/setup.py,1151,ast,1,1,setuptools
typed_bencode-0.0.1,D:\10. RQ1 DySec\Step 9 DownloadSelectedBenignPackages\Benign_Packages\typed_bencode-0.0.1.tar.gz,tar,typed_bencode-0.0.1/setup.py,3887,ast,6,6,io; os; setuptools; shutil; subprocess; sys
typed_graph-0.2.0,D:\10. RQ1 DySec\Step 9 DownloadSelectedBenignPackages\Benign_Packages\typed_graph-0.2.0.tar.gz,tar,typed_graph-0.2.0/setup.py,203,ast,2,2,setuptools; toml
typedframe-0.9.2,D:\10. RQ1 DySec\Step 9 DownloadSelectedBenignPackages\Benign_Packages\typedframe-0.9.2.tar.gz,tar,typedframe-0.9.2/setup.py,900,ast,2,2,pathlib; setuptools
typedload-2.9,D:\10. RQ1 DySec\Step 9 DownloadSelectedBenignPackages\Benign_Packages\typedload-2.9.tar.gz,tar,typedload-2.9/setup.py,2725,ast,1,1,distutils
typeinfo-0.1,D:\10. RQ1 DySec\Step 9 DownloadSelectedBenignPackages\Benign_Packages\typeinfo-0.1.tar.gz,tar,typeinfo-0.1/setup.py,677,ast,3,3,os; setuptools; sys
typejson-0.0.2,D:\10. RQ1 DySec\Step 9 DownloadSelectedBenignPackages\Benign_Packages\typejson-0.0.2.tar.gz,tar,typejson-0.0.2/setup.py,1107,ast,2,2,ran; setuptools
typelib-0.0.9,D:\10. RQ1 DySec\Step 9 DownloadSelectedBenignPackages\Benign_Packages\typelib-0.0.9.tar.gz,tar,typelib-0.0.9/setup.py,3184,ast,6,7,ast; distutils; os; re; setuptools; sys
typergame-0.3.1,D:\10. RQ1 DySec\Step 9 DownloadSelectedBenignPackages\Benign_Packages\typergame-0.3.1.tar.gz,tar,typergame-0.3.1/setup.py,452,ast,2,2,pathlib; setuptools
types-beautifulsoup4-4.9.4,D:\10. RQ1 DySec\Step 9 DownloadSelectedBenignPackages\Benign_Packages\types-beautifulsoup4-4.9.4.tar.gz,tar,types-beautifulsoup4-4.9.4/setup.py,1367,ast,1,1,setuptools
types-colorama-0.4.9,D:\10. RQ1 DySec\Step 9 DownloadSelectedBenignPackages\Benign_Packages\types-colorama-0.4.9.tar.gz,tar,types-colorama-0.4.9/setup.py,1590,ast,1,1,setuptools
types-entrypoints-0.4.1.4,D:\10. RQ1 DySec\Step 9 DownloadSelectedBenignPackages\Benign_Packages\types-entrypoints-0.4.1.4.tar.gz,tar,types-entrypoints-0.4.1.4/setup.py,1779,ast,1,1,setuptools
types-psutil-6.0.0.20240621,D:\10. RQ1 DySec\Step 9 DownloadSelectedBenignPackages\Benign_Packages\types-psutil-6.0.0.20240621.tar.gz,tar,types-psutil-6.0.0.20240621/setup.py,2173,ast,1,1,setuptools
types-python-dateutil-2.9.0.20240906,D:\10. RQ1 DySec\Step 9 DownloadSelectedBenignPackages\Benign_Packages\types-python-dateutil-2.9.0.20240906.tar.gz,tar,types-python-dateutil-2.9.0.20240906/setup.py,2528,ast,1,1,setuptools
types-requests-2.32.0.20240914,D:\10. RQ1 DySec\Step 9 DownloadSelectedBenignPackages\Benign_Packages\types-requests-2.32.0.20240914.tar.gz,tar,types-requests-2.32.0.20240914/setup.py,2527,ast,1,1,setuptools
types-stripe-3.5.2.9,D:\10. RQ1 DySec\Step 9 DownloadSelectedBenignPackages\Benign_Packages\types-stripe-3.5.2.9.tar.gz,tar,types-stripe-3.5.2.9/setup.py,6033,ast,1,1,setuptools
types-tornado-5.1.1,D:\10. RQ1 DySec\Step 9 DownloadSelectedBenignPackages\Benign_Packages\types-tornado-5.1.1.tar.gz,tar,types-tornado-5.1.1/setup.py,1555,ast,1,1,setuptools
typesetting-0.1-dev,D:\10. RQ1 DySec\Step 9 DownloadSelectedBenignPackages\Benign_Packages\typesetting-0.1-dev.tar.gz,tar,typesetting-0.1-dev/setup.py,426,ast,1,1,distutils
typeshell-0.1.2,D:\10. RQ1 DySec\Step 9 DownloadSelectedBenignPackages\Benign_Packages\typeshell-0.1.2.tar.gz,tar,typeshell-0.1.2/setup.py,970,ast,1,1,setuptools
typestring-parser-0.1,D:\10. RQ1 DySec\Step 9 DownloadSelectedBenignPackages\Benign_Packages\typestring-parser-0.1.tar.gz,tar,typestring-parser-0.1/setup.py,2904,ast,1,1,setuptools
typetrainer-0.5.2,D:\10. RQ1 DySec\Step 9 DownloadSelectedBenignPackages\Benign_Packages\typetrainer-0.5.2.tar.gz,tar,typetrainer-0.5.2/setup.py,923,ast,2,2,setuptools; typetrainer
typhooninfo-0.0.3,D:\10. RQ1 DySec\Step 9 DownloadSelectedBenignPackages\Benign_Packages\typhooninfo-0.0.3.tar.gz,tar,typhooninfo-0.0.3/setup.py,987,ast,1,1,setuptools
typing-3.7.4.3,D:\10. RQ1 DySec\Step 9 DownloadSelectedBenignPackages\Benign_Packages\typing-3.7.4.3.tar.gz,tar,typing-3.7.4.3/setup.py,2857,ast,2,2,setuptools; sys
typing_inspect-0.9.0,D:\10. RQ1 DySec\Step 9 DownloadSelectedBenignPackages\Benign_Packages\typing_inspect-0.9.0.tar.gz,tar,typing_inspect-0.9.0/setup.py,1801,ast,2,2,setuptools; sys
typingvid-0.1.1,D:\10. RQ1 DySec\Step 9 DownloadSelectedBenignPackages\Benign_Packages\typingvid-0.1.1.tar.gz,tar,typingvid-0.1.1/setup.py,3039,ast,1,1,setuptools
typs-0.0.6,D:\10. RQ1 DySec\Step 9 DownloadSelectedBenignPackages\Benign_Packages\typs-0.0.6.tar.gz,tar,typs-0.0.6/setup.py,2580,ast,4,4,configparser; pkg_resources; setuptools; shlex
tystrings-1.2.3,D:\10. RQ1 DySec\Step 9 DownloadSelectedBenignPackages\Benign_Packages\tystrings-1.2.3.tar.gz,tar,tystrings-1.2.3/setup.py,4927,ast,6,6,codecs; os; re; setuptools; subprocess; sys
tython-0.0.1a0,D:\10. RQ1 DySec\Step 9 DownloadSelectedBenignPackages\Benign_Packages\tython-0.0.1a0.tar.gz,tar,tython-0.0.1a0/setup.py,1346,ast,2,2,re; setuptools
tzwhere-3.0.3,D:\10. RQ1 DySec\Step 9 DownloadSelectedBenignPackages\Benign_Packages\tzwhere-3.0.3.tar.gz,tar,tzwhere-3.0.3/setup.py,1196,ast,2,2,os; setuptools
u-ipmask-1.0.0,D:\10. RQ1 DySec\Step 9 DownloadSelectedBenignPackages\Benign_Packages\u-ipmask-1.0.0.tar.gz,tar,u-ipmask-1.0.0/setup.py,624,ast,1,1,setuptools
uaedata-0.0.1,D:\10. RQ1 DySec\Step 9 DownloadSelectedBenignPackages\Benign_Packages\uaedata-0.0.1.tar.gz,tar,uaedata-0.0.1/setup.py,678,ast,1,1,setuptools
uastyle-0.1.0,D:\10. RQ1 DySec\Step 9 DownloadSelectedBenignPackages\Benign_Packages\uastyle-0.1.0.tar.gz,tar,uastyle-0.1.0/setup.py,1090,ast,1,1,setuptools
ub-split-map-0.2.0,D:\10. RQ1 DySec\Step 9 DownloadSelectedBenignPackages\Benign_Packages\ub-split-map-0.2.0.tar.gz,tar,ub-split-map-0.2.0/setup.py,1076,ast,1,1,distutils
ube3_apa-1.3.1,D:\10. RQ1 DySec\Step 9 DownloadSelectedBenignPackages\Benign_Packages\ube3_apa-1.3.1.tar.gz,tar,ube3_apa-1.3.1/setup.py,1250,ast,2,2,pathlib; setuptools
uberpong-0.1.0a1,D:\10. RQ1 DySec\Step 9 DownloadSelectedBenignPackages\Benign_Packages\uberpong-0.1.0a1.tar.gz,tar,uberpong-0.1.0a1/setup.py,1896,ast,5,9,os; pip; setuptools; sys; uberpong
ucloud-client-1.0,D:\10. RQ1 DySec\Step 9 DownloadSelectedBenignPackages\Benign_Packages\ucloud-client-1.0.tar.gz,tar,ucloud-client-1.0/setup.py,602,ast,1,1,setuptools
ucloudclient-0.2.4,D:\10. RQ1 DySec\Step 9 DownloadSelectedBenignPackages\Benign_Packages\ucloudclient-0.2.4.tar.gz,tar,ucloudclient-0.2.4/setup.py,796,ast,1,1,setuptools
udata_hydra-2.0.0.dev956,D:\10. RQ1 DySec\Step 9 DownloadSelectedBenignPackages\Benign_Packages\udata_hydra-2.0.0.dev956.tar.gz,tar,udata_hydra-2.0.0.dev956/setup.py,10726,ast,1,1,setuptools
udp-2.2.0,D:\10. RQ1 DySec\Step 9 DownloadSelectedBenignPackages\Benign_Packages\udp-2.2.0.tar.gz,tar,udp-2.2.0/setup.py,835,ast,1,1,setuptools
ufo_configs-2.0.0,D:\10. RQ1 DySec\Step 9 DownloadSelectedBenignPackages\Benign_Packages\ufo_configs-2.0.0.tar.gz,tar,ufo_configs-2.0.0/setup.py,342,ast,1,1,setuptools
uhttplib-0.2,D:\10. RQ1 DySec\Step 9 DownloadSelectedBenignPackages\Benign_Packages\uhttplib-0.2.tar.gz,tar,uhttplib-0.2/setup.py,1032,ast,3,3,distutils; os; sys
uiloader-0.4.dev0,D:\10. RQ1 DySec\Step 9 DownloadSelectedBenignPackages\Benign_Packages\uiloader-0.4.dev0.tar.gz,tar,uiloader-0.4.dev0/setup.py,185,ast,1,1,distutils
uitdatabank-0.1.1,D:\10. RQ1 DySec\Step 9 DownloadSelectedBenignPackages\Benign_Packages\uitdatabank-0.1.1.zip,zip,uitdatabank-0.1.1/setup.py,511,ast,1,1,setuptools
ujson-5.10.0,D:\10. RQ1 DySec\Step 9 DownloadSelectedBenignPackages\Benign_Packages\ujson-5.10.0.tar.gz,tar,ujson-5.10.0/setup.py,1550,ast,5,5,glob; os; platform; setuptools; shlex
ukritlib-0.3.9,D:\10. RQ1 DySec\Step 9 DownloadSelectedBenignPackages\Benign_Packages\ukritlib-0.3.9.tar.gz,tar,ukritlib-0.3.9/setup.py,2356,ast,2,3,os; setuptools
ullvm-0.0,D:\10. RQ1 DySec\Step 9 DownloadSelectedBenignPackages\Benign_Packages\ullvm-0.0.tar.gz,tar,ullvm-0.0/setup.py,312,ast,1,1,setuptools
ultrachic-1.1.0,D:\10. RQ1 DySec\Step 9 DownloadSelectedBenignPackages\Benign_Packages\ultrachic-1.1.0.tar.gz,tar,ultrachic-1.1.0/setup.py,37,ast,1,1,setuptools
ultragraph-0.1,D:\10. RQ1 DySec\Step 9 DownloadSelectedBenignPackages\Benign_Packages\ultragraph-0.1.tar.gz,tar,ultragraph-0.1/setup.py,703,ast,1,1,setuptools
ultraify-0.0.dev1,D:\10. RQ1 DySec\Step 9 DownloadSelectedBenignPackages\Benign_Packages\ultraify-0.0.dev1.tar.gz,tar,ultraify-0.0.dev1/setup.py,1218,ast,2,2,os; setuptools
ultraimport-0.0.7,D:\10. RQ1 DySec\Step 9 DownloadSelectedBenignPackages\Benign_Packages\ultraimport-0.0.7.tar.gz,tar,ultraimport-0.0.7/setup.py,454,ast,3,3,Cython; pathlib; setuptools
ultralite-0.1.1,D:\10. RQ1 DySec\Step 9 DownloadSelectedBenignPackages\Benign_Packages\ultralite-0.1.1.tar.gz,tar,ultralite-0.1.1/setup.py,1001,ast,3,3,setuptools; sys; ultralite
ultramen-1.1,D:\10. RQ1 DySec\Step 9 DownloadSelectedBenignPackages\Benign_Packages\ultramen-1.1.tar.gz,tar,ultramen-1.1/setup.py,1583,ast,2,2,distutils; pathlib
ultrashort-0.0.1a0,D:\10. RQ1 DySec\Step 9 DownloadSelectedBenignPackages\Benign_Packages\ultrashort-0.0.1a0.tar.gz,tar,ultrashort-0.0.1a0/setup.py,1421,ast,5,5,codecs; numpy; os; re; setuptools
ultrasplit-0.0.1,D:\10. RQ1 DySec\Step 9 DownloadSelectedBenignPackages\Benign_Packages\ultrasplit-0.0.1.tar.gz,tar,ultrasplit-0.0.1/setup.py,1218,ast,1,1,setuptools
ultroidinstaller-0.4,D:\10. RQ1 DySec\Step 9 DownloadSelectedBenignPackages\Benign_Packages\ultroidinstaller-0.4.tar.gz,tar,ultroidinstaller-0.4/setup.py,1528,ast,2,2,re; setuptools
umpy-0.1.0,D:\10. RQ1 DySec\Step 9 DownloadSelectedBenignPackages\Benign_Packages\umpy-0.1.0.tar.gz,tar,umpy-0.1.0/setup.py,1077,ast,1,1,setuptools
umr_telegram_driver-0.2.1,D:\10. RQ1 DySec\Step 9 DownloadSelectedBenignPackages\Benign_Packages\umr_telegram_driver-0.2.1.tar.gz,tar,umr_telegram_driver-0.2.1/setup.py,1792,ast,4,4,pathlib; re; setuptools; sys
unfollower-1.1.1,D:\10. RQ1 DySec\Step 9 DownloadSelectedBenignPackages\Benign_Packages\unfollower-1.1.1.tar.gz,tar,unfollower-1.1.1/setup.py,4152,ast,3,3,codecs; os; setuptools
unicode_obfuscate-0.1.1,D:\10. RQ1 DySec\Step 9 DownloadSelectedBenignPackages\Benign_Packages\unicode_obfuscate-0.1.1.tar.gz,tar,unicode_obfuscate-0.1.1/setup.py,2026,ast,1,1,setuptools
Unidecode-1.3.8,D:\10. RQ1 DySec\Step 9 DownloadSelectedBenignPackages\Benign_Packages\Unidecode-1.3.8.tar.gz,tar,Unidecode-1.3.8/setup.py,1387,ast,2,2,os; setuptools
uniswap-sdk-0.1.0a1,D:\10. RQ1 DySec\Step 9 DownloadSelectedBenignPackages\Benign_Packages\uniswap-sdk-0.1.0a1.tar.gz,tar,uniswap-sdk-0.1.0a1/setup.py,2795,ast,1,1,setuptools
unit-db-test-0.1.9,D:\10. RQ1 DySec\Step 9 DownloadSelectedBenignPackages\Benign_Packages\unit-db-test-0.1.9.tar.gz,tar,unit-db-test-0.1.9/setup.py,60,ast,1,1,setuptools
unitgrade-1.0.0.9,D:\10. RQ1 DySec\Step 9 DownloadSelectedBenignPackages\Benign_Packages\unitgrade-1.0.0.9.tar.gz,tar,unitgrade-1.0.0.9/setup.py,1787,ast,1,1,setuptools
unlocker-2.2.0,D:\10. RQ1 DySec\Step 9 DownloadSelectedBenignPackages\Benign_Packages\unlocker-2.2.0.tar.gz,tar,unlocker-2.2.0/setup.py,1818,ast,2,2,setuptools; unlocker
unpacked-0.0.1,D:\10. RQ1 DySec\Step 9 DownloadSelectedBenignPackages\Benign_Packages\unpacked-0.0.1.tar.gz,tar,unpacked-0.0.1/setup.py,615,ast,1,1,setuptools
untinyurl-0.1.1,D:\10. RQ1 DySec\Step 9 DownloadSelectedBenignPackages\Benign_Packages\untinyurl-0.1.1.tar.gz,tar,untinyurl-0.1.1/setup.py,850,ast,1,1,distutils
update-ip-0.2.2_,D:\10. RQ1 DySec\Step 9 DownloadSelectedBenignPackages\Benign_Packages\update-ip-0.2.2_.tar.gz,tar,update-ip-0.2.2/setup.py,1186,ast,3,3,distutils; os; setuptools
updater-0.3.2,D:\10. RQ1 DySec\Step 9 DownloadSelectedBenignPackages\Benign_Packages\updater-0.3.2.tar.gz,tar,updater-0.3.2/setup.py,1596,ast,2,2,pathlib; setuptools
updates-0.1.7.1,D:\10. RQ1 DySec\Step 9 DownloadSelectedBenignPackages\Benign_Packages\updates-0.1.7.1.tar.gz,tar,updates-0.1.7.1/setup.py,1511,ast,3,3,os; re; setuptools
upgini-1.1.99,D:\10. RQ1 DySec\Step 9 DownloadSelectedBenignPackages\Benign_Packages\upgini-1.1.99.tar.gz,tar,upgini-1.1.99/setup.py,3216,ast,6,6,getpass; logging; pathlib; setuptools; sys; urllib
upload-0.1.1,D:\10. RQ1 DySec\Step 9 DownloadSelectedBenignPackages\Benign_Packages\upload-0.1.1.tar.gz,tar,upload-0.1.1/setup.py,524,ast,1,1,setuptools
upload_component-0.0.5,D:\10. RQ1 DySec\Step 9 DownloadSelectedBenignPackages\Benign_Packages\upload_component-0.0.5.tar.gz,tar,upload_component-0.0.5/setup.py,533,ast,3,3,json; os; setuptools
upload_testing-0.0.1,D:\10. RQ1 DySec\Step 9 DownloadSelectedBenignPackages\Benign_Packages\upload_testing-0.0.1.tar.gz,tar,upload_testing-0.0.1/setup.py,396,ast,1,1,setuptools
uploader-0.5.1,D:\10. RQ1 DySec\Step 9 DownloadSelectedBenignPackages\Benign_Packages\uploader-0.5.1.tar.gz,tar,uploader-0.5.1/setup.py,830,ast,1,1,setuptools
uploadlib-0.1.29,D:\10. RQ1 DySec\Step 9 DownloadSelectedBenignPackages\Benign_Packages\uploadlib-0.1.29.tar.gz,tar,uploadlib-0.1.29/setup.py,365,ast,2,2,setuptools; xes
uploadoss-0.3.2,D:\10. RQ1 DySec\Step 9 DownloadSelectedBenignPackages\Benign_Packages\uploadoss-0.3.2.tar.gz,tar,uploadoss-0.3.2/setup.py,695,ast,2,2,codecs; setuptools
uploadtest-1.0.1,D:\10. RQ1 DySec\Step 9 DownloadSelectedBenignPackages\Benign_Packages\uploadtest-1.0.1.tar.gz,tar,uploadtest-1.0.1/setup.py,312,ast,1,1,distutils
uploadtool-0.2.1,D:\10. RQ1 DySec\Step 9 DownloadSelectedBenignPackages\Benign_Packages\uploadtool-0.2.1.tar.gz,tar,uploadtool-0.2.1/setup.py,649,ast,1,1,setuptools
uppullz-1.1,D:\10. RQ1 DySec\Step 9 DownloadSelectedBenignPackages\Benign_Packages\uppullz-1.1.tar.gz,tar,uppullz-1.1/setup.py,1575,ast,2,2,distutils; pathlib
uptools-0.1.9,D:\10. RQ1 DySec\Step 9 DownloadSelectedBenignPackages\Benign_Packages\uptools-0.1.9.tar.gz,tar,uptools-0.1.9/setup.py,520,ast,1,1,setuptools
uritemplate-4.1.1,D:\10. RQ1 DySec\Step 9 DownloadSelectedBenignPackages\Benign_Packages\uritemplate-4.1.1.tar.gz,tar,uritemplate-4.1.1/setup.py,38,ast,1,1,setuptools
url-splitter-0.0.1,D:\10. RQ1 DySec\Step 9 DownloadSelectedBenignPackages\Benign_Packages\url-splitter-0.0.1.tar.gz,tar,url-splitter-0.0.1/setup.py,832,ast,3,3,codecs; os; setuptools
url_cache-0.0.9,D:\10. RQ1 DySec\Step 9 DownloadSelectedBenignPackages\Benign_Packages\url_cache-0.0.9.tar.gz,tar,url_cache-0.0.9/setup.py,1504,ast,2,2,pathlib; setuptools
url_downloader-1.0.5,D:\10. RQ1 DySec\Step 9 DownloadSelectedBenignPackages\Benign_Packages\url_downloader-1.0.5.tar.gz,tar,url_downloader-1.0.5/setup.py,711,ast,3,3,distutils; setuptools; url_downloader
URLEncoder-1.1,D:\10. RQ1 DySec\Step 9 DownloadSelectedBenignPackages\Benign_Packages\URLEncoder-1.1.tar.gz,tar,URLEncoder-1.1/setup.py,467,ast,1,1,distutils
urler-0.1.1,D:\10. RQ1 DySec\Step 9 DownloadSelectedBenignPackages\Benign_Packages\urler-0.1.1.tar.gz,tar,urler-0.1.1/setup.py,1754,ast,2,2,distutils; setuptools
urlget-0.0.3,D:\10. RQ1 DySec\Step 9 DownloadSelectedBenignPackages\Benign_Packages\urlget-0.0.3.tar.gz,tar,urlget-0.0.3/setup.py,261,ast,1,1,distutils
urllib-3-0.1,D:\10. RQ1 DySec\Step 9 DownloadSelectedBenignPackages\Benign_Packages\urllib-3-0.1.tar.gz,tar,urllib-3-0.1/setup.py,1128,ast,4,6,distutils; pathlib; setuptools; subprocess
urllib5-66.0.3,D:\10. RQ1 DySec\Step 9 DownloadSelectedBenignPackages\Benign_Packages\urllib5-66.0.3.tar.gz,tar,urllib5-66.0.3/setup.py,805,ast,1,2,setuptools
urlminer-0.1.1,D:\10. RQ1 DySec\Step 9 DownloadSelectedBenignPackages\Benign_Packages\urlminer-0.1.1.zip,zip,urlminer-0.1.1/setup.py,1598,ast,2,2,distutils; setuptools
urlrelay-0.7.1,D:\10. RQ1 DySec\Step 9 DownloadSelectedBenignPackages\Benign_Packages\urlrelay-0.7.1.zip,zip,urlrelay-0.7.1/setup.py,3547,ast,3,3,distutils; ez_setup; setuptools
urlreplacer-0.1.1,D:\10. RQ1 DySec\Step 9 DownloadSelectedBenignPackages\Benign_Packages\urlreplacer-0.1.1.tar.gz,tar,urlreplacer-0.1.1/setup.py,871,ast,2,2,codecs; setuptools
urlstring-2.4.0,D:\10. RQ1 DySec\Step 9 DownloadSelectedBenignPackages\Benign_Packages\urlstring-2.4.0.tar.gz,tar,urlstring-2.4.0/setup.py,402,ast,1,1,setuptools
urltk-1.0.1,D:\10. RQ1 DySec\Step 9 DownloadSelectedBenignPackages\Benign_Packages\urltk-1.0.1.tar.gz,tar,urltk-1.0.1/setup.py,1164,ast,1,1,setuptools
us_vis-1.0,D:\10. RQ1 DySec\Step 9 DownloadSelectedBenignPackages\Benign_Packages\us_vis-1.0.tar.gz,tar,us_vis-1.0/setup.py,748,ast,1,1,setuptools
usbsecurity-gui-4.1.0,D:\10. RQ1 DySec\Step 9 DownloadSelectedBenignPackages\Benign_Packages\usbsecurity-gui-4.1.0.tar.gz,tar,usbsecurity-gui-4.1.0/setup.py,3548,ast,3,3,os; setuptools; sys
useful_graphs-0.1.9,D:\10. RQ1 DySec\Step 9 DownloadSelectedBenignPackages\Benign_Packages\useful_graphs-0.1.9.tar.gz,tar,useful_graphs-0.1.9/setup.py,514,ast,1,1,setuptools
useful_layers-0.0a0.dev2,D:\10. RQ1 DySec\Step 9 DownloadSelectedBenignPackages\Benign_Packages\useful_layers-0.0a0.dev2.tar.gz,tar,useful_layers-0.0a0.dev2/setup.py,1501,ast,2,3,ez_setup; setuptools
useful_prints-0.0.0,D:\10. RQ1 DySec\Step 9 DownloadSelectedBenignPackages\Benign_Packages\useful_prints-0.0.0.tar.gz,tar,useful_prints-0.0.0/setup.py,1750,ast,4,4,codecs; os; setuptools; versioneer
usefuladbasyncio-0.10,D:\10. RQ1 DySec\Step 9 DownloadSelectedBenignPackages\Benign_Packages\usefuladbasyncio-0.10.tar.gz,tar,usefuladbasyncio-0.10/setup.py,1290,ast,4,4,codecs; os; pathlib; setuptools
usefulpy-0.7,D:\10. RQ1 DySec\Step 9 DownloadSelectedBenignPackages\Benign_Packages\usefulpy-0.7.tar.gz,tar,usefulpy-0.7/setup.py,956,ast,2,2,os; setuptools
useintest-5.0.0,D:\10. RQ1 DySec\Step 9 DownloadSelectedBenignPackages\Benign_Packages\useintest-5.0.0.tar.gz,tar,useintest-5.0.0/setup.py,1078,ast,2,2,pypandoc; setuptools
user-agent-parser-0.1.2,D:\10. RQ1 DySec\Step 9 DownloadSelectedBenignPackages\Benign_Packages\user-agent-parser-0.1.2.tar.gz,tar,user-agent-parser-0.1.2/setup.py,1285,ast,1,1,setuptools
user-agents-2.2.0,D:\10. RQ1 DySec\Step 9 DownloadSelectedBenignPackages\Benign_Packages\user-agents-2.2.0.tar.gz,tar,user-agents-2.2.0/setup.py,1443,ast,1,1,setuptools
user_agent_collect-1.5,D:\10. RQ1 DySec\Step 9 DownloadSelectedBenignPackages\Benign_Packages\user_agent_collect-1.5.tar.gz,tar,user_agent_collect-1.5/setup.py,1778,ast,1,1,setuptools
usercontrol-0.0.1,D:\10. RQ1 DySec\Step 9 DownloadSelectedBenignPackages\Benign_Packages\usercontrol-0.0.1.tar.gz,tar,usercontrol-0.0.1/setup.py,531,ast,1,1,setuptools
userinfo-1.0.0,D:\10. RQ1 DySec\Step 9 DownloadSelectedBenignPackages\Benign_Packages\userinfo-1.0.0.tar.gz,tar,userinfo-1.0.0/setup.py,495,ast,2,2,pathlib; setuptools
userlib_spinD-0.0.9,D:\10. RQ1 DySec\Step 9 DownloadSelectedBenignPackages\Benign_Packages\userlib_spinD-0.0.9.tar.gz,tar,userlib_spinD-0.0.9/setup.py,39,ast,1,1,setuptools
ushmm-0.0.2,D:\10. RQ1 DySec\Step 9 DownloadSelectedBenignPackages\Benign_Packages\ushmm-0.0.2.tar.gz,tar,ushmm-0.0.2/setup.py,1180,ast,1,1,setuptools
usinelib-0.0.4,D:\10. RQ1 DySec\Step 9 DownloadSelectedBenignPackages\Benign_Packages\usinelib-0.0.4.tar.gz,tar,usinelib-0.0.4/setup.py,657,ast,1,1,setuptools
utboost-0.1.7,D:\10. RQ1 DySec\Step 9 DownloadSelectedBenignPackages\Benign_Packages\utboost-0.1.7.tar.gz,tar,utboost-0.1.7/setup.py,8300,ast,7,8,logging; os; setuptools; shutil; subprocess; sys; wheel
util_random-1.0.0.0,D:\10. RQ1 DySec\Step 9 DownloadSelectedBenignPackages\Benign_Packages\util_random-1.0.0.0.zip,zip,util_random-1.0.0.0/setup.py,312,ast,1,1,distutils
utile-1.1,D:\10. RQ1 DySec\Step 9 DownloadSelectedBenignPackages\Benign_Packages\utile-1.1.tar.gz,tar,utile-1.1/setup.py,1081,ast,1,1,setuptools
utilitilib-0.0.3,D:\10. RQ1 DySec\Step 9 DownloadSelectedBenignPackages\Benign_Packages\utilitilib-0.0.3.tar.gz,tar,utilitilib-0.0.3/setup.py,922,ast,1,1,setuptools
utilitypy-0.0.2,D:\10. RQ1 DySec\Step 9 DownloadSelectedBenignPackages\Benign_Packages\utilitypy-0.0.2.tar.gz,tar,utilitypy-0.0.2/setup.py,185,ast,1,1,setuptools
utillib-0.2.post0.dev7,D:\10. RQ1 DySec\Step 9 DownloadSelectedBenignPackages\Benign_Packages\utillib-0.2.post0.dev7.tar.gz,tar,utillib-0.2.post0.dev7/setup.py,2950,ast,3,3,os; setuptools; versioneer
utilss-0.1.7,D:\10. RQ1 DySec\Step 9 DownloadSelectedBenignPackages\Benign_Packages\utilss-0.1.7.tar.gz,tar,utilss-0.1.7/setup.py,987,ast,1,1,setuptools
utilz-0.4,D:\10. RQ1 DySec\Step 9 DownloadSelectedBenignPackages\Benign_Packages\utilz-0.4.zip,zip,utilz-0.4/setup.py,246,ast,1,1,distutils
utoolc-0.1.3,D:\10. RQ1 DySec\Step 9 DownloadSelectedBenignPackages\Benign_Packages\utoolc-0.1.3.tar.gz,tar,utoolc-0.1.3/setup.py,3927,ast,3,5,os; setuptools; utoolc
uun-windsurfguru-0.2.6,D:\10. RQ1 DySec\Step 9 DownloadSelectedBenignPackages\Benign_Packages\uun-windsurfguru-0.2.6.tar.gz,tar,uun-windsurfguru-0.2.6/setup.py,1390,ast,4,4,os; re; setuptools; shutil
UUO-0.0.13,D:\10. RQ1 DySec\Step 9 DownloadSelectedBenignPackages\Benign_Packages\UUO-0.0.13.tar.gz,tar,UUO-0.0.13/setup.py,300,ast,1,2,setuptools
uutil-0.0.5,D:\10. RQ1 DySec\Step 9 DownloadSelectedBenignPackages\Benign_Packages\uutil-0.0.5.tar.gz,tar,uutil-0.0.5/setup.py,2265,ast,3,3,os; re; setuptools
uutils-0.0.3,D:\10. RQ1 DySec\Step 9 DownloadSelectedBenignPackages\Benign_Packages\uutils-0.0.3.tar.gz,tar,uutils-0.0.3/setup.py,504,ast,1,1,setuptools
uvhttp-1.9,D:\10. RQ1 DySec\Step 9 DownloadSelectedBenignPackages\Benign_Packages\uvhttp-1.9.tar.gz,tar,uvhttp-1.9/setup.py,370,ast,2,2,os; setuptools
uvloop-0.20.0,D:\10. RQ1 DySec\Step 9 DownloadSelectedBenignPackages\Benign_Packages\uvloop-0.20.0.tar.gz,tar,uvloop-0.20.0/setup.py,8214,ast,10,15,Cython; os; pathlib; pkg_resources; platform; re; setuptools; shutil; subprocess; sys
uwudu-1.0.1,D:\10. RQ1 DySec\Step 9 DownloadSelectedBenignPackages\Benign_Packages\uwudu-1.0.1.tar.gz,tar,uwudu-1.0.1/setup.py,675,ast,1,1,setuptools
uz-0.2,D:\10. RQ1 DySec\Step 9 DownloadSelectedBenignPackages\Benign_Packages\uz-0.2.tar.gz,tar,uz-0.2/setup.py,645,ast,2,2,os; setuptools
v2-1.0.7,D:\10. RQ1 DySec\Step 9 DownloadSelectedBenignPackages\Benign_Packages\v2-1.0.7.tar.gz,tar,v2-1.0.7/setup.py,1270,ast,1,1,setuptools
vad-1.0.2,D:\10. RQ1 DySec\Step 9 DownloadSelectedBenignPackages\Benign_Packages\vad-1.0.2.tar.gz,tar,vad-1.0.2/setup.py,793,ast,1,1,setuptools
validate-1.0.1,D:\10. RQ1 DySec\Step 9 DownloadSelectedBenignPackages\Benign_Packages\validate-1.0.1.tar.gz,tar,validate-1.0.1/setup.py,2366,ast,3,3,configobj; distutils; sys
validatetoken-0.2.0,D:\10. RQ1 DySec\Step 9 DownloadSelectedBenignPackages\Benign_Packages\validatetoken-0.2.0.tar.gz,tar,validatetoken-0.2.0/setup.py,701,ast,1,1,setuptools
validrequest-1.0.0,D:\10. RQ1 DySec\Step 9 DownloadSelectedBenignPackages\Benign_Packages\validrequest-1.0.0.tar.gz,tar,validrequest-1.0.0/setup.py,59,ast,1,1,setuptools
value-0.1.0,D:\10. RQ1 DySec\Step 9 DownloadSelectedBenignPackages\Benign_Packages\value-0.1.0.tar.gz,tar,value-0.1.0/setup.py,813,ast,2,2,setuptools; value
values-66.0.3,D:\10. RQ1 DySec\Step 9 DownloadSelectedBenignPackages\Benign_Packages\values-66.0.3.tar.gz,tar,values-66.0.3/setup.py,854,ast,1,2,setuptools
vampire-0.1.4,D:\10. RQ1 DySec\Step 9 DownloadSelectedBenignPackages\Benign_Packages\vampire-0.1.4.tar.gz,tar,vampire-0.1.4/setup.py,400,ast,2,2,distutils; sys
vaspvis-1.2.9,D:\10. RQ1 DySec\Step 9 DownloadSelectedBenignPackages\Benign_Packages\vaspvis-1.2.9.tar.gz,tar,vaspvis-1.2.9/setup.py,788,ast,1,1,setuptools
vaststring-0.1.0,D:\10. RQ1 DySec\Step 9 DownloadSelectedBenignPackages\Benign_Packages\vaststring-0.1.0.tar.gz,tar,vaststring-0.1.0/setup.py,743,ast,1,1,setuptools
vcard_split-0.2dev-r2010,D:\10. RQ1 DySec\Step 9 DownloadSelectedBenignPackages\Benign_Packages\vcard_split-0.2dev-r2010.zip,zip,vcard_split-0.2dev-r2010/setup.py,2751,ast,1,1,setuptools
vcclick-1.0.9,D:\10. RQ1 DySec\Step 9 DownloadSelectedBenignPackages\Benign_Packages\vcclick-1.0.9.tar.gz,tar,vcclick-1.0.9/setup.py,990,ast,1,1,setuptools
vcontrol-0.3.1,D:\10. RQ1 DySec\Step 9 DownloadSelectedBenignPackages\Benign_Packages\vcontrol-0.3.1.tar.gz,tar,vcontrol-0.3.1/setup.py,1527,ast,1,1,setuptools
vcspull-1.9.0.post2,D:\10. RQ1 DySec\Step 9 DownloadSelectedBenignPackages\Benign_Packages\vcspull-1.9.0.post2.tar.gz,tar,vcspull-1.9.0.post2/setup.py,5907,ast,1,1,setuptools
vcver-0.2.9,D:\10. RQ1 DySec\Step 9 DownloadSelectedBenignPackages\Benign_Packages\vcver-0.2.9.tar.gz,tar,vcver-0.2.9/setup.py,1214,ast,2,2,os; setuptools
vdk-ingest-http-0.2.948436673,D:\10. RQ1 DySec\Step 9 DownloadSelectedBenignPackages\Benign_Packages\vdk-ingest-http-0.2.948436673.tar.gz,tar,vdk-ingest-http-0.2.948436673/setup.py,1127,ast,2,2,pathlib; setuptools
vdm3-0.0.1,D:\10. RQ1 DySec\Step 9 DownloadSelectedBenignPackages\Benign_Packages\vdm3-0.0.1.tar.gz,tar,vdm3-0.0.1/setup.py,1168,ast,1,1,setuptools
vecc-1.2,D:\10. RQ1 DySec\Step 9 DownloadSelectedBenignPackages\Benign_Packages\vecc-1.2.tar.gz,tar,vecc-1.2/setup.py,1329,ast,2,2,distutils; setuptools
vecvis-1.0,D:\10. RQ1 DySec\Step 9 DownloadSelectedBenignPackages\Benign_Packages\vecvis-1.0.tar.gz,tar,vecvis-1.0/setup.py,1332,ast,2,2,os; setuptools
vecx_llamaindex-0.1.1,D:\10. RQ1 DySec\Step 9 DownloadSelectedBenignPackages\Benign_Packages\vecx_llamaindex-0.1.1.tar.gz,tar,vecx_llamaindex-0.1.1/setup.py,784,ast,1,1,setuptools
veloadmin-1.0.2,D:\10. RQ1 DySec\Step 9 DownloadSelectedBenignPackages\Benign_Packages\veloadmin-1.0.2.tar.gz,tar,veloadmin-1.0.2/setup.py,466,ast,1,1,setuptools
velogames-0.1.1,D:\10. RQ1 DySec\Step 9 DownloadSelectedBenignPackages\Benign_Packages\velogames-0.1.1.tar.gz,tar,velogames-0.1.1/setup.py,1168,ast,1,1,setuptools
velorama-0.0.2,D:\10. RQ1 DySec\Step 9 DownloadSelectedBenignPackages\Benign_Packages\velorama-0.0.2.tar.gz,tar,velorama-0.0.2/setup.py,499,ast,1,1,setuptools
VEnCode-1.2.0,D:\10. RQ1 DySec\Step 9 DownloadSelectedBenignPackages\Benign_Packages\VEnCode-1.2.0.tar.gz,tar,VEnCode-1.2.0/setup.py,1682,ast,2,2,re; setuptools
vencode_sdk-0.0.1,D:\10. RQ1 DySec\Step 9 DownloadSelectedBenignPackages\Benign_Packages\vencode_sdk-0.0.1.tar.gz,tar,vencode_sdk-0.0.1/setup.py,768,ast,1,1,setuptools
venmosplit-0.7,D:\10. RQ1 DySec\Step 9 DownloadSelectedBenignPackages\Benign_Packages\venmosplit-0.7.tar.gz,tar,venmosplit-0.7/setup.py,501,ast,1,1,distutils
veolint-0.1,D:\10. RQ1 DySec\Step 9 DownloadSelectedBenignPackages\Benign_Packages\veolint-0.1.tar.gz,tar,veolint-0.1/setup.py,407,ast,1,1,setuptools
vera-1.0.0b2,D:\10. RQ1 DySec\Step 9 DownloadSelectedBenignPackages\Benign_Packages\vera-1.0.0b2.tar.gz,tar,vera-1.0.0b2/setup.py,2064,ast,3,3,os; setuptools; subprocess
veranda-1.2.0,D:\10. RQ1 DySec\Step 9 DownloadSelectedBenignPackages\Benign_Packages\veranda-1.2.0.tar.gz,tar,veranda-1.2.0/setup.py,571,ast,3,3,pkg_resources; setuptools; sys
verarandom-2.0.1,D:\10. RQ1 DySec\Step 9 DownloadSelectedBenignPackages\Benign_Packages\verarandom-2.0.1.tar.gz,tar,verarandom-2.0.1/setup.py,880,ast,2,2,re; setuptools
verbosity-0.1,D:\10. RQ1 DySec\Step 9 DownloadSelectedBenignPackages\Benign_Packages\verbosity-0.1.tar.gz,tar,verbosity-0.1/setup.py,1004,ast,2,2,os; setuptools
veridian-0.1.3,D:\10. RQ1 DySec\Step 9 DownloadSelectedBenignPackages\Benign_Packages\veridian-0.1.3.tar.gz,tar,veridian-0.1.3/setup.py,833,ast,2,2,os; setuptools
vermillion-0.5,D:\10. RQ1 DySec\Step 9 DownloadSelectedBenignPackages\Benign_Packages\vermillion-0.5.tar.gz,tar,vermillion-0.5/setup.py,891,ast,1,1,setuptools
verparser-0.2,D:\10. RQ1 DySec\Step 9 DownloadSelectedBenignPackages\Benign_Packages\verparser-0.2.tar.gz,tar,verparser-0.2/setup.py,381,ast,1,1,setuptools
versa-0.8.9.2,D:\10. RQ1 DySec\Step 9 DownloadSelectedBenignPackages\Benign_Packages\versa-0.8.9.2.tar.gz,tar,versa-0.8.9.2/setup.py,3094,ast,2,2,setuptools; sys
versdatetool-1.0.4,D:\10. RQ1 DySec\Step 9 DownloadSelectedBenignPackages\Benign_Packages\versdatetool-1.0.4.tar.gz,tar,versdatetool-1.0.4/setup.py,1129,ast,1,1,setuptools
version_parser-1.0.1,D:\10. RQ1 DySec\Step 9 DownloadSelectedBenignPackages\Benign_Packages\version_parser-1.0.1.tar.gz,tar,version_parser-1.0.1/setup.py,882,ast,1,1,setuptools
version_string-0.1,D:\10. RQ1 DySec\Step 9 DownloadSelectedBenignPackages\Benign_Packages\version_string-0.1.tar.gz,tar,version_string-0.1/setup.py,401,ast,1,1,setuptools
versiontk-1.0.0,D:\10. RQ1 DySec\Step 9 DownloadSelectedBenignPackages\Benign_Packages\versiontk-1.0.0.tar.gz,tar,versiontk-1.0.0/setup.py,513,ast,1,1,setuptools
vertvideo-1.0.1,D:\10. RQ1 DySec\Step 9 DownloadSelectedBenignPackages\Benign_Packages\vertvideo-1.0.1.tar.gz,tar,vertvideo-1.0.1/setup.py,1413,ast,1,1,setuptools
ververser-0.1.9,D:\10. RQ1 DySec\Step 9 DownloadSelectedBenignPackages\Benign_Packages\ververser-0.1.9.tar.gz,tar,ververser-0.1.9/setup.py,932,ast,1,1,setuptools
very_fantastic_ascii-1.0.0,D:\10. RQ1 DySec\Step 9 DownloadSelectedBenignPackages\Benign_Packages\very_fantastic_ascii-1.0.0.tar.gz,tar,very_fantastic_ascii-1.0.0/setup.py,422,ast,1,1,setuptools
vespucci-0.7.1,D:\10. RQ1 DySec\Step 9 DownloadSelectedBenignPackages\Benign_Packages\vespucci-0.7.1.tar.gz,tar,vespucci-0.7.1/setup.py,1162,ast,2,2,re; setuptools
vialib-1.0.0,D:\10. RQ1 DySec\Step 9 DownloadSelectedBenignPackages\Benign_Packages\vialib-1.0.0.tar.gz,tar,vialib-1.0.0/setup.py,2621,regex,4,4,distutils; os; setuptools; sys
vibra-v1.7,D:\10. RQ1 DySec\Step 9 DownloadSelectedBenignPackages\Benign_Packages\vibra-v1.7.tar.gz,tar,vibra-v1.7/setup.py,1147,ast,1,1,distutils
vibrance-0.1.0,D:\10. RQ1 DySec\Step 9 DownloadSelectedBenignPackages\Benign_Packages\vibrance-0.1.0.tar.gz,tar,vibrance-0.1.0/setup.py,942,ast,1,1,setuptools
vidcontrol-0.1.2,D:\10. RQ1 DySec\Step 9 DownloadSelectedBenignPackages\Benign_Packages\vidcontrol-0.1.2.tar.gz,tar,vidcontrol-0.1.2/setup.py,1307,ast,2,2,os; setuptools
videofingerprint-0.0.3,D:\10. RQ1 DySec\Step 9 DownloadSelectedBenignPackages\Benign_Packages\videofingerprint-0.0.3.tar.gz,tar,videofingerprint-0.0.3/setup.py,2213,ast,2,2,os; setuptools
vidhub-control-0.0.3,D:\10. RQ1 DySec\Step 9 DownloadSelectedBenignPackages\Benign_Packages\vidhub-control-0.0.3.tar.gz,tar,vidhub-control-0.0.3/setup.py,2329,ast,4,4,m2r; os; setuptools; sys
vidstreaming-0.0.1,D:\10. RQ1 DySec\Step 9 DownloadSelectedBenignPackages\Benign_Packages\vidstreaming-0.0.1.tar.gz,tar,vidstreaming-0.0.1/setup.py,1186,ast,3,3,codecs; os; setuptools
vidtool-0.1.6,D:\10. RQ1 DySec\Step 9 DownloadSelectedBenignPackages\Benign_Packages\vidtool-0.1.6.tar.gz,tar,vidtool-0.1.6/setup.py,1502,ast,1,1,setuptools
vikash_sinha-0.0.4,D:\10. RQ1 DySec\Step 9 DownloadSelectedBenignPackages\Benign_Packages\vikash_sinha-0.0.4.tar.gz,tar,vikash_sinha-0.0.4/setup.py,1961,ast,1,1,setuptools
vinda-0.3.1,D:\10. RQ1 DySec\Step 9 DownloadSelectedBenignPackages\Benign_Packages\vinda-0.3.1.tar.gz,tar,vinda-0.3.1/setup.py,916,ast,2,2,distutils; setuptools
vinfo-0.0.1,D:\10. RQ1 DySec\Step 9 DownloadSelectedBenignPackages\Benign_Packages\vinfo-0.0.1.tar.gz,tar,vinfo-0.0.1/setup.py,914,ast,1,1,setuptools
vinsgrad-0.1.2,D:\10. RQ1 DySec\Step 9 DownloadSelectedBenignPackages\Benign_Packages\vinsgrad-0.1.2.tar.gz,tar,vinsgrad-0.1.2/setup.py,1070,ast,1,1,setuptools
vint-0.1.5,D:\10. RQ1 DySec\Step 9 DownloadSelectedBenignPackages\Benign_Packages\vint-0.1.5.tar.gz,tar,vint-0.1.5/setup.py,1657,ast,6,6,distutils; os; re; setuptools; sys; vint
vinted_osint-1.0,D:\10. RQ1 DySec\Step 9 DownloadSelectedBenignPackages\Benign_Packages\vinted_osint-1.0.tar.gz,tar,vinted_osint-1.0/setup.py,873,ast,1,1,setuptools
vips-utils-1.6.4,D:\10. RQ1 DySec\Step 9 DownloadSelectedBenignPackages\Benign_Packages\vips-utils-1.6.4.tar.gz,tar,vips-utils-1.6.4/setup.py,2276,ast,1,1,setuptools
vipython-0.0.3,D:\10. RQ1 DySec\Step 9 DownloadSelectedBenignPackages\Benign_Packages\vipython-0.0.3.tar.gz,tar,vipython-0.0.3/setup.py,537,ast,1,1,setuptools
virtual-node-0.1.0,D:\10. RQ1 DySec\Step 9 DownloadSelectedBenignPackages\Benign_Packages\virtual-node-0.1.0.tar.gz,tar,virtual-node-0.1.0/setup.py,8772,ast,10,14,distribute_setup; distutils; json; logging; os; setuptools; subprocess; sys; tarfile; urllib
virtualcam-1.0.5,D:\10. RQ1 DySec\Step 9 DownloadSelectedBenignPackages\Benign_Packages\virtualcam-1.0.5.tar.gz,tar,virtualcam-1.0.5/setup.py,1246,ast,3,3,codecs; os; setuptools
virtualcandy-3.0.1,D:\10. RQ1 DySec\Step 9 DownloadSelectedBenignPackages\Benign_Packages\virtualcandy-3.0.1.tar.gz,tar,virtualcandy-3.0.1/setup.py,732,ast,1,1,setuptools
virtualcity-0.0.5,D:\10. RQ1 DySec\Step 9 DownloadSelectedBenignPackages\Benign_Packages\virtualcity-0.0.5.tar.gz,tar,virtualcity-0.0.5/setup.py,1126,ast,1,1,setuptools
virtualenv-20.9.0,D:\10. RQ1 DySec\Step 9 DownloadSelectedBenignPackages\Benign_Packages\virtualenv-20.9.0.tar.gz,tar,virtualenv-20.9.0/setup.py,380,ast,1,1,setuptools
virtualenv-20.9.0,D:\10. RQ1 DySec\Step 9 DownloadSelectedBenignPackages\Benign_Packages\virtualenv-20.9.0.tar.gz,tar,virtualenv-20.9.0/tests/unit/create/console_app/setup.py,38,ast,1,1,setuptools
virtualenv-20.9.0,D:\10. RQ1 DySec\Step 9 DownloadSelectedBenignPackages\Benign_Packages\virtualenv-20.9.0.tar.gz,tar,virtualenv-20.9.0/tests/unit/create/via_global_ref/greet/setup.py,330,ast,2,2,setuptools; sys
virtualenv-emacs-0.1.5,D:\10. RQ1 DySec\Step 9 DownloadSelectedBenignPackages\Benign_Packages\virtualenv-emacs-0.1.5.tar.gz,tar,virtualenv-emacs-0.1.5/setup.py,429,ast,1,1,distutils
virtualenvcontext-0.1.6,D:\10. RQ1 DySec\Step 9 DownloadSelectedBenignPackages\Benign_Packages\virtualenvcontext-0.1.6.tar.gz,tar,virtualenvcontext-0.1.6/setup.py,1506,ast,5,5,logging; multiprocessing; os; setuptools; sys
virtualenvtools-0.0.1,D:\10. RQ1 DySec\Step 9 DownloadSelectedBenignPackages\Benign_Packages\virtualenvtools-0.0.1.tar.gz,tar,virtualenvtools-0.0.1/setup.py,1081,ast,5,6,hashlib; os; setuptools; shutil; sys
VirtualHost-0.0.2,D:\10. RQ1 DySec\Step 9 DownloadSelectedBenignPackages\Benign_Packages\VirtualHost-0.0.2.tar.gz,tar,VirtualHost-0.0.2/setup.py,523,ast,1,1,setuptools
virtualkeyring-1.6,D:\10. RQ1 DySec\Step 9 DownloadSelectedBenignPackages\Benign_Packages\virtualkeyring-1.6.tar.gz,tar,virtualkeyring-1.6/setup.py,1305,ast,1,1,setuptools
virtualpdu-2.1.0,D:\10. RQ1 DySec\Step 9 DownloadSelectedBenignPackages\Benign_Packages\virtualpdu-2.1.0.tar.gz,tar,virtualpdu-2.1.0/setup.py,697,ast,1,1,setuptools
virtualpen-0.1.1,D:\10. RQ1 DySec\Step 9 DownloadSelectedBenignPackages\Benign_Packages\virtualpen-0.1.1.tar.gz,tar,virtualpen-0.1.1/setup.py,712,ast,1,1,setuptools
virtualpp-0.0.7,D:\10. RQ1 DySec\Step 9 DownloadSelectedBenignPackages\Benign_Packages\virtualpp-0.0.7.tar.gz,tar,virtualpp-0.0.7/setup.py,777,ast,1,1,setuptools
virtualreality-0.1.2,D:\10. RQ1 DySec\Step 9 DownloadSelectedBenignPackages\Benign_Packages\virtualreality-0.1.2.tar.gz,tar,virtualreality-0.1.2/setup.py,1758,ast,2,2,setuptools; virtualreality
virtualsketch-0.0.1,D:\10. RQ1 DySec\Step 9 DownloadSelectedBenignPackages\Benign_Packages\virtualsketch-0.0.1.tar.gz,tar,virtualsketch-0.0.1/setup.py,913,ast,1,1,setuptools
virtualvideo-0.1.6,D:\10. RQ1 DySec\Step 9 DownloadSelectedBenignPackages\Benign_Packages\virtualvideo-0.1.6.tar.gz,tar,virtualvideo-0.1.6/setup.py,949,ast,1,1,setuptools
virtualwatts-0.1.1,D:\10. RQ1 DySec\Step 9 DownloadSelectedBenignPackages\Benign_Packages\virtualwatts-0.1.1.tar.gz,tar,virtualwatts-0.1.1/setup.py,766,ast,1,1,setuptools
virustotal3-1.0.8,D:\10. RQ1 DySec\Step 9 DownloadSelectedBenignPackages\Benign_Packages\virustotal3-1.0.8.tar.gz,tar,virustotal3-1.0.8/setup.py,638,ast,1,1,setuptools
vis_cpu-1.1.0,D:\10. RQ1 DySec\Step 9 DownloadSelectedBenignPackages\Benign_Packages\vis_cpu-1.1.0.tar.gz,tar,vis_cpu-1.1.0/setup.py,38,ast,1,1,setuptools
visadore-1.0,D:\10. RQ1 DySec\Step 9 DownloadSelectedBenignPackages\Benign_Packages\visadore-1.0.tar.gz,tar,visadore-1.0/setup.py,73,ast,1,1,setuptools
visaplan.js.urlsplit-1.1.0,D:\10. RQ1 DySec\Step 9 DownloadSelectedBenignPackages\Benign_Packages\visaplan.js.urlsplit-1.1.0.tar.gz,tar,visaplan.js.urlsplit-1.1.0/setup.py,6463,ast,4,6,__future__; os; pprint; setuptools
visar-0.5.0,D:\10. RQ1 DySec\Step 9 DownloadSelectedBenignPackages\Benign_Packages\visar-0.5.0.tar.gz,tar,visar-0.5.0/setup.py,1187,ast,1,1,setuptools
vistring-0.2.0,D:\10. RQ1 DySec\Step 9 DownloadSelectedBenignPackages\Benign_Packages\vistring-0.2.0.tar.gz,tar,vistring-0.2.0/setup.py,1670,ast,1,1,setuptools
visual_sponge-0.6.4,D:\10. RQ1 DySec\Step 9 DownloadSelectedBenignPackages\Benign_Packages\visual_sponge-0.6.4.tar.gz,tar,visual_sponge-0.6.4/setup.py,966,ast,1,1,setuptools
visualconv-0.2,D:\10. RQ1 DySec\Step 9 DownloadSelectedBenignPackages\Benign_Packages\visualconv-0.2.tar.gz,tar,visualconv-0.2/setup.py,584,ast,1,1,setuptools
visualops-1.0.2,D:\10. RQ1 DySec\Step 9 DownloadSelectedBenignPackages\Benign_Packages\visualops-1.0.2.tar.gz,tar,visualops-1.0.2/setup.py,2032,ast,3,3,multiprocessing; re; setuptools
visvalingam-0.3.0,D:\10. RQ1 DySec\Step 9 DownloadSelectedBenignPackages\Benign_Packages\visvalingam-0.3.0.tar.gz,tar,visvalingam-0.3.0/setup.py,708,ast,1,1,setuptools
visvasc-0.1.0,D:\10. RQ1 DySec\Step 9 DownloadSelectedBenignPackages\Benign_Packages\visvasc-0.1.0.tar.gz,tar,visvasc-0.1.0/setup.py,1141,ast,1,1,setuptools
vit_pytorch-1.7.9,D:\10. RQ1 DySec\Step 9 DownloadSelectedBenignPackages\Benign_Packages\vit_pytorch-1.7.9.tar.gz,tar,vit_pytorch-1.7.9/setup.py,1057,ast,1,1,setuptools
vk_captchasolver-1.0.4,D:\10. RQ1 DySec\Step 9 DownloadSelectedBenignPackages\Benign_Packages\vk_captchasolver-1.0.4.tar.gz,tar,vk_captchasolver-1.0.4/setup.py,1003,ast,2,2,os; setuptools
vkbeautify-0.3.0,D:\10. RQ1 DySec\Step 9 DownloadSelectedBenignPackages\Benign_Packages\vkbeautify-0.3.0.tar.gz,tar,vkbeautify-0.3.0/setup.py,383,ast,1,1,distutils
vkOsint-1.0,D:\10. RQ1 DySec\Step 9 DownloadSelectedBenignPackages\Benign_Packages\vkOsint-1.0.tar.gz,tar,vkOsint-1.0/setup.py,1866,ast,1,1,setuptools
vlc-http-0.9.0,D:\10. RQ1 DySec\Step 9 DownloadSelectedBenignPackages\Benign_Packages\vlc-http-0.9.0.tar.gz,tar,vlc-http-0.9.0/setup.py,339,ast,1,1,setuptools
vlivepy-1.1.2,D:\10. RQ1 DySec\Step 9 DownloadSelectedBenignPackages\Benign_Packages\vlivepy-1.1.2.tar.gz,tar,vlivepy-1.1.2/setup.py,627,ast,2,2,setuptools; vlivepy
vmd-0.1.1,D:\10. RQ1 DySec\Step 9 DownloadSelectedBenignPackages\Benign_Packages\vmd-0.1.1.tar.gz,tar,vmd-0.1.1/setup.py,985,ast,1,1,setuptools
vmem-1.0.2,D:\10. RQ1 DySec\Step 9 DownloadSelectedBenignPackages\Benign_Packages\vmem-1.0.2.tar.gz,tar,vmem-1.0.2/setup.py,721,ast,2,2,setuptools; sys
vmtconnect-3.6.2,D:\10. RQ1 DySec\Step 9 DownloadSelectedBenignPackages\Benign_Packages\vmtconnect-3.6.2.tar.gz,tar,vmtconnect-3.6.2/setup.py,1375,ast,2,2,os; setuptools
voidgame-1.1,D:\10. RQ1 DySec\Step 9 DownloadSelectedBenignPackages\Benign_Packages\voidgame-1.1.tar.gz,tar,voidgame-1.1/setup.py,478,ast,1,1,setuptools
vope-0.1.0,D:\10. RQ1 DySec\Step 9 DownloadSelectedBenignPackages\Benign_Packages\vope-0.1.0.tar.gz,tar,vope-0.1.0/setup.py,536,ast,1,1,setuptools
vpc-control-ao-0.1.9,D:\10. RQ1 DySec\Step 9 DownloadSelectedBenignPackages\Benign_Packages\vpc-control-ao-0.1.9.tar.gz,tar,vpc-control-ao-0.1.9/setup.py,631,ast,1,1,setuptools
vping-0.16,D:\10. RQ1 DySec\Step 9 DownloadSelectedBenignPackages\Benign_Packages\vping-0.16.tar.gz,tar,vping-0.16/setup.py,1877,ast,6,6,__version__; io; os; re; setuptools; shutil
vprad-0.1.0,D:\10. RQ1 DySec\Step 9 DownloadSelectedBenignPackages\Benign_Packages\vprad-0.1.0.tar.gz,tar,vprad-0.1.0/setup.py,2571,ast,1,1,setuptools
vprint-0.0.3,D:\10. RQ1 DySec\Step 9 DownloadSelectedBenignPackages\Benign_Packages\vprint-0.0.3.tar.gz,tar,vprint-0.0.3/setup.py,1206,ast,3,3,distutils; os; setuptools
vquest-0.0.9,D:\10. RQ1 DySec\Step 9 DownloadSelectedBenignPackages\Benign_Packages\vquest-0.0.9.tar.gz,tar,vquest-0.0.9/setup.py,889,ast,2,2,setuptools; vquest
vsmasking-0.5.1,D:\10. RQ1 DySec\Step 9 DownloadSelectedBenignPackages\Benign_Packages\vsmasking-0.5.1.tar.gz,tar,vsmasking-0.5.1/setup.py,1394,ast,3,3,distutils; setuptools; typing
VT_Bypass-0.2.0,D:\10. RQ1 DySec\Step 9 DownloadSelectedBenignPackages\Benign_Packages\VT_Bypass-0.2.0.tar.gz,tar,VT_Bypass-0.2.0/setup.py,1532,ast,4,4,distutils; os; re; setuptools
vtfcal-0.3.5,D:\10. RQ1 DySec\Step 9 DownloadSelectedBenignPackages\Benign_Packages\vtfcal-0.3.5.tar.gz,tar,vtfcal-0.3.5/setup.py,3262,ast,8,8,ConfigParser; __builtin__; builtins; configparser; glob; os; setuptools; sys
vtr_utils-0.1.0,D:\10. RQ1 DySec\Step 9 DownloadSelectedBenignPackages\Benign_Packages\vtr_utils-0.1.0.tar.gz,tar,vtr_utils-0.1.0/setup.py,1124,ast,3,3,distutils; os; setuptools
vulnmine-1.0.5,D:\10. RQ1 DySec\Step 9 DownloadSelectedBenignPackages\Benign_Packages\vulnmine-1.0.5.tar.gz,tar,vulnmine-1.0.5/setup.py,4999,ast,3,3,codecs; os; setuptools
vultr-1.0rc1,D:\10. RQ1 DySec\Step 9 DownloadSelectedBenignPackages\Benign_Packages\vultr-1.0rc1.zip,zip,vultr-1.0rc1/setup.py,1236,ast,1,1,setuptools
vxsandbox-0.6.2a3,D:\10. RQ1 DySec\Step 9 DownloadSelectedBenignPackages\Benign_Packages\vxsandbox-0.6.2a3.tar.gz,tar,vxsandbox-0.6.2a3/setup.py,868,ast,1,1,setuptools
vyper-0.4.0rc6,D:\10. RQ1 DySec\Step 9 DownloadSelectedBenignPackages\Benign_Packages\vyper-0.4.0rc6.tar.gz,tar,vyper-0.4.0rc6/setup.py,3644,ast,5,5,os; re; setuptools; setuptools_scm; subprocess
vyper-debug-0.1.2b7,D:\10. RQ1 DySec\Step 9 DownloadSelectedBenignPackages\Benign_Packages\vyper-debug-0.1.2b7.tar.gz,tar,vyper-debug-0.1.2b7/setup.py,1857,ast,1,1,setuptools
vypex-0.0.0.1,D:\10. RQ1 DySec\Step 9 DownloadSelectedBenignPackages\Benign_Packages\vypex-0.0.0.1.tar.gz,tar,vypex-0.0.0.1/setup.py,1820,ast,1,1,setuptools
w3-0.0.0,D:\10. RQ1 DySec\Step 9 DownloadSelectedBenignPackages\Benign_Packages\w3-0.0.0.tar.gz,tar,w3-0.0.0/setup.py,38,ast,1,1,setuptools
w_tool-0.0.6,D:\10. RQ1 DySec\Step 9 DownloadSelectedBenignPackages\Benign_Packages\w_tool-0.0.6.tar.gz,tar,w_tool-0.0.6/setup.py,710,ast,1,1,setuptools
waaazzi-0.1,D:\10. RQ1 DySec\Step 9 DownloadSelectedBenignPackages\Benign_Packages\waaazzi-0.1.tar.gz,tar,waaazzi-0.1/setup.py,231,ast,1,1,setuptools
wacryptolib-0.9,D:\10. RQ1 DySec\Step 9 DownloadSelectedBenignPackages\Benign_Packages\wacryptolib-0.9.tar.gz,tar,wacryptolib-0.9/setup.py,2724,ast,1,1,setuptools
wadget-0.0.9,D:\10. RQ1 DySec\Step 9 DownloadSelectedBenignPackages\Benign_Packages\wadget-0.0.9.tar.gz,tar,wadget-0.0.9/setup.py,514,ast,1,1,setuptools
waldur-paypal-0.9.0,D:\10. RQ1 DySec\Step 9 DownloadSelectedBenignPackages\Benign_Packages\waldur-paypal-0.9.0.tar.gz,tar,waldur-paypal-0.9.0/setup.py,1122,ast,1,1,setuptools
wallpaperscraft-1.0.2,D:\10. RQ1 DySec\Step 9 DownloadSelectedBenignPackages\Benign_Packages\wallpaperscraft-1.0.2.tar.gz,tar,wallpaperscraft-1.0.2/setup.py,1217,ast,2,2,re; setuptools
walt-virtual-8.2,D:\10. RQ1 DySec\Step 9 DownloadSelectedBenignPackages\Benign_Packages\walt-virtual-8.2.tar.gz,tar,walt-virtual-8.2/setup.py,893,ast,2,2,setuptools; sys
wandb-0.18.1,D:\10. RQ1 DySec\Step 9 DownloadSelectedBenignPackages\Benign_Packages\wandb-0.18.1.tar.gz,tar,wandb-0.18.1/wandb/vendor/gql-0.2.0/setup.py,1314,ast,1,1,setuptools
wandb-0.18.1,D:\10. RQ1 DySec\Step 9 DownloadSelectedBenignPackages\Benign_Packages\wandb-0.18.1.tar.gz,tar,wandb-0.18.1/wandb/vendor/graphql-core-1.1/setup.py,2743,ast,5,6,__builtin__; builtins; pytest; setuptools; sys
wandb-0.18.1,D:\10. RQ1 DySec\Step 9 DownloadSelectedBenignPackages\Benign_Packages\wandb-0.18.1.tar.gz,tar,wandb-0.18.1/wandb/vendor/promise-2.3.0/setup.py,1899,ast,4,4,__builtin__; builtins; setuptools; sys
warpdrive-0.34.0,D:\10. RQ1 DySec\Step 9 DownloadSelectedBenignPackages\Benign_Packages\warpdrive-0.34.0.tar.gz,tar,warpdrive-0.34.0/setup.py,1375,ast,2,2,os; setuptools
warprnnt_tensorflow-0.1,D:\10. RQ1 DySec\Step 9 DownloadSelectedBenignPackages\Benign_Packages\warprnnt_tensorflow-0.1.tar.gz,tar,warprnnt_tensorflow-0.1/setup.py,6073,ast,10,11,__future__; distutils; os; platform; re; setuptools; sys; tensorflow; unittest; warnings
watchdog-5.0.2,D:\10. RQ1 DySec\Step 9 DownloadSelectedBenignPackages\Benign_Packages\watchdog-5.0.2.tar.gz,tar,watchdog-5.0.2/setup.py,4926,ast,5,8,importlib; os; platform; setuptools; sys
watchtower-3.3.1,D:\10. RQ1 DySec\Step 9 DownloadSelectedBenignPackages\Benign_Packages\watchtower-3.3.1.tar.gz,tar,watchtower-3.3.1/setup.py,1584,ast,1,1,setuptools
wavelength-test-0.0.3,D:\10. RQ1 DySec\Step 9 DownloadSelectedBenignPackages\Benign_Packages\wavelength-test-0.0.3.tar.gz,tar,wavelength-test-0.0.3/setup.py,1072,ast,2,2,os; setuptools
wavencoder-0.1.3,D:\10. RQ1 DySec\Step 9 DownloadSelectedBenignPackages\Benign_Packages\wavencoder-0.1.3.tar.gz,tar,wavencoder-0.1.3/setup.py,1111,ast,1,1,setuptools
wavesplit-0.0.3,D:\10. RQ1 DySec\Step 9 DownloadSelectedBenignPackages\Benign_Packages\wavesplit-0.0.3.tar.gz,tar,wavesplit-0.0.3/setup.py,2541,ast,3,3,configparser; pkg_resources; setuptools
waypaper-2.2,D:\10. RQ1 DySec\Step 9 DownloadSelectedBenignPackages\Benign_Packages\waypaper-2.2.tar.gz,tar,waypaper-2.2/setup.py,1587,ast,2,2,pathlib; setuptools
wbcontroller-0.0.8,D:\10. RQ1 DySec\Step 9 DownloadSelectedBenignPackages\Benign_Packages\wbcontroller-0.0.8.tar.gz,tar,wbcontroller-0.0.8/setup.py,448,ast,1,1,setuptools
wbe-0.0.1,D:\10. RQ1 DySec\Step 9 DownloadSelectedBenignPackages\Benign_Packages\wbe-0.0.1.tar.gz,tar,wbe-0.0.1/setup.py,1112,ast,3,3,io; setuptools; wbe
wbn-0.1.0,D:\10. RQ1 DySec\Step 9 DownloadSelectedBenignPackages\Benign_Packages\wbn-0.1.0.tar.gz,tar,wbn-0.1.0/setup.py,1647,ast,1,1,setuptools
wbpy-3.0.0,D:\10. RQ1 DySec\Step 9 DownloadSelectedBenignPackages\Benign_Packages\wbpy-3.0.0.tar.gz,tar,wbpy-3.0.0/setup.py,36472,ast,1,1,setuptools
wcolors-1.0,D:\10. RQ1 DySec\Step 9 DownloadSelectedBenignPackages\Benign_Packages\wcolors-1.0.tar.gz,tar,wcolors-1.0/setup.py,388,ast,1,1,setuptools
WConio2-2.0.1,D:\10. RQ1 DySec\Step 9 DownloadSelectedBenignPackages\Benign_Packages\WConio2-2.0.1.tar.gz,tar,WConio2-2.0.1/setup.py,1655,ast,1,1,distutils
wcwidth-0.2.13,D:\10. RQ1 DySec\Step 9 DownloadSelectedBenignPackages\Benign_Packages\wcwidth-0.2.13.tar.gz,tar,wcwidth-0.2.13/setup.py,3051,ast,5,5,codecs; os; setuptools; subprocess; sys
wdb-3.3.0,D:\10. RQ1 DySec\Step 9 DownloadSelectedBenignPackages\Benign_Packages\wdb-3.3.0.tar.gz,tar,wdb-3.3.0/setup.py,1485,ast,2,2,setuptools; sys
wealthpy-0.0.1,D:\10. RQ1 DySec\Step 9 DownloadSelectedBenignPackages\Benign_Packages\wealthpy-0.0.1.tar.gz,tar,wealthpy-0.0.1/setup.py,186,ast,1,1,setuptools
web-payments-paypal-1.0.2,D:\10. RQ1 DySec\Step 9 DownloadSelectedBenignPackages\Benign_Packages\web-payments-paypal-1.0.2.tar.gz,tar,web-payments-paypal-1.0.2/setup.py,2241,ast,4,5,os; pytest; setuptools; sys
web-pt-1.0.0,D:\10. RQ1 DySec\Step 9 DownloadSelectedBenignPackages\Benign_Packages\web-pt-1.0.0.tar.gz,tar,web-pt-1.0.0/setup.py,777,ast,1,1,setuptools
web.py-0.62,D:\10. RQ1 DySec\Step 9 DownloadSelectedBenignPackages\Benign_Packages\web.py-0.62.tar.gz,tar,web.py-0.62/setup.py,1196,ast,3,3,os; setuptools; web
web2py-2.1.1,D:\10. RQ1 DySec\Step 9 DownloadSelectedBenignPackages\Benign_Packages\web2py-2.1.1.tar.gz,tar,web2py-2.1.1/setup.py,3231,ast,4,4,gluon; setuptools; sys; tarfile
web3-7.0.0b9,D:\10. RQ1 DySec\Step 9 DownloadSelectedBenignPackages\Benign_Packages\web3-7.0.0b9.tar.gz,tar,web3-7.0.0b9/setup.py,2953,ast,1,1,setuptools
web3-7.2.0,D:\10. RQ1 DySec\Step 9 DownloadSelectedBenignPackages\Benign_Packages\web3-7.2.0.tar.gz,tar,web3-7.2.0/setup.py,3038,ast,1,1,setuptools
web3mq-0.0.4,D:\10. RQ1 DySec\Step 9 DownloadSelectedBenignPackages\Benign_Packages\web3mq-0.0.4.tar.gz,tar,web3mq-0.0.4/setup.py,1375,ast,2,4,os; setuptools
web3tool-6.6.3,D:\10. RQ1 DySec\Step 9 DownloadSelectedBenignPackages\Benign_Packages\web3tool-6.6.3.tar.gz,tar,web3tool-6.6.3/setup.py,3104,ast,1,1,setuptools
web3tools-0.1.2,D:\10. RQ1 DySec\Step 9 DownloadSelectedBenignPackages\Benign_Packages\web3tools-0.1.2.tar.gz,tar,web3tools-0.1.2/setup.py,749,ast,1,1,setuptools
web3x-0.3,D:\10. RQ1 DySec\Step 9 DownloadSelectedBenignPackages\Benign_Packages\web3x-0.3.tar.gz,tar,web3x-0.3/setup.py,423,ast,1,1,setuptools
web_gamepad-0.1.9,D:\10. RQ1 DySec\Step 9 DownloadSelectedBenignPackages\Benign_Packages\web_gamepad-0.1.9.tar.gz,tar,web_gamepad-0.1.9/setup.py,598,ast,1,1,setuptools
weballurl-1.1.7,D:\10. RQ1 DySec\Step 9 DownloadSelectedBenignPackages\Benign_Packages\weballurl-1.1.7.tar.gz,tar,weballurl-1.1.7/setup.py,1682,ast,1,1,distutils
webargs-8.4.0,D:\10. RQ1 DySec\Step 9 DownloadSelectedBenignPackages\Benign_Packages\webargs-8.4.0.tar.gz,tar,webargs-8.4.0/setup.py,3482,ast,2,2,re; setuptools
webcandy-0.0.2,D:\10. RQ1 DySec\Step 9 DownloadSelectedBenignPackages\Benign_Packages\webcandy-0.0.2.tar.gz,tar,webcandy-0.0.2/setup.py,1364,ast,2,2,os; setuptools
webcandy-client-0.1.5,D:\10. RQ1 DySec\Step 9 DownloadSelectedBenignPackages\Benign_Packages\webcandy-client-0.1.5.tar.gz,tar,webcandy-client-0.1.5/setup.py,1200,ast,1,1,setuptools
webcraft-0.2.0,D:\10. RQ1 DySec\Step 9 DownloadSelectedBenignPackages\Benign_Packages\webcraft-0.2.0.tar.gz,tar,webcraft-0.2.0/setup.py,1337,ast,1,1,setuptools
webencodings-0.5.1,D:\10. RQ1 DySec\Step 9 DownloadSelectedBenignPackages\Benign_Packages\webencodings-0.5.1.tar.gz,tar,webencodings-0.5.1/setup.py,1556,ast,4,4,io; os; re; setuptools
webgen-0.1.0,D:\10. RQ1 DySec\Step 9 DownloadSelectedBenignPackages\Benign_Packages\webgen-0.1.0.tar.gz,tar,webgen-0.1.0/setup.py,4097,ast,3,3,codecs; os; setuptools
webint_live-0.0.9,D:\10. RQ1 DySec\Step 9 DownloadSelectedBenignPackages\Benign_Packages\webint_live-0.0.9.tar.gz,tar,webint_live-0.0.9/setup.py,757,ast,1,1,setuptools
webint_posts-0.0.9,D:\10. RQ1 DySec\Step 9 DownloadSelectedBenignPackages\Benign_Packages\webint_posts-0.0.9.tar.gz,tar,webint_posts-0.0.9/setup.py,757,ast,1,1,setuptools
webint_tracker-0.0.3,D:\10. RQ1 DySec\Step 9 DownloadSelectedBenignPackages\Benign_Packages\webint_tracker-0.0.3.tar.gz,tar,webint_tracker-0.0.3/setup.py,773,ast,1,1,setuptools
webrandints-1.5,D:\10. RQ1 DySec\Step 9 DownloadSelectedBenignPackages\Benign_Packages\webrandints-1.5.tar.gz,tar,webrandints-1.5/setup.py,535,ast,1,1,setuptools
webrunner-0.1,D:\10. RQ1 DySec\Step 9 DownloadSelectedBenignPackages\Benign_Packages\webrunner-0.1.tar.gz,tar,webrunner-0.1/setup.py,208,ast,1,1,setuptools
webscout-5.3,D:\10. RQ1 DySec\Step 9 DownloadSelectedBenignPackages\Benign_Packages\webscout-5.3.tar.gz,tar,webscout-5.3/setup.py,3098,ast,1,1,setuptools
webscrapingapi-1.2.6,D:\10. RQ1 DySec\Step 9 DownloadSelectedBenignPackages\Benign_Packages\webscrapingapi-1.2.6.tar.gz,tar,webscrapingapi-1.2.6/setup.py,961,ast,1,1,setuptools
Webshare-1.0.0,D:\10. RQ1 DySec\Step 9 DownloadSelectedBenignPackages\Benign_Packages\Webshare-1.0.0.tar.gz,tar,Webshare-1.0.0/setup.py,502,ast,1,1,setuptools
webshareproxy-0.0.10,D:\10. RQ1 DySec\Step 9 DownloadSelectedBenignPackages\Benign_Packages\webshareproxy-0.0.10.tar.gz,tar,webshareproxy-0.0.10/setup.py,1008,ast,1,1,setuptools
websock-1.0.4,D:\10. RQ1 DySec\Step 9 DownloadSelectedBenignPackages\Benign_Packages\websock-1.0.4.tar.gz,tar,websock-1.0.4/setup.py,694,ast,2,2,os; setuptools
websocket-0.2.1,D:\10. RQ1 DySec\Step 9 DownloadSelectedBenignPackages\Benign_Packages\websocket-0.2.1.tar.gz,tar,websocket-0.2.1/setup.py,1080,ast,3,3,distutils; re; setuptools
websocket-client2-1.0,D:\10. RQ1 DySec\Step 9 DownloadSelectedBenignPackages\Benign_Packages\websocket-client2-1.0.tar.gz,tar,websocket-client2-1.0/setup.py,475,ast,3,3,distutils; setuptools; sys
websocket_client-1.8.0,D:\10. RQ1 DySec\Step 9 DownloadSelectedBenignPackages\Benign_Packages\websocket_client-1.8.0.tar.gz,tar,websocket_client-1.8.0/setup.py,2700,ast,1,1,setuptools
websockets-9.1,D:\10. RQ1 DySec\Step 9 DownloadSelectedBenignPackages\Benign_Packages\websockets-9.1.tar.gz,tar,websockets-9.1/setup.py,1941,ast,4,4,pathlib; re; setuptools; sys
websocks-0.4.7,D:\10. RQ1 DySec\Step 9 DownloadSelectedBenignPackages\Benign_Packages\websocks-0.4.7.tar.gz,tar,websocks-0.4.7/setup.py,2312,ast,1,1,setuptools
webstring-0.5,D:\10. RQ1 DySec\Step 9 DownloadSelectedBenignPackages\Benign_Packages\webstring-0.5.zip,zip,webstring-0.5/setup.py,3260,ast,3,3,distutils; ez_setup; setuptools
webthon-0.0.2,D:\10. RQ1 DySec\Step 9 DownloadSelectedBenignPackages\Benign_Packages\webthon-0.0.2.tar.gz,tar,webthon-0.0.2/setup.py,673,ast,1,1,setuptools
webtoons-0.1.2,D:\10. RQ1 DySec\Step 9 DownloadSelectedBenignPackages\Benign_Packages\webtoons-0.1.2.tar.gz,tar,webtoons-0.1.2/setup.py,710,ast,1,1,setuptools
webtranslate-0.1,D:\10. RQ1 DySec\Step 9 DownloadSelectedBenignPackages\Benign_Packages\webtranslate-0.1.tar.gz,tar,webtranslate-0.1/setup.py,780,ast,1,1,distutils
webtrap-1.0.1.dev7,D:\10. RQ1 DySec\Step 9 DownloadSelectedBenignPackages\Benign_Packages\webtrap-1.0.1.dev7.tar.gz,tar,webtrap-1.0.1.dev7/setup.py,74,ast,1,1,setuptools
webuipy-0.0.1,D:\10. RQ1 DySec\Step 9 DownloadSelectedBenignPackages\Benign_Packages\webuipy-0.0.1.tar.gz,tar,webuipy-0.0.1/setup.py,923,ast,2,2,os; setuptools
webz-0.0.9,D:\10. RQ1 DySec\Step 9 DownloadSelectedBenignPackages\Benign_Packages\webz-0.0.9.tar.gz,tar,webz-0.0.9/setup.py,720,ast,1,1,setuptools
wechat_push-1.0.1,D:\10. RQ1 DySec\Step 9 DownloadSelectedBenignPackages\Benign_Packages\wechat_push-1.0.1.tar.gz,tar,wechat_push-1.0.1/setup.py,773,ast,1,1,setuptools
weconnect-0.9.1,D:\10. RQ1 DySec\Step 9 DownloadSelectedBenignPackages\Benign_Packages\weconnect-0.9.1.tar.gz,tar,weconnect-0.9.1/setup.py,1327,ast,2,2,pathlib; setuptools
weeby.py-0.1.6,D:\10. RQ1 DySec\Step 9 DownloadSelectedBenignPackages\Benign_Packages\weeby.py-0.1.6.tar.gz,tar,weeby.py-0.1.6/setup.py,939,ast,1,1,setuptools
weeder-0.1,D:\10. RQ1 DySec\Step 9 DownloadSelectedBenignPackages\Benign_Packages\weeder-0.1.tar.gz,tar,weeder-0.1/setup.py,1106,ast,2,2,os; setuptools
weesocket-2.0.2,D:\10. RQ1 DySec\Step 9 DownloadSelectedBenignPackages\Benign_Packages\weesocket-2.0.2.tar.gz,tar,weesocket-2.0.2/setup.py,1125,ast,3,3,setuptools; src; wheel
wego-0.9.4a0,D:\10. RQ1 DySec\Step 9 DownloadSelectedBenignPackages\Benign_Packages\wego-0.9.4a0.tar.gz,tar,wego-0.9.4a0/setup.py,440,ast,1,1,setuptools
weppy-BS3-0.6,D:\10. RQ1 DySec\Step 9 DownloadSelectedBenignPackages\Benign_Packages\weppy-BS3-0.6.tar.gz,tar,weppy-BS3-0.6/setup.py,1057,ast,1,1,setuptools
werkflow-http-0.3.0,D:\10. RQ1 DySec\Step 9 DownloadSelectedBenignPackages\Benign_Packages\werkflow-http-0.3.0.tar.gz,tar,werkflow-http-0.3.0/setup.py,1431,ast,2,2,os; setuptools
west_ishara-0.0.0,D:\10. RQ1 DySec\Step 9 DownloadSelectedBenignPackages\Benign_Packages\west_ishara-0.0.0.tar.gz,tar,west_ishara-0.0.0/setup.py,1097,ast,3,3,os; setuptools; west_ishara
whaaaaat-0.5.2,D:\10. RQ1 DySec\Step 9 DownloadSelectedBenignPackages\Benign_Packages\whaaaaat-0.5.2.tar.gz,tar,whaaaaat-0.5.2/setup.py,1820,ast,4,4,io; os; pypandoc; setuptools
whatimiss-0.0.1,D:\10. RQ1 DySec\Step 9 DownloadSelectedBenignPackages\Benign_Packages\whatimiss-0.0.1.tar.gz,tar,whatimiss-0.0.1/setup.py,461,ast,1,1,setuptools
wheel-0.9.7,D:\10. RQ1 DySec\Step 9 DownloadSelectedBenignPackages\Benign_Packages\wheel-0.9.7.tar.gz,tar,wheel-0.9.7/setup.py,1570,ast,4,4,codecs; os; setuptools; sys
wheel-0.9.7,D:\10. RQ1 DySec\Step 9 DownloadSelectedBenignPackages\Benign_Packages\wheel-0.9.7.tar.gz,tar,wheel-0.9.7/wheel/test/simple.dist/setup.py,383,ast,1,1,setuptools
wheel-0.9.7,D:\10. RQ1 DySec\Step 9 DownloadSelectedBenignPackages\Benign_Packages\wheel-0.9.7.tar.gz,tar,wheel-0.9.7/wheel/test/complex.dist/setup.py,390,ast,1,1,setuptools
wheel_axle-0.0.9.dev20240810025727,D:\10. RQ1 DySec\Step 9 DownloadSelectedBenignPackages\Benign_Packages\wheel_axle-0.0.9.dev20240810025727.tar.gz,tar,wheel_axle-0.0.9.dev20240810025727/setup.py,6764,ast,1,2,setuptools
whereami-0.4.90,D:\10. RQ1 DySec\Step 9 DownloadSelectedBenignPackages\Benign_Packages\whereami-0.4.90.tar.gz,tar,whereami-0.4.90/setup.py,1737,ast,1,2,setuptools
whitespace-1.0.0b8,D:\10. RQ1 DySec\Step 9 DownloadSelectedBenignPackages\Benign_Packages\whitespace-1.0.0b8.tar.gz,tar,whitespace-1.0.0b8/setup.py,149,ast,1,1,setuptools
widgetmark-0.1.0,D:\10. RQ1 DySec\Step 9 DownloadSelectedBenignPackages\Benign_Packages\widgetmark-0.1.0.tar.gz,tar,widgetmark-0.1.0/setup.py,2639,ast,2,2,pathlib; setuptools
widgetsnbextension-4.0.13,D:\10. RQ1 DySec\Step 9 DownloadSelectedBenignPackages\Benign_Packages\widgetsnbextension-4.0.13.tar.gz,tar,widgetsnbextension-4.0.13/setup.py,880,ast,3,3,jupyter_packaging; pathlib; setuptools
wifi_tools-0.7,D:\10. RQ1 DySec\Step 9 DownloadSelectedBenignPackages\Benign_Packages\wifi_tools-0.7.tar.gz,tar,wifi_tools-0.7/setup.py,3010,ast,3,3,distutils; platform; setuptools
WifiTools-1.0.1,D:\10. RQ1 DySec\Step 9 DownloadSelectedBenignPackages\Benign_Packages\WifiTools-1.0.1.tar.gz,tar,WifiTools-1.0.1/setup.py,236,ast,1,1,setuptools
wiki-random-0.1.5,D:\10. RQ1 DySec\Step 9 DownloadSelectedBenignPackages\Benign_Packages\wiki-random-0.1.5.tar.gz,tar,wiki-random-0.1.5/setup.py,708,ast,1,1,setuptools
wiki_synonyms-0.1.0,D:\10. RQ1 DySec\Step 9 DownloadSelectedBenignPackages\Benign_Packages\wiki_synonyms-0.1.0.tar.gz,tar,wiki_synonyms-0.1.0/setup.py,396,ast,1,1,setuptools
willard-0.1,D:\10. RQ1 DySec\Step 9 DownloadSelectedBenignPackages\Benign_Packages\willard-0.1.tar.gz,tar,willard-0.1/setup.py,1662,ast,1,1,distutils
willdo-0.2,D:\10. RQ1 DySec\Step 9 DownloadSelectedBenignPackages\Benign_Packages\willdo-0.2.tar.gz,tar,willdo-0.2/setup.py,833,ast,1,1,setuptools
wincrypto-0.3,D:\10. RQ1 DySec\Step 9 DownloadSelectedBenignPackages\Benign_Packages\wincrypto-0.3.tar.gz,tar,wincrypto-0.3/setup.py,841,ast,1,1,setuptools
windialog-1.0.2,D:\10. RQ1 DySec\Step 9 DownloadSelectedBenignPackages\Benign_Packages\windialog-1.0.2.tar.gz,tar,windialog-1.0.2/setup.py,1723,ast,1,1,setuptools
winja-exploitr-0.6,D:\10. RQ1 DySec\Step 9 DownloadSelectedBenignPackages\Benign_Packages\winja-exploitr-0.6.tar.gz,tar,winja-exploitr-0.6/setup.py,354,ast,1,1,setuptools
winontop-0.1,D:\10. RQ1 DySec\Step 9 DownloadSelectedBenignPackages\Benign_Packages\winontop-0.1.zip,zip,winontop-0.1/setup.py,959,ast,2,2,os; setuptools
winping-0.2.4,D:\10. RQ1 DySec\Step 9 DownloadSelectedBenignPackages\Benign_Packages\winping-0.2.4.tar.gz,tar,winping-0.2.4/setup.py,2041,ast,2,2,os; setuptools
winpip-1.0,D:\10. RQ1 DySec\Step 9 DownloadSelectedBenignPackages\Benign_Packages\winpip-1.0.tar.gz,tar,winpip-1.0/setup.py,666,ast,1,1,setuptools
wkweb-0.0.0.8,D:\10. RQ1 DySec\Step 9 DownloadSelectedBenignPackages\Benign_Packages\wkweb-0.0.0.8.tar.gz,tar,wkweb-0.0.0.8/setup.py,2239,ast,3,4,glob; os; setuptools
WMI-1.5.1,D:\10. RQ1 DySec\Step 9 DownloadSelectedBenignPackages\Benign_Packages\WMI-1.5.1.tar.gz,tar,WMI-1.5.1/setup.py,2040,ast,3,3,os; re; setuptools
worktime-logger-0.2,D:\10. RQ1 DySec\Step 9 DownloadSelectedBenignPackages\Benign_Packages\worktime-logger-0.2.tar.gz,tar,worktime-logger-0.2/setup.py,455,ast,1,1,distutils
wp-toolbox-0.4.1,D:\10. RQ1 DySec\Step 9 DownloadSelectedBenignPackages\Benign_Packages\wp-toolbox-0.4.1.tar.gz,tar,wp-toolbox-0.4.1/setup.py,694,ast,1,1,setuptools
wpadmin-0.1.0,D:\10. RQ1 DySec\Step 9 DownloadSelectedBenignPackages\Benign_Packages\wpadmin-0.1.0.zip,zip,wpadmin-0.1.0/setup.py,1176,ast,2,2,__future__; setuptools
wpcraft-1.2.3,D:\10. RQ1 DySec\Step 9 DownloadSelectedBenignPackages\Benign_Packages\wpcraft-1.2.3.tar.gz,tar,wpcraft-1.2.3/setup.py,1148,ast,1,1,setuptools
wpt-superset-1.0.1,D:\10. RQ1 DySec\Step 9 DownloadSelectedBenignPackages\Benign_Packages\wpt-superset-1.0.1.tar.gz,tar,wpt-superset-1.0.1/setup.py,3839,ast,6,6,io; json; os; setuptools; subprocess; sys
wrainfo-0.9.5,D:\10. RQ1 DySec\Step 9 DownloadSelectedBenignPackages\Benign_Packages\wrainfo-0.9.5.tar.gz,tar,wrainfo-0.9.5/setup.py,3564,ast,1,1,setuptools
wrapt-1.16.0,D:\10. RQ1 DySec\Step 9 DownloadSelectedBenignPackages\Benign_Packages\wrapt-1.16.0.tar.gz,tar,wrapt-1.16.0/setup.py,1087,ast,4,4,os; platform; setuptools; sys
wrecked-1.0.8,D:\10. RQ1 DySec\Step 9 DownloadSelectedBenignPackages\Benign_Packages\wrecked-1.0.8.tar.gz,tar,wrecked-1.0.8/setup.py,824,ast,1,1,setuptools
wrfhydropy-0.0.9.dev0,D:\10. RQ1 DySec\Step 9 DownloadSelectedBenignPackages\Benign_Packages\wrfhydropy-0.0.9.dev0.tar.gz,tar,wrfhydropy-0.0.9.dev0/setup.py,738,ast,1,1,setuptools
wscrpy-0.0.1,D:\10. RQ1 DySec\Step 9 DownloadSelectedBenignPackages\Benign_Packages\wscrpy-0.0.1.tar.gz,tar,wscrpy-0.0.1/setup.py,713,ast,1,1,setuptools
wseg-0.0.1a3,D:\10. RQ1 DySec\Step 9 DownloadSelectedBenignPackages\Benign_Packages\wseg-0.0.1a3.tar.gz,tar,wseg-0.0.1a3/setup.py,8458,ast,2,2,pathlib; setuptools
wsgintegrate-0.1.5,D:\10. RQ1 DySec\Step 9 DownloadSelectedBenignPackages\Benign_Packages\wsgintegrate-0.1.5.tar.gz,tar,wsgintegrate-0.1.5/setup.py,934,ast,2,2,os; setuptools
wsgiprof-1.0.1,D:\10. RQ1 DySec\Step 9 DownloadSelectedBenignPackages\Benign_Packages\wsgiprof-1.0.1.tar.gz,tar,wsgiprof-1.0.1/setup.py,1501,ast,2,2,os; setuptools
wsiloader-0.0.2,D:\10. RQ1 DySec\Step 9 DownloadSelectedBenignPackages\Benign_Packages\wsiloader-0.0.2.tar.gz,tar,wsiloader-0.0.2/setup.py,623,ast,2,2,pathlib; setuptools
wsproto-1.2.0,D:\10. RQ1 DySec\Step 9 DownloadSelectedBenignPackages\Benign_Packages\wsproto-1.2.0.tar.gz,tar,wsproto-1.2.0/setup.py,1691,ast,3,3,os; re; setuptools
wstool_cd-0.9,D:\10. RQ1 DySec\Step 9 DownloadSelectedBenignPackages\Benign_Packages\wstool_cd-0.9.tar.gz,tar,wstool_cd-0.9/setup.py,2365,ast,5,5,os; platform; setuptools; subprocess; sys
wtpsplit-2.0.5,D:\10. RQ1 DySec\Step 9 DownloadSelectedBenignPackages\Benign_Packages\wtpsplit-2.0.5.tar.gz,tar,wtpsplit-2.0.5/setup.py,761,ast,1,1,setuptools
wtpsplit-2.0.6,D:\10. RQ1 DySec\Step 9 DownloadSelectedBenignPackages\Benign_Packages\wtpsplit-2.0.6.tar.gz,tar,wtpsplit-2.0.6/setup.py,750,ast,1,1,setuptools
wtpsplit-2.0.7,D:\10. RQ1 DySec\Step 9 DownloadSelectedBenignPackages\Benign_Packages\wtpsplit-2.0.7.tar.gz,tar,wtpsplit-2.0.7/setup.py,750,ast,1,1,setuptools
wtpython-0.1,D:\10. RQ1 DySec\Step 9 DownloadSelectedBenignPackages\Benign_Packages\wtpython-0.1.tar.gz,tar,wtpython-0.1/setup.py,1278,ast,1,1,distutils
wurfl-paypal-1.0.0,D:\10. RQ1 DySec\Step 9 DownloadSelectedBenignPackages\Benign_Packages\wurfl-paypal-1.0.0.tar.gz,tar,wurfl-paypal-1.0.0/setup.py,990,ast,1,1,setuptools
wy-sentry-dingding-0.0.7,D:\10. RQ1 DySec\Step 9 DownloadSelectedBenignPackages\Benign_Packages\wy-sentry-dingding-0.0.7.tar.gz,tar,wy-sentry-dingding-0.0.7/setup.py,757,ast,1,1,setuptools
wyb-0.0.1,D:\10. RQ1 DySec\Step 9 DownloadSelectedBenignPackages\Benign_Packages\wyb-0.0.1.tar.gz,tar,wyb-0.0.1/setup.py,970,ast,1,1,setuptools
x-py-0.0.1,D:\10. RQ1 DySec\Step 9 DownloadSelectedBenignPackages\Benign_Packages\x-py-0.0.1.tar.gz,tar,x-py-0.0.1/setup.py,595,ast,2,2,codecs; setuptools
X11Client-1.4,D:\10. RQ1 DySec\Step 9 DownloadSelectedBenignPackages\Benign_Packages\X11Client-1.4.tar.gz,tar,X11Client-1.4/setup.py,765,ast,1,1,setuptools
x_code-0.1.3,D:\10. RQ1 DySec\Step 9 DownloadSelectedBenignPackages\Benign_Packages\x_code-0.1.3.tar.gz,tar,x_code-0.1.3/setup.py,659,ast,1,1,setuptools
xaero2-0.0.1,D:\10. RQ1 DySec\Step 9 DownloadSelectedBenignPackages\Benign_Packages\xaero2-0.0.1.tar.gz,tar,xaero2-0.0.1/setup.py,654,ast,1,1,setuptools
XamPy-0.1.4.2,D:\10. RQ1 DySec\Step 9 DownloadSelectedBenignPackages\Benign_Packages\XamPy-0.1.4.2.tar.gz,tar,XamPy-0.1.4.2/setup.py,820,ast,1,1,setuptools
xbox-0.1.3,D:\10. RQ1 DySec\Step 9 DownloadSelectedBenignPackages\Benign_Packages\xbox-0.1.3.tar.gz,tar,xbox-0.1.3/setup.py,1264,ast,2,2,setuptools; xbox
xbox_python_api-0.2,D:\10. RQ1 DySec\Step 9 DownloadSelectedBenignPackages\Benign_Packages\xbox_python_api-0.2.tar.gz,tar,xbox_python_api-0.2/setup.py,497,ast,2,2,os; setuptools
xcloudmanager-0.3.0,D:\10. RQ1 DySec\Step 9 DownloadSelectedBenignPackages\Benign_Packages\xcloudmanager-0.3.0.tar.gz,tar,xcloudmanager-0.3.0/setup.py,685,ast,1,1,setuptools
xcodetool-0.0.1,D:\10. RQ1 DySec\Step 9 DownloadSelectedBenignPackages\Benign_Packages\xcodetool-0.0.1.tar.gz,tar,xcodetool-0.0.1/setup.py,786,ast,2,2,re; setuptools
xcookie-0.2.1,D:\10. RQ1 DySec\Step 9 DownloadSelectedBenignPackages\Benign_Packages\xcookie-0.2.1.tar.gz,tar,xcookie-0.2.1/setup.py,9082,ast,6,9,ast; os; re; setuptools; sys; warnings
xcookie-0.2.1,D:\10. RQ1 DySec\Step 9 DownloadSelectedBenignPackages\Benign_Packages\xcookie-0.2.1.tar.gz,tar,xcookie-0.2.1/xcookie/builders/setup.py,8287,ast,4,4,black; re; ubelt; xcookie
xcrypto-1.3.1,D:\10. RQ1 DySec\Step 9 DownloadSelectedBenignPackages\Benign_Packages\xcrypto-1.3.1.tar.gz,tar,xcrypto-1.3.1/setup.py,544,ast,1,1,setuptools
xerenity-0.1.3,D:\10. RQ1 DySec\Step 9 DownloadSelectedBenignPackages\Benign_Packages\xerenity-0.1.3.tar.gz,tar,xerenity-0.1.3/setup.py,876,ast,2,2,pathlib; setuptools
xethereum-0.0.1,D:\10. RQ1 DySec\Step 9 DownloadSelectedBenignPackages\Benign_Packages\xethereum-0.0.1.tar.gz,tar,xethereum-0.0.1/setup.py,708,ast,1,1,setuptools
xfaster-1.2.0,D:\10. RQ1 DySec\Step 9 DownloadSelectedBenignPackages\Benign_Packages\xfaster-1.2.0.tar.gz,tar,xfaster-1.2.0/setup.py,1190,ast,2,2,os; setuptools
xflow-net-0.1.3,D:\10. RQ1 DySec\Step 9 DownloadSelectedBenignPackages\Benign_Packages\xflow-net-0.1.3.tar.gz,tar,xflow-net-0.1.3/setup.py,3756,ast,6,6,distutils; io; os; setuptools; shutil; sys
xfpip-1.0,D:\10. RQ1 DySec\Step 9 DownloadSelectedBenignPackages\Benign_Packages\xfpip-1.0.tar.gz,tar,xfpip-1.0/setup.py,852,ast,1,1,setuptools
xhproxies-2021.8.11,D:\10. RQ1 DySec\Step 9 DownloadSelectedBenignPackages\Benign_Packages\xhproxies-2021.8.11.tar.gz,tar,xhproxies-2021.8.11/setup.py,1270,ast,2,2,distutils; setuptools
xiblint-0.9.9,D:\10. RQ1 DySec\Step 9 DownloadSelectedBenignPackages\Benign_Packages\xiblint-0.9.9.tar.gz,tar,xiblint-0.9.9/setup.py,513,ast,2,2,setuptools; xiblint
xinge_push-1.1.8.3,D:\10. RQ1 DySec\Step 9 DownloadSelectedBenignPackages\Benign_Packages\xinge_push-1.1.8.3.tar.gz,tar,xinge_push-1.1.8.3/setup.py,1197,ast,4,4,ast; distutils; re; setuptools
xinstall-0.52.2,D:\10. RQ1 DySec\Step 9 DownloadSelectedBenignPackages\Benign_Packages\xinstall-0.52.2.tar.gz,tar,xinstall-0.52.2/setup.py,4821,ast,1,1,setuptools
xiongmao-0.0.3,D:\10. RQ1 DySec\Step 9 DownloadSelectedBenignPackages\Benign_Packages\xiongmao-0.0.3.tar.gz,tar,xiongmao-0.0.3/setup.py,803,ast,1,1,setuptools
xiuxian_info-0.31,D:\10. RQ1 DySec\Step 9 DownloadSelectedBenignPackages\Benign_Packages\xiuxian_info-0.31.tar.gz,tar,xiuxian_info-0.31/setup.py,491,ast,1,1,setuptools
xlagent-0.2.1,D:\10. RQ1 DySec\Step 9 DownloadSelectedBenignPackages\Benign_Packages\xlagent-0.2.1.tar.gz,tar,xlagent-0.2.1/setup.py,4075,ast,5,5,os; pathlib; re; setuptools; sys
xlcompare-0.2.0,D:\10. RQ1 DySec\Step 9 DownloadSelectedBenignPackages\Benign_Packages\xlcompare-0.2.0.tar.gz,tar,xlcompare-0.2.0/setup.py,924,ast,1,1,setuptools
xloaderx-0.1.0,D:\10. RQ1 DySec\Step 9 DownloadSelectedBenignPackages\Benign_Packages\xloaderx-0.1.0.tar.gz,tar,xloaderx-0.1.0/setup.py,546,ast,1,1,setuptools
xlogger-lob-0.0.3,D:\10. RQ1 DySec\Step 9 DownloadSelectedBenignPackages\Benign_Packages\xlogger-lob-0.0.3.tar.gz,tar,xlogger-lob-0.0.3/setup.py,335,ast,1,1,distutils
xlogging-0.1,D:\10. RQ1 DySec\Step 9 DownloadSelectedBenignPackages\Benign_Packages\xlogging-0.1.tar.gz,tar,xlogging-0.1/setup.py,221,ast,1,1,distutils
xlogin-0.0.3,D:\10. RQ1 DySec\Step 9 DownloadSelectedBenignPackages\Benign_Packages\xlogin-0.0.3.tar.gz,tar,xlogin-0.0.3/setup.py,2012,ast,3,4,os; setuptools; shutil
xlrd-2.0.1,D:\10. RQ1 DySec\Step 9 DownloadSelectedBenignPackages\Benign_Packages\xlrd-2.0.1.tar.gz,tar,xlrd-2.0.1/setup.py,1503,ast,2,2,setuptools; xlrd
xls_writer-0.4.0,D:\10. RQ1 DySec\Step 9 DownloadSelectedBenignPackages\Benign_Packages\xls_writer-0.4.0.tar.gz,tar,xls_writer-0.4.0/setup.py,1255,ast,3,3,os; pathlib; setuptools
xlsxlite-0.2.0,D:\10. RQ1 DySec\Step 9 DownloadSelectedBenignPackages\Benign_Packages\xlsxlite-0.2.0.tar.gz,tar,xlsxlite-0.2.0/setup.py,1659,ast,2,2,os; setuptools
XlsxWriter-3.2.0,D:\10. RQ1 DySec\Step 9 DownloadSelectedBenignPackages\Benign_Packages\XlsxWriter-3.2.0.tar.gz,tar,XlsxWriter-3.2.0/setup.py,1614,ast,5,5,distutils; setuptools; subprocess; sys; warnings
xltojson-1.1.2,D:\10. RQ1 DySec\Step 9 DownloadSelectedBenignPackages\Benign_Packages\xltojson-1.1.2.tar.gz,tar,xltojson-1.1.2/setup.py,822,ast,1,1,setuptools
xmanim-2024.5.3,D:\10. RQ1 DySec\Step 9 DownloadSelectedBenignPackages\Benign_Packages\xmanim-2024.5.3.tar.gz,tar,xmanim-2024.5.3/setup.py,36,ast,1,1,setuptools
xml-generator-seobaeksol-0.5.0,D:\10. RQ1 DySec\Step 9 DownloadSelectedBenignPackages\Benign_Packages\xml-generator-seobaeksol-0.5.0.tar.gz,tar,xml-generator-seobaeksol-0.5.0/setup.py,749,ast,1,1,setuptools
xmlbuilder-1.0,D:\10. RQ1 DySec\Step 9 DownloadSelectedBenignPackages\Benign_Packages\xmlbuilder-1.0.tar.gz,tar,xmlbuilder-1.0/setup.py,340,ast,1,1,setuptools
xmltodict-0.13.0,D:\10. RQ1 DySec\Step 9 DownloadSelectedBenignPackages\Benign_Packages\xmltodict-0.13.0.tar.gz,tar,xmltodict-0.13.0/setup.py,1529,ast,3,4,ez_setup; setuptools; xmltodict
xmltotabular-0.9.1,D:\10. RQ1 DySec\Step 9 DownloadSelectedBenignPackages\Benign_Packages\xmltotabular-0.9.1.tar.gz,tar,xmltotabular-0.9.1/setup.py,1174,ast,1,1,setuptools
xmp-0.0.1,D:\10. RQ1 DySec\Step 9 DownloadSelectedBenignPackages\Benign_Packages\xmp-0.0.1.tar.gz,tar,xmp-0.0.1/setup.py,661,ast,1,1,setuptools
xn-ultralytics-1.0.3,D:\10. RQ1 DySec\Step 9 DownloadSelectedBenignPackages\Benign_Packages\xn-ultralytics-1.0.3.tar.gz,tar,xn-ultralytics-1.0.3/setup.py,3337,ast,4,4,pathlib; pkg_resources; re; setuptools
xologic-0.1.0,D:\10. RQ1 DySec\Step 9 DownloadSelectedBenignPackages\Benign_Packages\xologic-0.1.0.tar.gz,tar,xologic-0.1.0/setup.py,702,ast,1,1,setuptools
xpip-python-1.3,D:\10. RQ1 DySec\Step 9 DownloadSelectedBenignPackages\Benign_Packages\xpip-python-1.3.tar.gz,tar,xpip-python-1.3/setup.py,1198,ast,2,11,setuptools; xpip
xputer-0.2.0,D:\10. RQ1 DySec\Step 9 DownloadSelectedBenignPackages\Benign_Packages\xputer-0.2.0.tar.gz,tar,xputer-0.2.0/setup.py,1032,ast,2,2,setuptools; sys
xpydf-0.1.6,D:\10. RQ1 DySec\Step 9 DownloadSelectedBenignPackages\Benign_Packages\xpydf-0.1.6.tar.gz,tar,xpydf-0.1.6/setup.py,4752,ast,5,6,glob; numpy; os; pathlib; setuptools
xpython-1.0.0a2,D:\10. RQ1 DySec\Step 9 DownloadSelectedBenignPackages\Benign_Packages\xpython-1.0.0a2.tar.gz,tar,xpython-1.0.0a2/setup.py,1627,ast,2,2,distutils; setuptools
xpywm-1.9,D:\10. RQ1 DySec\Step 9 DownloadSelectedBenignPackages\Benign_Packages\xpywm-1.9.tar.gz,tar,xpywm-1.9/setup.py,929,ast,1,1,setuptools
xrandom-0.1.5,D:\10. RQ1 DySec\Step 9 DownloadSelectedBenignPackages\Benign_Packages\xrandom-0.1.5.tar.gz,tar,xrandom-0.1.5/setup.py,664,ast,1,1,setuptools
xrandroll-0.1.7,D:\10. RQ1 DySec\Step 9 DownloadSelectedBenignPackages\Benign_Packages\xrandroll-0.1.7.tar.gz,tar,xrandroll-0.1.7/setup.py,1593,ast,1,1,setuptools
xss-utils-0.6.0,D:\10. RQ1 DySec\Step 9 DownloadSelectedBenignPackages\Benign_Packages\xss-utils-0.6.0.tar.gz,tar,xss-utils-0.6.0/setup.py,5590,ast,4,4,os; re; setuptools; sys
xssh-0.4,D:\10. RQ1 DySec\Step 9 DownloadSelectedBenignPackages\Benign_Packages\xssh-0.4.tar.gz,tar,xssh-0.4/setup.py,498,ast,1,1,distutils
xsskiller-1.1.1,D:\10. RQ1 DySec\Step 9 DownloadSelectedBenignPackages\Benign_Packages\xsskiller-1.1.1.tar.gz,tar,xsskiller-1.1.1/setup.py,997,ast,2,2,pathlib; setuptools
xtkinter-1.0.6,D:\10. RQ1 DySec\Step 9 DownloadSelectedBenignPackages\Benign_Packages\xtkinter-1.0.6.tar.gz,tar,xtkinter-1.0.6/setup.py,1071,ast,1,1,setuptools
xueqiu-0.1.5,D:\10. RQ1 DySec\Step 9 DownloadSelectedBenignPackages\Benign_Packages\xueqiu-0.1.5.tar.gz,tar,xueqiu-0.1.5/setup.py,2502,ast,5,7,pytest; re; setuptools; subprocess; sys
xulpymoney-0.9.0,D:\10. RQ1 DySec\Step 9 DownloadSelectedBenignPackages\Benign_Packages\xulpymoney-0.9.0.tar.gz,tar,xulpymoney-0.9.0/setup.py,12566,ast,9,9,concurrent; multiprocessing; os; platform; setuptools; shutil; site; stdnum; xulpymoney
xxhash-3.5.0,D:\10. RQ1 DySec\Step 9 DownloadSelectedBenignPackages\Benign_Packages\xxhash-3.5.0.tar.gz,tar,xxhash-3.5.0/setup.py,1932,ast,3,3,os; pathlib; setuptools
xxxswf-2.0.0,D:\10. RQ1 DySec\Step 9 DownloadSelectedBenignPackages\Benign_Packages\xxxswf-2.0.0.tar.gz,tar,xxxswf-2.0.0/setup.py,1656,ast,3,3,codecs; os; setuptools
xy_carbrand-1.0.0,D:\10. RQ1 DySec\Step 9 DownloadSelectedBenignPackages\Benign_Packages\xy_carbrand-1.0.0.tar.gz,tar,xy_carbrand-1.0.0/setup.py,340,ast,1,1,distutils
xy_qrdecode-1.0.0,D:\10. RQ1 DySec\Step 9 DownloadSelectedBenignPackages\Benign_Packages\xy_qrdecode-1.0.0.tar.gz,tar,xy_qrdecode-1.0.0/setup.py,352,ast,1,1,distutils
xy_settings-1.0.0,D:\10. RQ1 DySec\Step 9 DownloadSelectedBenignPackages\Benign_Packages\xy_settings-1.0.0.tar.gz,tar,xy_settings-1.0.0/setup.py,62,ast,1,1,setuptools
xy_string-1.0.1,D:\10. RQ1 DySec\Step 9 DownloadSelectedBenignPackages\Benign_Packages\xy_string-1.0.1.tar.gz,tar,xy_string-1.0.1/setup.py,62,ast,1,1,setuptools
xycrypto-0.9,D:\10. RQ1 DySec\Step 9 DownloadSelectedBenignPackages\Benign_Packages\xycrypto-0.9.tar.gz,tar,xycrypto-0.9/setup.py,1177,ast,3,3,pathlib; setuptools; xycrypto
ya-cloud-tools-1.0.8,D:\10. RQ1 DySec\Step 9 DownloadSelectedBenignPackages\Benign_Packages\ya-cloud-tools-1.0.8.tar.gz,tar,ya-cloud-tools-1.0.8/setup.py,1019,ast,2,3,pathlib; setuptools
ya-domintell-0.0.9,D:\10. RQ1 DySec\Step 9 DownloadSelectedBenignPackages\Benign_Packages\ya-domintell-0.0.9.tar.gz,tar,ya-domintell-0.0.9/setup.py,627,ast,1,1,setuptools
yager-0.1.0,D:\10. RQ1 DySec\Step 9 DownloadSelectedBenignPackages\Benign_Packages\yager-0.1.0.tar.gz,tar,yager-0.1.0/setup.py,14544,ast,1,1,setuptools
yalm-0.0.2a7,D:\10. RQ1 DySec\Step 9 DownloadSelectedBenignPackages\Benign_Packages\yalm-0.0.2a7.tar.gz,tar,yalm-0.0.2a7/setup.py,29182,ast,1,1,setuptools
yamm-0.1,D:\10. RQ1 DySec\Step 9 DownloadSelectedBenignPackages\Benign_Packages\yamm-0.1.tar.gz,tar,yamm-0.1/setup.py,413,ast,1,1,setuptools
yamp-0.0.5-6,D:\10. RQ1 DySec\Step 9 DownloadSelectedBenignPackages\Benign_Packages\yamp-0.0.5-6.tar.gz,tar,yamp-0.0.5-6/setup.py,2003,ast,2,2,setuptools; yamp
yandex-maps-0.7,D:\10. RQ1 DySec\Step 9 DownloadSelectedBenignPackages\Benign_Packages\yandex-maps-0.7.tar.gz,tar,yandex-maps-0.7/setup.py,1284,ast,2,2,distutils; sys
yaol-utils-0.0.2,D:\10. RQ1 DySec\Step 9 DownloadSelectedBenignPackages\Benign_Packages\yaol-utils-0.0.2.tar.gz,tar,yaol-utils-0.0.2/setup.py,1141,ast,3,3,codecs; os; setuptools
yapatch-0.0.2,D:\10. RQ1 DySec\Step 9 DownloadSelectedBenignPackages\Benign_Packages\yapatch-0.0.2.tar.gz,tar,yapatch-0.0.2/setup.py,341,ast,1,1,setuptools
yaplotlib-0.1.2,D:\10. RQ1 DySec\Step 9 DownloadSelectedBenignPackages\Benign_Packages\yaplotlib-0.1.2.tar.gz,tar,yaplotlib-0.1.2/setup.py,1029,ast,4,4,codecs; os; re; setuptools
yaratool-0.0.7,D:\10. RQ1 DySec\Step 9 DownloadSelectedBenignPackages\Benign_Packages\yaratool-0.0.7.tar.gz,tar,yaratool-0.0.7/setup.py,883,ast,2,2,os; setuptools
yascc-0.3.9,D:\10. RQ1 DySec\Step 9 DownloadSelectedBenignPackages\Benign_Packages\yascc-0.3.9.tar.gz,tar,yascc-0.3.9/setup.py,1190,ast,4,9,distutils; logging; setuptools; sys
yascikit-learn-0.1.3,D:\10. RQ1 DySec\Step 9 DownloadSelectedBenignPackages\Benign_Packages\yascikit-learn-0.1.3.tar.gz,tar,yascikit-learn-0.1.3/setup.py,1373,ast,4,4,codecs; os; re; setuptools
yasmine-1.0.0,D:\10. RQ1 DySec\Step 9 DownloadSelectedBenignPackages\Benign_Packages\yasmine-1.0.0.tar.gz,tar,yasmine-1.0.0/setup.py,849,ast,1,1,setuptools
yc-requests-66.0.3,D:\10. RQ1 DySec\Step 9 DownloadSelectedBenignPackages\Benign_Packages\yc-requests-66.0.3.tar.gz,tar,yc-requests-66.0.3/setup.py,813,ast,1,2,setuptools
yc_pyvisa-0.1.0,D:\10. RQ1 DySec\Step 9 DownloadSelectedBenignPackages\Benign_Packages\yc_pyvisa-0.1.0.tar.gz,tar,yc_pyvisa-0.1.0/setup.py,915,ast,1,2,setuptools
yclients-api-0.0.7,D:\10. RQ1 DySec\Step 9 DownloadSelectedBenignPackages\Benign_Packages\yclients-api-0.0.7.tar.gz,tar,yclients-api-0.0.7/setup.py,71,ast,1,1,setuptools
ycolor-1.1.1,D:\10. RQ1 DySec\Step 9 DownloadSelectedBenignPackages\Benign_Packages\ycolor-1.1.1.tar.gz,tar,ycolor-1.1.1/setup.py,531,ast,1,1,setuptools
yconf-0.6.2,D:\10. RQ1 DySec\Step 9 DownloadSelectedBenignPackages\Benign_Packages\yconf-0.6.2.tar.gz,tar,yconf-0.6.2/setup.py,2514,ast,1,1,setuptools
ydcv-0.7,D:\10. RQ1 DySec\Step 9 DownloadSelectedBenignPackages\Benign_Packages\ydcv-0.7.tar.gz,tar,ydcv-0.7/setup.py,1376,ast,2,2,setuptools; sys
yeeee-1.1,D:\10. RQ1 DySec\Step 9 DownloadSelectedBenignPackages\Benign_Packages\yeeee-1.1.tar.gz,tar,yeeee-1.1/setup.py,1564,ast,1,1,distutils
yellanything-0.0.1,D:\10. RQ1 DySec\Step 9 DownloadSelectedBenignPackages\Benign_Packages\yellanything-0.0.1.tar.gz,tar,yellanything-0.0.1/setup.py,938,ast,1,1,setuptools
yelp-1.0.2,D:\10. RQ1 DySec\Step 9 DownloadSelectedBenignPackages\Benign_Packages\yelp-1.0.2.tar.gz,tar,yelp-1.0.2/setup.py,796,ast,1,2,setuptools
yelp-clog-2.7.2,D:\10. RQ1 DySec\Step 9 DownloadSelectedBenignPackages\Benign_Packages\yelp-clog-2.7.2.tar.gz,tar,yelp-clog-2.7.2/setup.py,1606,ast,1,1,setuptools
yelp-common-2.0.2,D:\10. RQ1 DySec\Step 9 DownloadSelectedBenignPackages\Benign_Packages\yelp-common-2.0.2.tar.gz,tar,yelp-common-2.0.2/setup.py,347,ast,1,1,setuptools
yelp_encodings-2.0.0,D:\10. RQ1 DySec\Step 9 DownloadSelectedBenignPackages\Benign_Packages\yelp_encodings-2.0.0.tar.gz,tar,yelp_encodings-2.0.0/setup.py,837,ast,1,2,setuptools
yeqingprint-1.1.0,D:\10. RQ1 DySec\Step 9 DownloadSelectedBenignPackages\Benign_Packages\yeqingprint-1.1.0.tar.gz,tar,yeqingprint-1.1.0/setup.py,138,ast,1,1,distutils
yes24-0.1.1,D:\10. RQ1 DySec\Step 9 DownloadSelectedBenignPackages\Benign_Packages\yes24-0.1.1.tar.gz,tar,yes24-0.1.1/setup.py,418,ast,2,2,distutils; setuptools
yfinance-0.2.9,D:\10. RQ1 DySec\Step 9 DownloadSelectedBenignPackages\Benign_Packages\yfinance-0.2.9.tar.gz,tar,yfinance-0.2.9/setup.py,2724,ast,3,3,io; os; setuptools
ygame-engine-0.1.4,D:\10. RQ1 DySec\Step 9 DownloadSelectedBenignPackages\Benign_Packages\ygame-engine-0.1.4.tar.gz,tar,ygame-engine-0.1.4/setup.py,625,ast,1,1,setuptools
ygglatency-0.2.2,D:\10. RQ1 DySec\Step 9 DownloadSelectedBenignPackages\Benign_Packages\ygglatency-0.2.2.tar.gz,tar,ygglatency-0.2.2/setup.py,547,ast,1,1,setuptools
yhttp_pony-3.0.0,D:\10. RQ1 DySec\Step 9 DownloadSelectedBenignPackages\Benign_Packages\yhttp_pony-3.0.0.tar.gz,tar,yhttp_pony-3.0.0/setup.py,1600,ast,3,3,os; re; setuptools
yi-foo-0.0.2,D:\10. RQ1 DySec\Step 9 DownloadSelectedBenignPackages\Benign_Packages\yi-foo-0.0.2.tar.gz,tar,yi-foo-0.0.2/setup.py,1239,ast,1,1,setuptools
yinglish-1.0.1,D:\10. RQ1 DySec\Step 9 DownloadSelectedBenignPackages\Benign_Packages\yinglish-1.0.1.tar.gz,tar,yinglish-1.0.1/setup.py,570,ast,1,1,setuptools
yk_utils-1.3.6,D:\10. RQ1 DySec\Step 9 DownloadSelectedBenignPackages\Benign_Packages\yk_utils-1.3.6.tar.gz,tar,yk_utils-1.3.6/setup.py,979,ast,1,1,setuptools
ympush-0.0.5,D:\10. RQ1 DySec\Step 9 DownloadSelectedBenignPackages\Benign_Packages\ympush-0.0.5.tar.gz,tar,ympush-0.0.5/setup.py,676,ast,1,1,setuptools
yock-0.0.18,D:\10. RQ1 DySec\Step 9 DownloadSelectedBenignPackages\Benign_Packages\yock-0.0.18.tar.gz,tar,yock-0.0.18/setup.py,682,ast,1,1,setuptools
yolo-pyqt-0.1.7,D:\10. RQ1 DySec\Step 9 DownloadSelectedBenignPackages\Benign_Packages\yolo-pyqt-0.1.7.tar.gz,tar,yolo-pyqt-0.1.7/setup.py,854,ast,2,2,os; setuptools
yolo-pyutils-0.1.9,D:\10. RQ1 DySec\Step 9 DownloadSelectedBenignPackages\Benign_Packages\yolo-pyutils-0.1.9.tar.gz,tar,yolo-pyutils-0.1.9/setup.py,835,ast,2,2,os; setuptools
yolo-vision-0.0.1,D:\10. RQ1 DySec\Step 9 DownloadSelectedBenignPackages\Benign_Packages\yolo-vision-0.0.1.tar.gz,tar,yolo-vision-0.0.1/setup.py,3471,ast,3,3,pathlib; re; setuptools
yolo_as_one-0.6.4,D:\10. RQ1 DySec\Step 9 DownloadSelectedBenignPackages\Benign_Packages\yolo_as_one-0.6.4.tar.gz,tar,yolo_as_one-0.6.4/setup.py,1728,ast,2,2,setuptools; sys
yolo_extension-0.3.9,D:\10. RQ1 DySec\Step 9 DownloadSelectedBenignPackages\Benign_Packages\yolo_extension-0.3.9.tar.gz,tar,yolo_extension-0.3.9/setup.py,2316,ast,3,4,re; setuptools; sys
yolo_labeler-0.0.3,D:\10. RQ1 DySec\Step 9 DownloadSelectedBenignPackages\Benign_Packages\yolo_labeler-0.0.3.tar.gz,tar,yolo_labeler-0.0.3/setup.py,904,ast,2,2,pathlib; setuptools
yolobel-0.0.3,D:\10. RQ1 DySec\Step 9 DownloadSelectedBenignPackages\Benign_Packages\yolobel-0.0.3.tar.gz,tar,yolobel-0.0.3/setup.py,1058,ast,1,1,setuptools
yoloCarAccident-0.0.1,D:\10. RQ1 DySec\Step 9 DownloadSelectedBenignPackages\Benign_Packages\yoloCarAccident-0.0.1.tar.gz,tar,yoloCarAccident-0.0.1/setup.py,640,ast,1,1,setuptools
yoloface-0.0.4,D:\10. RQ1 DySec\Step 9 DownloadSelectedBenignPackages\Benign_Packages\yoloface-0.0.4.tar.gz,tar,yoloface-0.0.4/setup.py,1180,ast,1,1,setuptools
yoloimport-0.1.0,D:\10. RQ1 DySec\Step 9 DownloadSelectedBenignPackages\Benign_Packages\yoloimport-0.1.0.tar.gz,tar,yoloimport-0.1.0/setup.py,575,ast,2,2,os; setuptools
yolor-0.0.6,D:\10. RQ1 DySec\Step 9 DownloadSelectedBenignPackages\Benign_Packages\yolor-0.0.6.tar.gz,tar,yolor-0.0.6/setup.py,1892,ast,4,4,io; os; re; setuptools
Yolov4_kl_demo-0.0.2,D:\10. RQ1 DySec\Step 9 DownloadSelectedBenignPackages\Benign_Packages\Yolov4_kl_demo-0.0.2.tar.gz,tar,Yolov4_kl_demo-0.0.2/setup.py,748,ast,1,1,setuptools
Yolov4Detector-0.1.2,D:\10. RQ1 DySec\Step 9 DownloadSelectedBenignPackages\Benign_Packages\Yolov4Detector-0.1.2.tar.gz,tar,Yolov4Detector-0.1.2/setup.py,1302,ast,1,1,setuptools
yolov5facedetector-1.0.2,D:\10. RQ1 DySec\Step 9 DownloadSelectedBenignPackages\Benign_Packages\yolov5facedetector-1.0.2.tar.gz,tar,yolov5facedetector-1.0.2/setup.py,904,ast,1,1,setuptools
yolov7_easy-0.0.1,D:\10. RQ1 DySec\Step 9 DownloadSelectedBenignPackages\Benign_Packages\yolov7_easy-0.0.1.tar.gz,tar,yolov7_easy-0.0.1/setup.py,1942,ast,4,4,io; os; re; setuptools
yolov8face-0.1.1,D:\10. RQ1 DySec\Step 9 DownloadSelectedBenignPackages\Benign_Packages\yolov8face-0.1.1.tar.gz,tar,yolov8face-0.1.1/setup.py,657,ast,2,2,os; setuptools
yolov9pip-0.0.4,D:\10. RQ1 DySec\Step 9 DownloadSelectedBenignPackages\Benign_Packages\yolov9pip-0.0.4.tar.gz,tar,yolov9pip-0.0.4/setup.py,1721,ast,3,3,os; re; setuptools
yoloxdetect-0.0.9,D:\10. RQ1 DySec\Step 9 DownloadSelectedBenignPackages\Benign_Packages\yoloxdetect-0.0.9.tar.gz,tar,yoloxdetect-0.0.9/setup.py,1908,ast,4,4,io; os; re; setuptools
yomitandic-0.1.8.1,D:\10. RQ1 DySec\Step 9 DownloadSelectedBenignPackages\Benign_Packages\yomitandic-0.1.8.1.tar.gz,tar,yomitandic-0.1.8.1/setup.py,311,ast,1,1,setuptools
yoojampdf-1.1,D:\10. RQ1 DySec\Step 9 DownloadSelectedBenignPackages\Benign_Packages\yoojampdf-1.1.tar.gz,tar,yoojampdf-1.1/setup.py,259,ast,2,3,pathlib; setuptools
yookassa-3.3.0,D:\10. RQ1 DySec\Step 9 DownloadSelectedBenignPackages\Benign_Packages\yookassa-3.3.0.tar.gz,tar,yookassa-3.3.0/setup.py,5279,ast,3,3,re; setuptools; sys
youarehere-1.0.1,D:\10. RQ1 DySec\Step 9 DownloadSelectedBenignPackages\Benign_Packages\youarehere-1.0.1.tar.gz,tar,youarehere-1.0.1/setup.py,4276,ast,1,1,setuptools
youhat-0.4.17,D:\10. RQ1 DySec\Step 9 DownloadSelectedBenignPackages\Benign_Packages\youhat-0.4.17.tar.gz,tar,youhat-0.4.17/setup.py,475,ast,2,2,setuptools; wechat
YoullDownload-0.4,D:\10. RQ1 DySec\Step 9 DownloadSelectedBenignPackages\Benign_Packages\YoullDownload-0.4.tar.gz,tar,YoullDownload-0.4/setup.py,1529,ast,3,3,os; setuptools; sys
your-package-name-1.0.0,D:\10. RQ1 DySec\Step 9 DownloadSelectedBenignPackages\Benign_Packages\your-package-name-1.0.0.tar.gz,tar,your-package-name-1.0.0/setup.py,822,ast,2,2,pathlib; setuptools
youtils-0.0.1,D:\10. RQ1 DySec\Step 9 DownloadSelectedBenignPackages\Benign_Packages\youtils-0.0.1.tar.gz,tar,youtils-0.0.1/setup.py,988,ast,1,1,setuptools
youZhang-1.0.8,D:\10. RQ1 DySec\Step 9 DownloadSelectedBenignPackages\Benign_Packages\youZhang-1.0.8.tar.gz,tar,youZhang-1.0.8/setup.py,1006,ast,2,2,distutils; os
yp-0.0.7,D:\10. RQ1 DySec\Step 9 DownloadSelectedBenignPackages\Benign_Packages\yp-0.0.7.tar.gz,tar,yp-0.0.7/setup.py,91,ast,1,1,setuptools
ypack-0.1.1,D:\10. RQ1 DySec\Step 9 DownloadSelectedBenignPackages\Benign_Packages\ypack-0.1.1.tar.gz,tar,ypack-0.1.1/setup.py,835,ast,1,1,setuptools
ypgame-0.0.2,D:\10. RQ1 DySec\Step 9 DownloadSelectedBenignPackages\Benign_Packages\ypgame-0.0.2.tar.gz,tar,ypgame-0.0.2/setup.py,802,ast,1,1,setuptools
ypstruct-0.0.2,D:\10. RQ1 DySec\Step 9 DownloadSelectedBenignPackages\Benign_Packages\ypstruct-0.0.2.tar.gz,tar,ypstruct-0.0.2/setup.py,686,ast,1,1,setuptools
yqmd-0.1.6,D:\10. RQ1 DySec\Step 9 DownloadSelectedBenignPackages\Benign_Packages\yqmd-0.1.6.tar.gz,tar,yqmd-0.1.6/setup.py,375,ast,1,1,setuptools
yrequests-0.1.0,D:\10. RQ1 DySec\Step 9 DownloadSelectedBenignPackages\Benign_Packages\yrequests-0.1.0.tar.gz,tar,yrequests-0.1.0/setup.py,1616,ast,5,5,__future__; codecs; os; setuptools; sys
ysyfinance-0.0.3,D:\10. RQ1 DySec\Step 9 DownloadSelectedBenignPackages\Benign_Packages\ysyfinance-0.0.3.tar.gz,tar,ysyfinance-0.0.3/setup.py,1913,ast,3,3,configparser; pkg_resources; setuptools
yt-pull-0.0.3,D:\10. RQ1 DySec\Step 9 DownloadSelectedBenignPackages\Benign_Packages\yt-pull-0.0.3.tar.gz,tar,yt-pull-0.0.3/setup.py,914,ast,2,2,distutils; pathlib
ytensorflow-66.0.3,D:\10. RQ1 DySec\Step 9 DownloadSelectedBenignPackages\Benign_Packages\ytensorflow-66.0.3.tar.gz,tar,ytensorflow-66.0.3/setup.py,813,ast,1,2,setuptools
ytget-0.5.0,D:\10. RQ1 DySec\Step 9 DownloadSelectedBenignPackages\Benign_Packages\ytget-0.5.0.tar.gz,tar,ytget-0.5.0/setup.py,891,ast,1,1,setuptools
ytproofreading-1.4,D:\10. RQ1 DySec\Step 9 DownloadSelectedBenignPackages\Benign_Packages\ytproofreading-1.4.tar.gz,tar,ytproofreading-1.4/setup.py,664,ast,1,1,setuptools
yue-0.0.101,D:\10. RQ1 DySec\Step 9 DownloadSelectedBenignPackages\Benign_Packages\yue-0.0.101.tar.gz,tar,yue-0.0.101/setup.py,597,ast,1,1,setuptools
yungestgram-25.6.22.2,D:\10. RQ1 DySec\Step 9 DownloadSelectedBenignPackages\Benign_Packages\yungestgram-25.6.22.2.tar.gz,tar,yungestgram-25.6.22.2/setup.py,911,ast,1,1,distutils
yverz-2.1.6,D:\10. RQ1 DySec\Step 9 DownloadSelectedBenignPackages\Benign_Packages\yverz-2.1.6.tar.gz,tar,yverz-2.1.6/setup.py,1022,ast,3,3,os; re; setuptools
z3c.preference-2.0,D:\10. RQ1 DySec\Step 9 DownloadSelectedBenignPackages\Benign_Packages\z3c.preference-2.0.tar.gz,tar,z3c.preference-2.0/setup.py,3032,ast,2,3,os; setuptools
zabbops-1.1,D:\10. RQ1 DySec\Step 9 DownloadSelectedBenignPackages\Benign_Packages\zabbops-1.1.tar.gz,tar,zabbops-1.1/setup.py,378,ast,1,1,setuptools
zac_pyutils-1.70.53,D:\10. RQ1 DySec\Step 9 DownloadSelectedBenignPackages\Benign_Packages\zac_pyutils-1.70.53.tar.gz,tar,zac_pyutils-1.70.53/setup.py,1638,ast,1,1,setuptools
zamia-prolog-0.1.0,D:\10. RQ1 DySec\Step 9 DownloadSelectedBenignPackages\Benign_Packages\zamia-prolog-0.1.0.tar.gz,tar,zamia-prolog-0.1.0/setup.py,1717,ast,1,1,setuptools
zamplugin.control-0.6.1,D:\10. RQ1 DySec\Step 9 DownloadSelectedBenignPackages\Benign_Packages\zamplugin.control-0.6.1.tar.gz,tar,zamplugin.control-0.6.1/setup.py,2712,ast,2,2,os; setuptools
zap-cli-v2-0.12.2,D:\10. RQ1 DySec\Step 9 DownloadSelectedBenignPackages\Benign_Packages\zap-cli-v2-0.12.2.tar.gz,tar,zap-cli-v2-0.12.2/setup.py,1786,ast,3,3,os; re; setuptools
zappa-packer-0.0.4,D:\10. RQ1 DySec\Step 9 DownloadSelectedBenignPackages\Benign_Packages\zappa-packer-0.0.4.tar.gz,tar,zappa-packer-0.0.4/setup.py,1967,ast,5,5,configparser; io; pathlib; setuptools; zappa_packer
zeep-4.2.1,D:\10. RQ1 DySec\Step 9 DownloadSelectedBenignPackages\Benign_Packages\zeep-4.2.1.tar.gz,tar,zeep-4.2.1/setup.py,2291,ast,2,2,re; setuptools
zelenium-1.0.3,D:\10. RQ1 DySec\Step 9 DownloadSelectedBenignPackages\Benign_Packages\zelenium-1.0.3.tar.gz,tar,zelenium-1.0.3/setup.py,1863,ast,5,5,codecs; distutils; os; re; setuptools
zencoder-0.6.5,D:\10. RQ1 DySec\Step 9 DownloadSelectedBenignPackages\Benign_Packages\zencoder-0.6.5.tar.gz,tar,zencoder-0.6.5/setup.py,929,ast,2,2,distutils; setuptools
zencoreipinfo-0.1.0,D:\10. RQ1 DySec\Step 9 DownloadSelectedBenignPackages\Benign_Packages\zencoreipinfo-0.1.0.tar.gz,tar,zencoreipinfo-0.1.0/setup.py,1577,ast,4,5,__future__; io; os; setuptools
zequals-0.0.5,D:\10. RQ1 DySec\Step 9 DownloadSelectedBenignPackages\Benign_Packages\zequals-0.0.5.tar.gz,tar,zequals-0.0.5/setup.py,702,ast,1,1,distutils
zeronimo-0.7.2,D:\10. RQ1 DySec\Step 9 DownloadSelectedBenignPackages\Benign_Packages\zeronimo-0.7.2.tar.gz,tar,zeronimo-0.7.2/setup.py,3581,ast,4,5,__future__; os; setuptools; sys
ZerZ_test-0.0.1,D:\10. RQ1 DySec\Step 9 DownloadSelectedBenignPackages\Benign_Packages\ZerZ_test-0.0.1.tar.gz,tar,ZerZ_test-0.0.1/setup.py,585,ast,1,1,setuptools
zgrandom-0.2,D:\10. RQ1 DySec\Step 9 DownloadSelectedBenignPackages\Benign_Packages\zgrandom-0.2.tar.gz,tar,zgrandom-0.2/setup.py,400,ast,1,1,setuptools
zheinit-0.0.98,D:\10. RQ1 DySec\Step 9 DownloadSelectedBenignPackages\Benign_Packages\zheinit-0.0.98.tar.gz,tar,zheinit-0.0.98/setup.py,837,ast,1,1,setuptools
zhttp-0.1,D:\10. RQ1 DySec\Step 9 DownloadSelectedBenignPackages\Benign_Packages\zhttp-0.1.tar.gz,tar,zhttp-0.1/setup.py,300,ast,1,1,setuptools
zidiscord.py-1.7.3.3,D:\10. RQ1 DySec\Step 9 DownloadSelectedBenignPackages\Benign_Packages\zidiscord.py-1.7.3.3.tar.gz,tar,zidiscord.py-1.7.3.3/setup.py,2577,ast,3,3,re; setuptools; subprocess
ziggostatus-0.1.1,D:\10. RQ1 DySec\Step 9 DownloadSelectedBenignPackages\Benign_Packages\ziggostatus-0.1.1.tar.gz,tar,ziggostatus-0.1.1/setup.py,1471,ast,3,3,os; setuptools; sys
zilla-0.1.0,D:\10. RQ1 DySec\Step 9 DownloadSelectedBenignPackages\Benign_Packages\zilla-0.1.0.tar.gz,tar,zilla-0.1.0/setup.py,328,ast,1,1,setuptools
zillow-0.0.9,D:\10. RQ1 DySec\Step 9 DownloadSelectedBenignPackages\Benign_Packages\zillow-0.0.9.tar.gz,tar,zillow-0.0.9/setup.py,935,ast,2,2,os; setuptools
zipline-crypto-0.2.dev449,D:\10. RQ1 DySec\Step 9 DownloadSelectedBenignPackages\Benign_Packages\zipline-crypto-0.2.dev449.tar.gz,tar,zipline-crypto-0.2.dev449/setup.py,3902,ast,3,3,Cython; numpy; setuptools
ziptests-1.0.0,D:\10. RQ1 DySec\Step 9 DownloadSelectedBenignPackages\Benign_Packages\ziptests-1.0.0.zip,zip,ziptests-1.0.0/setup.py,449,ast,1,1,setuptools
znhello-0.0.5,D:\10. RQ1 DySec\Step 9 DownloadSelectedBenignPackages\Benign_Packages\znhello-0.0.5.tar.gz,tar,znhello-0.0.5/setup.py,977,ast,2,2,distutils; setuptools
Zolenmeyer-0.1,D:\10. RQ1 DySec\Step 9 DownloadSelectedBenignPackages\Benign_Packages\Zolenmeyer-0.1.zip,zip,Zolenmeyer-0.1/setup.py,354,ast,1,1,setuptools
zolocal-0.2.0,D:\10. RQ1 DySec\Step 9 DownloadSelectedBenignPackages\Benign_Packages\zolocal-0.2.0.tar.gz,tar,zolocal-0.2.0/setup.py,902,ast,1,1,setuptools
zonotify-1.0.5,D:\10. RQ1 DySec\Step 9 DownloadSelectedBenignPackages\Benign_Packages\zonotify-1.0.5.tar.gz,tar,zonotify-1.0.5/setup.py,711,ast,1,1,setuptools
zoom-0.0.15,D:\10. RQ1 DySec\Step 9 DownloadSelectedBenignPackages\Benign_Packages\zoom-0.0.15.tar.gz,tar,zoom-0.0.15/setup.py,680,ast,2,2,setuptools; zoom
zoomg-2.0.5,D:\10. RQ1 DySec\Step 9 DownloadSelectedBenignPackages\Benign_Packages\zoomg-2.0.5.tar.gz,tar,zoomg-2.0.5/setup.py,3900,ast,4,6,pybind11; setuptools; sys; tempfile
zope.interface-7.0.3,D:\10. RQ1 DySec\Step 9 DownloadSelectedBenignPackages\Benign_Packages\zope.interface-7.0.3.tar.gz,tar,zope.interface-7.0.3/setup.py,4780,ast,4,9,distutils; os; setuptools; sys
zopkio-0.2.5,D:\10. RQ1 DySec\Step 9 DownloadSelectedBenignPackages\Benign_Packages\zopkio-0.2.5.tar.gz,tar,zopkio-0.2.5/setup.py,2410,ast,3,3,os; setuptools; zopkio
zorch-0.0.9,D:\10. RQ1 DySec\Step 9 DownloadSelectedBenignPackages\Benign_Packages\zorch-0.0.9.tar.gz,tar,zorch-0.0.9/setup.py,1247,ast,2,2,re; setuptools
zpllibrary-1.0.3,D:\10. RQ1 DySec\Step 9 DownloadSelectedBenignPackages\Benign_Packages\zpllibrary-1.0.3.tar.gz,tar,zpllibrary-1.0.3/setup.py,1081,ast,1,1,setuptools
zthreading-0.1.9,D:\10. RQ1 DySec\Step 9 DownloadSelectedBenignPackages\Benign_Packages\zthreading-0.1.9.tar.gz,tar,zthreading-0.1.9/setup.py,978,ast,2,2,os; setuptools
ztshare-0.0.1,D:\10. RQ1 DySec\Step 9 DownloadSelectedBenignPackages\Benign_Packages\ztshare-0.0.1.tar.gz,tar,ztshare-0.0.1/setup.py,3491,ast,3,3,codecs; os; setuptools
zuice-0.3.0-pre5,D:\10. RQ1 DySec\Step 9 DownloadSelectedBenignPackages\Benign_Packages\zuice-0.3.0-pre5.tar.gz,tar,zuice-0.3.0-pre5/setup.py,1083,ast,2,2,distutils; os
zumpy-0.1.0,D:\10. RQ1 DySec\Step 9 DownloadSelectedBenignPackages\Benign_Packages\zumpy-0.1.0.tar.gz,tar,zumpy-0.1.0/setup.py,1039,ast,1,1,setuptools
zusha_web_app-0.0.1,D:\10. RQ1 DySec\Step 9 DownloadSelectedBenignPackages\Benign_Packages\zusha_web_app-0.0.1.tar.gz,tar,zusha_web_app-0.0.1/setup.py,1215,ast,2,2,os; setuptools
zwjira-0.1.1,D:\10. RQ1 DySec\Step 9 DownloadSelectedBenignPackages\Benign_Packages\zwjira-0.1.1.tar.gz,tar,zwjira-0.1.1/setup.py,851,ast,1,1,setuptools
zzhfun-0.8,D:\10. RQ1 DySec\Step 9 DownloadSelectedBenignPackages\Benign_Packages\zzhfun-0.8.tar.gz,tar,zzhfun-0.8/setup.py,665,ast,1,1,setuptools
