Package_Name,IO_Operations,File_Operations,Network_Operations,Time_Operations,Security_Operations,Process_Operations,Read_Processes,Write_Processes,Read_Data_Transfer,Write_Data_Transfer,File_Access_Processes,Total_Dependencies_List,Direct_Dependencies_List,Indirect_Dependencies_List,Root_DIR_Access,Temp_DIR_Access,Home_DIR_Access,User_DIR_Access,Sys_DIR_Access,Etc_DIR_Access,Other_DIR_Access,Local_IPs_Access,Remote_IPs_Access,Local_Port_Access,Remote_Port_Access,Total_Dependencies,Direct_Dependencies,Indirect_Dependencies,Pattern_4,Pattern_5,Pattern_6,Pattern_7,Pattern_8,Pattern_9,Pattern_10,Level
1337test-1.tar.gz,"ioctl, poll",pipe2,"getrandom, uname",,,"vfork, wait4, getpid","opensnoop-bpfcc, filetop-bpfcc, tcpstates-bpfcc, pgrep, gnome-system-mo","strace, opensnoop-bpfcc, StreamTrans, Classif~date, sqldb:c~lite","opensnoop-bpfcc, filetop-bpfcc, pip, gnome-system-mo, tcpstates-bpfcc","StreamTrans, strace, Classif~date, pip, sqldb:c~lite","gnome-system-mo, pip, pgrep, sqldb:c~lite, StreamTrans",1337test-1; certifi-2024.8.30; charset-normalizer-3.4.0; colorama-0.4.6; idna-3.10; requests-2.32.3; urllib3-2.2.3;,,"certifi>=2017.4.17; charset-normalizer<4,>=2; colorama; idna<4,>=2.5; requests; urllib3<3,>=1.21.1;",2,169,2250,1004,1086,433,558,1,21,67,2,0,0,0,newfstatat -> newfstatat -> openat,fstat -> ioctl -> lseek,newfstatat -> newfstatat -> newfstatat -> no-error -> no-fd,read -> read -> read -> no-error -> no-fd,newfstatat -> openat -> fstat -> no-error -> no-fd,newfstatat -> newfstatat -> openat -> no-error -> no-fd,fstat -> ioctl -> lseek -> no-error -> no-fd,0
3web.py-1.0.0.tar.gz,"ioctl, poll",pipe2,"getrandom, uname",,geteuid,"vfork, wait4, getpid","opensnoop-bpfcc, pgrep, filetop-bpfcc, tcpstates-bpfcc, gnome-system-mo","strace, opensnoop-bpfcc, StreamTrans, StreamT~ns, sqldb:c~lite","opensnoop-bpfcc, filetop-bpfcc, pip, gnome-system-mo, pgrep","strace, StreamTrans, StreamT~ns, pip, sqldb:c~lite","gnome-system-mo, pgrep, pip, StreamTrans, sqldb:c~lite",3web.py-1.0.0;,,,2,105,844,731,604,85,303,2,92,283,25,79,9,70,newfstatat -> newfstatat -> openat,openat -> fstat -> getdents64,newfstatat -> newfstatat -> newfstatat -> no-error -> no-fd,read -> read -> read -> no-error -> no-fd,newfstatat -> openat -> fstat -> no-error -> no-fd,newfstatat -> newfstatat -> openat -> no-error -> no-fd,openat -> fstat -> getdents64 -> no-error -> no-fd,0
BeautifolSoup-1.0.0.tar.gz,"ioctl, poll",pipe2,"getrandom, uname",,geteuid,"wait4, vfork, getpid","gnome-system-mo, opensnoop-bpfcc, gvfs-udisks2-vo, filetop-bpfcc, pgrep","StreamTrans, strace, opensnoop-bpfcc, StreamT~ns, Classif~date","opensnoop-bpfcc, filetop-bpfcc, gnome-system-mo, pip, clear","StreamTrans, Classif~date, sqldb:c~lite, StreamT~ns, fwupd","gnome-system-mo, StreamTrans, clear, sqldb:c~lite, Indexed~",BeautifolSoup-1.0.0;,,,0,92,657,427,1289,144,261,2,129,544,36,0,0,0,newfstatat -> newfstatat -> openat,ioctl -> ioctl -> ioctl,newfstatat -> newfstatat -> newfstatat -> no-error -> no-fd,read -> read -> read -> no-error -> no-fd,newfstatat -> openat -> fstat -> no-error -> no-fd,fstat -> ioctl -> lseek -> no-error -> no-fd,openat -> fstat -> ioctl -> no-error -> no-fd,0
BeautifoulSoup-1.0.0.tar.gz,ioctl,,"getrandom, uname",,,getpid,"opensnoop-bpfcc, tcpstates-bpfcc, filetop-bpfcc, pgrep, nautilus","opensnoop-bpfcc, strace, StreamTrans, StreamT~ns, sqldb:c~lite","opensnoop-bpfcc, filetop-bpfcc, pip, pgrep, gnome-system-mo","StreamTrans, strace, pip, StreamT~ns, opensnoop-bpfcc","pgrep, gnome-system-mo, pip, StreamTrans, sqldb:c~lite",BeautifoulSoup-1.0.0;,,,505,137,3795,2569,1289,666,2143,2,37,93,14,0,0,0,newfstatat -> newfstatat -> openat,lseek -> lseek -> lseek,newfstatat -> newfstatat -> newfstatat -> no-error -> no-fd,read -> read -> read -> no-error -> no-fd,newfstatat -> openat -> fstat -> no-error -> no-fd,newfstatat -> newfstatat -> openat -> no-error -> no-fd,openat -> fstat -> getdents64 -> no-error -> no-fd,0
BeuatiflSoup-1.0.0.tar.gz,"ioctl, poll",,uname,,,getpid,"opensnoop-bpfcc, tcpstates-bpfcc, filetop-bpfcc, pgrep, systemd-logind","opensnoop-bpfcc, strace, StreamTrans, StreamT~ns, sqldb:c~lite","opensnoop-bpfcc, filetop-bpfcc, pip, tcpstates-bpfcc, gnome-system-mo","StreamTrans, strace, StreamT~ns, pip, opensnoop-bpfcc","gnome-system-mo, pip, pgrep, sqldb:c~lite, StreamTrans",BeuatiflSoup-1.0.0;,,,8,124,1794,2366,1335,938,5374,0,0,0,0,0,0,0,read -> read -> poll,poll -> read -> read,newfstatat -> newfstatat -> newfstatat -> no-error -> no-fd,newfstatat -> openat -> fstat -> no-error -> no-fd,lseek -> lseek -> lseek -> no-error -> no-fd,openat -> fstat -> ioctl -> no-error -> no-fd,read -> read -> poll -> no-error -> no-fd,0
Matplkotlib-1.0.0.tar.gz,"ioctl, poll",,"getrandom, uname",,geteuid,getpid,"opensnoop-bpfcc, pgrep, filetop-bpfcc, tcpstates-bpfcc, pip","opensnoop-bpfcc, strace, StreamTrans, http, dpkg","opensnoop-bpfcc, filetop-bpfcc, pip, pgrep, unattended-upgr","StreamTrans, dpkg, strace, http, unattended-upgr","pgrep, pip, gnome-system-mo, opensnoop-bpfcc, StreamTrans",Matplkotlib-1.0.0;,,,519,139,3796,3089,136,736,8899,0,0,0,0,0,0,0,newfstatat -> newfstatat -> openat,ioctl -> ioctl -> ioctl,newfstatat -> newfstatat -> newfstatat -> no-error -> no-fd,read -> read -> read -> no-error -> no-fd,newfstatat -> openat -> fstat -> no-error -> no-fd,fstat -> ioctl -> lseek -> no-error -> no-fd,openat -> fstat -> ioctl -> no-error -> no-fd,0
Matploltlib-1.0.0.tar.gz,"ioctl, poll",pipe2,"getrandom, uname",,geteuid,"vfork, wait4, getpid","opensnoop-bpfcc, filetop-bpfcc, tcpstates-bpfcc, pgrep, pip","opensnoop-bpfcc, strace, StreamTrans, http, dpkg","opensnoop-bpfcc, filetop-bpfcc, pip, pgrep, tcpstates-bpfcc","dpkg, http, StreamTrans, strace, Classif~date","pgrep, pip, gnome-system-mo, opensnoop-bpfcc, StreamTrans",Matploltlib-1.0.0;,,,519,138,3797,2666,53,655,2824,1,19,204,2,0,0,0,lseek -> lseek -> lseek,newfstatat -> newfstatat -> openat,newfstatat -> newfstatat -> newfstatat -> no-error -> no-fd,read -> read -> read -> no-error -> no-fd,newfstatat -> openat -> fstat -> no-error -> no-fd,lseek -> lseek -> lseek -> no-error -> no-fd,newfstatat -> newfstatat -> openat -> no-error -> no-fd,0
Matplotlob-1.0.0.tar.gz,"ioctl, poll",pipe2,"getrandom, uname",,geteuid,"vfork, wait4, getpid","opensnoop-bpfcc, pgrep, tcpstates-bpfcc, filetop-bpfcc, pip","opensnoop-bpfcc, strace, StreamTrans, pip, sqldb:c~lite","opensnoop-bpfcc, filetop-bpfcc, pip, pgrep, gnome-system-mo","opensnoop-bpfcc, StreamTrans, strace, pip, sqldb:c~lite","pgrep, pip, opensnoop-bpfcc, gnome-system-mo, StreamTrans",Matplotlob-1.0.0;,,,515,138,3796,2561,890,619,4191,4,30,62,15,0,0,0,newfstatat -> newfstatat -> openat,openat -> fstat -> getdents64,newfstatat -> newfstatat -> newfstatat -> no-error -> no-fd,read -> read -> read -> no-error -> no-fd,newfstatat -> openat -> fstat -> no-error -> no-fd,newfstatat -> newfstatat -> openat -> no-error -> no-fd,openat -> fstat -> getdents64 -> no-error -> no-fd,1
Matplotoib-1.0.0.tar.gz,,,,,,,"pgrep, opensnoop-bpfcc, filetop-bpfcc, pip, systemd-logind","opensnoop-bpfcc, pip, sqldb:c~lite, filetop-bpfcc, gnome-system-mo","opensnoop-bpfcc, filetop-bpfcc, pip, pgrep, gnome-system-mo","opensnoop-bpfcc, pip, sqldb:c~lite, filetop-bpfcc, gnome-system-mo","pgrep, pip, gnome-system-mo, opensnoop-bpfcc, filetop-bpfcc",Matplotoib-1.0.0;,,,515,138,3797,2774,1262,705,9576,3,127,505,30,0,0,0,read -> poll -> read,poll -> read -> read,newfstatat -> newfstatat -> newfstatat -> no-error -> no-fd,read -> read -> read -> no-error -> no-fd,newfstatat -> openat -> fstat -> no-error -> no-fd,read -> poll -> read -> error=EAGAIN -> no-fd,openat -> fstat -> fcntl -> no-error -> no-fd,1
Matpltotlib-1.0.0.tar.gz,"ioctl, poll",pipe2,"getrandom, uname",,geteuid,"vfork, wait4, getpid","opensnoop-bpfcc, filetop-bpfcc, tcpstates-bpfcc, pgrep, pip","opensnoop-bpfcc, strace, StreamTrans, pip, sqldb:c~lite","opensnoop-bpfcc, filetop-bpfcc, pip, pgrep, tcpstates-bpfcc","StreamTrans, opensnoop-bpfcc, strace, pip, sqldb:c~lite","pgrep, pip, opensnoop-bpfcc, gnome-system-mo, StreamTrans",Matpltotlib-1.0.0;,,,515,138,3798,2602,998,635,5653,2,387,475,69,0,0,0,clock_gettime -> poll -> read,poll -> read -> read,clock_gettime -> clock_gettime -> clock_gettime -> no-error -> no-fd,read -> read -> clock_gettime -> no-error -> no-fd,read -> clock_gettime -> poll -> error=EAGAIN -> no-fd,clock_gettime -> poll -> read -> no-error -> no-fd,lseek -> clock_gettime -> lseek -> no-error -> no-fd,0
PqTorch-1.0.0.tar.gz,"ioctl, poll",pipe2,"getrandom, uname",,geteuid,"vfork, wait4, getpid","opensnoop-bpfcc, pgrep, tcpstates-bpfcc, pip, filetop-bpfcc","opensnoop-bpfcc, strace, StreamTrans, pip, sqldb:c~lite","opensnoop-bpfcc, filetop-bpfcc, pip, pgrep, tcpstates-bpfcc","opensnoop-bpfcc, StreamTrans, strace, pip, rootkit","pgrep, pip, opensnoop-bpfcc, sqldb:c~lite, StreamTrans",PqTorch-1.0.0;,,,1,150,2196,2671,142,840,11213,15,1057,1006,225,4,4,0,newfstatat -> openat -> fstat,fstat -> ioctl -> lseek,newfstatat -> newfstatat -> newfstatat -> no-error -> no-fd,newfstatat -> newfstatat -> openat -> no-error -> no-fd,read -> read -> read -> no-error -> no-fd,newfstatat -> openat -> fstat -> no-error -> no-fd,openat -> fstat -> ioctl -> no-error -> no-fd,0
PyGacme-1.0.0.tar.gz,"ioctl, poll",pipe2,"getrandom, uname",,geteuid,"vfork, wait4, getpid","opensnoop-bpfcc, tcpstates-bpfcc, filetop-bpfcc, pgrep, systemd-logind","opensnoop-bpfcc, strace, StreamT~ns, pip, sqldb:c~lite","opensnoop-bpfcc, filetop-bpfcc, pip, tcpstates-bpfcc, pgrep","strace, opensnoop-bpfcc, StreamT~ns, pip, sqldb:c~lite","pip, pgrep, gnome-system-mo, opensnoop-bpfcc, systemd-logind",PyGacme-1.0.0;,,,1015,166,6496,3810,419,1115,3182,4,48,124,15,0,0,0,newfstatat -> openat -> fstat,openat -> fstat -> fcntl,newfstatat -> newfstatat -> newfstatat -> no-error -> no-fd,read -> read -> read -> no-error -> no-fd,newfstatat -> openat -> fstat -> no-error -> no-fd,ioctl -> ioctl -> ioctl -> no-error -> no-fd,openat -> fstat -> fcntl -> no-error -> no-fd,0
PyToich-1.0.0.tar.gz,"ioctl, poll",,uname,,geteuid,getpid,"opensnoop-bpfcc, pgrep, filetop-bpfcc, tcpstates-bpfcc, pool-tracker-mi","opensnoop-bpfcc, strace, pool-tracker-mi, StreamTrans, sqldb:c~lite","opensnoop-bpfcc, filetop-bpfcc, pip, pool-tracker-mi, gnome-system-mo","pool-tracker-mi, StreamTrans, strace, opensnoop-bpfcc, pip","gnome-system-mo, pgrep, pool-tracker-mi, pip, sqldb:c~lite",PyToich-1.0.0;,,,515,140,5497,2514,643,616,4898,2,32,137,13,0,0,0,openat -> fstat -> ioctl,ioctl -> lseek -> lseek,newfstatat -> newfstatat -> newfstatat -> no-error -> no-fd,fstat -> ioctl -> lseek -> no-error -> no-fd,openat -> fstat -> ioctl -> no-error -> no-fd,newfstatat -> openat -> fstat -> error=ENOENT -> no-fd,ioctl -> lseek -> lseek -> error=ENOTTY -> no-fd,1
PyTorchc-1.0.0.tar.gz,"ioctl, poll",,uname,,,getpid,"tracker-miner-f, pool-tracker-mi, opensnoop-bpfcc, filetop-bpfcc, pgrep","opensnoop-bpfcc, pool-tracker-mi, strace, StreamTrans, pip","opensnoop-bpfcc, filetop-bpfcc, tracker-miner-f, pool-tracker-mi, pip","pool-tracker-mi, opensnoop-bpfcc, strace, StreamTrans, pip","pool-tracker-mi, pgrep, tracker-miner-f, pip, gnome-system-mo",PyTorchc-1.0.0;,,,515,141,10385,2277,530,579,3741,2,23,101,8,0,0,0,newfstatat -> openat -> fstat,close -> newfstatat -> newfstatat,newfstatat -> newfstatat -> newfstatat -> no-error -> no-fd,read -> read -> read -> no-error -> no-fd,newfstatat -> newfstatat -> openat -> no-error -> no-fd,newfstatat -> openat -> fstat -> no-error -> no-fd,close -> newfstatat -> newfstatat -> no-error -> no-fd,0
PyTordh-1.0.0.tar.gz,"ioctl, poll",pipe2,"getrandom, uname",,geteuid,"vfork, wait4, getpid","pool-tracker-mi, tracker-miner-f, opensnoop-bpfcc, filetop-bpfcc, tcpstates-bpfcc","opensnoop-bpfcc, pool-tracker-mi, strace, StreamTrans, sqldb:c~lite","opensnoop-bpfcc, pool-tracker-mi, tracker-miner-f, filetop-bpfcc, pip","pool-tracker-mi, StreamTrans, strace, opensnoop-bpfcc, firefox","pool-tracker-mi, gnome-system-mo, single, pip, tracker-miner-f",PyTordh-1.0.0;,,,0,115,1881,1271,1050,266,5616,2,70,186,21,0,0,0,ioctl -> ioctl -> ioctl,lseek -> lseek -> lseek,newfstatat -> newfstatat -> newfstatat -> no-error -> no-fd,read -> read -> read -> no-error -> no-fd,newfstatat -> openat -> fstat -> no-error -> no-fd,lseek -> lseek -> lseek -> no-error -> no-fd,ioctl -> ioctl -> ioctl -> no-error -> no-fd,0
Simpoejson-1.0.0.tar.gz,"ioctl, poll",,uname,,,,"opensnoop-bpfcc, pgrep, pip, systemd-logind, filetop-bpfcc","opensnoop-bpfcc, strace, StreamT~s, StreamT~ns, Indexed~IO","opensnoop-bpfcc, filetop-bpfcc, pip, pgrep, gnome-system-mo","strace, pip, StreamT~s, StreamT~ns, opensnoop-bpfcc","pgrep, gnome-system-mo, pip, strace, StreamT~s",Simpoejson-1.0.0;,,,18,61,2182,1171,613,607,3139,3,123,198,8,0,0,0,newfstatat -> openat -> fstat,ioctl -> ioctl -> ioctl,newfstatat -> newfstatat -> newfstatat -> no-error -> no-fd,lseek -> lseek -> lseek -> no-error -> no-fd,newfstatat -> openat -> fstat -> no-error -> no-fd,read -> read -> read -> no-error -> no-fd,close -> newfstatat -> newfstatat -> no-error -> no-fd,1
SpyWare-1.0.5.tar.gz,"ioctl, poll",pipe2,"getrandom, uname",,geteuid,"vfork, wait4, getpid","opensnoop-bpfcc, pgrep, tcpstates-bpfcc, filetop-bpfcc, pip","opensnoop-bpfcc, strace, StreamT~s, StreamT~ns, Indexed~IO","opensnoop-bpfcc, filetop-bpfcc, pgrep, pip, tcpstates-bpfcc","StreamT~s, strace, StreamT~ns, opensnoop-bpfcc, pip","pgrep, gnome-system-mo, pip, opensnoop-bpfcc, StreamT~s",SpyWare-1.0.5; evdev-1.7.1; mouseinfo-0.1.3; numpy-2.2.1; opencv-python-4.10.0.84; pillow-11.1.0; pyautogui-0.9.54; pygetwindow-0.0.9; pymsgbox-1.0.9; pynput-1.7.7; pyperclip-1.9.0; pyrect-0.2.0; pyscreeze-1.0.1; python-xlib-0.33; python3-Xlib-0.15; pytweening-1.2.0; six-1.17.0;,,evdev>=1.3; mouseinfo; numpy>=1.21.2; opencv-python; pillow; pyautogui; pygetwindow>=0.0.5; pymsgbox; pynput; pyperclip; pyrect; pyscreeze>=0.1.21; python-xlib>=0.17; python3-Xlib; pytweening>=1.0.4; six;,0,51,414,320,127,100,824,2,85,207,24,0,10,57,newfstatat -> newfstatat -> openat,openat -> fstat -> getdents64,newfstatat -> newfstatat -> newfstatat -> no-error -> no-fd,read -> read -> read -> no-error -> no-fd,newfstatat -> openat -> fstat -> no-error -> no-fd,newfstatat -> newfstatat -> openat -> no-error -> no-fd,openat -> fstat -> getdents64 -> no-error -> no-fd,0
Web-requests-autmoation-3.0.0.tar.gz,ioctl,pipe2,getrandom,clock_gettime,geteuid,"vfork, getpid","opensnoop-bpfcc, tcpstates-bpfcc, pool-org.gnome., filetop-bpfcc, gnome-system-mo","opensnoop-bpfcc, strace, pool-org.gnome., StreamT~ns, sqldb:c~lite","opensnoop-bpfcc, filetop-bpfcc, pool-org.gnome., gnome-system-mo, pip","pool-org.gnome., StreamT~ns, strace, opensnoop-bpfcc, sqldb:c~lite","gnome-system-mo, pool-org.gnome., StreamT~ns, pgrep, nautilus",Web-requests-autmoation-3.0.0; certifi-2024.12.14; charset_normalizer-2.1.1; idna-3.10; urllib3-1.26.20;,,"certifi>=2017.4.17; charset_normalizer<3,>=2; idna<4,>=2.5; urllib3<1.27,>=1.21.1;",563,228,5763,2266,1077,675,2695,3,21,183,11,1,0,0,,,,,,,,1
admcheck2-1.7.0.tar.gz,"ioctl, poll",pipe2,"getrandom, uname",,geteuid,"vfork, wait4, getpid","pgrep, opensnoop-bpfcc, tcpstates-bpfcc, systemd-logind, filetop-bpfcc","opensnoop-bpfcc, strace, StreamTrans, StreamT~ns, sqldb:c~lite","opensnoop-bpfcc, filetop-bpfcc, pgrep, pip, gnome-system-mo","strace, StreamTrans, sqldb:c~lite, StreamT~ns, Cache2","pgrep, gnome-system-mo, pip, sqldb:c~lite, strace",admcheck2-1.7.0; certifi-2024.8.30; charset-normalizer-3.4.0; idna-3.10; mouseinfo-0.1.3; pyautogui-0.9.54; pygetwindow-0.0.9; pymsgbox-1.0.9; pyperclip-1.9.0; pyrect-0.2.0; pyscreeze-1.0.1; python3-Xlib-0.15; pytweening-1.2.0; requests-2.32.3; urllib3-2.2.3;,,"certifi>=2017.4.17; charset-normalizer<4,>=2; idna<4,>=2.5; mouseinfo; pyautogui; pygetwindow>=0.0.5; pymsgbox; pyperclip; pyrect; pyscreeze>=0.1.21; python3-Xlib; pytweening>=1.0.4; requests; urllib3<3,>=1.21.1;",4,919,6098,4694,1135,1206,7147,2,15,106,4,1,0,0,newfstatat -> newfstatat -> openat,fstat -> ioctl -> lseek,newfstatat -> newfstatat -> newfstatat -> no-error -> no-fd,read -> read -> read -> no-error -> no-fd,newfstatat -> openat -> fstat -> no-error -> no-fd,newfstatat -> newfstatat -> openat -> no-error -> no-fd,fstat -> ioctl -> lseek -> no-error -> no-fd,1
advenced-requests-3.0.0.tar.gz,"ioctl, poll",pipe2,"getrandom, uname",,geteuid,"vfork, wait4, getpid","opensnoop-bpfcc, filetop-bpfcc, tcpstates-bpfcc, pgrep, gnome-system-mo","opensnoop-bpfcc, strace, StreamTrans, Cache2, Classif~date","opensnoop-bpfcc, filetop-bpfcc, pip, gnome-system-mo, pgrep","StreamTrans, strace, pip, sqldb:c~lite, Classif~date","gnome-system-mo, pgrep, pip, StreamTrans, sqldb:c~lite",advenced-requests-3.0.0; certifi-2024.8.30; charset_normalizer-2.1.1; idna-3.10; urllib3-1.26.20;,,"certifi>=2017.4.17; charset_normalizer<3,>=2; idna<4,>=2.5; urllib3<1.27,>=1.21.1;",503,234,3794,2786,1214,633,1577,3,16,51,9,11,4,7,read -> poll -> read,poll -> read -> read,newfstatat -> newfstatat -> newfstatat -> no-error -> no-fd,read -> read -> read -> no-error -> no-fd,read -> read -> poll -> no-error -> no-fd,read -> poll -> read -> error=EAGAIN -> no-fd,poll -> read -> read -> no-error -> fd=3,1
advpruebitaa9-1.0.0.tar.gz,"ioctl, poll",pipe2,"getrandom, uname",,,"vfork, wait4, getpid","opensnoop-bpfcc, tcpstates-bpfcc, filetop-bpfcc, pgrep, gnome-system-mo","opensnoop-bpfcc, strace, StreamTrans, Cache2, Classif~date","opensnoop-bpfcc, filetop-bpfcc, pip, gnome-system-mo, tcpstates-bpfcc","StreamTrans, strace, pip, sqldb:c~lite, Classif~date","gnome-system-mo, pip, pgrep, StreamTrans, sqldb:c~lite",advpruebitaa9-1.0.0;,,,330,29,1549,918,621,434,548,2,67,99,23,57,1,56,newfstatat -> newfstatat -> openat,fstat -> ioctl -> lseek,newfstatat -> newfstatat -> newfstatat -> no-error -> no-fd,read -> read -> read -> no-error -> no-fd,newfstatat -> openat -> fstat -> no-error -> no-fd,newfstatat -> newfstatat -> openat -> no-error -> no-fd,openat -> fstat -> ioctl -> no-error -> no-fd,0
aeodatav04-0.4.tar.gz,"ioctl, poll",,uname,,,"wait4, getpid","opensnoop-bpfcc, pgrep, filetop-bpfcc, tcpstates-bpfcc, gnome-system-mo","strace, opensnoop-bpfcc, StreamTrans, Cache2, StreamT~ns","opensnoop-bpfcc, filetop-bpfcc, pip, gnome-system-mo, pgrep","strace, StreamTrans, pip, pip3, python","gnome-system-mo, pgrep, pip, StreamTrans, pip3",aeodatav04-0.4;,,,0,71,504,516,1216,220,1003,1,6,33,2,0,0,0,openat -> fstat -> ioctl,fstat -> ioctl -> lseek,lseek -> lseek -> lseek -> no-error -> no-fd,newfstatat -> newfstatat -> newfstatat -> no-error -> no-fd,openat -> fstat -> ioctl -> no-error -> no-fd,fstat -> ioctl -> lseek -> no-error -> no-fd,ioctl -> lseek -> lseek -> error=ENOTTY -> no-fd,1
aidoc-consul-5.2.0.tar.gz,"ioctl, poll",pipe2,"getrandom, uname",,geteuid,"vfork, wait4, getpid","opensnoop-bpfcc, filetop-bpfcc, tcpstates-bpfcc, pgrep, gnome-system-mo","strace, opensnoop-bpfcc, StreamTrans, Classif~date, Cache2","opensnoop-bpfcc, filetop-bpfcc, pip, gnome-system-mo, pgrep","StreamTrans, strace, pip, Classif~date, sqldb:c~lite","gnome-system-mo, pgrep, pip, StreamTrans, clear",aidoc-consul-5.2.0;,,,0,72,862,718,1244,183,4662,2,7,18,2,1,0,0,,,,,,,,1
aidoc-e2e-utils-5.0.3.tar.gz,"ioctl, poll",pipe2,"getrandom, uname",,geteuid,"vfork, wait4, getpid","opensnoop-bpfcc, pgrep, tcpstates-bpfcc, filetop-bpfcc, gnome-system-mo","strace, opensnoop-bpfcc, StreamTrans, Cache2, StreamT~ns","opensnoop-bpfcc, filetop-bpfcc, pip, pip3, gnome-system-mo","strace, StreamTrans, pip, pip3, python","gnome-system-mo, pgrep, pip, pip3, StreamTrans",aidoc-e2e-utils-5.0.3;,,,0,73,891,758,1208,173,3496,3,55,63,23,1,0,0,lseek -> lseek -> lseek,ioctl -> ioctl -> ioctl,newfstatat -> newfstatat -> newfstatat -> no-error -> no-fd,read -> read -> read -> no-error -> no-fd,newfstatat -> openat -> fstat -> no-error -> no-fd,lseek -> lseek -> lseek -> no-error -> no-fd,ioctl -> ioctl -> ioctl -> no-error -> no-fd,1
aio5-0.2.9.tar.gz,"ioctl, poll",pipe2,uname,,,"vfork, wait4, getpid","opensnoop-bpfcc, pgrep, tcpstates-bpfcc, filetop-bpfcc, systemd-logind","strace, opensnoop-bpfcc, StreamT~ns, StreamTrans, pip","opensnoop-bpfcc, filetop-bpfcc, pip, pgrep, gnome-system-mo","strace, pip, StreamT~ns, StreamTrans, opensnoop-bpfcc","pgrep, pip, gnome-system-mo, strace, StreamTrans",SQLAlchemy-2.0.36; aio5-0.2.9; anyio-4.7.0; attrs-24.2.0; beautifulsoup4-4.12.3; certifi-2024.8.30; charset-normalizer-3.4.0; fake-useragent-2.0.1; greenlet-3.1.1; h11-0.14.0; httpcore-1.0.7; httpx-0.28.1; idna-3.10; importlib-resources-6.4.5; lxml-5.3.0; numpy-2.2.0; outcome-1.3.0.post0; packaging-24.2; pandas-2.2.3; pysocks-1.7.1; python-dateutil-2.9.0.post0; python-dotenv-1.0.1; python-telegram-bot-21.9; pytz-2024.2; requests-2.32.3; selenium-4.27.1; six-1.17.0; sniffio-1.3.1; sortedcontainers-2.4.0; soupsieve-2.6; trio-0.27.0; trio-websocket-0.11.1; typing_extensions-4.12.2; tzdata-2024.2; urllib3-2.2.3; webdriver-manager-4.0.2; websocket-client-1.8.0; wsproto-1.2.0;,,"SQLAlchemy; anyio; attrs>=23.2.0; beautifulsoup4; certifi>=2017.4.17; charset-normalizer<4,>=2; fake-useragent; greenlet!=0.4.17; h11<0.15,>=0.13; httpcore==1.*; httpx~=0.27; idna<4,>=2.5; importlib-resources>=6.0; lxml; numpy>=1.26.0; outcome; packaging; pandas; pysocks!=1.5.7,<2.0,>=1.5.6; python-dateutil>=2.8.2; python-dotenv; python-telegram-bot; pytz>=2020.1; requests; selenium; six>=1.5; sniffio>=1.3.0; sortedcontainers; soupsieve>1.2; trio-websocket~=0.9; trio~=0.17; typing_extensions~=4.9; tzdata>=2022.7; urllib3<3,>=1.21.1; webdriver-manager; websocket-client~=1.8; wsproto>=0.14;",0,120,510,324,1203,168,977,2,14,21,8,1,0,0,openat -> fstat -> ioctl,ioctl -> lseek -> lseek,newfstatat -> newfstatat -> newfstatat -> no-error -> no-fd,fstat -> ioctl -> lseek -> no-error -> no-fd,openat -> fstat -> ioctl -> no-error -> no-fd,newfstatat -> openat -> fstat -> error=ENOENT -> no-fd,ioctl -> lseek -> lseek -> error=ENOTTY -> no-fd,1
aioconsol-1.0.tar.gz,"ioctl, poll",pipe2,"getrandom, uname",,geteuid,"vfork, wait4, getpid","opensnoop-bpfcc, nautilus, gnome-system-mo, filetop-bpfcc, pgrep","StreamT~ns, strace, StreamTrans, opensnoop-bpfcc, speech-dispatch","opensnoop-bpfcc, filetop-bpfcc, gnome-system-mo, pip, nautilus","StreamT~ns, StreamTrans, strace, apt-get, Cache2","gnome-system-mo, StreamT~ns, clear, sqldb:c~lite, StreamTrans",aioconsol-1.0;,,,0,113,964,557,1207,105,238,2,12,170,4,1,0,0,openat -> fstat -> ioctl,fstat -> ioctl -> lseek,lseek -> lseek -> lseek -> no-error -> no-fd,newfstatat -> newfstatat -> newfstatat -> no-error -> no-fd,openat -> fstat -> ioctl -> no-error -> no-fd,fstat -> ioctl -> lseek -> no-error -> no-fd,ioctl -> lseek -> lseek -> error=ENOTTY -> no-fd,1
antchain_sdk_acc-1.0.0.tar.gz,"ioctl, poll",,uname,,,getpid,"opensnoop-bpfcc, nautilus, tcpstates-bpfcc, filetop-bpfcc, pgrep","opensnoop-bpfcc, strace, StreamT~ns, sqldb:c~lite, pip","opensnoop-bpfcc, filetop-bpfcc, pip, nautilus, gnome-system-mo","StreamT~ns, strace, pip, sqldb:c~lite, opensnoop-bpfcc","gnome-system-mo, pip, pgrep, StreamT~ns, sqldb:c~lite",antchain_sdk_acc-1.0.0;,,,505,65,1505,1733,1289,418,2502,1,12,134,2,4,3,1,ioctl -> ioctl -> ioctl,lseek -> lseek -> lseek,newfstatat -> newfstatat -> newfstatat -> no-error -> no-fd,read -> read -> read -> no-error -> no-fd,newfstatat -> openat -> fstat -> no-error -> no-fd,lseek -> lseek -> lseek -> no-error -> no-fd,openat -> fstat -> ioctl -> no-error -> no-fd,0
antchain_sdk_acm-1.0.0.tar.gz,"ioctl, poll",,uname,,,getpid,"opensnoop-bpfcc, nautilus, tcpstates-bpfcc, filetop-bpfcc, pgrep","opensnoop-bpfcc, strace, StreamT~ns, sqldb:c~lite, pip","opensnoop-bpfcc, filetop-bpfcc, pip, gnome-system-mo, nautilus","StreamT~ns, strace, pip, sqldb:c~lite, opensnoop-bpfcc","gnome-system-mo, pip, pgrep, StreamT~ns, sqldb:c~lite",antchain_sdk_acm-1.0.0;,,,0,31,5685,231,649,144,1824,2,6,17,2,0,0,0,fstat -> ioctl -> lseek,openat -> fstat -> ioctl,read -> poll -> read -> no-error -> no-fd,poll -> read -> read -> error=EAGAIN -> no-fd,fstat -> ioctl -> lseek -> no-error -> no-fd,openat -> fstat -> ioctl -> no-error -> no-fd,lseek -> openat -> fstat -> no-error -> no-fd,1
antchain_sdk_dog-1.0.0.tar.gz,"ioctl, poll",,uname,clock_gettime,,getpid,"opensnoop-bpfcc, filetop-bpfcc, tcpstates-bpfcc, gnome-system-mo, pgrep","strace, opensnoop-bpfcc, StreamTrans, Classif~date, sqldb:c~lite","opensnoop-bpfcc, filetop-bpfcc, gnome-system-mo, pip, tcpstates-bpfcc","StreamTrans, strace, Classif~date, pip, sqldb:c~lite","gnome-system-mo, StreamTrans, clear, pip, sqldb:c~lite",antchain_sdk_dog-1.0.0;,,,6,164,2087,2176,1216,782,2967,2,40,69,6,0,0,0,newfstatat -> openat -> fstat,ioctl -> ioctl -> ioctl,newfstatat -> newfstatat -> newfstatat -> no-error -> no-fd,lseek -> lseek -> lseek -> no-error -> no-fd,read -> read -> read -> no-error -> no-fd,newfstatat -> openat -> fstat -> no-error -> no-fd,close -> newfstatat -> newfstatat -> no-error -> no-fd,1
antchain_sdk_ent-1.0.0.tar.gz,"ioctl, poll",,uname,clock_gettime,,"wait4, getpid","opensnoop-bpfcc, tcpstates-bpfcc, filetop-bpfcc, gnome-system-mo, pgrep","strace, opensnoop-bpfcc, StreamTrans, Classif~date, sqldb:c~lite","opensnoop-bpfcc, filetop-bpfcc, gnome-system-mo, pip, tcpstates-bpfcc","StreamTrans, strace, Classif~date, sqldb:c~lite, pip","gnome-system-mo, StreamTrans, clear, pip, sqldb:c~lite",antchain_sdk_ent-1.0.0;,,,0,148,1480,814,1286,220,898,2,59,152,21,9,0,8,newfstatat -> openat -> fstat,fstat -> ioctl -> lseek,newfstatat -> newfstatat -> newfstatat -> no-error -> no-fd,newfstatat -> newfstatat -> openat -> no-error -> no-fd,read -> read -> read -> no-error -> no-fd,newfstatat -> openat -> fstat -> no-error -> no-fd,openat -> fstat -> ioctl -> no-error -> no-fd,0
antchain_sdk_mytc-1.0.0.tar.gz,"ioctl, poll",pipe2,"getrandom, uname",clock_gettime,,"vfork, wait4, getpid","opensnoop-bpfcc, gnome-system-mo, filetop-bpfcc, tcpstates-bpfcc, pgrep","StreamTrans, strace, opensnoop-bpfcc, Classif~date, sqldb:c~lite","opensnoop-bpfcc, filetop-bpfcc, gnome-system-mo, pip, clear","StreamTrans, Classif~date, sqldb:c~lite, strace, glean.dispatche","gnome-system-mo, StreamTrans, clear, sqldb:c~lite, pip",antchain_sdk_mytc-1.0.0;,,,0,24,10,419,136,324,622,0,0,0,0,1,1,0,newfstatat -> openat -> fstat,close -> newfstatat -> newfstatat,newfstatat -> newfstatat -> newfstatat -> no-error -> no-fd,newfstatat -> newfstatat -> openat -> no-error -> no-fd,read -> read -> read -> no-error -> no-fd,newfstatat -> openat -> fstat -> no-error -> no-fd,close -> newfstatat -> newfstatat -> no-error -> no-fd,0
antchain_sdk_pcc-1.0.0.tar.gz,"ioctl, poll",pipe2,"getrandom, uname",clock_gettime,,"vfork, wait4, getpid","opensnoop-bpfcc, tcpstates-bpfcc, filetop-bpfcc, pgrep, gnome-system-mo","strace, opensnoop-bpfcc, StreamTrans, StreamT~ns, Classif~date","opensnoop-bpfcc, filetop-bpfcc, pip, gnome-system-mo, tcpstates-bpfcc","StreamTrans, StreamT~ns, strace, pip, Classif~date","gnome-system-mo, pip, pgrep, StreamTrans, sqldb:c~lite",antchain_sdk_pcc-1.0.0;,,,497,202,2996,1602,1173,576,1132,2,28,107,9,7,2,5,read -> read -> clock_gettime,newfstatat -> newfstatat -> newfstatat,clock_gettime -> clock_gettime -> clock_gettime -> no-error -> no-fd,clock_gettime -> lseek -> clock_gettime -> no-error -> no-fd,lseek -> clock_gettime -> lseek -> no-error -> no-fd,newfstatat -> newfstatat -> newfstatat -> no-error -> no-fd,newfstatat -> openat -> fstat -> no-error -> no-fd,0
antchain_sdk_rms-1.0.0.tar.gz,"ioctl, poll",pipe2,"getrandom, uname",clock_gettime,,"vfork, wait4, getpid","opensnoop-bpfcc, filetop-bpfcc, gnome-system-mo, tcpstates-bpfcc, pgrep","strace, opensnoop-bpfcc, StreamT~ns, StreamTrans, Classif~date","opensnoop-bpfcc, filetop-bpfcc, gnome-system-mo, pip, tcpstates-bpfcc","StreamT~ns, StreamTrans, strace, Classif~date, pip","gnome-system-mo, StreamT~ns, clear, sqldb:c~lite, pgrep",antchain_sdk_rms-1.0.0;,,,501,102,1972,1226,1275,225,239,2,24,79,10,1,0,0,newfstatat -> openat -> fstat,clock_gettime -> lseek -> clock_gettime,clock_gettime -> clock_gettime -> clock_gettime -> no-error -> no-fd,newfstatat -> newfstatat -> newfstatat -> no-error -> no-fd,lseek -> clock_gettime -> lseek -> no-error -> no-fd,newfstatat -> openat -> fstat -> no-error -> no-fd,newfstatat -> newfstatat -> openat -> no-error -> no-fd,1
apch-0.0.6.tar.gz,"ioctl, poll",pipe2,uname,clock_gettime,,"vfork, wait4, getpid","opensnoop-bpfcc, gnome-system-mo, filetop-bpfcc, tcpstates-bpfcc, pgrep","strace, StreamT~ns, opensnoop-bpfcc, StreamTrans, Classif~date","opensnoop-bpfcc, filetop-bpfcc, gnome-system-mo, pip, pgrep","StreamT~ns, StreamTrans, strace, Classif~date, pip","gnome-system-mo, StreamT~ns, clear, sqldb:c~lite, pgrep",apch-0.0.6; numpy-2.2.0;,,numpy;,0,11,2,263,1290,170,1013,1,9,16,1,38,10,28,openat -> fstat -> ioctl,lseek -> lseek -> lseek,newfstatat -> newfstatat -> newfstatat -> no-error -> no-fd,newfstatat -> openat -> fstat -> no-error -> no-fd,newfstatat -> newfstatat -> openat -> no-error -> no-fd,ioctl -> lseek -> lseek -> no-error -> no-fd,fstat -> ioctl -> lseek -> error=ENOENT -> no-fd,1
ascii-chillah-99.0.tar.gz,"ioctl, poll",pipe2,,,,"vfork, wait4, getpid","opensnoop-bpfcc, pgrep, filetop-bpfcc, tcpstates-bpfcc, pip","opensnoop-bpfcc, strace, StreamTrans, Cache2, sqldb:c~lite","opensnoop-bpfcc, filetop-bpfcc, pgrep, pip, tcpstates-bpfcc","StreamTrans, strace, sqldb:c~lite, pip, opensnoop-bpfcc","pgrep, clear, pip, StreamTrans, systemd-oomd",ascii-chillah-99.0;,,,501,29,2701,1570,55,470,606,2,8,21,3,0,0,0,,,,,,,,1
asn2crypto-4.5.2.tar.gz,"poll, ioctl",,uname,,,getpid,"opensnoop-bpfcc, pgrep, tcpstates-bpfcc, filetop-bpfcc, nautilus","strace, opensnoop-bpfcc, StreamTrans, Cache2, Classif~date","opensnoop-bpfcc, filetop-bpfcc, pip, pgrep, gnome-system-mo","StreamTrans, strace, pip, sqldb:c~lite, Classif~date","pgrep, pip, clear, gnome-system-mo, StreamTrans",asn2crypto-4.5.2;,,,0,31,1046,833,84,392,4384,3,20,26,10,0,0,0,newfstatat -> openat -> fstat,poll -> read -> read,newfstatat -> newfstatat -> newfstatat -> no-error -> no-fd,read -> read -> read -> no-error -> no-fd,read -> poll -> read -> error=EAGAIN -> no-fd,newfstatat -> openat -> fstat -> no-error -> no-fd,poll -> read -> read -> no-error -> fd=3,1
asynci-1.0.0.tar.gz,"ioctl, poll",pipe2,uname,,,"wait4, vfork, getpid","opensnoop-bpfcc, tcpstates-bpfcc, filetop-bpfcc, pgrep, gnome-system-mo","opensnoop-bpfcc, strace, StreamTrans, StreamT~ns, sqldb:c~lite","opensnoop-bpfcc, filetop-bpfcc, pip, gnome-system-mo, tcpstates-bpfcc","StreamTrans, strace, StreamT~ns, sqldb:c~lite, pip","gnome-system-mo, StreamTrans, pip, sqldb:c~lite, pgrep",asynci-1.0.0;,,,501,105,1853,1321,1274,220,270,2,53,124,16,0,0,0,newfstatat -> newfstatat -> openat,close -> newfstatat -> newfstatat,newfstatat -> newfstatat -> newfstatat -> no-error -> no-fd,read -> read -> read -> no-error -> no-fd,newfstatat -> openat -> fstat -> no-error -> no-fd,newfstatat -> newfstatat -> openat -> no-error -> no-fd,close -> newfstatat -> newfstatat -> no-error -> no-fd,1
asynncio-1.0.0.tar.gz,"ioctl, poll",pipe2,"getrandom, uname",,geteuid,"vfork, wait4, getpid","opensnoop-bpfcc, pgrep, filetop-bpfcc, tcpstates-bpfcc, pip","strace, opensnoop-bpfcc, StreamTrans, python, StreamT~ns","opensnoop-bpfcc, filetop-bpfcc, pip, pgrep, gnome-system-mo","strace, StreamTrans, pip, sqldb:c~lite, StreamT~ns","gnome-system-mo, pgrep, pip, StreamTrans, sqldb:c~lite",asynncio-1.0.0;,,,4,106,945,759,894,107,685,2,18,20,10,4,3,1,newfstatat -> openat -> fstat,fstat -> ioctl -> lseek,newfstatat -> newfstatat -> newfstatat -> no-error -> no-fd,read -> read -> read -> no-error -> no-fd,lseek -> lseek -> lseek -> no-error -> no-fd,newfstatat -> openat -> fstat -> no-error -> no-fd,ioctl -> lseek -> lseek -> no-error -> no-fd,0
awscl-1.27.67.tar.gz,ioctl,,,,,getpid,"opensnoop-bpfcc, pgrep, tcpstates-bpfcc, filetop-bpfcc, pip","strace, opensnoop-bpfcc, StreamTrans, python, StreamT~ns","opensnoop-bpfcc, filetop-bpfcc, pip, pgrep, gnome-system-mo","strace, StreamTrans, pip, StreamT~ns, Classif~date","pgrep, pip, gnome-system-mo, strace, StreamTrans",PyYAML-5.4.1; awscl-1.27.67; botocore-1.29.67; colorama-0.4.4; docutils-0.16; jmespath-1.0.1; pyasn1-0.6.1; python-dateutil-2.9.0.post0; rsa-4.7.2; s3transfer-0.6.2; six-1.17.0; urllib3-1.26.20;,,"PyYAML<5.5,>=3.10; botocore==1.29.67; colorama<0.4.5,>=0.2.5; docutils<0.17,>=0.10; jmespath<2.0.0,>=0.7.1; pyasn1>=0.1.3; python-dateutil<3.0.0,>=2.1; rsa<4.8,>=3.1.2; s3transfer<0.7.0,>=0.6.0; six>=1.5; urllib3<1.27,>=1.25.4;",501,3797,3046,2081,1301,749,3381,1,17,50,2,7,2,5,newfstatat -> openat -> fstat,close -> newfstatat -> newfstatat,newfstatat -> newfstatat -> newfstatat -> no-error -> no-fd,read -> read -> read -> no-error -> no-fd,newfstatat -> newfstatat -> openat -> no-error -> no-fd,newfstatat -> openat -> fstat -> no-error -> no-fd,close -> newfstatat -> newfstatat -> no-error -> no-fd,0
awsclie-1.27.67.tar.gz,"ioctl, poll",pipe2,"getrandom, uname",,geteuid,"vfork, wait4, getpid","opensnoop-bpfcc, pgrep, filetop-bpfcc, tcpstates-bpfcc, pip","strace, opensnoop-bpfcc, StreamTrans, python, StreamT~ns","opensnoop-bpfcc, filetop-bpfcc, pip, pgrep, gnome-system-mo","strace, StreamTrans, pip, StreamT~ns, Classif~date","pgrep, pip, gnome-system-mo, strace, sqldb:c~lite",PyYAML-5.4.1; awsclie-1.27.67; botocore-1.29.67; colorama-0.4.4; docutils-0.16; jmespath-1.0.1; pyasn1-0.6.1; python-dateutil-2.9.0.post0; rsa-4.7.2; s3transfer-0.6.2; six-1.17.0; urllib3-1.26.20;,,"PyYAML<5.5,>=3.10; botocore==1.29.67; colorama<0.4.5,>=0.2.5; docutils<0.17,>=0.10; jmespath<2.0.0,>=0.7.1; pyasn1>=0.1.3; python-dateutil<3.0.0,>=2.1; rsa<4.8,>=3.1.2; s3transfer<0.7.0,>=0.6.0; six>=1.5; urllib3<1.27,>=1.25.4;",505,853,4065,2749,1297,847,3998,3,42,269,16,6,5,1,newfstatat -> openat -> fstat,fstat -> ioctl -> lseek,newfstatat -> newfstatat -> newfstatat -> no-error -> no-fd,newfstatat -> newfstatat -> openat -> no-error -> no-fd,read -> read -> read -> no-error -> no-fd,newfstatat -> openat -> fstat -> no-error -> no-fd,openat -> fstat -> ioctl -> no-error -> no-fd,0
b2-sdk-python-1.8.0.tar.gz,"ioctl, poll",pipe2,"getrandom, uname",,geteuid,"vfork, wait4, getpid","opensnoop-bpfcc, filetop-bpfcc, pool-org.gnome., pgrep, gnome-system-mo","strace, StreamTrans, pool-org.gnome., opensnoop-bpfcc, StreamT~ns","filetop-bpfcc, pool-org.gnome., gnome-system-mo, pip, opensnoop-bpfcc","pool-org.gnome., StreamTrans, StreamT~ns, strace, sqldb:c~lite","gnome-system-mo, pool-org.gnome., StreamTrans, pgrep, sqldb:c~lite",b2-sdk-python-1.8.0; peppercorn-0.6;,,peppercorn;,0,106,1213,644,1270,124,217,2,33,126,14,2,1,1,newfstatat -> newfstatat -> openat,fstat -> ioctl -> lseek,newfstatat -> newfstatat -> newfstatat -> no-error -> no-fd,read -> read -> read -> no-error -> no-fd,newfstatat -> openat -> fstat -> no-error -> no-fd,newfstatat -> newfstatat -> openat -> no-error -> no-fd,close -> newfstatat -> newfstatat -> no-error -> no-fd,1
beautilfulsoup-1.0.0.tar.gz,"ioctl, poll",pipe2,"getrandom, uname",,geteuid,"vfork, wait4, getpid","pgrep, opensnoop-bpfcc, pool-org.gnome., filetop-bpfcc, nautilus","opensnoop-bpfcc, strace, StreamT~ns, StreamTrans, sqldb:c~lite","opensnoop-bpfcc, filetop-bpfcc, pgrep, gnome-system-mo, pip","strace, StreamT~ns, opensnoop-bpfcc, StreamTrans, sqldb:c~lite","pgrep, gnome-system-mo, grep, nautilus, sqldb:c~lite",BeautilfulSoup-1.0.0;,,,0,43,445,765,1346,249,7055,2,103,204,29,40,3,37,lseek -> lseek -> lseek,fstat -> ioctl -> lseek,newfstatat -> newfstatat -> newfstatat -> no-error -> no-fd,read -> read -> read -> no-error -> no-fd,newfstatat -> openat -> fstat -> no-error -> no-fd,ioctl -> lseek -> lseek -> no-error -> no-fd,lseek -> lseek -> lseek -> no-error -> no-fd,0
bip-util-1.0.0.tar.gz,"ioctl, poll",,,,,getpid,"opensnoop-bpfcc, pgrep, gnome-system-mo, systemd-logind, filetop-bpfcc","opensnoop-bpfcc, strace, StreamT~ns, StreamTrans, sqldb:c~lite","opensnoop-bpfcc, filetop-bpfcc, gnome-system-mo, pip, pgrep","StreamT~ns, StreamTrans, strace, pip, sqldb:c~lite","gnome-system-mo, pgrep, pip, sqldb:c~lite, StreamT~ns",bip-util-1.0.0;,,,501,43,1481,1272,1294,276,2802,2,16,38,5,0,22,142,poll -> read -> read,read -> read -> read,read -> read -> clock_gettime -> no-error -> no-fd,clock_gettime -> poll -> read -> no-error -> no-fd,read -> clock_gettime -> poll -> error=EAGAIN -> no-fd,poll -> read -> read -> no-error -> fd=6,read -> clock_gettime -> poll -> no-error -> no-fd,0
bip-utile-1.0.0.tar.gz,"ioctl, poll",,uname,,,getpid,"pgrep, opensnoop-bpfcc, filetop-bpfcc, (imedated), gnome-system-mo","opensnoop-bpfcc, StreamT~ns, sqldb:c~lite, BgIOThr~Pool, Cache2","opensnoop-bpfcc, filetop-bpfcc, pgrep, gnome-system-mo, sqldb:c~lite","Cache2, sqldb:c~lite, StreamT~ns, opensnoop-bpfcc, sqldb:p~lite","pgrep, gnome-system-mo, sqldb:c~lite, Cache2, opensnoop-bpfcc",bip-utile-1.0.0;,,,0,105,757,1168,1324,268,6819,2,14,36,4,2,1,1,newfstatat -> newfstatat -> openat,ioctl -> ioctl -> ioctl,newfstatat -> newfstatat -> newfstatat -> no-error -> no-fd,read -> read -> read -> no-error -> no-fd,newfstatat -> openat -> fstat -> no-error -> no-fd,fstat -> ioctl -> lseek -> no-error -> no-fd,openat -> fstat -> ioctl -> no-error -> no-fd,0
bip-utisl-1.0.0.tar.gz,"ioctl, poll",pipe2,"getrandom, uname",,,"vfork, wait4, getpid","opensnoop-bpfcc, filetop-bpfcc, tcpstates-bpfcc, pgrep, systemd-logind","opensnoop-bpfcc, strace, StreamTrans, http, appstreamcli","opensnoop-bpfcc, filetop-bpfcc, pip, gnome-system-mo, pgrep","StreamTrans, strace, apt-get, python3, pip","gnome-system-mo, pgrep, pip, StreamTrans, opensnoop-bpfcc",bip-utisl-1.0.0;,,,501,40,3895,1781,1305,652,1894,2,7,17,3,0,0,0,fstat -> ioctl -> lseek,openat -> fstat -> ioctl,newfstatat -> newfstatat -> newfstatat -> no-error -> no-fd,newfstatat -> newfstatat -> openat -> no-error -> no-fd,newfstatat -> openat -> fstat -> no-error -> no-fd,openat -> fstat -> ioctl -> no-error -> no-fd,fstat -> ioctl -> lseek -> error=ENOENT -> no-fd,1
botoo3-1.26.67.tar.gz,"ioctl, poll",pipe2,uname,,,"vfork, wait4, getpid","opensnoop-bpfcc, tcpstates-bpfcc, filetop-bpfcc, pgrep, pip","opensnoop-bpfcc, strace, StreamTrans, sqldb:c~lite, pip","opensnoop-bpfcc, filetop-bpfcc, pip, tcpstates-bpfcc, gnome-system-mo","strace, StreamTrans, pip, opensnoop-bpfcc, Cache2","pgrep, gnome-system-mo, pip, opensnoop-bpfcc, StreamTrans",botocore-1.29.165; botoo3-1.26.67; jmespath-1.0.1; python-dateutil-2.9.0.post0; s3transfer-0.6.2; six-1.17.0; urllib3-1.26.20;,,"botocore<1.30.0,>=1.29.67; jmespath<2.0.0,>=0.7.1; python-dateutil<3.0.0,>=2.1; s3transfer<0.7.0,>=0.6.0; six>=1.5; urllib3<1.27,>=1.25.4;",501,77,2693,1170,64,214,370,2,12,32,5,12,4,8,newfstatat -> openat -> fstat,fstat -> ioctl -> lseek,newfstatat -> newfstatat -> newfstatat -> no-error -> no-fd,read -> read -> read -> no-error -> no-fd,lseek -> lseek -> lseek -> no-error -> no-fd,fstat -> ioctl -> lseek -> no-error -> no-fd,newfstatat -> openat -> fstat -> no-error -> no-fd,1
brokescolors-0.0.0.tar.gz,"poll, ioctl",,uname,,,getpid,,,,,,brokescolors-0.0.0;,,,8,64,1261,2004,111,595,5920,3,125,791,32,4,2,2,newfstatat -> newfstatat -> openat,fstat -> ioctl -> lseek,newfstatat -> newfstatat -> newfstatat -> no-error -> no-fd,read -> read -> read -> no-error -> no-fd,newfstatat -> openat -> fstat -> no-error -> no-fd,newfstatat -> newfstatat -> openat -> no-error -> no-fd,fstat -> ioctl -> lseek -> no-error -> no-fd,1
builderknower2-0.1.12.tar.gz,"ioctl, poll",pipe2,uname,,,"vfork, wait4, getpid","opensnoop-bpfcc, filetop-bpfcc, tcpstates-bpfcc, pgrep, pip","opensnoop-bpfcc, strace, StreamTrans, sqldb:c~lite, Cache2","opensnoop-bpfcc, filetop-bpfcc, pip, gnome-system-mo, tcpstates-bpfcc","strace, StreamTrans, Cache2, sqldb:c~lite, opensnoop-bpfcc","gnome-system-mo, pip, pgrep, gnome-terminal-, Cache2",builderknower2-0.1.12; certifi-2024.8.30; charset-normalizer-3.4.0; idna-3.10; requests-2.32.3; urllib3-2.2.3;,,"certifi>=2017.4.17; charset-normalizer<4,>=2; idna<4,>=2.5; requests; urllib3<3,>=1.21.1;",0,88,1521,1236,1232,553,4574,0,0,0,0,0,0,0,newfstatat -> openat -> fstat,fstat -> ioctl -> lseek,newfstatat -> newfstatat -> newfstatat -> no-error -> no-fd,newfstatat -> newfstatat -> openat -> no-error -> no-fd,read -> read -> read -> no-error -> no-fd,newfstatat -> openat -> fstat -> no-error -> no-fd,openat -> fstat -> ioctl -> no-error -> no-fd,0
capmonstercloudclieent-1.0.0.tar.gz,"ioctl, poll",pipe2,"getrandom, uname",,,"vfork, wait4, getpid","opensnoop-bpfcc, filetop-bpfcc, tcpstates-bpfcc, pgrep, pip","opensnoop-bpfcc, strace, StreamT~ns, StreamTrans, Classif~date","opensnoop-bpfcc, filetop-bpfcc, pip, tcpstates-bpfcc, gnome-system-mo","StreamT~ns, strace, pip, opensnoop-bpfcc, StreamTrans","gnome-system-mo, pgrep, pip, StreamT~ns, opensnoop-bpfcc",capmonstercloudclieent-1.0.0;,,,0,20,1253,217,1280,100,217,2,37,125,15,0,0,0,ioctl -> ioctl -> ioctl,newfstatat -> newfstatat -> openat,newfstatat -> newfstatat -> newfstatat -> no-error -> no-fd,read -> read -> read -> no-error -> no-fd,newfstatat -> openat -> fstat -> no-error -> no-fd,newfstatat -> newfstatat -> openat -> no-error -> no-fd,read -> read -> brk -> no-error -> no-fd,1
capmonstercloudclienet-1.0.0.tar.gz,"ioctl, poll",,uname,,,"wait4, getpid","opensnoop-bpfcc, filetop-bpfcc, tcpstates-bpfcc, pgrep, pip","opensnoop-bpfcc, strace, StreamT~ns, StreamTrans, Indexed~IO","opensnoop-bpfcc, filetop-bpfcc, pip, tcpstates-bpfcc, gnome-system-mo","StreamT~ns, strace, pip, opensnoop-bpfcc, StreamTrans","gnome-system-mo, pgrep, pip, StreamT~ns, opensnoop-bpfcc",capmonstercloudclienet-1.0.0;,,,8,8,5,882,511,260,993,2,57,141,18,0,0,0,ioctl -> ioctl -> ioctl,lseek -> lseek -> lseek,newfstatat -> newfstatat -> newfstatat -> no-error -> no-fd,read -> read -> read -> no-error -> no-fd,newfstatat -> openat -> fstat -> no-error -> no-fd,lseek -> lseek -> lseek -> no-error -> no-fd,ioctl -> ioctl -> ioctl -> no-error -> no-fd,0
capmonstercloudclinent-1.0.0.tar.gz,"ioctl, poll",pipe2,"getrandom, uname",,,"vfork, wait4, getpid","opensnoop-bpfcc, tcpstates-bpfcc, filetop-bpfcc, pgrep, pip","opensnoop-bpfcc, strace, StreamT~ns, StreamTrans, Indexed~IO","opensnoop-bpfcc, filetop-bpfcc, pip, tcpstates-bpfcc, gnome-system-mo","StreamT~ns, strace, pip, opensnoop-bpfcc, StreamTrans","gnome-system-mo, pgrep, pip, StreamT~ns, opensnoop-bpfcc",capmonstercloudclinent-1.0.0;,,,501,26,2705,1620,1280,533,1300,2,33,93,14,1,1,0,newfstatat -> newfstatat -> newfstatat,read -> read -> read,read -> poll -> read -> no-error -> no-fd,poll -> read -> read -> error=EAGAIN -> no-fd,newfstatat -> newfstatat -> newfstatat -> no-error -> no-fd,read -> read -> poll -> no-error -> fd=4,fstat -> ioctl -> lseek -> no-error -> no-fd,0
capmonstercloudcluodclient-1.0.0.tar.gz,"ioctl, poll",pipe2,"getrandom, uname",,,"vfork, wait4, getpid","opensnoop-bpfcc, filetop-bpfcc, tcpstates-bpfcc, pgrep, systemd-logind","strace, opensnoop-bpfcc, StreamT~ns, StreamTrans, Indexed~IO","opensnoop-bpfcc, filetop-bpfcc, pip, tcpstates-bpfcc, gnome-system-mo","StreamT~ns, strace, pip, opensnoop-bpfcc, StreamTrans","pip, gnome-system-mo, pgrep, StreamT~ns, opensnoop-bpfcc",capmonstercloudcluodclient-1.0.0;,,,503,30,2921,1423,1275,249,276,2,25,37,9,13,4,9,lseek -> lseek -> lseek,ioctl -> ioctl -> ioctl,newfstatat -> newfstatat -> newfstatat -> no-error -> no-fd,read -> read -> read -> no-error -> no-fd,newfstatat -> openat -> fstat -> no-error -> no-fd,lseek -> lseek -> lseek -> no-error -> no-fd,ioctl -> ioctl -> ioctl -> no-error -> no-fd,1
capmonsterclouddclient-1.0.0.tar.gz,"ioctl, poll",,uname,,,getpid,"opensnoop-bpfcc, filetop-bpfcc, tcpstates-bpfcc, pgrep, systemd-logind","opensnoop-bpfcc, strace, StreamT~ns, StreamTrans, Indexed~IO","opensnoop-bpfcc, filetop-bpfcc, pip, tcpstates-bpfcc, gnome-system-mo","StreamT~ns, strace, pip, opensnoop-bpfcc, StreamTrans","gnome-system-mo, pip, pgrep, StreamT~ns, opensnoop-bpfcc",capmonsterclouddclient-1.0.0;,,,505,159,2710,1838,1308,318,815,1,8,62,2,15,4,11,ioctl -> ioctl -> ioctl,lseek -> lseek -> lseek,newfstatat -> newfstatat -> newfstatat -> no-error -> no-fd,read -> read -> read -> no-error -> no-fd,newfstatat -> openat -> fstat -> no-error -> no-fd,lseek -> lseek -> lseek -> no-error -> no-fd,openat -> fstat -> ioctl -> no-error -> no-fd,0
capmonsterclouudclient-1.0.0.tar.gz,"ioctl, poll",pipe2,"getrandom, uname",,geteuid,"vfork, wait4, getpid","opensnoop-bpfcc, filetop-bpfcc, tcpstates-bpfcc, pgrep, systemd-logind","opensnoop-bpfcc, strace, StreamT~ns, StreamTrans, Indexed~IO","opensnoop-bpfcc, filetop-bpfcc, pip, tcpstates-bpfcc, pgrep","StreamT~ns, strace, pip, opensnoop-bpfcc, StreamTrans","pgrep, gnome-system-mo, pip, StreamT~ns, opensnoop-bpfcc",capmonsterclouudclient-1.0.0;,,,0,100,712,1210,787,563,3848,2,102,202,36,0,0,0,lseek -> clock_gettime -> lseek,clock_gettime -> clock_gettime -> clock_gettime,read -> clock_gettime -> poll -> no-error -> no-fd,clock_gettime -> clock_gettime -> clock_gettime -> no-error -> no-fd,poll -> read -> read -> no-error -> no-fd,read -> read -> clock_gettime -> error=EAGAIN -> no-fd,clock_gettime -> poll -> read -> no-error -> fd=4,0
capmonstercouldclient-1.0.0.tar.gz,"poll, ioctl",,uname,,,getpid,"opensnoop-bpfcc, filetop-bpfcc, tcpstates-bpfcc, pgrep, systemd-logind","opensnoop-bpfcc, strace, StreamT~ns, StreamTrans, Indexed~IO","opensnoop-bpfcc, filetop-bpfcc, pip, tcpstates-bpfcc, gnome-system-mo","StreamT~ns, strace, pip, opensnoop-bpfcc, StreamTrans","pgrep, gnome-system-mo, pip, StreamT~ns, opensnoop-bpfcc",capmonstercouldclient-1.0.0;,,,501,15,2363,1125,1177,219,240,2,23,94,14,1,1,0,newfstatat -> openat -> fstat,close -> newfstatat -> newfstatat,newfstatat -> newfstatat -> newfstatat -> no-error -> no-fd,newfstatat -> newfstatat -> openat -> no-error -> no-fd,read -> read -> read -> no-error -> no-fd,newfstatat -> openat -> fstat -> no-error -> no-fd,close -> newfstatat -> newfstatat -> no-error -> no-fd,0
capmonsterrcloudclient-1.0.0.tar.gz,"ioctl, poll",,uname,,,getpid,"opensnoop-bpfcc, tcpstates-bpfcc, filetop-bpfcc, pgrep, systemd-logind","opensnoop-bpfcc, strace, StreamT~ns, StreamTrans, Indexed~IO","opensnoop-bpfcc, filetop-bpfcc, pip, tcpstates-bpfcc, gnome-system-mo","StreamT~ns, strace, pip, opensnoop-bpfcc, StreamTrans","gnome-system-mo, pgrep, pip, StreamT~ns, opensnoop-bpfcc",capmonsterrcloudclient-1.0.0;,,,0,17,1246,655,915,410,810,3,36,196,16,0,0,0,newfstatat -> openat -> fstat,read -> poll -> read,newfstatat -> newfstatat -> newfstatat -> no-error -> no-fd,read -> read -> read -> no-error -> no-fd,lseek -> lseek -> lseek -> no-error -> no-fd,read -> read -> poll -> no-error -> no-fd,fstat -> ioctl -> lseek -> no-error -> no-fd,1
capmostercloudclient-1.0.0.tar.gz,"poll, ioctl",,uname,,,getpid,"opensnoop-bpfcc, tcpstates-bpfcc, filetop-bpfcc, pgrep, systemd-logind","strace, opensnoop-bpfcc, StreamT~ns, Indexed~IO, StreamTrans","opensnoop-bpfcc, filetop-bpfcc, pip, gnome-system-mo, tcpstates-bpfcc","StreamT~ns, strace, pip, sqldb:c~lite, Indexed~IO","gnome-system-mo, pip, pgrep, StreamT~ns, opensnoop-bpfcc",capmostercloudclient-1.0.0;,,,0,25,2420,214,1272,132,231,2,10,139,3,11,3,8,openat -> fstat -> ioctl,fstat -> ioctl -> lseek,newfstatat -> newfstatat -> newfstatat -> no-error -> no-fd,lseek -> lseek -> lseek -> no-error -> no-fd,newfstatat -> openat -> fstat -> no-error -> no-fd,newfstatat -> newfstatat -> openat -> no-error -> no-fd,ioctl -> lseek -> lseek -> no-error -> no-fd,1
cffy-1.15.1.tar.gz,"ioctl, poll",pipe2,"getrandom, uname",,geteuid,"vfork, wait4, getpid","opensnoop-bpfcc, filetop-bpfcc, tcpstates-bpfcc, pgrep, systemd-logind","strace, StreamT~ns, opensnoop-bpfcc, StreamTrans, cc1","opensnoop-bpfcc, filetop-bpfcc, pip, gnome-system-mo, tcpstates-bpfcc","StreamT~ns, strace, pip, StreamTrans, cc1","gnome-system-mo, pip, StreamT~ns, strace, pgrep",cffy-1.15.1; pycparser-2.22;,,pycparser;,6,374,4010,3061,1302,309,1492,1,5,15,2,6,2,4,fstat -> ioctl -> lseek,openat -> fstat -> ioctl,newfstatat -> newfstatat -> newfstatat -> no-error -> no-fd,lseek -> lseek -> lseek -> no-error -> no-fd,newfstatat -> openat -> fstat -> no-error -> no-fd,ioctl -> lseek -> lseek -> no-error -> no-fd,fstat -> ioctl -> lseek -> error=ENOENT -> no-fd,0
cloud_client-1.34.tar.gz,"ioctl, poll",,uname,,,"wait4, getpid","opensnoop-bpfcc, tcpstates-bpfcc, filetop-bpfcc, pgrep, systemd-logind","opensnoop-bpfcc, strace, StreamT~ns, Indexed~IO, pip","opensnoop-bpfcc, filetop-bpfcc, pip, pgrep, gnome-system-mo","StreamT~ns, strace, pip, opensnoop-bpfcc, sqldb:c~lite","pgrep, gnome-system-mo, pip, StreamT~ns, opensnoop-bpfcc",cloud-client-1.34;,,,28,60,525,1035,1280,281,914,3,72,108,24,0,0,0,openat -> fstat -> ioctl,ioctl -> lseek -> lseek,newfstatat -> newfstatat -> newfstatat -> no-error -> no-fd,fstat -> ioctl -> lseek -> no-error -> no-fd,openat -> fstat -> ioctl -> no-error -> no-fd,newfstatat -> openat -> fstat -> error=ENOENT -> no-fd,ioctl -> lseek -> lseek -> error=ENOTTY -> no-fd,1
coloramws-1.0.0.tar.gz,"ioctl, poll",pipe2,"getrandom, uname",,geteuid,"vfork, wait4, getpid","opensnoop-bpfcc, tcpstates-bpfcc, filetop-bpfcc, pgrep, systemd-logind","strace, opensnoop-bpfcc, StreamT~ns, Indexed~IO, Classif~ate","opensnoop-bpfcc, filetop-bpfcc, pip, gnome-system-mo, tcpstates-bpfcc","StreamT~ns, strace, Classif~ate, Indexed~IO, pip","gnome-system-mo, pip, StreamT~ns, pgrep, sqldb:c~lite",coloramws-1.0.0;,,,0,24,1251,588,788,394,1009,1,18,133,2,0,0,0,newfstatat -> openat -> fstat,close -> newfstatat -> newfstatat,newfstatat -> newfstatat -> newfstatat -> no-error -> no-fd,newfstatat -> newfstatat -> openat -> no-error -> no-fd,read -> read -> read -> no-error -> no-fd,newfstatat -> openat -> fstat -> no-error -> no-fd,close -> newfstatat -> newfstatat -> no-error -> no-fd,0
colorram-1.0.0.tar.gz,"ioctl, poll",pipe2,"getrandom, uname",,,"vfork, wait4, getpid","opensnoop-bpfcc, pgrep, filetop-bpfcc, systemd-logind, pip","opensnoop-bpfcc, strace, StreamT~ns, pip, filetop-bpfcc","filetop-bpfcc, opensnoop-bpfcc, pip, pgrep, gnome-system-mo","StreamT~ns, pip, opensnoop-bpfcc, strace, filetop-bpfcc","pgrep, pip, gnome-system-mo, opensnoop-bpfcc, filetop-bpfcc",colorram-1.0.0;,,,2,113,2368,1364,1316,540,4047,3,8,31,4,8,4,4,openat -> fstat -> ioctl,ioctl -> lseek -> lseek,newfstatat -> newfstatat -> newfstatat -> no-error -> no-fd,newfstatat -> openat -> fstat -> no-error -> no-fd,newfstatat -> newfstatat -> openat -> no-error -> no-fd,fstat -> ioctl -> lseek -> error=ENOENT -> no-fd,ioctl -> lseek -> lseek -> no-error -> no-fd,1
colorsama-0.4.5.tar.gz,"ioctl, poll",,uname,,,getpid,"opensnoop-bpfcc, pgrep, filetop-bpfcc, tcpstates-bpfcc, systemd-logind","opensnoop-bpfcc, strace, StreamT~ns, Indexed~IO, sqldb:c~lite","opensnoop-bpfcc, filetop-bpfcc, pip, pgrep, gnome-system-mo","StreamT~ns, strace, pip, opensnoop-bpfcc, sqldb:c~lite","pgrep, gnome-system-mo, pip, StreamT~ns, sqldb:c~lite",colorsama-0.4.5;,,,0,15,59,828,275,562,2805,2,216,541,51,0,0,4,lseek -> lseek -> lseek,fstat -> ioctl -> lseek,brk -> brk -> brk -> no-error -> no-fd,newfstatat -> newfstatat -> newfstatat -> no-error -> no-fd,fstat -> ioctl -> lseek -> no-error -> no-fd,newfstatat -> openat -> fstat -> no-error -> no-fd,ioctl -> lseek -> lseek -> no-error -> no-fd,0
crypto-os-4.5.2.tar.gz,ioctl,,"getrandom, uname",clock_gettime,,getpid,"opensnoop-bpfcc, tcpstates-bpfcc, filetop-bpfcc, pgrep, pip","strace, opensnoop-bpfcc, StreamTrans, sqldb:c~lite, pip","opensnoop-bpfcc, filetop-bpfcc, pip, tcpstates-bpfcc, gnome-system-mo","strace, StreamTrans, pip, opensnoop-bpfcc, sqldb:c~lite","pgrep, pip, gnome-system-mo, opensnoop-bpfcc, sqldb:c~lite",crypto-os-4.5.2;,,,0,14,8,257,1284,199,310,4,21,21,10,0,0,0,read -> read -> read,fstat -> ioctl -> lseek,newfstatat -> newfstatat -> newfstatat -> no-error -> no-fd,newfstatat -> newfstatat -> openat -> no-error -> no-fd,newfstatat -> openat -> fstat -> no-error -> no-fd,read -> read -> read -> no-error -> no-fd,openat -> fstat -> ioctl -> no-error -> no-fd,0
cryptographz-1.0.0.tar.gz,"poll, ioctl",pipe2,uname,,,"vfork, wait4, getpid","opensnoop-bpfcc, pgrep, pip, filetop-bpfcc, gnome-system-mo","strace, opensnoop-bpfcc, Socket, StreamTrans, pip","opensnoop-bpfcc, filetop-bpfcc, pip, gnome-system-mo, pgrep","Socket, StreamTrans, strace, pip, sqldb:c~lite","gnome-system-mo, pip, pgrep, gnome-terminal-, StreamTrans",certifi-2024.8.30; cffi-1.17.1; charset-normalizer-3.4.0; cryptography-40.0.2; cryptographz-1.0.0; idna-3.10; pycparser-2.22; requests-2.28.2; urllib3-1.26.20;,,"certifi>=2017.4.17; cffi>=1.12; charset-normalizer<4,>=2; cryptography==40.0.2; idna<4,>=2.5; pycparser; requests==2.28.2; urllib3<1.27,>=1.21.1;",0,89,19,322,1212,176,811,2,30,155,11,1,0,0,fstat -> ioctl -> lseek,openat -> fstat -> ioctl,newfstatat -> newfstatat -> newfstatat -> no-error -> no-fd,fstat -> ioctl -> lseek -> no-error -> no-fd,newfstatat -> openat -> fstat -> no-error -> no-fd,ioctl -> lseek -> lseek -> no-error -> no-fd,openat -> fstat -> ioctl -> error=ENOENT -> no-fd,0
cryptograpyh-0.1.tar.gz,"ioctl, poll",,uname,,,getpid,"opensnoop-bpfcc, filetop-bpfcc, tcpstates-bpfcc, nautilus, pgrep","strace, opensnoop-bpfcc, Socket, StreamTrans, pip","opensnoop-bpfcc, filetop-bpfcc, pip, nautilus, tcpstates-bpfcc","Socket, StreamTrans, strace, pip, opensnoop-bpfcc","pgrep, gnome-system-mo, pip, StreamTrans, opensnoop-bpfcc",cryptograpyh-0.1;,,,332,23,1547,765,1219,194,255,2,24,50,8,0,0,0,close -> newfstatat -> newfstatat,read -> read -> read,newfstatat -> newfstatat -> newfstatat -> no-error -> no-fd,newfstatat -> openat -> fstat -> no-error -> no-fd,newfstatat -> newfstatat -> openat -> no-error -> no-fd,close -> newfstatat -> newfstatat -> no-error -> no-fd,read -> read -> read -> no-error -> no-fd,1
cstmotkinter-1.0.0.tar.gz,"ioctl, poll",,uname,,,getpid,"pgrep, opensnoop-bpfcc, filetop-bpfcc, tcpstates-bpfcc, gnome-system-mo","opensnoop-bpfcc, strace, StreamTrans, sqldb:c~lite, pip","opensnoop-bpfcc, filetop-bpfcc, pgrep, gnome-system-mo, pip","StreamTrans, strace, Indexed~, sqldb:c~lite, opensnoop-bpfcc","pgrep, gnome-system-mo, StreamTrans, grep, pip",cstmotkinter-1.0.0;,,,499,14,1248,1229,134,418,1022,3,14,63,8,19,2,17,newfstatat -> newfstatat -> newfstatat,read -> read -> read,read -> read -> poll -> no-error -> no-fd,read -> poll -> read -> error=EAGAIN -> no-fd,poll -> read -> read -> no-error -> fd=4,newfstatat -> newfstatat -> newfstatat -> no-error -> no-fd,read -> read -> read -> no-error -> no-fd,1
cusgtomtkinter-1.0.0.tar.gz,"ioctl, poll",pipe2,"getrandom, uname",,,"vfork, wait4, getpid","opensnoop-bpfcc, tcpstates-bpfcc, filetop-bpfcc, pgrep, pip","opensnoop-bpfcc, strace, StreamTrans, sqldb:c~lite, pip","opensnoop-bpfcc, filetop-bpfcc, pip, tcpstates-bpfcc, gnome-system-mo","strace, StreamTrans, pip, opensnoop-bpfcc, sqldb:c~lite","pip, pgrep, gnome-system-mo, opensnoop-bpfcc, StreamTrans",cusgtomtkinter-1.0.0;,,,0,22,1253,810,1233,452,3093,2,20,18,8,0,0,0,newfstatat -> openat -> fstat,fstat -> ioctl -> lseek,newfstatat -> newfstatat -> newfstatat -> no-error -> no-fd,lseek -> lseek -> lseek -> no-error -> no-fd,read -> read -> read -> no-error -> no-fd,newfstatat -> openat -> fstat -> no-error -> no-fd,fstat -> ioctl -> lseek -> no-error -> no-fd,0
custojmtkinter-1.0.0.tar.gz,"ioctl, poll",pipe2,"getrandom, uname",,,"vfork, wait4, getpid","opensnoop-bpfcc, tcpstates-bpfcc, filetop-bpfcc, pgrep, pip","strace, opensnoop-bpfcc, StreamTrans, pip, sqldb:c~lite","opensnoop-bpfcc, filetop-bpfcc, pip, tcpstates-bpfcc, gnome-system-mo","strace, StreamTrans, pip, opensnoop-bpfcc, sqldb:c~lite","gnome-system-mo, pip, pgrep, opensnoop-bpfcc, StreamTrans",custojmtkinter-1.0.0;,,,501,49,2765,1740,1226,607,1688,2,11,33,5,0,0,0,close -> newfstatat -> openat,openat -> fstat -> getdents64,newfstatat -> newfstatat -> newfstatat -> no-error -> no-fd,read -> read -> read -> no-error -> no-fd,newfstatat -> openat -> fstat -> no-error -> no-fd,close -> newfstatat -> openat -> no-error -> no-fd,openat -> fstat -> getdents64 -> no-error -> no-fd,1
custoktkinter-1.0.0.tar.gz,"ioctl, poll",,uname,,,getpid,"opensnoop-bpfcc, tcpstates-bpfcc, filetop-bpfcc, pgrep, systemd-logind","strace, opensnoop-bpfcc, StreamTrans, sqldb:c~lite, pip","opensnoop-bpfcc, filetop-bpfcc, pip, tcpstates-bpfcc, gnome-system-mo","strace, StreamTrans, pip, opensnoop-bpfcc, sqldb:c~lite","gnome-system-mo, pip, pgrep, StreamTrans, opensnoop-bpfcc",custoktkinter-1.0.0;,,,0,21,780,561,606,379,503,3,9,97,5,0,0,0,openat -> fstat -> ioctl,newfstatat -> newfstatat -> openat,newfstatat -> newfstatat -> newfstatat -> no-error -> no-fd,newfstatat -> openat -> fstat -> no-error -> no-fd,newfstatat -> newfstatat -> openat -> no-error -> no-fd,fstat -> ioctl -> lseek -> error=ENOENT -> no-fd,ioctl -> lseek -> lseek -> no-error -> no-fd,1
customkinter-1.0.0.tar.gz,"ioctl, poll",pipe2,"getrandom, uname",,geteuid,"vfork, wait4, getpid","opensnoop-bpfcc, filetop-bpfcc, tcpstates-bpfcc, pgrep, pip","opensnoop-bpfcc, strace, StreamTrans, sqldb:c~lite, pip","opensnoop-bpfcc, filetop-bpfcc, pip, tcpstates-bpfcc, gnome-system-mo","StreamTrans, strace, pip, opensnoop-bpfcc, sqldb:c~lite","gnome-system-mo, pip, pgrep, StreamTrans, opensnoop-bpfcc",customkinter-1.0.0;,,,0,94,691,563,1204,136,239,2,10,169,3,0,0,0,openat -> fstat -> ioctl,fstat -> ioctl -> lseek,lseek -> lseek -> lseek -> no-error -> no-fd,newfstatat -> newfstatat -> newfstatat -> no-error -> no-fd,openat -> fstat -> ioctl -> no-error -> no-fd,fstat -> ioctl -> lseek -> no-error -> no-fd,ioctl -> lseek -> lseek -> error=ENOTTY -> no-fd,1
customtkibter-1.0.0.tar.gz,"ioctl, poll",,uname,,,getpid,"opensnoop-bpfcc, tcpstates-bpfcc, filetop-bpfcc, pgrep, systemd-logind","opensnoop-bpfcc, strace, StreamTrans, sqldb:c~lite, pip","opensnoop-bpfcc, filetop-bpfcc, pip, tcpstates-bpfcc, gnome-system-mo","StreamTrans, strace, pip, opensnoop-bpfcc, sqldb:c~lite","gnome-system-mo, pip, pgrep, StreamTrans, opensnoop-bpfcc",customtkibter-1.0.0;,,,505,36,2707,2001,988,636,1312,0,0,0,0,1,0,0,openat -> fstat -> ioctl,ioctl -> lseek -> lseek,newfstatat -> newfstatat -> newfstatat -> no-error -> no-fd,fstat -> ioctl -> lseek -> no-error -> no-fd,openat -> fstat -> ioctl -> no-error -> no-fd,newfstatat -> openat -> fstat -> error=ENOENT -> no-fd,ioctl -> lseek -> lseek -> error=ENOTTY -> no-fd,1
customtkinber-1.0.0.tar.gz,"ioctl, poll",pipe2,uname,,,"wait4, vfork, getpid","opensnoop-bpfcc, tcpstates-bpfcc, filetop-bpfcc, pgrep, systemd-logind","opensnoop-bpfcc, strace, StreamTrans, pip, sqldb:c~lite","opensnoop-bpfcc, filetop-bpfcc, pip, tcpstates-bpfcc, pgrep","strace, StreamTrans, pip, opensnoop-bpfcc, sqldb:c~lite","pip, pgrep, gnome-system-mo, opensnoop-bpfcc, strace",customtkinber-1.0.0;,,,501,38,2708,1810,1223,364,1284,2,29,67,13,0,0,0,read -> read -> poll,read -> poll -> read,newfstatat -> newfstatat -> newfstatat -> no-error -> no-fd,read -> read -> read -> no-error -> no-fd,newfstatat -> openat -> fstat -> no-error -> no-fd,read -> read -> poll -> no-error -> no-fd,read -> poll -> read -> error=EAGAIN -> no-fd,1
customtkintar-1.0.0.tar.gz,"ioctl, poll",pipe2,"getrandom, uname",,geteuid,"vfork, wait4, getpid","opensnoop-bpfcc, pgrep, filetop-bpfcc, pip, gnome-system-mo","opensnoop-bpfcc, strace, StreamTrans, filetop-bpfcc, gnome-system-mo","opensnoop-bpfcc, filetop-bpfcc, pgrep, pip, gnome-system-mo","StreamTrans, strace, opensnoop-bpfcc, filetop-bpfcc, gnome-system-mo","pgrep, gnome-system-mo, StreamTrans, pip, opensnoop-bpfcc",customtkintar-1.0.0;,,,2,105,801,723,843,104,638,3,21,165,3,1,0,0,newfstatat -> openat -> fstat,close -> newfstatat -> newfstatat,newfstatat -> newfstatat -> newfstatat -> no-error -> no-fd,read -> read -> read -> no-error -> no-fd,newfstatat -> newfstatat -> openat -> no-error -> no-fd,newfstatat -> openat -> fstat -> no-error -> no-fd,close -> newfstatat -> newfstatat -> no-error -> no-fd,0
customtkinted-1.0.0.tar.gz,"ioctl, poll",,uname,,,getpid,"opensnoop-bpfcc, filetop-bpfcc, pgrep, systemd-logind, pip","opensnoop-bpfcc, strace, StreamTrans, sqldb:c~lite, pip","opensnoop-bpfcc, filetop-bpfcc, pip, pgrep, gnome-system-mo","strace, StreamTrans, opensnoop-bpfcc, pip, sqldb:c~lite","pgrep, pip, StreamTrans, gnome-system-mo, opensnoop-bpfcc",customtkinted-1.0.0;,,,501,50,3331,2568,1240,1203,5497,2,115,284,35,0,0,0,newfstatat -> openat -> fstat,close -> newfstatat -> newfstatat,newfstatat -> newfstatat -> newfstatat -> no-error -> no-fd,newfstatat -> newfstatat -> openat -> no-error -> no-fd,read -> read -> read -> no-error -> no-fd,newfstatat -> openat -> fstat -> no-error -> no-fd,close -> newfstatat -> newfstatat -> no-error -> no-fd,0
customtkinteer-1.0.0.tar.gz,"ioctl, poll",pipe2,"getrandom, uname",,geteuid,"wait4, vfork, getpid","opensnoop-bpfcc, filetop-bpfcc, pgrep, tcpstates-bpfcc, pip","strace, opensnoop-bpfcc, StreamTrans, sqldb:c~lite, pip","opensnoop-bpfcc, filetop-bpfcc, pip, pgrep, tcpstates-bpfcc","StreamTrans, strace, pip, opensnoop-bpfcc, sqldb:c~lite","pgrep, pip, gnome-system-mo, StreamTrans, opensnoop-bpfcc",customtkinteer-1.0.0;,,,0,52,756,617,378,370,946,4,248,432,54,0,0,0,newfstatat -> openat -> fstat,close -> newfstatat -> newfstatat,newfstatat -> newfstatat -> newfstatat -> no-error -> no-fd,read -> read -> read -> no-error -> no-fd,newfstatat -> newfstatat -> openat -> no-error -> no-fd,newfstatat -> openat -> fstat -> no-error -> no-fd,close -> newfstatat -> newfstatat -> no-error -> no-fd,0
customtkintet-1.0.0.tar.gz,"ioctl, poll",pipe2,uname,,geteuid,"vfork, wait4, getpid","opensnoop-bpfcc, pgrep, filetop-bpfcc, tcpstates-bpfcc, systemd-logind","strace, opensnoop-bpfcc, StreamTrans, sqldb:c~lite, pip","opensnoop-bpfcc, filetop-bpfcc, pip, pgrep, gnome-system-mo","StreamTrans, strace, pip, opensnoop-bpfcc, sqldb:c~lite","pgrep, pip, gnome-system-mo, StreamTrans, opensnoop-bpfcc",customtkintet-1.0.0;,,,4,94,686,873,723,184,817,2,61,281,21,38,0,37,clock_gettime -> lseek -> clock_gettime,read -> clock_gettime -> poll,lseek -> clock_gettime -> lseek -> no-error -> no-fd,clock_gettime -> clock_gettime -> clock_gettime -> no-error -> no-fd,read -> clock_gettime -> poll -> no-error -> no-fd,clock_gettime -> poll -> read -> error=EAGAIN -> no-fd,poll -> read -> read -> no-error -> no-fd,0
customtkinyer-1.0.0.tar.gz,"ioctl, poll",pipe2,uname,,,"wait4, vfork, getpid","opensnoop-bpfcc, pgrep, tcpstates-bpfcc, filetop-bpfcc, systemd-logind","opensnoop-bpfcc, strace, StreamTrans, sqldb:c~lite, pip","opensnoop-bpfcc, filetop-bpfcc, pgrep, pip, gnome-system-mo","StreamTrans, strace, pip, opensnoop-bpfcc, sqldb:c~lite","pgrep, gnome-system-mo, pip, StreamTrans, grep",customtkinyer-1.0.0;,,,5,41,387,735,1211,225,733,2,28,38,13,0,0,0,lseek -> lseek -> lseek,ioctl -> ioctl -> ioctl,newfstatat -> newfstatat -> newfstatat -> no-error -> no-fd,read -> read -> read -> no-error -> no-fd,newfstatat -> openat -> fstat -> no-error -> no-fd,lseek -> lseek -> lseek -> no-error -> no-fd,close -> newfstatat -> openat -> no-error -> no-fd,0
customtkznter-1.0.0.tar.gz,"ioctl, poll",,uname,,,getpid,"opensnoop-bpfcc, filetop-bpfcc, tcpstates-bpfcc, pgrep, pip","opensnoop-bpfcc, strace, StreamTrans, Classif~date, sqldb:c~lite","opensnoop-bpfcc, filetop-bpfcc, pip, tcpstates-bpfcc, pgrep","StreamTrans, strace, pip, Classif~date, opensnoop-bpfcc","pgrep, pip, gnome-system-mo, StreamTrans, opensnoop-bpfcc",customtkznter-1.0.0;,,,0,53,1655,878,1162,436,2578,2,51,113,19,11,0,10,newfstatat -> newfstatat -> newfstatat,newfstatat -> openat -> fstat,read -> read -> poll -> no-error -> no-fd,newfstatat -> newfstatat -> newfstatat -> no-error -> no-fd,read -> poll -> read -> error=EAGAIN -> no-fd,newfstatat -> openat -> fstat -> no-error -> no-fd,poll -> read -> read -> no-error -> fd=4,0
custotinter-1.0.0.tar.gz,"ioctl, poll",pipe2,"getrandom, uname",,,"vfork, wait4, getpid","opensnoop-bpfcc, filetop-bpfcc, tcpstates-bpfcc, pgrep, pip","opensnoop-bpfcc, strace, StreamTrans, sqldb:c~lite, pip","opensnoop-bpfcc, filetop-bpfcc, pip, gnome-system-mo, tcpstates-bpfcc","StreamTrans, strace, pip, opensnoop-bpfcc, sqldb:c~lite","gnome-system-mo, pgrep, pip, StreamTrans, opensnoop-bpfcc",custotinter-1.0.0;,,,501,50,2710,1671,1233,599,1596,2,22,53,11,11,0,10,newfstatat -> openat -> fstat,newfstatat -> newfstatat -> openat,newfstatat -> newfstatat -> newfstatat -> no-error -> no-fd,read -> read -> read -> no-error -> no-fd,lseek -> lseek -> lseek -> no-error -> no-fd,newfstatat -> openat -> fstat -> no-error -> no-fd,fstat -> ioctl -> lseek -> no-error -> no-fd,0
custvomtkinter-1.0.0.tar.gz,"ioctl, poll",pipe2,"getrandom, uname",,geteuid,"vfork, wait4, getpid","opensnoop-bpfcc, tcpstates-bpfcc, filetop-bpfcc, pgrep, pip","opensnoop-bpfcc, strace, StreamTrans, Classif~date, pip","opensnoop-bpfcc, filetop-bpfcc, pip, tcpstates-bpfcc, pgrep","StreamTrans, strace, Classif~date, pip, opensnoop-bpfcc","pgrep, pip, gnome-system-mo, StreamTrans, opensnoop-bpfcc",custvomtkinter-1.0.0;,,,0,7,10,281,256,181,2636,3,31,225,3,0,0,0,read -> read -> read,fstat -> ioctl -> lseek,newfstatat -> newfstatat -> newfstatat -> no-error -> no-fd,newfstatat -> newfstatat -> openat -> no-error -> no-fd,newfstatat -> openat -> fstat -> no-error -> no-fd,read -> read -> read -> no-error -> no-fd,openat -> fstat -> ioctl -> no-error -> no-fd,0
cypress-1.0.0.tar.gz,"ioctl, poll",pipe2,"getrandom, uname",,,"vfork, wait4, getpid","opensnoop-bpfcc, filetop-bpfcc, tcpstates-bpfcc, nautilus, pgrep","opensnoop-bpfcc, strace, StreamTrans, StreamT~ns, sqldb:c~lite","opensnoop-bpfcc, filetop-bpfcc, pip, nautilus, gnome-system-mo","StreamTrans, strace, StreamT~ns, pip, opensnoop-bpfcc","gnome-system-mo, pgrep, pip, StreamTrans, sqldb:c~lite",cypress-1.0.0;,,,0,128,2005,1080,994,438,3550,2,15,38,8,8,2,6,read -> read -> clock_gettime,newfstatat -> newfstatat -> newfstatat,clock_gettime -> clock_gettime -> clock_gettime -> no-error -> no-fd,read -> read -> clock_gettime -> no-error -> no-fd,newfstatat -> newfstatat -> newfstatat -> no-error -> no-fd,newfstatat -> openat -> fstat -> no-error -> no-fd,clock_gettime -> lseek -> clock_gettime -> no-error -> no-fd,0
dasdhaiusd1212-1.0.117.tar.gz,"ioctl, poll",pipe2,"getrandom, uname",,,"vfork, wait4, getpid","opensnoop-bpfcc, nautilus, filetop-bpfcc, tcpstates-bpfcc, pgrep","opensnoop-bpfcc, strace, StreamTrans, StreamT~ns, Classif~date","opensnoop-bpfcc, filetop-bpfcc, pip, nautilus, pgrep","strace, StreamTrans, StreamT~ns, pip, Classif~date","gnome-system-mo, pgrep, pip, StreamTrans, sqldb:c~lite",certifi-2024.8.30; charset-normalizer-3.4.0; dasdhaiusd1212-1.0.117; idna-3.10; requests-2.32.3; urllib3-2.2.3;,,"certifi>=2017.4.17; charset-normalizer<4,>=2; idna<4,>=2.5; requests; urllib3<3,>=1.21.1;",501,139,3335,1904,1219,682,2741,2,52,104,23,0,0,0,openat -> fstat -> fcntl,fstat -> fcntl -> fstat,newfstatat -> newfstatat -> newfstatat -> no-error -> no-fd,read -> read -> read -> no-error -> no-fd,newfstatat -> openat -> fstat -> no-error -> no-fd,openat -> fstat -> fcntl -> no-error -> no-fd,fstat -> fcntl -> fstat -> no-error -> no-fd,1
data-platform-observability-validation-999.9.20.tar.gz,"ioctl, poll",,uname,,,getpid,"opensnoop-bpfcc, nautilus, pgrep, filetop-bpfcc, tcpstates-bpfcc","strace, opensnoop-bpfcc, StreamT~ns, StreamTrans, sqldb:c~lite","opensnoop-bpfcc, filetop-bpfcc, pip, nautilus, gnome-system-mo","StreamT~ns, StreamTrans, strace, pip, sqldb:c~lite","gnome-system-mo, pgrep, pip, StreamTrans, StreamT~ns",data-platform-observability-validation-999.9.20;,,,0,6,6708,96,486,55,1242,2,18,50,9,0,0,0,openat -> fstat -> ioctl,ioctl -> lseek -> lseek,newfstatat -> newfstatat -> newfstatat -> no-error -> no-fd,fstat -> ioctl -> lseek -> no-error -> no-fd,openat -> fstat -> ioctl -> no-error -> no-fd,newfstatat -> openat -> fstat -> error=ENOENT -> no-fd,ioctl -> lseek -> lseek -> error=ENOTTY -> no-fd,1
discord-addon-1.5.3.tar.gz,"ioctl, poll",pipe2,uname,,,"wait4, vfork, getpid","opensnoop-bpfcc, tcpstates-bpfcc, filetop-bpfcc, pgrep, gnome-system-mo","strace, opensnoop-bpfcc, StreamT~ns, python, sqldb:c~lite","opensnoop-bpfcc, filetop-bpfcc, pip, gnome-system-mo, tcpstates-bpfcc","StreamT~ns, strace, pip, sqldb:c~lite, opensnoop-bpfcc","gnome-system-mo, pip, StreamT~ns, pgrep, sqldb:c~lite",discord-addon-1.5.3;,,,0,43,377,274,1221,135,307,2,86,187,25,0,0,0,newfstatat -> openat -> fstat,fstat -> ioctl -> lseek,newfstatat -> newfstatat -> newfstatat -> no-error -> no-fd,read -> read -> read -> no-error -> no-fd,lseek -> lseek -> lseek -> no-error -> no-fd,newfstatat -> openat -> fstat -> no-error -> no-fd,ioctl -> lseek -> lseek -> no-error -> no-fd,0
discord-commands-0.0.1.tar.gz,"ioctl, poll",pipe2,"getrandom, uname",,,"vfork, wait4, getpid","opensnoop-bpfcc, tcpstates-bpfcc, filetop-bpfcc, pgrep, gnome-system-mo","strace, opensnoop-bpfcc, StreamT~ns, python, sqldb:c~lite","opensnoop-bpfcc, filetop-bpfcc, gnome-system-mo, pip, tcpstates-bpfcc","StreamT~ns, strace, pip, sqldb:c~lite, python","gnome-system-mo, pgrep, StreamT~ns, pip, nautilus",discord-commands-0.0.1;,,,501,21,2052,1325,607,468,370,2,12,33,5,5,1,4,openat -> fstat -> fcntl,fstat -> fcntl -> fstat,newfstatat -> newfstatat -> newfstatat -> no-error -> no-fd,read -> read -> read -> no-error -> no-fd,newfstatat -> openat -> fstat -> no-error -> no-fd,openat -> fstat -> fcntl -> no-error -> no-fd,fstat -> fcntl -> fstat -> no-error -> no-fd,1
discord-py-bot-0.0.1.tar.gz,"poll, ioctl",,uname,,,getpid,"opensnoop-bpfcc, filetop-bpfcc, tcpstates-bpfcc, pgrep, pip","strace, opensnoop-bpfcc, StreamT~ns, pip, sqldb:c~lite","opensnoop-bpfcc, filetop-bpfcc, pip, tcpstates-bpfcc, gnome-system-mo","strace, pip, StreamT~ns, opensnoop-bpfcc, sqldb:c~lite","pip, opensnoop-bpfcc, pgrep, strace, gnome-system-mo",discord-py-bot-0.0.1;,,,4,212,4507,1512,1170,602,4705,3,101,177,10,0,0,0,openat -> fstat -> ioctl,fstat -> ioctl -> lseek,newfstatat -> newfstatat -> newfstatat -> no-error -> no-fd,lseek -> lseek -> lseek -> no-error -> no-fd,newfstatat -> openat -> fstat -> no-error -> no-fd,newfstatat -> newfstatat -> openat -> no-error -> no-fd,ioctl -> lseek -> lseek -> no-error -> no-fd,1
discord-slash-0.0.1.tar.gz,"ioctl, poll",pipe2,"getrandom, uname",,geteuid,"wait4, vfork, getpid","opensnoop-bpfcc, tcpstates-bpfcc, filetop-bpfcc, pgrep, systemd-logind","strace, opensnoop-bpfcc, StreamT~ns, Classif~date, Indexed~IO","opensnoop-bpfcc, filetop-bpfcc, pip, pgrep, tcpstates-bpfcc","StreamT~ns, strace, pip, Classif~date, opensnoop-bpfcc","pgrep, gnome-system-mo, pip, StreamT~ns, opensnoop-bpfcc",discord-slash-0.0.1;,,,501,88,2399,1535,1209,224,249,2,20,91,8,0,0,0,clock_gettime -> clock_gettime -> newfstatat,clock_gettime -> newfstatat -> newfstatat,clock_gettime -> clock_gettime -> clock_gettime -> no-error -> no-fd,newfstatat -> newfstatat -> newfstatat -> no-error -> no-fd,read -> read -> read -> no-error -> no-fd,clock_gettime -> clock_gettime -> newfstatat -> no-error -> no-fd,clock_gettime -> newfstatat -> newfstatat -> no-error -> no-fd,1
discorder-2.8.tar.gz,"ioctl, poll",pipe2,uname,,,"wait4, vfork, getpid","pgrep, opensnoop-bpfcc, tcpstates-bpfcc, filetop-bpfcc, systemd-logind","strace, StreamT~ns, Indexed~IO, sqldb:c~lite, pip","opensnoop-bpfcc, filetop-bpfcc, pip, pgrep, gnome-system-mo","StreamT~ns, strace, pip, Indexed~IO, sqldb:c~lite","pgrep, gnome-system-mo, grep, pip, StreamT~ns",discorder-2.8;,,,0,3,93,132,124,19,420,2,32,107,13,0,0,0,ioctl -> ioctl -> ioctl,newfstatat -> newfstatat -> openat,newfstatat -> newfstatat -> newfstatat -> no-error -> no-fd,read -> read -> read -> no-error -> no-fd,newfstatat -> openat -> fstat -> no-error -> no-fd,fstat -> ioctl -> lseek -> no-error -> no-fd,openat -> fstat -> ioctl -> no-error -> no-fd,0
dividedinkedwarpdrive-99.0.tar.gz,ioctl,,,,,,"opensnoop-bpfcc, pgrep, filetop-bpfcc, tcpstates-bpfcc, systemd-logind","opensnoop-bpfcc, strace, StreamT~ns, Indexed~IO, sqldb:c~lite","opensnoop-bpfcc, filetop-bpfcc, pgrep, gnome-system-mo, pip","StreamT~ns, strace, pip, Indexed~IO, opensnoop-bpfcc","pgrep, gnome-system-mo, pip, StreamT~ns, opensnoop-bpfcc",dividedinkedwarpdrive-99.0;,,,5,91,999,887,1205,116,238,2,23,51,8,0,0,0,newfstatat -> openat -> fstat,newfstatat -> newfstatat -> newfstatat,lseek -> clock_gettime -> lseek -> no-error -> no-fd,clock_gettime -> clock_gettime -> clock_gettime -> no-error -> no-fd,clock_gettime -> lseek -> clock_gettime -> no-error -> no-fd,newfstatat -> newfstatat -> newfstatat -> no-error -> no-fd,fstat -> ioctl -> lseek -> no-error -> no-fd,1
django-web2-auth-4.5.2.tar.gz,"ioctl, poll",pipe2,"getrandom, uname",,geteuid,"vfork, wait4, getpid","opensnoop-bpfcc, gnome-system-mo, tcpstates-bpfcc, pgrep, filetop-bpfcc","StreamT~ns, strace, opensnoop-bpfcc, Indexed~IO, Classif~date","opensnoop-bpfcc, filetop-bpfcc, gnome-system-mo, pip, clear","StreamT~ns, Classif~date, sqldb:c~lite, strace, Indexed~IO","gnome-system-mo, StreamT~ns, clear, sqldb:c~lite, grep",django-web2-auth-4.5.2;,,,0,35,806,344,613,301,532,5,1914,1795,395,1,0,0,clock_gettime -> poll -> read,poll -> read -> read,clock_gettime -> clock_gettime -> clock_gettime -> no-error -> no-fd,read -> read -> clock_gettime -> no-error -> no-fd,clock_gettime -> poll -> read -> no-error -> no-fd,read -> clock_gettime -> poll -> error=EAGAIN -> no-fd,poll -> read -> read -> no-error -> fd=6,0
easygetflag-1.5.tar.gz,"ioctl, poll",pipe2,uname,,,"vfork, wait4, getpid","opensnoop-bpfcc, tcpstates-bpfcc, filetop-bpfcc, pgrep, pip","opensnoop-bpfcc, strace, StreamTrans, sqldb:c~lite, pip","opensnoop-bpfcc, filetop-bpfcc, pip, gnome-system-mo, tcpstates-bpfcc","StreamTrans, strace, pip, opensnoop-bpfcc, sqldb:c~lite","gnome-system-mo, pgrep, pip, StreamTrans, opensnoop-bpfcc",certifi-2024.8.30; charset-normalizer-3.4.0; easygetflag-1.5; idna-3.10; requests-2.32.3; urllib3-2.2.3;,,"certifi>=2017.4.17; charset-normalizer<4,>=2; idna<4,>=2.5; requests; urllib3<3,>=1.21.1;",501,100,2500,1278,1290,272,983,3,74,73,11,1,0,0,newfstatat -> openat -> fstat,fstat -> ioctl -> lseek,newfstatat -> newfstatat -> newfstatat -> no-error -> no-fd,read -> read -> read -> no-error -> no-fd,newfstatat -> newfstatat -> openat -> no-error -> no-fd,newfstatat -> openat -> fstat -> no-error -> no-fd,openat -> fstat -> ioctl -> no-error -> no-fd,0
eetherium-1.0.0.tar.gz,"ioctl, poll",pipe2,"getrandom, uname",,,"vfork, wait4, getpid","opensnoop-bpfcc, filetop-bpfcc, pgrep, tcpstates-bpfcc, systemd-logind","strace, opensnoop-bpfcc, StreamTrans, sqldb:c~lite, python","opensnoop-bpfcc, filetop-bpfcc, pip, python, pgrep","StreamTrans, strace, opensnoop-bpfcc, pip, python","pgrep, gnome-system-mo, pip, python, StreamTrans",eetherium-1.0.0;,,,4,28,1248,1359,1025,601,678,2,61,268,16,7,0,6,poll -> read -> read,newfstatat -> openat -> fstat,newfstatat -> newfstatat -> newfstatat -> no-error -> no-fd,read -> read -> read -> no-error -> no-fd,read -> poll -> read -> error=EAGAIN -> no-fd,newfstatat -> openat -> fstat -> no-error -> no-fd,read -> read -> poll -> no-error -> no-fd,0
ethereium-1.0.0.tar.gz,"ioctl, poll",,uname,,,"wait4, getpid","opensnoop-bpfcc, filetop-bpfcc, nautilus, tcpstates-bpfcc, pgrep","opensnoop-bpfcc, strace, StreamTrans, pip, sqldb:c~lite","opensnoop-bpfcc, filetop-bpfcc, pip, nautilus, pgrep","strace, StreamTrans, pip, opensnoop-bpfcc, sqldb:c~lite","pgrep, gnome-system-mo, pip, StreamTrans, opensnoop-bpfcc",ethereium-1.0.0;,,,501,134,3464,2359,1296,632,3042,4,39,625,16,0,0,0,fstat -> fcntl -> fstat,fcntl -> fstat -> fcntl,newfstatat -> newfstatat -> newfstatat -> no-error -> no-fd,newfstatat -> openat -> fstat -> no-error -> no-fd,openat -> fstat -> fcntl -> no-error -> no-fd,fstat -> fcntl -> fstat -> no-error -> no-fd,fcntl -> fstat -> fcntl -> no-error -> no-fd,1
etheriem-1.0.0.tar.gz,"ioctl, poll",pipe2,"getrandom, uname",,,"vfork, wait4, getpid","opensnoop-bpfcc, filetop-bpfcc, tcpstates-bpfcc, pgrep, pip","opensnoop-bpfcc, strace, StreamTrans, pip, sqldb:c~lite","opensnoop-bpfcc, filetop-bpfcc, pip, tcpstates-bpfcc, pgrep","strace, StreamTrans, pip, opensnoop-bpfcc, sqldb:c~lite","pgrep, pip, gnome-system-mo, opensnoop-bpfcc, strace",etheriem-1.0.0;,,,503,216,2949,2467,1315,306,4219,3,21,65,8,6,0,5,fstat -> ioctl -> lseek,openat -> fstat -> ioctl,newfstatat -> newfstatat -> newfstatat -> no-error -> no-fd,newfstatat -> newfstatat -> openat -> no-error -> no-fd,newfstatat -> openat -> fstat -> no-error -> no-fd,fstat -> ioctl -> lseek -> error=ENOENT -> no-fd,ioctl -> lseek -> lseek -> no-error -> no-fd,1
etherim-1.0.0.tar.gz,"ioctl, poll",pipe2,"getrandom, uname",,geteuid,"vfork, wait4, getpid","opensnoop-bpfcc, filetop-bpfcc, tcpstates-bpfcc, pgrep, pip","opensnoop-bpfcc, strace, StreamTrans, sqldb:c~lite, pip","opensnoop-bpfcc, filetop-bpfcc, pip, tcpstates-bpfcc, pgrep","strace, StreamTrans, pip, opensnoop-bpfcc, sqldb:c~lite","pgrep, pip, gnome-system-mo, opensnoop-bpfcc, StreamTrans",etherim-1.0.0;,,,501,44,2374,1443,1314,265,4647,2,229,414,62,22,8,14,fstat -> ioctl -> lseek,openat -> fstat -> ioctl,newfstatat -> newfstatat -> newfstatat -> no-error -> no-fd,newfstatat -> openat -> fstat -> no-error -> no-fd,fstat -> ioctl -> lseek -> no-error -> no-fd,openat -> fstat -> ioctl -> error=ENOENT -> no-fd,ioctl -> lseek -> lseek -> no-error -> no-fd,0
etherriuum-1.0.0.tar.gz,"ioctl, poll",pipe2,"getrandom, uname",,,"vfork, wait4, getpid","opensnoop-bpfcc, filetop-bpfcc, tcpstates-bpfcc, pgrep, pip","opensnoop-bpfcc, strace, StreamTrans, sqldb:c~lite, Cache2","opensnoop-bpfcc, filetop-bpfcc, pip, pgrep, tcpstates-bpfcc","strace, StreamTrans, pip, opensnoop-bpfcc, sqldb:c~lite","pgrep, gnome-system-mo, pip, StreamTrans, opensnoop-bpfcc",etherriuum-1.0.0;,,,505,91,3899,2320,1308,634,2059,2,15,22,6,1,0,0,clock_gettime -> clock_gettime -> newfstatat,clock_gettime -> newfstatat -> newfstatat,clock_gettime -> clock_gettime -> clock_gettime -> no-error -> no-fd,newfstatat -> newfstatat -> newfstatat -> no-error -> no-fd,read -> read -> read -> no-error -> no-fd,clock_gettime -> clock_gettime -> newfstatat -> no-error -> no-fd,clock_gettime -> newfstatat -> newfstatat -> no-error -> no-fd,0
etlisalat-1.0.tar.gz,"poll, ioctl",,uname,,,getpid,"opensnoop-bpfcc, filetop-bpfcc, tcpstates-bpfcc, pgrep, nautilus","strace, opensnoop-bpfcc, StreamTrans, cpio, pip","opensnoop-bpfcc, filetop-bpfcc, pip, gnome-system-mo, tcpstates-bpfcc","strace, StreamTrans, pip, opensnoop-bpfcc, sqldb:c~lite","gnome-system-mo, pgrep, pip, StreamTrans, strace",etlisalat-1.0;,,,505,100,3665,3055,1318,1029,3167,2,39,108,16,1,1,0,newfstatat -> openat -> fstat,close -> newfstatat -> newfstatat,newfstatat -> newfstatat -> newfstatat -> no-error -> no-fd,read -> read -> read -> no-error -> no-fd,newfstatat -> newfstatat -> openat -> no-error -> no-fd,newfstatat -> openat -> fstat -> no-error -> no-fd,close -> newfstatat -> newfstatat -> no-error -> no-fd,0
fakessh-0.7.5.tar.gz,"poll, ioctl",pipe2,uname,,,"vfork, wait4, getpid","opensnoop-bpfcc, filetop-bpfcc, tcpstates-bpfcc, pgrep, systemd-logind","strace, opensnoop-bpfcc, StreamTrans, cpio, pip","opensnoop-bpfcc, filetop-bpfcc, pip, gnome-system-mo, tcpstates-bpfcc","strace, StreamTrans, pip, opensnoop-bpfcc, unattended-upgr","gnome-system-mo, pip, pgrep, StreamTrans, strace",bcrypt-4.2.1; cffi-1.17.1; cryptography-44.0.0; fakessh-0.7.5; paramiko-3.5.0; pycparser-2.22; pynacl-1.5.0;,,bcrypt>=3.2; cffi>=1.12; cryptography>=3.3; paramiko; pycparser; pynacl>=1.5;,501,91,2702,1841,1279,728,1780,2,7,32,3,1,0,0,lseek -> lseek -> lseek,fstat -> ioctl -> lseek,read -> read -> read -> no-error -> no-fd,newfstatat -> newfstatat -> newfstatat -> no-error -> no-fd,newfstatat -> openat -> fstat -> no-error -> no-fd,lseek -> lseek -> lseek -> no-error -> no-fd,fstat -> ioctl -> lseek -> no-error -> no-fd,1
fatnoob-0.0.1.tar.gz,"ioctl, poll",pipe2,"getrandom, uname",,geteuid,"vfork, wait4, getpid","opensnoop-bpfcc, tcpstates-bpfcc, filetop-bpfcc, pgrep, systemd-logind","opensnoop-bpfcc, strace, StreamTrans, pip, sqldb:c~lite","opensnoop-bpfcc, filetop-bpfcc, pip, gnome-system-mo, tcpstates-bpfcc","pip, strace, StreamTrans, opensnoop-bpfcc, sqldb:c~lite","gnome-system-mo, pip, pgrep, StreamTrans, opensnoop-bpfcc",fatnoob-0.0.1;,,,0,41,366,463,527,362,807,2,18,36,7,1,0,0,clock_gettime -> clock_gettime -> newfstatat,clock_gettime -> newfstatat -> newfstatat,clock_gettime -> clock_gettime -> clock_gettime -> no-error -> no-fd,newfstatat -> newfstatat -> newfstatat -> no-error -> no-fd,read -> read -> read -> no-error -> no-fd,clock_gettime -> clock_gettime -> newfstatat -> no-error -> no-fd,clock_gettime -> newfstatat -> newfstatat -> no-error -> no-fd,0
felpesviadinho-0.4.5.tar.gz,"ioctl, poll",pipe2,"getrandom, uname",,geteuid,"vfork, wait4, getpid","opensnoop-bpfcc, tcpstates-bpfcc, filetop-bpfcc, pgrep, systemd-logind","opensnoop-bpfcc, strace, StreamT~ns, StreamTrans, Classif~date","opensnoop-bpfcc, filetop-bpfcc, pip, tcpstates-bpfcc, gnome-system-mo","strace, StreamT~ns, pip, StreamTrans, Classif~date","pgrep, gnome-system-mo, pip, opensnoop-bpfcc, sqldb:c~lite",felpesviadinho-0.4.5;,,,503,168,3696,2331,1291,572,2601,4,34,249,13,0,0,0,newfstatat -> newfstatat -> openat,close -> newfstatat -> openat,newfstatat -> newfstatat -> newfstatat -> no-error -> no-fd,read -> read -> read -> no-error -> no-fd,newfstatat -> openat -> fstat -> no-error -> no-fd,newfstatat -> newfstatat -> openat -> no-error -> no-fd,close -> newfstatat -> openat -> no-error -> no-fd,1
free-net-vpn-1.0.4.tar.gz,"ioctl, poll",pipe2,"getrandom, uname",,geteuid,"wait4, vfork, getpid","opensnoop-bpfcc, filetop-bpfcc, tcpstates-bpfcc, pgrep, systemd-logind","opensnoop-bpfcc, strace, StreamT~ns, StreamTrans, Indexed~IO","opensnoop-bpfcc, filetop-bpfcc, pip, pgrep, tcpstates-bpfcc","strace, StreamT~ns, opensnoop-bpfcc, pip, StreamTrans","pgrep, pip, gnome-system-mo, opensnoop-bpfcc, strace",free-net-vpn-1.0.4;,,,501,76,2924,1686,1029,553,2582,3,21,89,10,0,0,0,ioctl -> ioctl -> ioctl,newfstatat -> newfstatat -> openat,newfstatat -> newfstatat -> newfstatat -> no-error -> no-fd,read -> read -> read -> no-error -> no-fd,newfstatat -> openat -> fstat -> no-error -> no-fd,read -> read -> brk -> no-error -> no-fd,newfstatat -> newfstatat -> openat -> no-error -> no-fd,1
free-net-vpn2-1.0.0.tar.gz,"ioctl, poll",,uname,,,getpid,"opensnoop-bpfcc, tcpstates-bpfcc, filetop-bpfcc, pgrep, systemd-logind","opensnoop-bpfcc, strace, StreamT~ns, Indexed~IO, StreamTrans","opensnoop-bpfcc, filetop-bpfcc, pip, tcpstates-bpfcc, pgrep","strace, StreamT~ns, opensnoop-bpfcc, sqldb:c~lite, pip","pgrep, pip, gnome-system-mo, opensnoop-bpfcc, strace",free-net-vpn2-1.0.0;,,,4,148,856,1865,1309,844,4301,0,0,0,0,5,2,3,close -> newfstatat -> newfstatat,openat -> fstat -> ioctl,newfstatat -> newfstatat -> newfstatat -> no-error -> no-fd,newfstatat -> openat -> fstat -> no-error -> no-fd,newfstatat -> newfstatat -> openat -> no-error -> no-fd,close -> newfstatat -> newfstatat -> no-error -> no-fd,fstat -> ioctl -> lseek -> no-error -> no-fd,1
gequests-2.28.1.tar.gz,"poll, ioctl",pipe2,uname,,,"vfork, wait4, getpid","opensnoop-bpfcc, filetop-bpfcc, nautilus, pgrep, tcpstates-bpfcc","strace, opensnoop-bpfcc, StreamTrans, sqldb:c~lite, pip","opensnoop-bpfcc, filetop-bpfcc, pip, nautilus, pgrep","StreamTrans, strace, pip, opensnoop-bpfcc, sqldb:c~lite","pgrep, pip, gnome-system-mo, StreamTrans, opensnoop-bpfcc",certifi-2024.8.30; charset_normalizer-3.4.0; gequests-2.28.1; idna-3.10; urllib3-1.26.20;,,"certifi>=2017.4.17; charset_normalizer<4,>=2; idna<4,>=2.5; urllib3<1.27,>=1.21.1;",4,176,14849,937,1297,193,2710,3,11,102,6,1,0,0,read -> read -> poll,read -> poll -> read,newfstatat -> newfstatat -> newfstatat -> no-error -> no-fd,read -> read -> read -> no-error -> no-fd,newfstatat -> openat -> fstat -> no-error -> no-fd,read -> read -> poll -> no-error -> no-fd,read -> poll -> read -> error=EAGAIN -> no-fd,1
haxorsiambot-2.3.5.tar.gz,"ioctl, poll",pipe2,"getrandom, uname",,geteuid,"wait4, vfork, getpid","opensnoop-bpfcc, tcpstates-bpfcc, filetop-bpfcc, pgrep, pip","opensnoop-bpfcc, strace, StreamT~ns, Indexed~IO, StreamTrans","opensnoop-bpfcc, filetop-bpfcc, pip, tcpstates-bpfcc, pgrep","StreamT~ns, strace, pip, StreamTrans, opensnoop-bpfcc","pip, pgrep, gnome-system-mo, opensnoop-bpfcc, StreamT~ns",haxorsiambot-2.3.5;,,,503,106,2439,1968,1291,390,1074,2,45,238,16,0,0,0,newfstatat -> openat -> fstat,close -> newfstatat -> newfstatat,newfstatat -> newfstatat -> newfstatat -> no-error -> no-fd,read -> read -> read -> no-error -> no-fd,newfstatat -> newfstatat -> openat -> no-error -> no-fd,newfstatat -> openat -> fstat -> no-error -> no-fd,close -> newfstatat -> newfstatat -> no-error -> no-fd,0
helmerter-1.0.0.tar.gz,"ioctl, poll",pipe2,"getrandom, uname",,geteuid,"vfork, wait4, getpid","opensnoop-bpfcc, filetop-bpfcc, tcpstates-bpfcc, pgrep, pip","strace, opensnoop-bpfcc, StreamT~ns, StreamTrans, Indexed~IO","opensnoop-bpfcc, filetop-bpfcc, pip, gnome-system-mo, tcpstates-bpfcc","StreamT~ns, strace, pip, StreamTrans, Indexed~IO","gnome-system-mo, pip, pgrep, StreamT~ns, opensnoop-bpfcc",helmerter-1.0.0;,,,503,119,3768,2116,1034,541,2362,2,45,69,18,0,0,0,openat -> fstat -> ioctl,fstat -> ioctl -> lseek,newfstatat -> newfstatat -> newfstatat -> no-error -> no-fd,lseek -> lseek -> lseek -> no-error -> no-fd,newfstatat -> openat -> fstat -> no-error -> no-fd,ioctl -> lseek -> lseek -> no-error -> no-fd,newfstatat -> newfstatat -> openat -> no-error -> no-fd,1
hkg-sol-utils-0.4.0.tar.gz,"poll, ioctl",,uname,,,getpid,"opensnoop-bpfcc, tcpstates-bpfcc, filetop-bpfcc, pgrep, pip","opensnoop-bpfcc, strace, StreamT~ns, Indexed~IO, StreamTrans","opensnoop-bpfcc, filetop-bpfcc, pip, tcpstates-bpfcc, pgrep","strace, StreamT~ns, pip, Indexed~IO, opensnoop-bpfcc","pip, pgrep, gnome-system-mo, opensnoop-bpfcc, strace",hkg-sol-utils-0.4.0;,,,511,96,3678,2235,1273,310,268,2,36,84,15,0,0,0,fstat -> ioctl -> lseek,openat -> fstat -> ioctl,lseek -> lseek -> lseek -> no-error -> no-fd,newfstatat -> newfstatat -> newfstatat -> no-error -> no-fd,fstat -> ioctl -> lseek -> no-error -> no-fd,openat -> fstat -> ioctl -> no-error -> no-fd,ioctl -> lseek -> lseek -> error=ENOTTY -> no-fd,1
httplat-1.0.tar.gz,"ioctl, poll",,uname,,,getpid,"opensnoop-bpfcc, tcpstates-bpfcc, filetop-bpfcc, gnome-system-mo, pgrep","strace, opensnoop-bpfcc, StreamT~ns, Indexed~IO, StreamTrans","opensnoop-bpfcc, filetop-bpfcc, gnome-system-mo, pip, tcpstates-bpfcc","StreamT~ns, strace, StreamTrans, Indexed~IO, sqldb:c~lite","gnome-system-mo, StreamT~ns, pip, clear, sqldb:c~lite",httplat-1.0;,,,501,24,1465,1202,1276,224,275,2,35,152,13,0,0,0,newfstatat -> newfstatat -> openat,lseek -> lseek -> lseek,newfstatat -> newfstatat -> newfstatat -> no-error -> no-fd,read -> read -> read -> no-error -> no-fd,newfstatat -> openat -> fstat -> no-error -> no-fd,newfstatat -> newfstatat -> openat -> no-error -> no-fd,lseek -> lseek -> lseek -> no-error -> no-fd,0
insanepackage21724342386744243242983-1.0.0.tar.gz,ioctl,,"getrandom, uname",,,getpid,"tracker-miner-f, pool-tracker-mi, opensnoop-bpfcc, filetop-bpfcc, tcpstates-bpfcc","opensnoop-bpfcc, pool-tracker-mi, StreamT~ns, StreamTrans, sqldb:c~lite","opensnoop-bpfcc, filetop-bpfcc, tracker-miner-f, pool-tracker-mi, pip","pool-tracker-mi, StreamT~ns, StreamTrans, opensnoop-bpfcc, pip","pool-tracker-mi, pgrep, pip, opensnoop-bpfcc, sqldb:c~lite",insanepackage21724342386744243242983-1.0.0;,,,0,109,1436,1127,36,221,3219,2,28,49,11,0,0,0,newfstatat -> openat -> fstat,close -> newfstatat -> newfstatat,newfstatat -> newfstatat -> newfstatat -> no-error -> no-fd,newfstatat -> newfstatat -> openat -> no-error -> no-fd,read -> read -> read -> no-error -> no-fd,newfstatat -> openat -> fstat -> no-error -> no-fd,close -> newfstatat -> newfstatat -> no-error -> no-fd,0
ipyhton-0.1.tar.gz,"ioctl, poll",,uname,,,"wait4, getpid","pool-tracker-mi, tracker-miner-f, opensnoop-bpfcc, pgrep, tcpstates-bpfcc","opensnoop-bpfcc, pool-tracker-mi, StreamT~ns, strace, StreamTrans","opensnoop-bpfcc, filetop-bpfcc, pool-tracker-mi, tracker-miner-f, pip","pool-tracker-mi, StreamT~ns, opensnoop-bpfcc, pip, StreamTrans","pool-tracker-mi, pgrep, pip, single, tracker-miner-f",ipyhton-0.1;,,,0,87,1301,1354,84,292,9250,2,24,94,8,2,2,0,poll -> ioctl -> recvfrom,lseek -> read -> read,newfstatat -> openat -> fstat -> no-error -> no-fd,openat -> fstat -> lseek -> no-error -> no-fd,fstat -> lseek -> read -> no-error -> no-fd,poll -> ioctl -> recvfrom -> no-error -> fd=3,lseek -> read -> read -> no-error -> no-fd,1
johnhammondfanpackage124-1.0.0.tar.gz,ioctl,,,,,,"pool-tracker-mi, tracker-miner-f, opensnoop-bpfcc, pgrep, tcpstates-bpfcc","opensnoop-bpfcc, pool-tracker-mi, StreamTrans, sqldb:c~lite, pip","opensnoop-bpfcc, filetop-bpfcc, pool-tracker-mi, tracker-miner-f, pgrep","pool-tracker-mi, StreamTrans, opensnoop-bpfcc, sqldb:c~lite, pip","pool-tracker-mi, pgrep, single, opensnoop-bpfcc, pip",johnhammondfanpackage124-1.0.0;,,,0,110,1390,1083,85,166,3421,4,20,733,10,0,0,0,read -> poll -> read,read -> read -> poll,newfstatat -> newfstatat -> newfstatat -> no-error -> no-fd,read -> read -> read -> no-error -> no-fd,newfstatat -> openat -> fstat -> no-error -> no-fd,read -> poll -> read -> error=EAGAIN -> no-fd,read -> read -> poll -> no-error -> no-fd,1
johnhammondontop183-1.0.0.tar.gz,"poll, ioctl",,uname,,,,"pool-tracker-mi, tracker-miner-f, opensnoop-bpfcc, pgrep, tcpstates-bpfcc","opensnoop-bpfcc, pool-tracker-mi, StreamTrans, strace, sqldb:c~lite","opensnoop-bpfcc, pool-tracker-mi, filetop-bpfcc, tracker-miner-f, pgrep","pool-tracker-mi, StreamTrans, opensnoop-bpfcc, pip, sqldb:c~lite","pool-tracker-mi, pgrep, single, StreamTrans, pip",johnhammondontop183-1.0.0;,,,497,120,3702,2250,82,250,3696,1,4,16,1,17,5,12,fcntl -> getdents64 -> getdents64,getdents64 -> getdents64 -> lseek,fcntl -> fstat -> fcntl -> no-error -> no-fd,fstat -> fcntl -> fcntl -> no-error -> no-fd,fcntl -> fcntl -> getdents64 -> no-error -> no-fd,fcntl -> getdents64 -> getdents64 -> no-error -> no-fd,getdents64 -> getdents64 -> lseek -> no-error -> no-fd,1
jzyRLjROXlCa-0.3.2.tar.gz,"ioctl, poll",pipe2,"getrandom, uname",,geteuid,"vfork, wait4, getpid","tracker-miner-f, systemd-logind, opensnoop-bpfcc, sudo, pgrep","opensnoop-bpfcc, StreamT~ns, strace, StreamTrans, pip","opensnoop-bpfcc, tracker-miner-f, filetop-bpfcc, systemd-logind, pip","StreamT~ns, opensnoop-bpfcc, pip, StreamTrans, strace","gnome-system-mo, pip, pgrep, sudo, systemd-logind",jzyRLjROXlCa-0.3.2;,,,0,143,1176,4726,1054,462,6506,2,46,468,16,0,0,0,openat -> fstat -> ioctl,ioctl -> lseek -> lseek,newfstatat -> newfstatat -> newfstatat -> no-error -> no-fd,newfstatat -> openat -> fstat -> no-error -> no-fd,fstat -> ioctl -> lseek -> no-error -> no-fd,openat -> fstat -> ioctl -> error=ENOENT -> no-fd,ioctl -> lseek -> lseek -> no-error -> no-fd,1
kfactionbypasser-0.0.1.tar.gz,"ioctl, poll",,uname,,,getpid,"tracker-miner-f, systemd-logind, opensnoop-bpfcc, sudo, pgrep","opensnoop-bpfcc, strace, StreamT~ns, StreamTrans, sudo","opensnoop-bpfcc, filetop-bpfcc, tracker-miner-f, systemd-logind, pip","opensnoop-bpfcc, strace, StreamT~ns, pip, StreamTrans","pgrep, sudo, pip, gnome-system-mo, systemd-logind",kfactionbypasser-0.0.1;,,,4,125,1162,5248,336,597,8707,2,89,210,29,11,2,9,clock_gettime -> clock_gettime -> newfstatat,clock_gettime -> newfstatat -> newfstatat,clock_gettime -> clock_gettime -> clock_gettime -> no-error -> no-fd,newfstatat -> newfstatat -> newfstatat -> no-error -> no-fd,read -> read -> read -> no-error -> no-fd,clock_gettime -> clock_gettime -> newfstatat -> no-error -> no-fd,clock_gettime -> newfstatat -> newfstatat -> no-error -> no-fd,0
libproxy-1.1.4.tar.gz,ioctl,,"getrandom, uname",,,getpid,"pool-tracker-mi, tracker-miner-f, opensnoop-bpfcc, pgrep, tcpstates-bpfcc","opensnoop-bpfcc, pool-tracker-mi, strace, StreamT~ns, StreamTrans","opensnoop-bpfcc, filetop-bpfcc, pool-tracker-mi, tracker-miner-f, pgrep","pool-tracker-mi, StreamT~ns, StreamTrans, opensnoop-bpfcc, strace","pgrep, pool-tracker-mi, single, opensnoop-bpfcc, sqldb:c~lite",libproxy-1.1.4;,,,0,139,2571,1408,126,289,8895,1,8,19,1,0,0,0,read -> read -> poll,write -> write -> write,newfstatat -> newfstatat -> newfstatat -> no-error -> no-fd,write -> write -> write -> no-error -> no-fd,poll -> read -> read -> no-error -> no-fd,read -> read -> poll -> error=EAGAIN -> no-fd,read -> poll -> read -> no-error -> fd=6,0
lyft-core-999.3.9.tar.gz,"ioctl, poll",pipe2,"getrandom, uname",,geteuid,"vfork, wait4, getpid","opensnoop-bpfcc, pgrep, systemd-logind, filetop-bpfcc, pip","opensnoop-bpfcc, strace, pip, filetop-bpfcc, pgrep","opensnoop-bpfcc, filetop-bpfcc, pip, pgrep, systemd-logind","strace, opensnoop-bpfcc, pip, filetop-bpfcc, pgrep","pgrep, pip, opensnoop-bpfcc, systemd-logind, filetop-bpfcc",lyft-core-999.3.9;,,,7,258,2905,3344,154,881,13404,3,245,623,55,10,6,5,newfstatat -> newfstatat -> openat,openat -> fstat -> fcntl,newfstatat -> newfstatat -> newfstatat -> no-error -> no-fd,read -> read -> read -> no-error -> no-fd,newfstatat -> openat -> fstat -> no-error -> no-fd,newfstatat -> newfstatat -> openat -> no-error -> no-fd,openat -> fstat -> fcntl -> no-error -> no-fd,1
lyft-exceptions-5.9.1.tar.gz,ioctl,pipe2,"getrandom, uname",,"geteuid, fchmodat","wait4, clone, getpid","opensnoop-bpfcc, filetop-bpfcc, tcpstates-bpfcc, pgrep, pip","strace, opensnoop-bpfcc, pip, clear, cron","filetop-bpfcc, pip, opensnoop-bpfcc, pgrep, clear","pip, strace, opensnoop-bpfcc, clear, cron","clear, pip, pgrep, systemd-oomd, python",lyft-exceptions-5.9.1;,,,0,104,660,341,107,56,300,2,26,65,12,0,0,0,fstat -> ioctl -> lseek,openat -> fstat -> ioctl,newfstatat -> newfstatat -> newfstatat -> no-error -> no-fd,newfstatat -> newfstatat -> openat -> no-error -> no-fd,newfstatat -> openat -> fstat -> no-error -> no-fd,openat -> fstat -> ioctl -> no-error -> no-fd,fstat -> ioctl -> lseek -> error=ENOENT -> no-fd,1
mariabd-0.1.tar.gz,,,,,,,"opensnoop-bpfcc, pgrep, filetop-bpfcc, tcpstates-bpfcc, pip","opensnoop-bpfcc, StreamTrans, sqldb:c~lite, pip, dpkg-divert","opensnoop-bpfcc, filetop-bpfcc, pgrep, pip, tcpstates-bpfcc","opensnoop-bpfcc, StreamTrans, pip, sqldb:c~lite, dpkg-divert","pgrep, pip, opensnoop-bpfcc, grep, sqldb:c~lite",mariabd-0.1;,,,515,115,3853,2535,87,603,7158,2,16,194,5,0,0,0,openat -> fstat -> ioctl,newfstatat -> newfstatat -> openat,newfstatat -> newfstatat -> newfstatat -> no-error -> no-fd,newfstatat -> openat -> fstat -> no-error -> no-fd,openat -> fstat -> ioctl -> no-error -> no-fd,newfstatat -> newfstatat -> openat -> no-error -> no-fd,ioctl -> lseek -> lseek -> error=ENOENT -> no-fd,1
mastowrapper-1.0.1.tar.gz,"ioctl, poll",pipe2,"getrandom, uname",,geteuid,"vfork, wait4, getpid","opensnoop-bpfcc, filetop-bpfcc, tcpstates-bpfcc, pgrep, pip","opensnoop-bpfcc, strace, StreamTrans, http, Classif~date","opensnoop-bpfcc, filetop-bpfcc, pip, pgrep, tcpstates-bpfcc","strace, StreamTrans, opensnoop-bpfcc, http, unattended-upgr","pgrep, pip, gnome-system-mo, opensnoop-bpfcc, StreamTrans",MastoWrapper-1.0.1;,,,501,255,4060,3766,146,880,10488,2,22,67,10,0,0,0,clock_gettime -> clock_gettime -> newfstatat,clock_gettime -> newfstatat -> newfstatat,clock_gettime -> clock_gettime -> clock_gettime -> no-error -> no-fd,newfstatat -> newfstatat -> newfstatat -> no-error -> no-fd,read -> read -> read -> no-error -> no-fd,clock_gettime -> clock_gettime -> newfstatat -> no-error -> no-fd,clock_gettime -> newfstatat -> newfstatat -> no-error -> no-fd,0
matplatlib-plus-1.3.tar.gz,"ioctl, poll",pipe2,uname,,,"vfork, wait4, getpid","opensnoop-bpfcc, filetop-bpfcc, tcpstates-bpfcc, pgrep, pip","opensnoop-bpfcc, strace, StreamTrans, pip, sqldb:c~lite","opensnoop-bpfcc, filetop-bpfcc, pip, pgrep, tcpstates-bpfcc","strace, StreamTrans, opensnoop-bpfcc, pip, sqldb:c~lite","pgrep, pip, opensnoop-bpfcc, StreamTrans, strace",anyio-4.7.0; certifi-2024.8.30; h11-0.14.0; httpcore-1.0.7; httpx-0.28.1; httpx-socks-0.10.0; idna-3.10; matplatlib-plus-1.3; python-socks-2.5.3; sniffio-1.3.1; typing_extensions-4.12.2;,,"anyio; certifi; h11<0.15,>=0.13; httpcore==1.*; httpx; httpx-socks; idna; python-socks>=2.0.0; sniffio>=1.1; typing_extensions>=4.5;",0,169,700,835,85,141,2991,2,12,20,5,0,0,0,read -> poll -> read,poll -> read -> read,newfstatat -> newfstatat -> newfstatat -> no-error -> no-fd,newfstatat -> openat -> fstat -> no-error -> no-fd,read -> read -> read -> no-error -> no-fd,lseek -> lseek -> lseek -> no-error -> no-fd,openat -> fstat -> ioctl -> no-error -> no-fd,0
matplotlbib-1.0.0.tar.gz,"ioctl, poll",,uname,,,"wait4, getpid","opensnoop-bpfcc, pgrep, filetop-bpfcc, pip, gnome-system-mo","opensnoop-bpfcc, StreamTrans, dpkg, http, Classif~date","opensnoop-bpfcc, filetop-bpfcc, pip, unattended-upgr, pgrep","dpkg, unattended-upgr, http, StreamTrans, Classif~date","pgrep, gnome-system-mo, pip, opensnoop-bpfcc, StreamTrans",Matplotlbib-1.0.0;,,,0,110,1095,1200,1217,315,4088,2,6,18,2,0,0,0,read -> poll -> read,poll -> read -> read,newfstatat -> newfstatat -> newfstatat -> no-error -> no-fd,read -> read -> read -> no-error -> no-fd,read -> read -> poll -> no-error -> no-fd,read -> poll -> read -> error=EAGAIN -> no-fd,poll -> read -> read -> no-error -> fd=3,1
matplrtib-1.0.0.tar.gz,"ioctl, poll",,uname,,,"wait4, getpid","opensnoop-bpfcc, pgrep, tcpstates-bpfcc, filetop-bpfcc, pip","opensnoop-bpfcc, strace, StreamTrans, pip, sqldb:c~lite","opensnoop-bpfcc, filetop-bpfcc, pip, pgrep, tcpstates-bpfcc","strace, opensnoop-bpfcc, StreamTrans, pip, sqldb:c~lite","pgrep, pip, gnome-system-mo, opensnoop-bpfcc, sqldb:c~lite",Matplrtib-1.0.0;,,,0,109,1121,1096,510,188,4318,1,4,16,2,0,0,0,close -> newfstatat -> newfstatat,fstat -> ioctl -> lseek,newfstatat -> newfstatat -> newfstatat -> no-error -> no-fd,newfstatat -> newfstatat -> openat -> no-error -> no-fd,newfstatat -> openat -> fstat -> no-error -> no-fd,close -> newfstatat -> newfstatat -> no-error -> no-fd,fstat -> ioctl -> lseek -> no-error -> no-fd,1
multicolored-1.0.0.tar.gz,ioctl,,"getrandom, uname",,,"wait4, getpid","opensnoop-bpfcc, pgrep, tcpstates-bpfcc, filetop-bpfcc, systemd-logind","opensnoop-bpfcc, strace, StreamTrans, sqldb:c~lite, pip","opensnoop-bpfcc, filetop-bpfcc, pgrep, tcpstates-bpfcc, pip","opensnoop-bpfcc, StreamTrans, pip, strace, sqldb:c~lite","pgrep, gnome-system-mo, pip, opensnoop-bpfcc, sqldb:c~lite",multicolored-1.0.0;,,,515,124,3953,3263,1239,989,6202,2,21,93,7,1,0,0,openat -> fstat -> ioctl,ioctl -> lseek -> lseek,newfstatat -> newfstatat -> newfstatat -> no-error -> no-fd,fstat -> ioctl -> lseek -> no-error -> no-fd,openat -> fstat -> ioctl -> no-error -> no-fd,newfstatat -> openat -> fstat -> error=ENOENT -> no-fd,ioctl -> lseek -> lseek -> error=ENOTTY -> no-fd,1
mygens-1.0.tar.gz,"ioctl, poll",,uname,,,getpid,"opensnoop-bpfcc, pgrep, filetop-bpfcc, tcpstates-bpfcc, systemd-logind","opensnoop-bpfcc, StreamT~ns, strace, StreamTrans, Indexed~IO","opensnoop-bpfcc, filetop-bpfcc, pgrep, pip, gnome-system-mo","StreamT~ns, Classif~date, StreamTrans, opensnoop-bpfcc, Indexed~IO","pgrep, gnome-system-mo, pip, sqldb:c~lite, StreamT~ns",myGens-1.0;,,,0,86,1294,1914,1255,393,10366,7,842,915,69,5,1,4,lseek -> lseek -> lseek,fstat -> ioctl -> lseek,newfstatat -> newfstatat -> newfstatat -> no-error -> no-fd,newfstatat -> newfstatat -> openat -> no-error -> no-fd,newfstatat -> openat -> fstat -> no-error -> no-fd,brk -> brk -> brk -> no-error -> no-fd,lseek -> lseek -> lseek -> no-error -> no-fd,0
myshellcode4-0.1.0.tar.gz,ioctl,,uname,,,"wait4, getpid","opensnoop-bpfcc, filetop-bpfcc, pgrep, tcpstates-bpfcc, systemd-logind","opensnoop-bpfcc, StreamT~ns, strace, StreamTrans, pip","opensnoop-bpfcc, filetop-bpfcc, pip, gnome-system-mo, pgrep","StreamT~ns, opensnoop-bpfcc, pip, StreamTrans, sqldb:c~lite","gnome-system-mo, pgrep, pip, StreamT~ns, sqldb:c~lite",myshellcode4-0.1.0;,,,515,123,3800,3023,1216,1013,4141,3,13,48,6,0,0,0,openat -> fstat -> ioctl,newfstatat -> newfstatat -> openat,newfstatat -> newfstatat -> newfstatat -> no-error -> no-fd,newfstatat -> openat -> fstat -> no-error -> no-fd,newfstatat -> newfstatat -> openat -> no-error -> no-fd,fstat -> ioctl -> lseek -> error=ENOENT -> no-fd,ioctl -> lseek -> lseek -> no-error -> no-fd,1
oillow-1.0.0.tar.gz,"ioctl, poll",,uname,,,,"opensnoop-bpfcc, pgrep, nautilus, filetop-bpfcc, tcpstates-bpfcc","opensnoop-bpfcc, strace, StreamTrans, pip, Classif~date","opensnoop-bpfcc, filetop-bpfcc, pip, nautilus, pgrep","strace, pip, StreamTrans, opensnoop-bpfcc, Classif~date","pgrep, pip, clear, strace, opensnoop-bpfcc",oillow-1.0.0;,,,515,138,3800,2698,140,643,10424,10,1501,1698,86,11,4,7,newfstatat -> newfstatat -> newfstatat,lseek -> lseek -> lseek,poll -> read -> read -> no-error -> no-fd,read -> read -> poll -> error=EAGAIN -> no-fd,newfstatat -> newfstatat -> newfstatat -> no-error -> no-fd,read -> poll -> read -> no-error -> fd=4,lseek -> lseek -> lseek -> no-error -> no-fd,0
oopenwea-1.0.0.tar.gz,"ioctl, poll",pipe2,"getrandom, uname",,geteuid,"vfork, wait4, getpid","opensnoop-bpfcc, pgrep, systemd-logind, tcpstates-bpfcc, filetop-bpfcc","opensnoop-bpfcc, strace, StreamTrans, sqldb:c~lite, pip","opensnoop-bpfcc, filetop-bpfcc, pip, pgrep, systemd-logind","StreamTrans, strace, opensnoop-bpfcc, pip, sqldb:c~lite","pgrep, pip, clear, gnome-terminal-, opensnoop-bpfcc",oopenwea-1.0.0;,,,1015,159,5690,4502,130,973,11099,8,169,402,27,1,0,0,newfstatat -> openat -> fstat,close -> newfstatat -> newfstatat,newfstatat -> newfstatat -> newfstatat -> no-error -> no-fd,read -> read -> read -> no-error -> no-fd,newfstatat -> newfstatat -> openat -> no-error -> no-fd,newfstatat -> openat -> fstat -> no-error -> no-fd,close -> newfstatat -> newfstatat -> no-error -> no-fd,0
opemsea-1.0.0.tar.gz,"ioctl, poll",pipe2,uname,,,"wait4, vfork, getpid","opensnoop-bpfcc, pgrep, tcpstates-bpfcc, systemd-logind, filetop-bpfcc","opensnoop-bpfcc, strace, StreamTrans, sqldb:c~lite, pip","opensnoop-bpfcc, filetop-bpfcc, pip, pgrep, tcpstates-bpfcc","StreamTrans, strace, opensnoop-bpfcc, pip, sqldb:c~lite","pgrep, pip, clear, gnome-system-mo, gnome-terminal-",opemsea-1.0.0;,,,527,141,3795,3541,61,819,3480,2,125,357,42,6,2,4,newfstatat -> openat -> fstat,close -> newfstatat -> newfstatat,newfstatat -> newfstatat -> newfstatat -> no-error -> no-fd,read -> read -> read -> no-error -> no-fd,newfstatat -> newfstatat -> openat -> no-error -> no-fd,newfstatat -> openat -> fstat -> no-error -> no-fd,close -> newfstatat -> newfstatat -> no-error -> no-fd,0
openae-1.0.0.tar.gz,"ioctl, poll",pipe2,"getrandom, uname",,geteuid,"vfork, wait4, getpid","opensnoop-bpfcc, filetop-bpfcc, pgrep, systemd-logind, tcpstates-bpfcc","opensnoop-bpfcc, strace, StreamTrans, sqldb:c~lite, pip","opensnoop-bpfcc, filetop-bpfcc, pip, pgrep, gnome-system-mo","StreamTrans, opensnoop-bpfcc, strace, pip, sqldb:c~lite","pgrep, clear, pip, gnome-system-mo, gnome-terminal-",openae-1.0.0;,,,519,139,3797,2891,59,689,3769,2,46,194,17,0,0,12,newfstatat -> newfstatat -> openat,fstat -> ioctl -> lseek,newfstatat -> newfstatat -> newfstatat -> no-error -> no-fd,newfstatat -> openat -> fstat -> no-error -> no-fd,read -> read -> read -> no-error -> no-fd,newfstatat -> newfstatat -> openat -> no-error -> no-fd,fstat -> ioctl -> lseek -> no-error -> no-fd,0
openrea-1.0.0.tar.gz,"ioctl, poll",,uname,,,getpid,"opensnoop-bpfcc, pgrep, filetop-bpfcc, tcpstates-bpfcc, systemd-logind","opensnoop-bpfcc, strace, StreamTrans, sqldb:c~lite, pip","opensnoop-bpfcc, filetop-bpfcc, pgrep, pip, gnome-system-mo","StreamTrans, opensnoop-bpfcc, pip, sqldb:c~lite, strace","pgrep, gnome-system-mo, pip, opensnoop-bpfcc, sqldb:c~lite",openrea-1.0.0;,,,515,137,3800,2761,513,795,4436,4,84,184,26,1,0,0,ioctl -> ioctl -> ioctl,newfstatat -> newfstatat -> openat,newfstatat -> newfstatat -> newfstatat -> no-error -> no-fd,read -> read -> read -> no-error -> no-fd,newfstatat -> openat -> fstat -> no-error -> no-fd,newfstatat -> newfstatat -> openat -> no-error -> no-fd,openat -> fstat -> getdents64 -> no-error -> no-fd,0
opensee-1.0.0.tar.gz,ioctl,,uname,,,,"opensnoop-bpfcc, pgrep, systemd-logind, tcpstates-bpfcc, filetop-bpfcc","opensnoop-bpfcc, strace, StreamTrans, sqldb:c~lite, pip","opensnoop-bpfcc, filetop-bpfcc, pip, pgrep, gnome-system-mo","opensnoop-bpfcc, pip, StreamTrans, sqldb:c~lite, strace","pgrep, pip, gnome-system-mo, opensnoop-bpfcc, systemd-logind",opensee-1.0.0;,,,515,138,3795,2363,853,597,4045,3,9,32,5,0,0,0,ioctl -> ioctl -> ioctl,read -> poll -> read,newfstatat -> newfstatat -> newfstatat -> no-error -> no-fd,read -> read -> read -> no-error -> no-fd,newfstatat -> openat -> fstat -> no-error -> no-fd,read -> poll -> read -> no-error -> no-fd,read -> read -> poll -> no-error -> no-fd,1
openwea-1.0.0.tar.gz,ioctl,,,,,,"opensnoop-bpfcc, pgrep, filetop-bpfcc, tcpstates-bpfcc, systemd-logind","opensnoop-bpfcc, StreamTrans, StreamT~ns, sqldb:c~lite, pip","opensnoop-bpfcc, filetop-bpfcc, pgrep, pip, gnome-system-mo","opensnoop-bpfcc, StreamTrans, StreamT~ns, pip, sqldb:c~lite","pgrep, gnome-system-mo, pip, opensnoop-bpfcc, sqldb:c~lite",openwea-1.0.0;,,,515,138,3795,2809,1106,791,6286,2,38,266,14,6,2,4,newfstatat -> openat -> fstat,close -> newfstatat -> newfstatat,newfstatat -> newfstatat -> newfstatat -> no-error -> no-fd,read -> read -> read -> no-error -> no-fd,newfstatat -> newfstatat -> openat -> no-error -> no-fd,newfstatat -> openat -> fstat -> no-error -> no-fd,close -> newfstatat -> newfstatat -> no-error -> no-fd,1
pandarequests-0.1.0.tar.gz,"ioctl, poll",pipe2,uname,,,"vfork, wait4, getpid","opensnoop-bpfcc, pgrep, filetop-bpfcc, tcpstates-bpfcc, pip","opensnoop-bpfcc, strace, StreamTrans, pip, sqldb:c~lite","opensnoop-bpfcc, filetop-bpfcc, pip, pgrep, gnome-system-mo","StreamTrans, strace, opensnoop-bpfcc, pip, sqldb:c~lite","pgrep, gnome-system-mo, pip, StreamTrans, opensnoop-bpfcc",certifi-2024.8.30; charset-normalizer-3.4.0; idna-3.10; pandarequests-0.1.0; requests-2.32.3; urllib3-2.2.3;,,"certifi>=2017.4.17; charset-normalizer<4,>=2; idna<4,>=2.5; requests; urllib3<3,>=1.21.1;",0,205,1461,1408,1239,266,6559,0,0,0,0,5,1,4,newfstatat -> newfstatat -> openat,ioctl -> ioctl -> ioctl,newfstatat -> newfstatat -> newfstatat -> no-error -> no-fd,read -> read -> read -> no-error -> no-fd,newfstatat -> openat -> fstat -> no-error -> no-fd,fstat -> ioctl -> lseek -> no-error -> no-fd,openat -> fstat -> ioctl -> no-error -> no-fd,0
parser-scrapper-7.2.tar.gz,ioctl,pipe2,"getrandom, uname",,"geteuid, fchmodat","wait4, clone, getpid","pgrep, opensnoop-bpfcc, filetop-bpfcc, tcpstates-bpfcc, pip","strace, opensnoop-bpfcc, pip, python, clear","filetop-bpfcc, pip, pgrep, python, opensnoop-bpfcc","pip, strace, python, opensnoop-bpfcc, clear","pgrep, pip, systemd-oomd, python, clear",parser_scrapper-7.2;,,,0,80,748,326,106,37,252,2,50,189,23,0,0,0,newfstatat -> newfstatat -> newfstatat,read -> read -> read,read -> poll -> read -> error=EAGAIN -> no-fd,read -> read -> poll -> no-error -> no-fd,poll -> read -> read -> no-error -> fd=4,newfstatat -> newfstatat -> newfstatat -> no-error -> no-fd,read -> read -> read -> no-error -> no-fd,0
peloton-client123-0.8.10.tar.gz,"ioctl, poll",,"getrandom, uname",,,getpid,"opensnoop-bpfcc, filetop-bpfcc, tcpstates-bpfcc, pgrep, gnome-terminal-","opensnoop-bpfcc, strace, StreamTrans, sqldb:c~lite, Cache2","opensnoop-bpfcc, filetop-bpfcc, pip, pgrep, tcpstates-bpfcc","StreamTrans, opensnoop-bpfcc, sqldb:c~lite, strace, pip","clear, gnome-terminal-, pgrep, systemd-oomd, pip",peloton-client123-0.8.10;,,,557,227,4349,3206,116,811,8038,2,103,475,31,2,0,1,read -> read -> read,newfstatat -> newfstatat -> newfstatat,read -> read -> poll -> no-error -> no-fd,read -> poll -> read -> error=EAGAIN -> no-fd,poll -> read -> read -> no-error -> fd=6,newfstatat -> newfstatat -> newfstatat -> no-error -> no-fd,read -> read -> read -> no-error -> no-fd,0
pencv-python-4.4.7.tar.gz,ioctl,,"getrandom, uname",,,getpid,"opensnoop-bpfcc, pgrep, filetop-bpfcc, tcpstates-bpfcc, pip","opensnoop-bpfcc, strace, StreamTrans, sqldb:c~lite, pip","opensnoop-bpfcc, filetop-bpfcc, pip, pgrep, tcpstates-bpfcc","StreamTrans, opensnoop-bpfcc, pip, strace, sqldb:c~lite","pgrep, clear, pip, gnome-terminal-, opensnoop-bpfcc",pencv-python-4.4.7;,,,0,118,1369,1291,81,228,3351,2,52,53,19,0,0,0,read -> read -> read,lseek -> lseek -> lseek,read -> poll -> read -> no-error -> no-fd,poll -> read -> read -> error=EAGAIN -> no-fd,read -> read -> poll -> no-error -> fd=4,newfstatat -> newfstatat -> newfstatat -> no-error -> no-fd,read -> read -> read -> no-error -> no-fd,0
pillkw-1.0.0.tar.gz,"ioctl, poll",pipe2,"getrandom, uname",,geteuid,"vfork, wait4, getpid","opensnoop-bpfcc, pgrep, filetop-bpfcc, tcpstates-bpfcc, systemd-logind","opensnoop-bpfcc, strace, StreamTrans, sqldb:c~lite, pip","opensnoop-bpfcc, filetop-bpfcc, pip, pgrep, tcpstates-bpfcc","opensnoop-bpfcc, pip, strace, StreamTrans, sqldb:c~lite","pgrep, pip, opensnoop-bpfcc, sqldb:c~lite, systemd-logind",pillkw-1.0.0;,,,523,139,3796,3108,57,775,3489,2,56,136,24,0,1,0,read -> read -> clock_gettime,newfstatat -> newfstatat -> newfstatat,clock_gettime -> clock_gettime -> clock_gettime -> no-error -> no-fd,clock_gettime -> lseek -> clock_gettime -> no-error -> no-fd,lseek -> clock_gettime -> lseek -> no-error -> no-fd,newfstatat -> newfstatat -> newfstatat -> no-error -> no-fd,read -> clock_gettime -> poll -> no-error -> no-fd,0
pillo2-1.0.0.tar.gz,"ioctl, poll",pipe2,"getrandom, uname",,geteuid,"vfork, wait4, getpid","opensnoop-bpfcc, tcpstates-bpfcc, filetop-bpfcc, pgrep, pip","opensnoop-bpfcc, strace, StreamTrans, pip, sqldb:c~lite","opensnoop-bpfcc, filetop-bpfcc, pip, tcpstates-bpfcc, pgrep","StreamTrans, opensnoop-bpfcc, pip, strace, sqldb:c~lite","pgrep, pip, opensnoop-bpfcc, StreamTrans, filetop-bpfcc",pillo2-1.0.0;,,,515,138,3797,2442,63,577,3384,2,45,54,18,0,0,0,poll -> read -> read,newfstatat -> newfstatat -> newfstatat,poll -> read -> read -> no-error -> no-fd,newfstatat -> newfstatat -> newfstatat -> no-error -> no-fd,read -> read -> poll -> error=EAGAIN -> no-fd,read -> poll -> read -> no-error -> fd=4,newfstatat -> openat -> fstat -> no-error -> no-fd,0
pilpow-1.0.0.tar.gz,"ioctl, poll",,uname,,,getpid,"opensnoop-bpfcc, pgrep, filetop-bpfcc, tcpstates-bpfcc, pip","opensnoop-bpfcc, StreamTrans, strace, sqldb:c~lite, pip","opensnoop-bpfcc, filetop-bpfcc, pip, gnome-system-mo, pgrep","StreamTrans, opensnoop-bpfcc, pip, sqldb:c~lite, Indexed~","gnome-system-mo, pgrep, pip, gnome-terminal-, StreamTrans",pilpow-1.0.0;,,,515,138,3797,2762,1255,743,7842,2,33,181,11,0,0,0,,,,,,,,1
pipsqlite3liberyV2-1.1.0.tar.gz,"poll, ioctl",,uname,,geteuid,getpid,"systemd-logind, tracker-miner-f, opensnoop-bpfcc, sudo, filetop-bpfcc","opensnoop-bpfcc, strace, StreamT~ns, Classif~date, Indexed~IO","opensnoop-bpfcc, filetop-bpfcc, tracker-miner-f, systemd-logind, pip","StreamT~ns, opensnoop-bpfcc, Classif~date, pip, strace","gnome-system-mo, sudo, pip, systemd-logind, pgrep",pipsqlite3liberyV2-1.1.0;,,,519,148,3857,9524,699,4543,15412,1,7,46,2,0,0,0,newfstatat -> openat -> fstat,fstat -> ioctl -> lseek,newfstatat -> newfstatat -> newfstatat -> no-error -> no-fd,read -> read -> read -> no-error -> no-fd,newfstatat -> newfstatat -> openat -> no-error -> no-fd,newfstatat -> openat -> fstat -> no-error -> no-fd,close -> newfstatat -> newfstatat -> no-error -> no-fd,0
playwrigh-1.0.0.tar.gz,"ioctl, poll",,uname,,,getpid,"opensnoop-bpfcc, filetop-bpfcc, tcpstates-bpfcc, pgrep, systemd-logind","opensnoop-bpfcc, StreamTrans, strace, Classif~date, Indexed~IO","opensnoop-bpfcc, filetop-bpfcc, pip, pgrep, gnome-system-mo","StreamTrans, opensnoop-bpfcc, pip, rootkit, Classif~date","pgrep, gnome-system-mo, pip, sqldb:c~lite, StreamTrans",playwrigh-1.0.0;,,,515,138,3796,2878,1002,691,7801,2,53,135,18,1,0,0,clock_gettime -> newfstatat -> newfstatat,read -> read -> read,clock_gettime -> clock_gettime -> clock_gettime -> no-error -> no-fd,newfstatat -> newfstatat -> newfstatat -> no-error -> no-fd,clock_gettime -> clock_gettime -> newfstatat -> no-error -> no-fd,clock_gettime -> newfstatat -> newfstatat -> no-error -> no-fd,read -> read -> read -> no-error -> no-fd,0
psycogp2-4.4.2.tar.gz,"ioctl, poll",,uname,,,getpid,"opensnoop-bpfcc, pgrep, tcpstates-bpfcc, filetop-bpfcc, systemd-logind","opensnoop-bpfcc, strace, StreamT~ns, StreamTrans, Cache2","opensnoop-bpfcc, filetop-bpfcc, pip, pgrep, gnome-system-mo","strace, pip, opensnoop-bpfcc, StreamT~ns, StreamTrans","pgrep, pip, gnome-system-mo, strace, opensnoop-bpfcc",psycogp2-4.4.2;,,,0,119,1370,1472,1126,364,10349,8,1585,1749,88,0,0,0,fstat -> ioctl -> lseek,openat -> fstat -> ioctl,newfstatat -> newfstatat -> newfstatat -> no-error -> no-fd,newfstatat -> openat -> fstat -> no-error -> no-fd,newfstatat -> newfstatat -> openat -> no-error -> no-fd,ioctl -> lseek -> lseek -> no-error -> no-fd,lseek -> lseek -> lseek -> no-error -> no-fd,0
pttorch-1.0.0.tar.gz,ioctl,pipe2,"getrandom, uname",,"geteuid, fchmodat","wait4, clone, getpid","opensnoop-bpfcc, pgrep, filetop-bpfcc, tcpstates-bpfcc, pip","strace, opensnoop-bpfcc, pip, (fwupd), (fwupdmgr)","filetop-bpfcc, pip, pgrep, opensnoop-bpfcc, tcpstates-bpfcc","strace, pip, opensnoop-bpfcc, (fwupd), (fwupdmgr)","systemd-oomd, clear, pgrep, pip, python",PtTorch-1.0.0;,,,0,42,411,220,109,27,236,2,20,66,9,1,0,0,newfstatat -> openat -> fstat,newfstatat -> newfstatat -> newfstatat,lseek -> clock_gettime -> lseek -> no-error -> no-fd,clock_gettime -> lseek -> clock_gettime -> no-error -> no-fd,clock_gettime -> clock_gettime -> clock_gettime -> no-error -> no-fd,newfstatat -> newfstatat -> newfstatat -> no-error -> no-fd,fstat -> ioctl -> lseek -> no-error -> no-fd,1
py-cdord-1.0.0.tar.gz,"ioctl, poll",,uname,,,getpid,"opensnoop-bpfcc, tcpstates-bpfcc, filetop-bpfcc, pgrep, pip","opensnoop-bpfcc, strace, StreamTrans, Cache2, sqldb:c~lite","opensnoop-bpfcc, filetop-bpfcc, pip, gnome-system-mo, pgrep","StreamTrans, strace, opensnoop-bpfcc, rootkit, pip","gnome-system-mo, pgrep, pip, sqldb:c~lite, opensnoop-bpfcc",py-cdord-1.0.0;,,,515,138,3797,2705,1092,713,4701,4,110,292,34,0,0,0,ioctl -> ioctl -> ioctl,lseek -> lseek -> lseek,newfstatat -> newfstatat -> newfstatat -> no-error -> no-fd,read -> read -> read -> no-error -> no-fd,newfstatat -> openat -> fstat -> no-error -> no-fd,lseek -> lseek -> lseek -> no-error -> no-fd,ioctl -> ioctl -> ioctl -> no-error -> no-fd,0
py-cofd-1.0.0.tar.gz,"ioctl, poll",,uname,,geteuid,getpid,"opensnoop-bpfcc, pgrep, systemd-logind, filetop-bpfcc, pip","opensnoop-bpfcc, strace, StreamTrans, sqldb:c~lite, pip","opensnoop-bpfcc, filetop-bpfcc, pgrep, pip, gnome-system-mo","strace, opensnoop-bpfcc, StreamTrans, rootkit, sqldb:c~lite","pgrep, gnome-system-mo, pip, sqldb:c~lite, opensnoop-bpfcc",py-cofd-1.0.0;,,,519,139,3797,2988,675,733,6440,2,27,127,11,0,0,0,lseek -> lseek -> lseek,close -> newfstatat -> openat,newfstatat -> newfstatat -> newfstatat -> no-error -> no-fd,read -> read -> read -> no-error -> no-fd,newfstatat -> openat -> fstat -> no-error -> no-fd,lseek -> lseek -> lseek -> no-error -> no-fd,close -> newfstatat -> openat -> no-error -> no-fd,1
py-cojrd-1.0.0.tar.gz,"ioctl, poll",,uname,,geteuid,getpid,"opensnoop-bpfcc, filetop-bpfcc, pgrep, tcpstates-bpfcc, systemd-logind","opensnoop-bpfcc, strace, StreamTrans, Cache2, sqldb:c~lite","opensnoop-bpfcc, filetop-bpfcc, pgrep, pip, gnome-system-mo","StreamTrans, strace, opensnoop-bpfcc, pip, sqldb:c~lite","pgrep, gnome-system-mo, pip, opensnoop-bpfcc, sqldb:c~lite",py-cojrd-1.0.0;,,,515,150,3796,2657,726,705,6670,4,102,275,33,0,0,0,newfstatat -> newfstatat -> openat,ioctl -> ioctl -> ioctl,newfstatat -> newfstatat -> newfstatat -> no-error -> no-fd,read -> read -> read -> no-error -> no-fd,newfstatat -> openat -> fstat -> no-error -> no-fd,newfstatat -> newfstatat -> openat -> no-error -> no-fd,fstat -> ioctl -> lseek -> no-error -> no-fd,1
py-cordr-1.0.0.tar.gz,"ioctl, poll",,uname,,,getpid,"pgrep, opensnoop-bpfcc, filetop-bpfcc, pip, gnome-system-mo","opensnoop-bpfcc, strace, StreamTrans, pip, filetop-bpfcc","opensnoop-bpfcc, filetop-bpfcc, pip, pgrep, gnome-system-mo","strace, opensnoop-bpfcc, StreamTrans, pip, filetop-bpfcc","pgrep, pip, gnome-system-mo, opensnoop-bpfcc, StreamTrans",py-cordr-1.0.0;,,,1,216,3339,2823,850,768,11628,4,456,544,103,0,0,0,fstat -> ioctl -> lseek,newfstatat -> openat -> fstat,lseek -> lseek -> lseek -> no-error -> no-fd,newfstatat -> newfstatat -> newfstatat -> no-error -> no-fd,read -> read -> read -> no-error -> no-fd,newfstatat -> openat -> fstat -> no-error -> no-fd,fstat -> ioctl -> lseek -> no-error -> no-fd,0
py-corfd-1.0.0.tar.gz,"ioctl, poll",pipe2,"getrandom, uname",,geteuid,"vfork, wait4, getpid","opensnoop-bpfcc, tcpstates-bpfcc, pgrep, filetop-bpfcc, pip","opensnoop-bpfcc, strace, StreamTrans, Cache2, sqldb:c~lite","opensnoop-bpfcc, filetop-bpfcc, pip, pgrep, gnome-system-mo","StreamTrans, opensnoop-bpfcc, strace, rootkit, pip","pgrep, gnome-system-mo, pip, opensnoop-bpfcc, sqldb:c~lite",py-corfd-1.0.0;,,,1013,147,5189,3734,1143,854,9574,2,90,453,27,1,0,0,newfstatat -> openat -> fstat,close -> newfstatat -> newfstatat,newfstatat -> newfstatat -> newfstatat -> no-error -> no-fd,read -> read -> read -> no-error -> no-fd,newfstatat -> newfstatat -> openat -> no-error -> no-fd,newfstatat -> openat -> fstat -> no-error -> no-fd,close -> newfstatat -> newfstatat -> no-error -> no-fd,1
py-cortd-1.0.0.tar.gz,"ioctl, poll",pipe2,"getrandom, uname",,geteuid,"vfork, wait4, getpid",,,,,,py-cortd-1.0.0;,,,516,138,3796,2889,557,666,3666,2,30,169,11,27,10,17,newfstatat -> openat -> fstat,close -> newfstatat -> newfstatat,newfstatat -> newfstatat -> newfstatat -> no-error -> no-fd,read -> read -> read -> no-error -> no-fd,newfstatat -> newfstatat -> openat -> no-error -> no-fd,newfstatat -> openat -> fstat -> no-error -> no-fd,close -> newfstatat -> newfstatat -> no-error -> no-fd,0
py-json-formatter-0.0.1.tar.gz,"ioctl, poll",,uname,,,getpid,"opensnoop-bpfcc, pgrep, filetop-bpfcc, tcpstates-bpfcc, nautilus","opensnoop-bpfcc, strace, StreamTrans, sqldb:c~lite, pip","opensnoop-bpfcc, filetop-bpfcc, pgrep, pip, gnome-system-mo","opensnoop-bpfcc, StreamTrans, strace, pip, sqldb:c~lite","pgrep, gnome-system-mo, nautilus, pip, opensnoop-bpfcc",py-json-formatter-0.0.1;,,,519,118,4051,3417,1133,874,9708,2,22,106,9,1,1,0,clock_gettime -> clock_gettime -> newfstatat,clock_gettime -> newfstatat -> newfstatat,clock_gettime -> clock_gettime -> clock_gettime -> no-error -> no-fd,newfstatat -> newfstatat -> newfstatat -> no-error -> no-fd,read -> read -> read -> no-error -> no-fd,clock_gettime -> clock_gettime -> newfstatat -> no-error -> no-fd,clock_gettime -> newfstatat -> newfstatat -> no-error -> no-fd,0
pycryptro-1.6.tar.gz,"ioctl, poll",pipe2,uname,,,"vfork, wait4, getpid","tracker-miner-f, pool-tracker-mi, opensnoop-bpfcc, tcpstates-bpfcc, pgrep","strace, opensnoop-bpfcc, pool-tracker-mi, StreamTrans, pip","opensnoop-bpfcc, filetop-bpfcc, tracker-miner-f, pool-tracker-mi, pip","pool-tracker-mi, strace, pip, StreamTrans, opensnoop-bpfcc","pool-tracker-mi, pip, gnome-system-mo, pgrep, strace",certifi-2024.12.14; charset-normalizer-3.4.1; idna-3.10; pycryptro-1.6; requests-2.32.3; urllib3-2.3.0;,,"certifi>=2017.4.17; charset-normalizer<4,>=2; idna<4,>=2.5; requests; urllib3<3,>=1.21.1;",1,195,3332,2042,965,437,2956,2,21,40,7,14,0,13,clock_gettime -> poll -> read,poll -> read -> read,clock_gettime -> clock_gettime -> clock_gettime -> no-error -> no-fd,read -> clock_gettime -> poll -> no-error -> no-fd,poll -> read -> read -> no-error -> no-fd,read -> read -> clock_gettime -> error=EAGAIN -> no-fd,clock_gettime -> poll -> read -> no-error -> fd=6,0
pydiscordclient-0.2.1.tar.gz,ioctl,,"getrandom, uname",,,getpid,"pool-tracker-mi, opensnoop-bpfcc, pgrep, filetop-bpfcc, tracker-miner-f","opensnoop-bpfcc, pool-tracker-mi, strace, StreamTrans, dpkg-divert","opensnoop-bpfcc, filetop-bpfcc, pool-tracker-mi, pgrep, tracker-miner-f","pool-tracker-mi, StreamTrans, strace, opensnoop-bpfcc, dpkg-divert","pgrep, pool-tracker-mi, gnome-system-mo, StreamTrans, opensnoop-bpfcc",pydiscordclient-0.2.1;,,,498,208,3964,3037,340,785,4687,3,91,154,10,0,2,0,openat -> fstat -> fcntl,fstat -> fcntl -> fstat,newfstatat -> newfstatat -> newfstatat -> no-error -> no-fd,read -> read -> read -> no-error -> no-fd,newfstatat -> openat -> fstat -> no-error -> no-fd,openat -> fstat -> fcntl -> no-error -> no-fd,fstat -> fcntl -> fstat -> no-error -> no-fd,1
pydprotect-3.5.6.tar.gz,"ioctl, poll",,uname,,,"wait4, getpid","opensnoop-bpfcc, tcpstates-bpfcc, pgrep, filetop-bpfcc, pool-org.gnome.","opensnoop-bpfcc, strace, StreamT~ns, sqldb:c~lite, pip","opensnoop-bpfcc, filetop-bpfcc, pip, pgrep, tcpstates-bpfcc","StreamT~ns, opensnoop-bpfcc, strace, pip, sqldb:c~lite","pgrep, gnome-system-mo, pip, grep, opensnoop-bpfcc",pydprotect-3.5.6;,,,515,118,3883,2401,764,681,3391,2,63,286,21,6,4,4,read -> read -> read,newfstatat -> newfstatat -> newfstatat,read -> read -> poll -> no-error -> no-fd,read -> read -> read -> no-error -> no-fd,read -> poll -> read -> error=EAGAIN -> no-fd,poll -> read -> read -> no-error -> fd=6,read -> poll -> read -> no-error -> no-fd,0
pyfontinglib-1.0.0.tar.gz,"ioctl, poll",pipe2,"getrandom, uname",,,"vfork, wait4, getpid","opensnoop-bpfcc, tcpstates-bpfcc, filetop-bpfcc, pgrep, systemd-logind","opensnoop-bpfcc, strace, pip, sqldb:c~lite, filetop-bpfcc","opensnoop-bpfcc, filetop-bpfcc, pip, pgrep, tcpstates-bpfcc","strace, opensnoop-bpfcc, pip, sqldb:c~lite, filetop-bpfcc","pgrep, pip, opensnoop-bpfcc, gnome-system-mo, strace",pyfontinglib-1.0.0;,,,1016,171,6574,4421,460,1483,6791,2,72,325,25,0,0,0,poll -> read -> read,read -> read -> poll,newfstatat -> newfstatat -> newfstatat -> no-error -> no-fd,read -> poll -> read -> no-error -> no-fd,poll -> read -> read -> error=EAGAIN -> no-fd,read -> read -> read -> no-error -> no-fd,lseek -> lseek -> lseek -> no-error -> no-fd,0
pygaime-1.0.0.tar.gz,"ioctl, poll",pipe2,"getrandom, uname",,geteuid,"vfork, wait4, getpid","opensnoop-bpfcc, tcpstates-bpfcc, pgrep, filetop-bpfcc, systemd-logind","opensnoop-bpfcc, strace, StreamT~ns, sqldb:c~lite, pip","opensnoop-bpfcc, filetop-bpfcc, pip, tcpstates-bpfcc, pgrep","StreamT~ns, opensnoop-bpfcc, strace, pip, sqldb:c~lite","pgrep, pip, gnome-system-mo, opensnoop-bpfcc, StreamT~ns",PyGaime-1.0.0;,,,553,220,4078,2185,403,566,2228,2,12,47,5,0,0,0,fstat -> ioctl -> lseek,openat -> fstat -> ioctl,newfstatat -> newfstatat -> newfstatat -> no-error -> no-fd,lseek -> lseek -> lseek -> no-error -> no-fd,fstat -> ioctl -> lseek -> no-error -> no-fd,openat -> fstat -> ioctl -> no-error -> no-fd,ioctl -> lseek -> lseek -> error=ENOTTY -> no-fd,1
pygqme-1.0.0.tar.gz,"ioctl, poll",pipe2,"getrandom, uname",,geteuid,"vfork, wait4, getpid","opensnoop-bpfcc, pgrep, tcpstates-bpfcc, systemd-logind, filetop-bpfcc","opensnoop-bpfcc, strace, StreamT~ns, sqldb:c~lite, pip","opensnoop-bpfcc, filetop-bpfcc, pip, pgrep, tcpstates-bpfcc","opensnoop-bpfcc, strace, StreamT~ns, pip, sqldb:c~lite","pgrep, pip, gnome-system-mo, opensnoop-bpfcc, StreamT~ns",PyGqme-1.0.0;,,,2528,349,14335,8741,769,2517,9781,2,142,248,12,0,0,0,newfstatat -> newfstatat -> openat,openat -> fstat -> ioctl,newfstatat -> newfstatat -> newfstatat -> no-error -> no-fd,lseek -> lseek -> lseek -> no-error -> no-fd,newfstatat -> newfstatat -> openat -> no-error -> no-fd,newfstatat -> openat -> fstat -> no-error -> no-fd,openat -> fstat -> ioctl -> no-error -> no-fd,1
pygradient-2.3.tar.gz,"ioctl, poll",pipe2,"getrandom, uname",,geteuid,"vfork, wait4, getpid","opensnoop-bpfcc, filetop-bpfcc, tcpstates-bpfcc, pgrep, systemd-logind","opensnoop-bpfcc, strace, StreamT~ns, sqldb:c~lite, pip","opensnoop-bpfcc, filetop-bpfcc, pip, pgrep, tcpstates-bpfcc","strace, opensnoop-bpfcc, StreamT~ns, pip, sqldb:c~lite","pgrep, pip, gnome-system-mo, opensnoop-bpfcc, strace",pygradient-2.3;,,,1016,171,5257,4123,432,1347,5810,3,176,391,47,24,6,18,newfstatat -> newfstatat -> openat,openat -> fstat -> fcntl,newfstatat -> newfstatat -> newfstatat -> no-error -> no-fd,read -> read -> read -> no-error -> no-fd,newfstatat -> openat -> fstat -> no-error -> no-fd,newfstatat -> newfstatat -> openat -> no-error -> no-fd,openat -> fstat -> fcntl -> no-error -> no-fd,0
pyhints-2.28.1.tar.gz,"ioctl, poll",pipe2,uname,,,"vfork, wait4, getpid","opensnoop-bpfcc, pgrep, filetop-bpfcc, pip, tcpstates-bpfcc","opensnoop-bpfcc, strace, StreamT~ns, sqldb:c~lite, pip","opensnoop-bpfcc, filetop-bpfcc, pgrep, pip, gnome-system-mo","StreamT~ns, opensnoop-bpfcc, strace, sqldb:c~lite, pip","pgrep, gnome-system-mo, pip, StreamT~ns, sqldb:c~lite",certifi-2024.12.14; charset_normalizer-2.1.1; idna-3.10; pyhints-2.28.1; urllib3-1.26.20;,,"certifi>=2017.4.17; charset_normalizer<3,>=2; idna<4,>=2.5; urllib3<1.27,>=1.21.1;",515,261,4153,2677,883,677,7563,2,137,296,39,11,2,9,newfstatat -> openat -> fstat,close -> newfstatat -> newfstatat,newfstatat -> newfstatat -> newfstatat -> no-error -> no-fd,newfstatat -> newfstatat -> openat -> no-error -> no-fd,read -> read -> read -> no-error -> no-fd,newfstatat -> openat -> fstat -> no-error -> no-fd,close -> newfstatat -> newfstatat -> no-error -> no-fd,0
pyhjdddo-1.0.0.tar.gz,"ioctl, poll",pipe2,"getrandom, uname",,geteuid,"vfork, wait4, getpid","opensnoop-bpfcc, filetop-bpfcc, pgrep, tcpstates-bpfcc, systemd-logind","opensnoop-bpfcc, strace, StreamT~ns, pip, sqldb:c~lite","opensnoop-bpfcc, filetop-bpfcc, pip, pgrep, gnome-system-mo","opensnoop-bpfcc, StreamT~ns, strace, pip, sqldb:c~lite","pgrep, pip, gnome-system-mo, opensnoop-bpfcc, StreamT~ns",pyhjdddo-1.0.0;,,,12,167,3566,4628,810,1984,17947,2,97,156,26,4,1,3,openat -> fstat -> ioctl,ioctl -> lseek -> lseek,newfstatat -> newfstatat -> newfstatat -> no-error -> no-fd,fstat -> ioctl -> lseek -> no-error -> no-fd,openat -> fstat -> ioctl -> no-error -> no-fd,newfstatat -> openat -> fstat -> error=ENOENT -> no-fd,ioctl -> lseek -> lseek -> error=ENOTTY -> no-fd,1
pyjous-1.0.2.tar.gz,"ioctl, poll",,uname,,,getpid,"pgrep, opensnoop-bpfcc, filetop-bpfcc, tcpstates-bpfcc, gnome-system-mo","opensnoop-bpfcc, StreamT~ns, Classif~date, sqldb:c~lite, pip","opensnoop-bpfcc, filetop-bpfcc, pgrep, gnome-system-mo, pip","StreamT~ns, Classif~date, opensnoop-bpfcc, sqldb:c~lite, pip","pgrep, gnome-system-mo, StreamT~ns, grep, sqldb:c~lite",pyjous-1.0.2;,,,0,114,1096,1084,415,191,4321,2,12,21,7,5,3,2,newfstatat -> openat -> fstat,fstat -> ioctl -> lseek,newfstatat -> newfstatat -> newfstatat -> no-error -> no-fd,read -> read -> read -> no-error -> no-fd,lseek -> lseek -> lseek -> no-error -> no-fd,read -> poll -> read -> no-error -> no-fd,newfstatat -> openat -> fstat -> no-error -> no-fd,0
pypiele-1.0.1.tar.gz,ioctl,,uname,,,getpid,"opensnoop-bpfcc, pgrep, tcpstates-bpfcc, filetop-bpfcc, pip","opensnoop-bpfcc, strace, StreamTrans, pip, sqldb:c~lite","opensnoop-bpfcc, filetop-bpfcc, pip, pgrep, tcpstates-bpfcc","strace, pip, StreamTrans, opensnoop-bpfcc, sqldb:c~lite","pgrep, pip, clear, systemd-oomd, opensnoop-bpfcc",pypiele-1.0.1;,,,0,238,2304,2437,144,538,10207,1,35,165,2,1,0,0,newfstatat -> openat -> fstat,fstat -> ioctl -> lseek,newfstatat -> newfstatat -> newfstatat -> no-error -> no-fd,read -> read -> read -> no-error -> no-fd,lseek -> lseek -> lseek -> no-error -> no-fd,newfstatat -> openat -> fstat -> no-error -> no-fd,ioctl -> lseek -> lseek -> no-error -> no-fd,0
pypttt-4.4.2.tar.gz,"ioctl, poll",,uname,,,"wait4, getpid","opensnoop-bpfcc, pgrep, tcpstates-bpfcc, filetop-bpfcc, pip","opensnoop-bpfcc, strace, StreamTrans, pip, sqldb:c~lite","opensnoop-bpfcc, filetop-bpfcc, pip, pgrep, tcpstates-bpfcc","opensnoop-bpfcc, strace, StreamTrans, pip, sqldb:c~lite","pgrep, pip, opensnoop-bpfcc, sqldb:c~lite, StreamTrans",pypttt-4.4.2;,,,509,128,2828,2715,120,498,8377,2,62,257,19,0,0,0,ioctl -> ioctl -> ioctl,newfstatat -> newfstatat -> openat,newfstatat -> newfstatat -> newfstatat -> no-error -> no-fd,read -> read -> read -> no-error -> no-fd,newfstatat -> openat -> fstat -> no-error -> no-fd,openat -> fstat -> fcntl -> no-error -> no-fd,fstat -> fcntl -> fstat -> no-error -> no-fd,1
pyshftuler-2.28.1.tar.gz,"ioctl, poll",pipe2,uname,,,"vfork, wait4, getpid","pool-tracker-mi, opensnoop-bpfcc, tracker-miner-f, pgrep, tcpstates-bpfcc","opensnoop-bpfcc, pool-tracker-mi, strace, StreamTrans, sqldb:c~lite","opensnoop-bpfcc, filetop-bpfcc, pool-tracker-mi, tracker-miner-f, pgrep","pool-tracker-mi, opensnoop-bpfcc, strace, pip, StreamTrans","pgrep, gnome-system-mo, pip, pool-tracker-mi, sqldb:c~lite",certifi-2024.12.14; charset_normalizer-2.1.1; idna-3.10; pyshftuler-2.28.1; urllib3-1.26.20;,,"certifi>=2017.4.17; charset_normalizer<3,>=2; idna<4,>=2.5; urllib3<1.27,>=1.21.1;",515,260,4227,2826,1047,750,6150,2,20,239,6,1,1,0,openat -> fstat -> ioctl,ioctl -> lseek -> lseek,newfstatat -> newfstatat -> newfstatat -> no-error -> no-fd,fstat -> ioctl -> lseek -> no-error -> no-fd,openat -> fstat -> ioctl -> no-error -> no-fd,newfstatat -> openat -> fstat -> error=ENOENT -> no-fd,ioctl -> lseek -> lseek -> error=ENOTTY -> no-fd,1
pyspliter-1.0.2.tar.gz,"ioctl, poll",,uname,,,getpid,"pool-tracker-mi, tracker-miner-f, opensnoop-bpfcc, filetop-bpfcc, tcpstates-bpfcc","pool-tracker-mi, opensnoop-bpfcc, strace, StreamTrans, python","opensnoop-bpfcc, filetop-bpfcc, pool-tracker-mi, tracker-miner-f, pip","pool-tracker-mi, StreamTrans, strace, pip, opensnoop-bpfcc","pool-tracker-mi, gnome-system-mo, pgrep, pip, single",pyspliter-1.0.2;,,,1,117,1097,1570,82,238,3600,3,17,34,7,0,0,0,read -> poll -> read,poll -> read -> read,newfstatat -> newfstatat -> newfstatat -> no-error -> no-fd,read -> read -> read -> no-error -> no-fd,newfstatat -> openat -> fstat -> no-error -> no-fd,read -> poll -> read -> error=EAGAIN -> no-fd,poll -> read -> read -> no-error -> fd=3,1
pystyte-3.5.5.tar.gz,"ioctl, poll",pipe2,"getrandom, uname",,geteuid,"vfork, wait4, getpid","tracker-miner-f, pool-tracker-mi, opensnoop-bpfcc, tcpstates-bpfcc, filetop-bpfcc","opensnoop-bpfcc, pool-tracker-mi, strace, StreamTrans, sqldb:c~lite","opensnoop-bpfcc, filetop-bpfcc, tracker-miner-f, pool-tracker-mi, pip","pool-tracker-mi, strace, StreamTrans, opensnoop-bpfcc, pip","pool-tracker-mi, gnome-system-mo, single, pgrep, pip",pystyte-3.5.5;,,,15,108,7364,1780,626,637,2521,4,16,189,8,1,0,0,,,,,,,,1
pyteseract-0.3.22.tar.gz,"ioctl, poll",pipe2,"getrandom, uname",,geteuid,"vfork, wait4, getpid","pool-tracker-mi, tracker-miner-f, opensnoop-bpfcc, pgrep, filetop-bpfcc","opensnoop-bpfcc, pool-tracker-mi, StreamTrans, sqldb:c~lite, pip","opensnoop-bpfcc, filetop-bpfcc, pool-tracker-mi, tracker-miner-f, pip","pool-tracker-mi, StreamTrans, opensnoop-bpfcc, pip, sqldb:c~lite","pool-tracker-mi, pip, single, gnome-system-mo, pgrep",pyteseract-0.3.22;,,,4,120,1790,1565,1027,345,3214,4,85,155,35,0,1,4,read -> read -> poll,poll -> read -> read,newfstatat -> newfstatat -> newfstatat -> no-error -> no-fd,read -> read -> read -> no-error -> no-fd,read -> poll -> read -> error=EAGAIN -> no-fd,read -> read -> poll -> no-error -> no-fd,poll -> read -> read -> no-error -> fd=3,1
python-mysql-1.0.0.tar.gz,"ioctl, poll",,uname,,,"wait4, getpid","tracker-miner-f, pool-tracker-mi, opensnoop-bpfcc, tcpstates-bpfcc, filetop-bpfcc","opensnoop-bpfcc, pool-tracker-mi, strace, StreamTrans, sqldb:c~lite","opensnoop-bpfcc, filetop-bpfcc, tracker-miner-f, pool-tracker-mi, pip","pool-tracker-mi, StreamTrans, opensnoop-bpfcc, strace, pip","pool-tracker-mi, pgrep, gnome-system-mo, pip, tracker-miner-f",python-mysql-1.0.0;,,,515,124,9356,2956,999,847,10523,2,76,365,27,0,0,0,newfstatat -> newfstatat -> openat,fstat -> ioctl -> lseek,newfstatat -> newfstatat -> newfstatat -> no-error -> no-fd,read -> read -> read -> no-error -> no-fd,newfstatat -> openat -> fstat -> no-error -> no-fd,newfstatat -> newfstatat -> openat -> no-error -> no-fd,close -> newfstatat -> newfstatat -> no-error -> no-fd,1
pytorcm-1.0.0.tar.gz,"ioctl, poll",pipe2,"getrandom, uname",,geteuid,"vfork, wait4, getpid","pool-tracker-mi, tracker-miner-f, opensnoop-bpfcc, filetop-bpfcc, tcpstates-bpfcc","opensnoop-bpfcc, pool-tracker-mi, strace, StreamTrans, sqldb:c~lite","opensnoop-bpfcc, filetop-bpfcc, pool-tracker-mi, tracker-miner-f, pip","pool-tracker-mi, StreamTrans, strace, opensnoop-bpfcc, sqldb:c~lite","pool-tracker-mi, single, gnome-system-mo, tracker-miner-f, StreamTrans",PyTorcm-1.0.0;,,,519,140,13279,2658,524,660,2856,1,11,104,2,0,0,0,newfstatat -> openat -> fstat,fstat -> ioctl -> lseek,newfstatat -> newfstatat -> newfstatat -> no-error -> no-fd,newfstatat -> newfstatat -> openat -> no-error -> no-fd,read -> read -> read -> no-error -> no-fd,newfstatat -> openat -> fstat -> no-error -> no-fd,openat -> fstat -> ioctl -> no-error -> no-fd,0
pywhool-1.0.0.tar.gz,"ioctl, poll",,uname,,,"wait4, getpid","pool-tracker-mi, opensnoop-bpfcc, tcpstates-bpfcc, filetop-bpfcc, pgrep","opensnoop-bpfcc, pool-tracker-mi, StreamT~ns, pip, sqldb:c~lite","opensnoop-bpfcc, filetop-bpfcc, pool-tracker-mi, tcpstates-bpfcc, pip","pool-tracker-mi, opensnoop-bpfcc, StreamT~ns, pip, sqldb:c~lite","pgrep, pool-tracker-mi, gnome-system-mo, opensnoop-bpfcc, pip",pywhool-1.0.0;,,,515,149,3843,2848,1072,780,9069,3,162,254,12,16,3,13,openat -> fstat -> ioctl,fstat -> ioctl -> lseek,newfstatat -> newfstatat -> newfstatat -> no-error -> no-fd,lseek -> lseek -> lseek -> no-error -> no-fd,newfstatat -> openat -> fstat -> no-error -> no-fd,newfstatat -> newfstatat -> openat -> no-error -> no-fd,ioctl -> lseek -> lseek -> no-error -> no-fd,1
pywin33-4.4.2.tar.gz,"ioctl, poll",,uname,,,getpid,"pool-tracker-mi, opensnoop-bpfcc, pgrep, tcpstates-bpfcc, filetop-bpfcc","opensnoop-bpfcc, pool-tracker-mi, strace, StreamT~ns, sqldb:c~lite","opensnoop-bpfcc, filetop-bpfcc, pool-tracker-mi, pip, pgrep","pool-tracker-mi, strace, opensnoop-bpfcc, StreamT~ns, pip","pgrep, pool-tracker-mi, gnome-system-mo, pip, opensnoop-bpfcc",pywin33-4.4.2;,,,0,121,2137,1479,1075,367,9939,2,25,253,9,2,2,0,lseek -> lseek -> lseek,ioctl -> ioctl -> ioctl,newfstatat -> newfstatat -> newfstatat -> no-error -> no-fd,read -> read -> read -> no-error -> no-fd,newfstatat -> openat -> fstat -> no-error -> no-fd,lseek -> lseek -> lseek -> no-error -> no-fd,close -> newfstatat -> openat -> no-error -> no-fd,1
pzgame-1.0.0.tar.gz,ioctl,,"getrandom, uname",,,getpid,"pool-tracker-mi, opensnoop-bpfcc, filetop-bpfcc, tcpstates-bpfcc, pgrep","opensnoop-bpfcc, pool-tracker-mi, strace, StreamT~ns, Classif~date","opensnoop-bpfcc, filetop-bpfcc, pool-tracker-mi, pip, tracker-miner-f","pool-tracker-mi, opensnoop-bpfcc, strace, StreamT~ns, pip","pgrep, pool-tracker-mi, pip, gnome-system-mo, opensnoop-bpfcc",PzGame-1.0.0;,,,515,137,3799,2599,641,681,4825,4,34,81,16,6,0,5,openat -> fstat -> ioctl,ioctl -> lseek -> lseek,newfstatat -> newfstatat -> newfstatat -> no-error -> no-fd,read -> read -> read -> no-error -> no-fd,fstat -> ioctl -> lseek -> no-error -> no-fd,ioctl -> lseek -> lseek -> no-error -> no-fd,fstat -> read -> read -> no-error -> no-fd,1
qaqaqazzz-1.5.tar.gz,"ioctl, poll",,uname,,geteuid,getpid,"pool-tracker-mi, tracker-miner-f, opensnoop-bpfcc, filetop-bpfcc, tcpstates-bpfcc","pool-tracker-mi, opensnoop-bpfcc, strace, StreamT~ns, Indexed~IO","opensnoop-bpfcc, filetop-bpfcc, pool-tracker-mi, tracker-miner-f, pip","pool-tracker-mi, StreamT~ns, opensnoop-bpfcc, strace, pip","pool-tracker-mi, pgrep, pip, gnome-system-mo, opensnoop-bpfcc",certifi-2024.12.14; charset-normalizer-3.4.1; idna-3.10; qaqaqazzz-1.5; requests-2.32.3; urllib3-2.3.0;,,"certifi>=2017.4.17; charset-normalizer<4,>=2; idna<4,>=2.5; requests; urllib3<3,>=1.21.1;",515,227,4128,2722,650,756,6049,3,11,64,5,0,0,0,openat -> fstat -> ioctl,ioctl -> lseek -> lseek,newfstatat -> newfstatat -> newfstatat -> no-error -> no-fd,fstat -> ioctl -> lseek -> no-error -> no-fd,openat -> fstat -> ioctl -> no-error -> no-fd,newfstatat -> openat -> fstat -> error=ENOENT -> no-fd,ioctl -> lseek -> lseek -> error=ENOTTY -> no-fd,1
qaxtest-httpx-1.1.3.tar.gz,"ioctl, poll",pipe2,"getrandom, uname",,geteuid,"vfork, wait4, getpid","pool-tracker-mi, opensnoop-bpfcc, filetop-bpfcc, tcpstates-bpfcc, tracker-miner-f","pool-tracker-mi, opensnoop-bpfcc, strace, StreamT~ns, Classif~date","opensnoop-bpfcc, filetop-bpfcc, pool-tracker-mi, pip, tracker-miner-f","pool-tracker-mi, pip, StreamT~ns, strace, opensnoop-bpfcc","pgrep, pool-tracker-mi, pip, gnome-system-mo, opensnoop-bpfcc",qaxtest-httpx-1.1.3;,,,515,167,3917,2761,1094,712,9753,2,18,53,6,36,1,35,openat -> fstat -> ioctl,ioctl -> lseek -> lseek,newfstatat -> newfstatat -> newfstatat -> no-error -> no-fd,newfstatat -> openat -> fstat -> no-error -> no-fd,openat -> fstat -> ioctl -> no-error -> no-fd,newfstatat -> newfstatat -> openat -> no-error -> no-fd,ioctl -> lseek -> lseek -> error=ENOENT -> no-fd,1
quick-telegram-sender-0.7.tar.gz,,,,,,,"pool-tracker-mi, tracker-miner-f, opensnoop-bpfcc, filetop-bpfcc, tcpstates-bpfcc","pool-tracker-mi, opensnoop-bpfcc, strace, StreamT~ns, Indexed~IO","opensnoop-bpfcc, filetop-bpfcc, pool-tracker-mi, tracker-miner-f, pip","pool-tracker-mi, StreamT~ns, opensnoop-bpfcc, strace, pip","pool-tracker-mi, single, pip, gnome-system-mo, StreamT~ns",quick_telegram_sender-0.7;,,,0,117,23642,983,1006,156,187,2,59,182,19,0,0,0,clock_gettime -> lseek -> clock_gettime,read -> clock_gettime -> clock_gettime,clock_gettime -> clock_gettime -> clock_gettime -> no-error -> no-fd,newfstatat -> newfstatat -> newfstatat -> no-error -> no-fd,read -> read -> read -> no-error -> no-fd,clock_gettime -> clock_gettime -> newfstatat -> no-error -> no-fd,read -> clock_gettime -> clock_gettime -> no-error -> no-fd,1
reallydonothing-0.1.tar.gz,"ioctl, poll",pipe2,"getrandom, uname",,geteuid,"vfork, wait4, getpid","pool-tracker-mi, tracker-miner-f, opensnoop-bpfcc, systemd-logind, filetop-bpfcc","opensnoop-bpfcc, pool-tracker-mi, strace, StreamT~ns, Classif~date","opensnoop-bpfcc, pool-tracker-mi, filetop-bpfcc, tracker-miner-f, pip","pool-tracker-mi, StreamT~ns, strace, opensnoop-bpfcc, pip","pool-tracker-mi, single, gnome-system-mo, pgrep, pip",reallydonothing-0.1;,,,553,207,7129,3058,728,649,3497,2,9,18,4,0,0,0,newfstatat -> newfstatat -> openat,fstat -> ioctl -> lseek,newfstatat -> newfstatat -> newfstatat -> no-error -> no-fd,read -> read -> read -> no-error -> no-fd,newfstatat -> openat -> fstat -> no-error -> no-fd,newfstatat -> newfstatat -> openat -> no-error -> no-fd,fstat -> ioctl -> lseek -> no-error -> no-fd,0
reauests-2.28.1.tar.gz,"ioctl, poll",pipe2,"getrandom, uname",,geteuid,"vfork, wait4, getpid","pool-tracker-mi, tracker-miner-f, opensnoop-bpfcc, systemd-logind, tcpstates-bpfcc","opensnoop-bpfcc, pool-tracker-mi, strace, StreamT~ns, sqldb:c~lite","opensnoop-bpfcc, pool-tracker-mi, filetop-bpfcc, tracker-miner-f, pip","pool-tracker-mi, StreamT~ns, strace, opensnoop-bpfcc, pip","pool-tracker-mi, single, pip, gnome-system-mo, pgrep",certifi-2024.12.14; charset_normalizer-3.4.1; idna-3.10; reauests-2.28.1; urllib3-1.26.20;,,"certifi>=2017.4.17; charset_normalizer<4,>=2; idna<4,>=2.5; urllib3<1.27,>=1.21.1;",515,227,7574,5962,996,2491,10639,1,7,31,2,1,1,0,newfstatat -> openat -> fstat,close -> newfstatat -> newfstatat,newfstatat -> newfstatat -> newfstatat -> no-error -> no-fd,newfstatat -> newfstatat -> openat -> no-error -> no-fd,read -> read -> read -> no-error -> no-fd,newfstatat -> openat -> fstat -> no-error -> no-fd,close -> newfstatat -> newfstatat -> no-error -> no-fd,0
relefpots-0.0.1.tar.gz,"ioctl, poll",pipe2,uname,,,"vfork, wait4, getpid","tracker-miner-f, pool-tracker-mi, opensnoop-bpfcc, systemd-logind, pgrep","opensnoop-bpfcc, pool-tracker-mi, strace, pip, filetop-bpfcc","opensnoop-bpfcc, filetop-bpfcc, tracker-miner-f, pool-tracker-mi, pip","pool-tracker-mi, opensnoop-bpfcc, strace, filetop-bpfcc, gnome-system-mo","pool-tracker-mi, pip, pgrep, opensnoop-bpfcc, tracker-miner-f",certifi-2024.12.14; charset-normalizer-3.4.1; idna-3.10; relefpots-0.0.1; requests-2.32.3; urllib3-2.3.0;,,"certifi>=2017.4.17; charset-normalizer<4,>=2; idna<4,>=2.5; requests; urllib3<3,>=1.21.1;",515,206,6690,5295,738,2541,8079,4,158,344,43,2,2,0,newfstatat -> openat -> fstat,close -> newfstatat -> newfstatat,newfstatat -> newfstatat -> newfstatat -> no-error -> no-fd,newfstatat -> newfstatat -> openat -> no-error -> no-fd,read -> read -> read -> no-error -> no-fd,newfstatat -> openat -> fstat -> no-error -> no-fd,close -> newfstatat -> newfstatat -> no-error -> no-fd,0
reqeosts-1.0.0.tar.gz,"ioctl, poll",,uname,,geteuid,getpid,"tracker-miner-f, pool-tracker-mi, opensnoop-bpfcc, systemd-logind, filetop-bpfcc","opensnoop-bpfcc, pool-tracker-mi, strace, StreamT~ns, sqldb:c~lite","opensnoop-bpfcc, filetop-bpfcc, tracker-miner-f, pool-tracker-mi, systemd-logind","pool-tracker-mi, strace, StreamT~ns, opensnoop-bpfcc, pip","pool-tracker-mi, pgrep, systemd-logind, tracker-miner-f, opensnoop-bpfcc",reqeosts-1.0.0;,,,463,141,5566,3567,429,708,4023,2,28,38,14,2,2,0,,,,,,,,0
reqeyst-1.0.0.tar.gz,"ioctl, poll",,uname,,,getpid,"pool-tracker-mi, tracker-miner-f, opensnoop-bpfcc, systemd-logind, tcpstates-bpfcc","opensnoop-bpfcc, pool-tracker-mi, strace, StreamT~ns, sqldb:c~lite","opensnoop-bpfcc, pool-tracker-mi, filetop-bpfcc, tracker-miner-f, systemd-logind","pool-tracker-mi, StreamT~ns, opensnoop-bpfcc, pip, strace","pool-tracker-mi, single, pgrep, pip, gnome-system-mo",reqeyst-1.0.0;,,,515,141,5751,3612,624,713,4344,2,68,182,23,7,2,5,newfstatat -> openat -> fstat,close -> newfstatat -> newfstatat,newfstatat -> newfstatat -> newfstatat -> no-error -> no-fd,read -> read -> read -> no-error -> no-fd,newfstatat -> newfstatat -> openat -> no-error -> no-fd,newfstatat -> openat -> fstat -> no-error -> no-fd,close -> newfstatat -> newfstatat -> no-error -> no-fd,0
reqiurementstxt-1.0.0.tar.gz,"ioctl, poll",,uname,,geteuid,getpid,"pool-tracker-mi, tracker-miner-f, opensnoop-bpfcc, systemd-logind, filetop-bpfcc","opensnoop-bpfcc, pool-tracker-mi, strace, StreamT~ns, sqldb:c~lite","opensnoop-bpfcc, filetop-bpfcc, pool-tracker-mi, tracker-miner-f, systemd-logind","pool-tracker-mi, StreamT~ns, opensnoop-bpfcc, pip, strace","pool-tracker-mi, single, pip, gnome-system-mo, pgrep",reqiurementstxt-1.0.0;,,,515,139,5832,3646,520,669,4395,2,67,251,22,0,0,0,newfstatat -> newfstatat -> openat,fstat -> ioctl -> lseek,newfstatat -> newfstatat -> newfstatat -> no-error -> no-fd,read -> read -> read -> no-error -> no-fd,newfstatat -> openat -> fstat -> no-error -> no-fd,newfstatat -> newfstatat -> openat -> no-error -> no-fd,fstat -> ioctl -> lseek -> no-error -> no-fd,0
reqquest-1.0.0.tar.gz,"ioctl, poll",,uname,,,getpid,"pool-tracker-mi, tracker-miner-f, opensnoop-bpfcc, systemd-logind, tcpstates-bpfcc","pool-tracker-mi, opensnoop-bpfcc, strace, StreamT~ns, sqldb:c~lite","opensnoop-bpfcc, filetop-bpfcc, pool-tracker-mi, tracker-miner-f, pip","pool-tracker-mi, StreamT~ns, pip, strace, opensnoop-bpfcc","pool-tracker-mi, pip, single, pgrep, gnome-system-mo",reqquest-1.0.0;,,,515,144,8367,5753,852,2469,7495,1,39,276,2,1,0,0,newfstatat -> newfstatat -> newfstatat,newfstatat -> openat -> fstat,newfstatat -> newfstatat -> newfstatat -> no-error -> no-fd,read -> read -> poll -> no-error -> no-fd,newfstatat -> openat -> fstat -> no-error -> no-fd,read -> poll -> read -> error=EAGAIN -> no-fd,poll -> read -> read -> no-error -> fd=4,0
request-1.0.117.tar.gz,,,,,,,"systemd-logind, opensnoop-bpfcc, pgrep, tcpstates-bpfcc, filetop-bpfcc","opensnoop-bpfcc, strace, StreamT~ns, Indexed~IO, sqldb:c~lite","opensnoop-bpfcc, filetop-bpfcc, systemd-logind, pip, pgrep","StreamT~ns, opensnoop-bpfcc, pip, strace, sqldb:c~lite","gnome-system-mo, pgrep, pip, systemd-logind, sudo",certifi-2024.12.14; charset-normalizer-3.4.1; idna-3.10; request-1.0.117; requests-2.32.3; urllib3-2.3.0;,,"certifi>=2017.4.17; charset-normalizer<4,>=2; idna<4,>=2.5; requests; urllib3<3,>=1.21.1;",515,379,4832,8414,1105,5763,7382,2,118,267,35,0,0,0,lseek -> lseek -> lseek,fstat -> ioctl -> lseek,newfstatat -> newfstatat -> newfstatat -> no-error -> no-fd,read -> read -> read -> no-error -> no-fd,newfstatat -> openat -> fstat -> no-error -> no-fd,fstat -> ioctl -> lseek -> error=ENOENT -> no-fd,ioctl -> lseek -> lseek -> no-error -> no-fd,0
requests-upgrade-0.0.1.tar.gz,"ioctl, poll",pipe2,uname,,,"vfork, wait4, getpid","systemd-logind, opensnoop-bpfcc, sudo, tcpstates-bpfcc, filetop-bpfcc","opensnoop-bpfcc, strace, StreamT~ns, Classif~ate, sudo","opensnoop-bpfcc, filetop-bpfcc, systemd-logind, pip, pgrep","StreamT~ns, opensnoop-bpfcc, strace, Classif~ate, pip","pgrep, gnome-system-mo, sudo, pip, systemd-logind",certifi-2024.12.14; charset-normalizer-3.4.1; idna-3.10; requests-2.31.0; requests-upgrade-0.0.1; urllib3-2.3.0;,,"certifi>=2017.4.17; charset-normalizer<4,>=2; idna<4,>=2.5; requests==2.31.0; urllib3<3,>=1.21.1;",515,250,4193,6867,946,2127,9243,2,29,97,10,0,0,0,openat -> fstat -> fcntl,fstat -> fcntl -> fstat,newfstatat -> newfstatat -> newfstatat -> no-error -> no-fd,read -> read -> read -> no-error -> no-fd,newfstatat -> openat -> fstat -> no-error -> no-fd,openat -> fstat -> fcntl -> no-error -> no-fd,fstat -> fcntl -> fstat -> no-error -> no-fd,1
requestts-toolbelt-0.1.tar.gz,ioctl,pipe2,"getrandom, uname",,faccessat,"wait4, clone, getpid","systemd-oomd, filetop-bpfcc, systemd-logind, clear, sudo","strace, opensnoop-bpfcc, sudo, clear, cron","filetop-bpfcc, systemd-oomd, clear, systemd-logind, python3.8","strace, opensnoop-bpfcc, clear, cron, filetop-bpfcc","systemd-oomd, clear, filetop-bpfcc, python3.8, gsd-housekeepin",requestts-toolbelt-0.1;,,,0,35,188,459,111,33,290,3,135,229,30,12,6,6,fstat -> ioctl -> lseek,openat -> fstat -> ioctl,newfstatat -> newfstatat -> newfstatat -> no-error -> no-fd,fstat -> ioctl -> lseek -> no-error -> no-fd,openat -> fstat -> ioctl -> no-error -> no-fd,ioctl -> lseek -> lseek -> error=ENOTTY -> no-fd,newfstatat -> openat -> fstat -> error=ENOENT -> no-fd,1
requestw-2.28.1.tar.gz,,,,,,,"systemd-logind, opensnoop-bpfcc, sudo, filetop-bpfcc, tcpstates-bpfcc","opensnoop-bpfcc, strace, StreamT~ns, sudo, pip","opensnoop-bpfcc, filetop-bpfcc, systemd-logind, pip, tcpstates-bpfcc","StreamT~ns, strace, opensnoop-bpfcc, pip, sqldb:c~lite","pip, sudo, pgrep, systemd-logind, opensnoop-bpfcc",certifi-2024.12.14; charset_normalizer-3.4.1; idna-3.10; requestw-2.28.1; urllib3-1.26.20;,,"certifi>=2017.4.17; charset_normalizer<4,>=2; idna<4,>=2.5; urllib3<1.27,>=1.21.1;",515,223,4091,3724,433,1853,3164,2,15,50,7,0,0,0,read -> poll -> read,poll -> read -> read,newfstatat -> newfstatat -> newfstatat -> no-error -> no-fd,read -> poll -> read -> error=EAGAIN -> no-fd,read -> read -> poll -> no-error -> no-fd,poll -> read -> read -> no-error -> fd=4,fstat -> ioctl -> lseek -> no-error -> no-fd,1
requet-2.28.1.tar.gz,,,,,,,"systemd-logind, opensnoop-bpfcc, sudo, tcpstates-bpfcc, filetop-bpfcc","opensnoop-bpfcc, strace, StreamT~ns, Indexed~IO, sqldb:c~lite","opensnoop-bpfcc, filetop-bpfcc, systemd-logind, pip, tcpstates-bpfcc","StreamT~ns, strace, opensnoop-bpfcc, pip, sqldb:c~lite","gnome-system-mo, pip, sudo, systemd-logind, opensnoop-bpfcc",certifi-2024.12.14; charset_normalizer-2.1.1; idna-3.10; requet-2.28.1; urllib3-1.26.20;,,"certifi>=2017.4.17; charset_normalizer<3,>=2; idna<4,>=2.5; urllib3<1.27,>=1.21.1;",1013,292,6012,11168,1133,7442,13008,2,122,268,36,32,0,31,clock_gettime -> clock_gettime -> newfstatat,clock_gettime -> newfstatat -> newfstatat,clock_gettime -> clock_gettime -> clock_gettime -> no-error -> no-fd,newfstatat -> newfstatat -> newfstatat -> no-error -> no-fd,read -> read -> read -> no-error -> no-fd,clock_gettime -> clock_gettime -> newfstatat -> no-error -> no-fd,clock_gettime -> newfstatat -> newfstatat -> no-error -> no-fd,0
requierments-1.0.0.tar.gz,"ioctl, poll",,uname,,,getpid,"systemd-logind, opensnoop-bpfcc, sudo, tcpstates-bpfcc, pgrep","opensnoop-bpfcc, strace, StreamT~ns, sudo, sqldb:c~lite","opensnoop-bpfcc, filetop-bpfcc, systemd-logind, pip, pgrep","apt-check, opensnoop-bpfcc, strace, StreamT~ns, pip","pgrep, sudo, pip, systemd-logind, opensnoop-bpfcc",requierments-1.0.0;,,,366,157,2247,11402,438,8026,11118,4,429,562,84,2,1,1,fstat -> ioctl -> lseek,openat -> fstat -> ioctl,newfstatat -> newfstatat -> newfstatat -> no-error -> no-fd,newfstatat -> openat -> fstat -> no-error -> no-fd,lseek -> lseek -> lseek -> no-error -> no-fd,openat -> fstat -> ioctl -> no-error -> no-fd,newfstatat -> newfstatat -> openat -> no-error -> no-fd,0
requiest-2.28.2.tar.gz,"ioctl, poll",,uname,,geteuid,getpid,"systemd-logind, opensnoop-bpfcc, tcpstates-bpfcc, filetop-bpfcc, pgrep","opensnoop-bpfcc, strace, StreamT~ns, apt-get, apt-check","opensnoop-bpfcc, filetop-bpfcc, systemd-logind, apt-get, pip","apt-get, apt-check, strace, opensnoop-bpfcc, StreamT~ns","pip, systemd-logind, apt-get, opensnoop-bpfcc, gnome-system-mo",certifi-2024.12.14; charset_normalizer-3.4.1; idna-3.10; requiest-2.28.2; urllib3-1.26.20;,,"certifi>=2017.4.17; charset_normalizer<4,>=2; idna<4,>=2.5; urllib3<1.27,>=1.21.1;",510,391,4152,16913,920,11579,17992,2,45,110,22,3,2,1,newfstatat -> openat -> fstat,fstat -> ioctl -> lseek,newfstatat -> newfstatat -> newfstatat -> no-error -> no-fd,read -> read -> read -> no-error -> no-fd,lseek -> lseek -> lseek -> no-error -> no-fd,newfstatat -> openat -> fstat -> no-error -> no-fd,ioctl -> lseek -> lseek -> no-error -> no-fd,0
requiirments-1.0.0.tar.gz,"ioctl, poll",,uname,,geteuid,getpid,"systemd-logind, opensnoop-bpfcc, sudo, pgrep, filetop-bpfcc","opensnoop-bpfcc, strace, StreamT~ns, sudo, sqldb:c~lite","opensnoop-bpfcc, filetop-bpfcc, systemd-logind, pip, pgrep","StreamT~ns, opensnoop-bpfcc, strace, pip, sqldb:c~lite","pgrep, gnome-system-mo, sudo, pip, systemd-logind",requiirments-1.0.0;,,,515,141,3796,6930,540,1959,8234,2,46,191,17,2,2,0,fstat -> ioctl -> lseek,openat -> fstat -> ioctl,newfstatat -> newfstatat -> newfstatat -> no-error -> no-fd,lseek -> lseek -> lseek -> no-error -> no-fd,fstat -> ioctl -> lseek -> no-error -> no-fd,openat -> fstat -> ioctl -> no-error -> no-fd,ioctl -> lseek -> lseek -> error=ENOTTY -> no-fd,1
requiremants-1.0.0.tar.gz,"ioctl, poll",pipe2,"getrandom, uname",,geteuid,"vfork, wait4, getpid","systemd-logind, opensnoop-bpfcc, sudo, tcpstates-bpfcc, filetop-bpfcc","opensnoop-bpfcc, strace, StreamT~ns, sudo, sqldb:c~lite","opensnoop-bpfcc, filetop-bpfcc, systemd-logind, pip, pgrep","StreamT~ns, opensnoop-bpfcc, strace, pip, sqldb:c~lite","gnome-system-mo, pgrep, sudo, pip, systemd-logind",requiremants-1.0.0;,,,471,143,3747,4721,416,882,3889,4,59,117,28,0,0,0,newfstatat -> newfstatat -> openat,close -> newfstatat -> newfstatat,newfstatat -> newfstatat -> newfstatat -> no-error -> no-fd,read -> read -> read -> no-error -> no-fd,newfstatat -> openat -> fstat -> no-error -> no-fd,newfstatat -> newfstatat -> openat -> no-error -> no-fd,close -> newfstatat -> newfstatat -> no-error -> no-fd,1
requiremeents-1.0.0.tar.gz,,,,,,,"systemd-logind, opensnoop-bpfcc, sudo, filetop-bpfcc, pgrep","opensnoop-bpfcc, strace, StreamT~ns, sudo, sqldb:c~lite","opensnoop-bpfcc, filetop-bpfcc, systemd-logind, pip, pgrep","StreamT~ns, opensnoop-bpfcc, pip, strace, sqldb:c~lite","pgrep, sudo, pip, gnome-system-mo, opensnoop-bpfcc",requiremeents-1.0.0;,,,523,149,3799,7435,534,2046,7925,2,117,255,35,0,7,72,newfstatat -> openat -> fstat,fstat -> ioctl -> lseek,newfstatat -> newfstatat -> newfstatat -> no-error -> no-fd,read -> read -> read -> no-error -> no-fd,newfstatat -> newfstatat -> openat -> no-error -> no-fd,newfstatat -> openat -> fstat -> no-error -> no-fd,close -> newfstatat -> newfstatat -> no-error -> no-fd,0
requiremenstxt-1.0.0.tar.gz,"ioctl, poll",pipe2,uname,,,"wait4, vfork, getpid","systemd-logind, gnome-system-mo, opensnoop-bpfcc, sudo, tcpstates-bpfcc","StreamT~ns, opensnoop-bpfcc, Socket, Indexed~IO, Classif~ate","opensnoop-bpfcc, filetop-bpfcc, gnome-system-mo, systemd-logind, xdelta3","StreamT~ns, Socket, Classif~ate, sqldb:c~lite, snapd","gnome-system-mo, StreamT~ns, sqldb:c~lite, snapd, grep",requiremenstxt-1.0.0;,,,0,112,1112,5387,1077,4368,7084,2,48,370,17,84,48,36,fstat -> ioctl -> lseek,openat -> fstat -> ioctl,newfstatat -> newfstatat -> newfstatat -> no-error -> no-fd,newfstatat -> openat -> fstat -> no-error -> no-fd,newfstatat -> newfstatat -> openat -> no-error -> no-fd,openat -> fstat -> ioctl -> no-error -> no-fd,ioctl -> lseek -> lseek -> error=ENOENT -> no-fd,1
requirementsttx-1.0.0.tar.gz,"ioctl, poll",pipe2,uname,,geteuid,"vfork, wait4, getpid","systemd-logind, opensnoop-bpfcc, sudo, pgrep, tcpstates-bpfcc","opensnoop-bpfcc, strace, StreamT~ns, sudo, sqldb:c~lite","opensnoop-bpfcc, filetop-bpfcc, systemd-logind, pip, pgrep","opensnoop-bpfcc, StreamT~ns, pip, sqldb:c~lite, strace","pgrep, gnome-system-mo, sudo, pip, systemd-logind",requirementsttx-1.0.0;,,,519,150,3856,8078,1064,2516,10547,2,55,244,23,0,0,0,openat -> openat -> openat,newfstatat -> openat -> fstat,newfstatat -> newfstatat -> newfstatat -> no-error -> no-fd,openat -> fstat -> ioctl -> no-error -> no-fd,fstat -> ioctl -> lseek -> no-error -> no-fd,openat -> openat -> openat -> error=ENOTDIR -> no-fd,newfstatat -> getpid -> write -> error=ENOENT -> no-fd,1
requirementxtt-1.0.0.tar.gz,"ioctl, poll",,uname,,,,"systemd-logind, opensnoop-bpfcc, sudo, pgrep, tcpstates-bpfcc","opensnoop-bpfcc, strace, StreamT~ns, sudo, sqldb:c~lite","opensnoop-bpfcc, filetop-bpfcc, systemd-logind, pip, gnome-system-mo","StreamT~ns, opensnoop-bpfcc, strace, pip, sqldb:c~lite","gnome-system-mo, sudo, pgrep, pip, systemd-logind",requirementxtt-1.0.0;,,,515,141,3795,5844,421,808,7912,2,51,273,22,0,0,0,newfstatat -> newfstatat -> openat,close -> newfstatat -> newfstatat,newfstatat -> newfstatat -> newfstatat -> no-error -> no-fd,read -> read -> read -> no-error -> no-fd,newfstatat -> openat -> fstat -> no-error -> no-fd,newfstatat -> newfstatat -> openat -> no-error -> no-fd,close -> newfstatat -> newfstatat -> no-error -> no-fd,1
requiremetnstxt-1.0.0.tar.gz,,,,,,,"systemd-logind, opensnoop-bpfcc, sudo, tcpstates-bpfcc, filetop-bpfcc","opensnoop-bpfcc, strace, StreamT~ns, Indexed~IO, sudo","opensnoop-bpfcc, filetop-bpfcc, systemd-logind, pip, pgrep","StreamT~ns, opensnoop-bpfcc, strace, pip, sqldb:c~lite","gnome-system-mo, pgrep, sudo, pip, systemd-logind",requiremetnstxt-1.0.0;,,,523,150,3811,5380,534,940,6881,2,16,98,4,0,0,0,poll -> read -> read,read -> read -> poll,read -> read -> read -> no-error -> no-fd,newfstatat -> newfstatat -> newfstatat -> no-error -> no-fd,read -> poll -> read -> error=EAGAIN -> no-fd,read -> read -> poll -> no-error -> no-fd,poll -> read -> read -> no-error -> fd=3,1
requiremntstxt-1.0.0.tar.gz,,,,,,,"systemd-logind, opensnoop-bpfcc, sudo, gnome-system-mo, filetop-bpfcc","opensnoop-bpfcc, StreamT~ns, Socket, strace, Classif~ate","opensnoop-bpfcc, filetop-bpfcc, systemd-logind, gnome-system-mo, pip","StreamT~ns, Socket, opensnoop-bpfcc, Classif~ate, sqldb:c~lite","gnome-system-mo, StreamT~ns, pgrep, sudo, sqldb:c~lite",requiremntstxt-1.0.0;,,,500,120,2568,1920,1005,253,401,2,42,112,15,12,3,9,openat -> fstat -> fcntl,fstat -> fcntl -> fstat,newfstatat -> newfstatat -> newfstatat -> no-error -> no-fd,read -> read -> read -> no-error -> no-fd,newfstatat -> openat -> fstat -> no-error -> no-fd,openat -> fstat -> fcntl -> no-error -> no-fd,fstat -> fcntl -> fstat -> no-error -> no-fd,1
requirmentstxtt-1.0.0.tar.gz,,,,,,,"systemd-logind, opensnoop-bpfcc, sudo, pgrep, tcpstates-bpfcc","opensnoop-bpfcc, StreamT~ns, sudo, pip, sqldb:c~lite","opensnoop-bpfcc, filetop-bpfcc, systemd-logind, pip, pgrep","StreamT~ns, opensnoop-bpfcc, pip, sqldb:c~lite, dpkg-divert","pgrep, gnome-system-mo, sudo, pip, systemd-logind",requirmentstxtt-1.0.0;,,,0,111,1120,1532,1013,742,1073,2,15,79,8,2,2,0,fstat -> ioctl -> lseek,openat -> fstat -> ioctl,newfstatat -> newfstatat -> newfstatat -> no-error -> no-fd,newfstatat -> openat -> fstat -> no-error -> no-fd,newfstatat -> newfstatat -> openat -> no-error -> no-fd,fstat -> ioctl -> lseek -> no-error -> no-fd,openat -> fstat -> ioctl -> no-error -> no-fd,1
requists-2.28.2.tar.gz,,,,,,,"systemd-logind, opensnoop-bpfcc, journal-offline, sudo, nautilus","opensnoop-bpfcc, strace, StreamT~ns, sudo, sqldb:c~lite","opensnoop-bpfcc, filetop-bpfcc, systemd-logind, pip, nautilus","StreamT~ns, opensnoop-bpfcc, strace, pip, sqldb:c~lite","gnome-system-mo, sudo, pip, pgrep, systemd-logind",certifi-2024.12.14; charset_normalizer-3.4.1; idna-3.10; requists-2.28.2; urllib3-1.26.20;,,"certifi>=2017.4.17; charset_normalizer<4,>=2; idna<4,>=2.5; urllib3<1.27,>=1.21.1;",515,263,4156,2294,812,519,1138,3,11,97,5,16,4,12,openat -> fstat -> ioctl,fstat -> ioctl -> lseek,lseek -> lseek -> lseek -> no-error -> no-fd,newfstatat -> newfstatat -> newfstatat -> no-error -> no-fd,openat -> fstat -> ioctl -> no-error -> no-fd,fstat -> ioctl -> lseek -> no-error -> no-fd,ioctl -> lseek -> lseek -> error=ENOTTY -> no-fd,1
requxsts-1.0.0.tar.gz,"ioctl, poll",pipe2,"getrandom, uname",,geteuid,"vfork, wait4, getpid","systemd-logind, opensnoop-bpfcc, sudo, tcpstates-bpfcc, pgrep","opensnoop-bpfcc, StreamT~ns, sudo, pip, sqldb:c~lite","opensnoop-bpfcc, filetop-bpfcc, systemd-logind, pip, gnome-system-mo","StreamT~ns, opensnoop-bpfcc, pip, sqldb:c~lite, dpkg-divert","gnome-system-mo, sudo, pip, pgrep, systemd-logind",requxsts-1.0.0;,,,4,118,1113,3918,1018,511,4278,2,6,47,3,0,0,0,poll -> read -> read,read -> read -> poll,newfstatat -> newfstatat -> newfstatat -> no-error -> no-fd,read -> read -> read -> no-error -> no-fd,read -> poll -> read -> error=EAGAIN -> no-fd,poll -> read -> read -> no-error -> fd=3,read -> read -> poll -> no-error -> no-fd,1
reqwestss-0.1.0.tar.gz,"ioctl, poll",pipe2,"getrandom, uname",,geteuid,"vfork, wait4, getpid","systemd-logind, opensnoop-bpfcc, sudo, pgrep, filetop-bpfcc","opensnoop-bpfcc, strace, StreamT~ns, sudo, sqldb:c~lite","opensnoop-bpfcc, filetop-bpfcc, systemd-logind, pip, gnome-system-mo","StreamT~ns, opensnoop-bpfcc, pip, sqldb:c~lite, strace","gnome-system-mo, pgrep, sudo, pip, systemd-logind",reqwestss-0.1.0;,,,519,160,3864,4801,517,824,4621,2,15,131,5,0,0,0,fstat -> ioctl -> lseek,openat -> fstat -> ioctl,newfstatat -> newfstatat -> newfstatat -> no-error -> no-fd,lseek -> lseek -> lseek -> no-error -> no-fd,fstat -> ioctl -> lseek -> no-error -> no-fd,openat -> fstat -> ioctl -> no-error -> no-fd,ioctl -> lseek -> lseek -> error=ENOTTY -> no-fd,1
rgbcolour-0.0.1.tar.gz,,,,,,,"systemd-logind, opensnoop-bpfcc, pgrep, filetop-bpfcc, pip","StreamT~ns, pip, sqldb:c~lite, filetop-bpfcc, gnome-system-mo","opensnoop-bpfcc, filetop-bpfcc, systemd-logind, pip, pgrep","StreamT~ns, pip, sqldb:c~lite, filetop-bpfcc, gnome-system-mo","pip, systemd-logind, StreamT~ns, opensnoop-bpfcc, filetop-bpfcc",certifi-2024.12.14; charset-normalizer-3.4.1; idna-3.10; requests-2.31.0; rgbcolour-0.0.1; urllib3-2.3.0;,,"certifi>=2017.4.17; charset-normalizer<4,>=2; idna<4,>=2.5; requests==2.31.0; urllib3<3,>=1.21.1;",515,235,4155,2492,616,789,1192,3,21,65,11,11,4,7,fstat -> ioctl -> lseek,openat -> fstat -> ioctl,newfstatat -> newfstatat -> newfstatat -> no-error -> no-fd,newfstatat -> openat -> fstat -> no-error -> no-fd,newfstatat -> newfstatat -> openat -> no-error -> no-fd,fstat -> ioctl -> lseek -> error=ENOENT -> no-fd,ioctl -> lseek -> lseek -> no-error -> no-fd,1
robloxapiaccess-0.0.2.tar.gz,"ioctl, poll",,,,,getpid,"systemd-logind, opensnoop-bpfcc, sudo, pgrep, tcpstates-bpfcc","opensnoop-bpfcc, strace, StreamT~ns, Indexed~IO, pip","opensnoop-bpfcc, filetop-bpfcc, systemd-logind, pip, gnome-system-mo","StreamT~ns, pip, strace, opensnoop-bpfcc, sqldb:c~lite","gnome-system-mo, pgrep, pip, sudo, StreamT~ns",RobloxAPIACCESS-0.0.2; browser_cookie3-0.20.1; certifi-2024.12.14; cffi-1.17.1; charset-normalizer-3.4.1; cryptography-44.0.0; idna-3.10; jeepney-0.8.0; lz4-4.3.3; psutil-6.1.1; pycparser-2.22; pycryptodome-3.21.0; pycryptodomex-3.21.0; requests-2.32.3; urllib3-2.3.0;,,"browser_cookie3; certifi>=2017.4.17; cffi>=1.12; charset-normalizer<4,>=2; cryptography; idna<4,>=2.5; jeepney; lz4; psutil; pycparser; pycryptodome; pycryptodomex; requests; urllib3<3,>=1.21.1;",558,404,5619,34204,1422,24116,48389,2,51,181,18,1,0,0,ioctl -> ioctl -> ioctl,newfstatat -> newfstatat -> openat,newfstatat -> newfstatat -> newfstatat -> no-error -> no-fd,read -> read -> read -> no-error -> no-fd,newfstatat -> openat -> fstat -> no-error -> no-fd,ioctl -> ioctl -> ioctl -> no-error -> no-fd,fcntl -> fstat -> fcntl -> no-error -> no-fd,1
rqeuests-0.1.tar.gz,"ioctl, poll",,uname,,,getpid,"systemd-logind, opensnoop-bpfcc, sudo, filetop-bpfcc, tcpstates-bpfcc","opensnoop-bpfcc, strace, StreamT~ns, sudo, sqldb:c~lite","opensnoop-bpfcc, filetop-bpfcc, systemd-logind, pip, gnome-system-mo","StreamT~ns, opensnoop-bpfcc, pip, strace, sqldb:c~lite","gnome-system-mo, sudo, pip, StreamT~ns, gnome-terminal-",rqeuests-0.1;,,,515,117,3853,7451,416,5448,9157,2,43,151,15,5,1,4,newfstatat -> newfstatat -> openat,fstat -> ioctl -> lseek,newfstatat -> newfstatat -> newfstatat -> no-error -> no-fd,read -> read -> read -> no-error -> no-fd,newfstatat -> openat -> fstat -> no-error -> no-fd,newfstatat -> newfstatat -> openat -> no-error -> no-fd,openat -> fstat -> ioctl -> no-error -> no-fd,0
rrequests-2.27.1.tar.gz,,,,,,,"systemd-logind, opensnoop-bpfcc, sudo, journal-offline, pgrep","opensnoop-bpfcc, strace, StreamT~ns, pip, Indexed~IO","opensnoop-bpfcc, filetop-bpfcc, systemd-logind, pip, gnome-system-mo","StreamT~ns, pip, opensnoop-bpfcc, strace, sqldb:c~lite","gnome-system-mo, pgrep, pip, sudo, StreamT~ns",certifi-2024.12.14; charset_normalizer-2.0.12; idna-3.10; rrequests-2.27.1; urllib3-1.26.20;,,"certifi>=2017.4.17; charset_normalizer~=2.0.0; idna<4,>=2.5; urllib3<1.27,>=1.21.1;",1033,950,11386,45353,1519,35605,50000,2,62,194,21,6,1,5,newfstatat -> newfstatat -> openat,newfstatat -> openat -> fstat,newfstatat -> newfstatat -> newfstatat -> no-error -> no-fd,fstat -> ioctl -> lseek -> no-error -> no-fd,openat -> fstat -> ioctl -> no-error -> no-fd,ioctl -> lseek -> lseek -> error=ENOTTY -> no-fd,read -> read -> close -> no-error -> no-fd,1
rwquests-2.28.1.tar.gz,ioctl,pipe2,,,,"wait4, vfork, getpid","systemd-logind, opensnoop-bpfcc, sudo, journal-offline, pgrep","opensnoop-bpfcc, strace, StreamT~ns, pip, Indexed~IO","opensnoop-bpfcc, filetop-bpfcc, systemd-logind, pip, pgrep","StreamT~ns, pip, opensnoop-bpfcc, strace, sqldb:c~lite","gnome-system-mo, pgrep, pip, sudo, StreamT~ns",certifi-2024.12.14; charset_normalizer-3.4.1; idna-3.10; rwquests-2.28.1; urllib3-1.26.20;,,"certifi>=2017.4.17; charset_normalizer<4,>=2; idna<4,>=2.5; urllib3<1.27,>=1.21.1;",440,1584,3915,13364,1070,3065,14582,2,70,377,24,1,0,0,newfstatat -> newfstatat -> openat,ioctl -> ioctl -> ioctl,newfstatat -> newfstatat -> newfstatat -> no-error -> no-fd,read -> read -> read -> no-error -> no-fd,newfstatat -> openat -> fstat -> no-error -> no-fd,newfstatat -> newfstatat -> openat -> no-error -> no-fd,openat -> fstat -> getdents64 -> no-error -> no-fd,1
saazszxcdz-0.1.0.tar.gz,"ioctl, poll",,uname,,,"wait4, getpid","systemd-logind, opensnoop-bpfcc, sudo, journal-offline, pgrep","opensnoop-bpfcc, strace, StreamT~ns, pip, sqldb:c~lite","opensnoop-bpfcc, filetop-bpfcc, systemd-logind, pip, pgrep","StreamT~ns, pip, strace, opensnoop-bpfcc, sqldb:c~lite","gnome-system-mo, pgrep, pip, sudo, StreamT~ns",saazszxcdz-0.1.0;,,,515,222,4897,6355,1074,3659,6213,2,23,194,7,0,0,0,newfstatat -> openat -> fstat,close -> newfstatat -> newfstatat,newfstatat -> newfstatat -> newfstatat -> no-error -> no-fd,newfstatat -> newfstatat -> openat -> no-error -> no-fd,read -> read -> read -> no-error -> no-fd,newfstatat -> openat -> fstat -> no-error -> no-fd,close -> newfstatat -> newfstatat -> no-error -> no-fd,1
sc-concurrent-log-handler-0.0.14.tar.gz,,,,,,,"systemd-logind, opensnoop-bpfcc, sudo, filetop-bpfcc, pgrep","opensnoop-bpfcc, strace, StreamT~ns, snapd, Indexed~IO","opensnoop-bpfcc, filetop-bpfcc, systemd-logind, pip, gnome-system-mo","StreamT~ns, opensnoop-bpfcc, pip, strace, sqldb:c~lite","gnome-system-mo, sudo, pip, systemd-logind, StreamT~ns",concurrent-log-handler-0.9.25; portalocker-3.0.0; sc-concurrent-log-handler-0.0.14;,,concurrent-log-handler>=0.9.24; portalocker>=1.6.0;,5,243,3153,1280,409,415,808,3,35,181,16,0,0,0,,,,,,,,1
scikti-learn-0.1.tar.gz,ioctl,pipe2,"getrandom, uname",,faccessat,"wait4, clone, getpid","opensnoop-bpfcc, pgrep, filetop-bpfcc, tcpstates-bpfcc, python3.8","strace, opensnoop-bpfcc, python3.8, pip, sftp-server","filetop-bpfcc, python3.8, pgrep, opensnoop-bpfcc, clear","strace, python3.8, opensnoop-bpfcc, pip, sftp-server","clear, systemd-oomd, pgrep, python3.8, pip",scikti-learn-0.1;,,,0,34,176,375,110,35,277,2,127,311,33,0,0,0,newfstatat -> openat -> fstat,fstat -> ioctl -> lseek,newfstatat -> newfstatat -> newfstatat -> no-error -> no-fd,read -> read -> read -> no-error -> no-fd,newfstatat -> newfstatat -> openat -> no-error -> no-fd,newfstatat -> openat -> fstat -> no-error -> no-fd,close -> newfstatat -> newfstatat -> no-error -> no-fd,0
secretslib-0.1.0.tar.gz,"ioctl, poll",pipe2,uname,,,"wait4, vfork, getpid","tracker-miner-f, opensnoop-bpfcc, systemd-logind, filetop-bpfcc, tcpstates-bpfcc","opensnoop-bpfcc, strace, StreamTrans, sqldb:c~lite, dpkg","opensnoop-bpfcc, tracker-miner-f, filetop-bpfcc, pip, gnome-system-mo","StreamTrans, strace, pip, opensnoop-bpfcc, apt","gnome-system-mo, pgrep, pip, tracker-miner-f, StreamTrans",secretslib-0.1.0;,,,9,95,1059,2009,1056,500,3590,2,18,64,8,0,0,0,openat -> fstat -> ioctl,newfstatat -> newfstatat -> openat,newfstatat -> newfstatat -> newfstatat -> no-error -> no-fd,newfstatat -> openat -> fstat -> no-error -> no-fd,newfstatat -> newfstatat -> openat -> no-error -> no-fd,fstat -> ioctl -> lseek -> error=ENOENT -> no-fd,ioctl -> lseek -> lseek -> no-error -> no-fd,1
secrevthree-0.0.1.tar.gz,,,,,,,"tracker-miner-f, opensnoop-bpfcc, filetop-bpfcc, systemd-logind, pgrep","opensnoop-bpfcc, strace, StreamTrans, pip, sqldb:c~lite","opensnoop-bpfcc, filetop-bpfcc, tracker-miner-f, pip, systemd-logind","opensnoop-bpfcc, pip, strace, StreamTrans, sqldb:c~lite","pgrep, pip, opensnoop-bpfcc, gnome-system-mo, systemd-logind",secrevthree-0.0.1;,,,515,151,3879,2556,937,681,1057,2,25,49,10,0,0,0,clock_gettime -> lseek -> clock_gettime,read -> read -> clock_gettime,clock_gettime -> clock_gettime -> clock_gettime -> no-error -> no-fd,newfstatat -> newfstatat -> newfstatat -> no-error -> no-fd,clock_gettime -> lseek -> clock_gettime -> no-error -> no-fd,lseek -> clock_gettime -> lseek -> no-error -> no-fd,newfstatat -> openat -> fstat -> no-error -> no-fd,0
seleeniumm-1.0.0.tar.gz,,,,,,,"tracker-miner-f, opensnoop-bpfcc, systemd-logind, tcpstates-bpfcc, filetop-bpfcc","opensnoop-bpfcc, strace, StreamTrans, sqldb:c~lite, pip","opensnoop-bpfcc, tracker-miner-f, filetop-bpfcc, pip, gnome-system-mo","StreamTrans, opensnoop-bpfcc, pip, strace, sqldb:c~lite","gnome-system-mo, pip, pgrep, tracker-miner-f, StreamTrans",seleeniumm-1.0.0;,,,515,142,3803,2598,839,738,1214,2,66,222,20,0,0,0,clock_gettime -> clock_gettime -> newfstatat,clock_gettime -> newfstatat -> newfstatat,clock_gettime -> clock_gettime -> clock_gettime -> no-error -> no-fd,newfstatat -> newfstatat -> newfstatat -> no-error -> no-fd,newfstatat -> newfstatat -> openat -> no-error -> no-fd,clock_gettime -> clock_gettime -> newfstatat -> no-error -> no-fd,clock_gettime -> newfstatat -> newfstatat -> no-error -> no-fd,0
selemnim-1.0.0.tar.gz,"ioctl, poll",,uname,,,,"tracker-miner-f, opensnoop-bpfcc, systemd-logind, pgrep, tcpstates-bpfcc","opensnoop-bpfcc, strace, StreamTrans, Classif~date, sqldb:c~lite","opensnoop-bpfcc, tracker-miner-f, filetop-bpfcc, pip, systemd-logind","StreamTrans, strace, opensnoop-bpfcc, Classif~date, pip","gnome-system-mo, pgrep, pip, tracker-miner-f, StreamTrans",selemnim-1.0.0;,,,515,141,3807,4114,793,1077,5788,2,14,122,3,0,0,0,fstat -> ioctl -> lseek,openat -> fstat -> ioctl,newfstatat -> newfstatat -> newfstatat -> no-error -> no-fd,newfstatat -> openat -> fstat -> no-error -> no-fd,newfstatat -> newfstatat -> openat -> no-error -> no-fd,openat -> fstat -> ioctl -> no-error -> no-fd,fstat -> ioctl -> lseek -> no-error -> no-fd,1
seleunium-1.0.0.tar.gz,"ioctl, poll",,uname,,,"wait4, getpid","opensnoop-bpfcc, pgrep, tcpstates-bpfcc, filetop-bpfcc, pip","opensnoop-bpfcc, strace, StreamT~s, StreamT~ns, Indexed~IO","opensnoop-bpfcc, filetop-bpfcc, pgrep, pip, tcpstates-bpfcc","StreamT~s, strace, StreamT~ns, opensnoop-bpfcc, pip","pgrep, gnome-system-mo, pip, opensnoop-bpfcc, StreamT~s",seleunium-1.0.0;,,,0,51,414,320,127,100,824,2,26,38,11,0,0,0,newfstatat -> newfstatat -> openat,read -> read -> close,newfstatat -> newfstatat -> newfstatat -> no-error -> no-fd,read -> read -> read -> no-error -> no-fd,newfstatat -> openat -> fstat -> no-error -> no-fd,newfstatat -> newfstatat -> openat -> no-error -> no-fd,read -> read -> close -> no-error -> no-fd,0
selleniium-1.0.0.tar.gz,"ioctl, poll",pipe2,"getrandom, uname",,geteuid,"vfork, wait4, getpid","opensnoop-bpfcc, filetop-bpfcc, tcpstates-bpfcc, pgrep, pip","opensnoop-bpfcc, strace, StreamT~s, StreamT~ns, Indexed~IO","opensnoop-bpfcc, filetop-bpfcc, pip, gnome-system-mo, pgrep","StreamT~s, strace, pip, StreamT~ns, opensnoop-bpfcc","gnome-system-mo, pgrep, pip, StreamT~s, sqldb:c~lite",selleniium-1.0.0;,,,519,135,3465,2522,475,605,1426,1,7,17,2,6,0,5,poll -> read -> read,newfstatat -> openat -> fstat,newfstatat -> newfstatat -> newfstatat -> no-error -> no-fd,newfstatat -> openat -> fstat -> no-error -> no-fd,read -> read -> poll -> no-error -> no-fd,read -> poll -> read -> error=EAGAIN -> no-fd,poll -> read -> read -> no-error -> fd=4,0
selunium-1.0.0.tar.gz,"ioctl, poll",pipe2,uname,,,"wait4, vfork, getpid","opensnoop-bpfcc, tcpstates-bpfcc, filetop-bpfcc, pgrep, pip","opensnoop-bpfcc, strace, StreamT~s, StreamT~ns, Indexed~IO","opensnoop-bpfcc, filetop-bpfcc, pip, gnome-system-mo, tcpstates-bpfcc","StreamT~s, strace, pip, StreamT~ns, opensnoop-bpfcc","gnome-system-mo, pgrep, pip, StreamT~s, sqldb:c~lite",selunium-1.0.0;,,,4,43,398,749,1167,216,467,3,14,101,8,16,4,12,newfstatat -> newfstatat -> openat,close -> newfstatat -> newfstatat,newfstatat -> newfstatat -> newfstatat -> no-error -> no-fd,read -> read -> read -> no-error -> no-fd,newfstatat -> openat -> fstat -> no-error -> no-fd,newfstatat -> newfstatat -> openat -> no-error -> no-fd,close -> newfstatat -> newfstatat -> no-error -> no-fd,1
sentinelonesdk-1.0.0.tar.gz,"ioctl, poll",pipe2,uname,,,"wait4, vfork, getpid","opensnoop-bpfcc, filetop-bpfcc, tcpstates-bpfcc, pgrep, pip","opensnoop-bpfcc, StreamT~s, strace, StreamT~ns, pip","opensnoop-bpfcc, filetop-bpfcc, pip, tcpstates-bpfcc, pgrep","StreamT~s, pip, opensnoop-bpfcc, StreamT~ns, sqldb:c~lite","pgrep, gnome-system-mo, pip, opensnoop-bpfcc, StreamT~s",SentinelOneSDK-1.0.0;,,,506,112,2498,1826,488,540,2048,0,0,0,0,13,0,12,fstat -> ioctl -> lseek,openat -> fstat -> ioctl,newfstatat -> newfstatat -> newfstatat -> no-error -> no-fd,newfstatat -> newfstatat -> openat -> no-error -> no-fd,newfstatat -> openat -> fstat -> no-error -> no-fd,read -> read -> read -> no-error -> no-fd,openat -> fstat -> ioctl -> no-error -> no-fd,0
setup1nter-0.0.1.tar.gz,"poll, ioctl",,uname,,,,"opensnoop-bpfcc, filetop-bpfcc, tcpstates-bpfcc, pgrep, pip","opensnoop-bpfcc, strace, StreamT~s, Indexed~IO, StreamT~ns","opensnoop-bpfcc, filetop-bpfcc, pip, gnome-system-mo, tcpstates-bpfcc","StreamT~s, pip, strace, StreamT~ns, opensnoop-bpfcc","gnome-system-mo, pip, pgrep, StreamT~s, sqldb:c~lite",setup1nter-0.0.1;,,,0,54,455,343,120,99,1004,2,62,96,26,0,0,0,newfstatat -> openat -> fstat,fstat -> ioctl -> lseek,newfstatat -> newfstatat -> newfstatat -> no-error -> no-fd,read -> read -> read -> no-error -> no-fd,newfstatat -> newfstatat -> openat -> no-error -> no-fd,newfstatat -> openat -> fstat -> no-error -> no-fd,close -> newfstatat -> newfstatat -> no-error -> no-fd,0
setupint3s-0.0.2.tar.gz,"ioctl, poll",pipe2,"getrandom, uname",,geteuid,"vfork, wait4, getpid","opensnoop-bpfcc, filetop-bpfcc, tcpstates-bpfcc, pgrep, pip","opensnoop-bpfcc, strace, StreamT~s, StreamT~ns, Indexed~IO","opensnoop-bpfcc, filetop-bpfcc, pip, pgrep, gnome-system-mo","StreamT~s, pip, strace, StreamT~ns, opensnoop-bpfcc","pgrep, gnome-system-mo, pip, StreamT~s, sqldb:c~lite",setupint3s-0.0.2;,,,519,144,3541,2715,1186,684,4209,2,55,142,24,0,0,0,poll -> read -> read,newfstatat -> openat -> fstat,newfstatat -> newfstatat -> newfstatat -> no-error -> no-fd,newfstatat -> openat -> fstat -> no-error -> no-fd,read -> read -> poll -> no-error -> no-fd,read -> poll -> read -> error=EAGAIN -> no-fd,poll -> read -> read -> no-error -> fd=4,0
simplyjson-0.1.tar.gz,"poll, ioctl",pipe2,uname,,,"vfork, wait4, getpid","opensnoop-bpfcc, filetop-bpfcc, pgrep, tcpstates-bpfcc, systemd-logind","opensnoop-bpfcc, strace, StreamT~s, Indexed~IO, StreamT~ns","opensnoop-bpfcc, filetop-bpfcc, pip, gnome-system-mo, pgrep","StreamT~s, strace, pip, apt-check, opensnoop-bpfcc","gnome-system-mo, pgrep, pip, StreamT~s, sqldb:c~lite",joblib-1.4.2; numpy-2.2.1; scikit-learn-1.6.0; scipy-1.14.1; simplyjson-0.1; threadpoolctl-3.5.0;,,joblib>=1.2.0; numpy>=1.19.5; scikit-learn; scipy>=1.6.0; threadpoolctl>=3.1.0;,516,180,4424,3069,1207,817,6997,2,38,224,13,0,0,0,fstat -> ioctl -> lseek,openat -> fstat -> ioctl,newfstatat -> newfstatat -> newfstatat -> no-error -> no-fd,newfstatat -> openat -> fstat -> no-error -> no-fd,newfstatat -> newfstatat -> openat -> no-error -> no-fd,openat -> fstat -> ioctl -> no-error -> no-fd,ioctl -> lseek -> lseek -> error=ENOENT -> no-fd,1
sintaxisoyyo-0.8.tar.gz,"ioctl, poll",,uname,,,"wait4, getpid","opensnoop-bpfcc, pgrep, filetop-bpfcc, pip, gnome-system-mo","opensnoop-bpfcc, strace, pip, sqldb:c~lite, BgIOThr~ool","opensnoop-bpfcc, filetop-bpfcc, pip, pgrep, gnome-system-mo","strace, pip, opensnoop-bpfcc, sqldb:c~lite, BgIOThr~ool","pgrep, gnome-system-mo, pip, strace, opensnoop-bpfcc",sintaxisoyyo-0.8;,,,0,57,621,772,1191,259,6404,2,53,308,19,1,0,0,newfstatat -> newfstatat -> openat,ioctl -> ioctl -> ioctl,newfstatat -> newfstatat -> newfstatat -> no-error -> no-fd,read -> read -> read -> no-error -> no-fd,newfstatat -> openat -> fstat -> no-error -> no-fd,fstat -> ioctl -> lseek -> no-error -> no-fd,newfstatat -> newfstatat -> openat -> no-error -> no-fd,1
soup2-1.tar.gz,"ioctl, poll",pipe2,uname,,,"wait4, vfork, getpid","opensnoop-bpfcc, pgrep, tcpstates-bpfcc, filetop-bpfcc, gnome-system-mo","opensnoop-bpfcc, strace, StreamTrans, Classif~date, StreamT~ns","opensnoop-bpfcc, filetop-bpfcc, pgrep, pip, gnome-system-mo","StreamTrans, strace, pip, opensnoop-bpfcc, Classif~date","pgrep, gnome-system-mo, StreamTrans, pip, sqldb:c~lite",certifi-2024.12.14; charset-normalizer-3.4.1; colorama-0.4.6; idna-3.10; requests-2.32.3; soup2-1; urllib3-2.3.0;,,"certifi>=2017.4.17; charset-normalizer<4,>=2; colorama; idna<4,>=2.5; requests; urllib3<3,>=1.21.1;",519,65,3096,2695,1204,759,6267,2,11,34,2,0,0,0,openat -> fstat -> ioctl,ioctl -> lseek -> lseek,newfstatat -> newfstatat -> newfstatat -> no-error -> no-fd,newfstatat -> openat -> fstat -> no-error -> no-fd,openat -> fstat -> ioctl -> no-error -> no-fd,ioctl -> lseek -> lseek -> error=ENOENT -> no-fd,lseek -> lseek -> lseek -> no-error -> no-fd,1
stackstorm-runner-action-chain-1.0.0.tar.gz,"ioctl, poll",,uname,,,"wait4, getpid","opensnoop-bpfcc, tcpstates-bpfcc, filetop-bpfcc, pgrep, nautilus","opensnoop-bpfcc, strace, StreamT~ns, StreamTrans, sqldb:c~lite","opensnoop-bpfcc, filetop-bpfcc, pip, gnome-system-mo, tcpstates-bpfcc","StreamT~ns, StreamTrans, strace, pip, opensnoop-bpfcc","gnome-system-mo, pgrep, pip, StreamT~ns, opensnoop-bpfcc",stackstorm-runner-action-chain-1.0.0;,,,0,0,1,183,1150,100,192,3,30,69,15,1,1,0,newfstatat -> openat -> fstat,fstat -> ioctl -> lseek,newfstatat -> newfstatat -> newfstatat -> no-error -> no-fd,read -> read -> read -> no-error -> no-fd,lseek -> lseek -> lseek -> no-error -> no-fd,newfstatat -> openat -> fstat -> no-error -> no-fd,fstat -> ioctl -> lseek -> no-error -> no-fd,1
stringe-0.0.1.tar.gz,"ioctl, poll",pipe2,"getrandom, uname",,geteuid,"vfork, wait4, getpid","opensnoop-bpfcc, filetop-bpfcc, tcpstates-bpfcc, pgrep, pip","opensnoop-bpfcc, strace, StreamT~ns, StreamTrans, sqldb:c~lite","opensnoop-bpfcc, filetop-bpfcc, pip, gnome-system-mo, pgrep","StreamT~ns, strace, pip, StreamTrans, opensnoop-bpfcc","gnome-system-mo, pgrep, pip, StreamT~ns, opensnoop-bpfcc",stringe-0.0.1;,,,515,174,3558,2264,1169,586,4086,3,17,34,9,0,0,0,fstat -> ioctl -> lseek,openat -> fstat -> ioctl,newfstatat -> newfstatat -> newfstatat -> no-error -> no-fd,newfstatat -> openat -> fstat -> no-error -> no-fd,newfstatat -> newfstatat -> openat -> no-error -> no-fd,fstat -> ioctl -> lseek -> error=ENOENT -> no-fd,ioctl -> lseek -> lseek -> no-error -> no-fd,1
sudo2-2.7.0.tar.gz,"ioctl, poll",pipe2,"getrandom, uname",,geteuid,"vfork, wait4, getpid","opensnoop-bpfcc, pgrep, tcpstates-bpfcc, filetop-bpfcc, pip","strace, opensnoop-bpfcc, StreamT~ns, pip, StreamTrans","opensnoop-bpfcc, filetop-bpfcc, pip, pgrep, gnome-system-mo","strace, StreamT~ns, pip, opensnoop-bpfcc, sqldb:c~lite","pgrep, pip, gnome-system-mo, StreamT~ns, strace",sudo2-2.7.0;,,,0,139,928,707,595,87,635,2,18,39,9,0,0,0,fstat -> ioctl -> lseek,openat -> fstat -> ioctl,newfstatat -> newfstatat -> newfstatat -> no-error -> no-fd,newfstatat -> newfstatat -> openat -> no-error -> no-fd,newfstatat -> openat -> fstat -> no-error -> no-fd,openat -> fstat -> ioctl -> no-error -> no-fd,read -> read -> read -> no-error -> no-fd,0
syscolorv2-1.0.0-py3-none-any.tar.gz,"ioctl, poll",pipe2,uname,,,"vfork, wait4, getpid","opensnoop-bpfcc, filetop-bpfcc, tcpstates-bpfcc, pgrep, systemd-logind","opensnoop-bpfcc, strace, StreamT~ns, sqldb:c~lite, pip","opensnoop-bpfcc, filetop-bpfcc, pip, tcpstates-bpfcc, pgrep","StreamT~ns, strace, pip, opensnoop-bpfcc, sqldb:c~lite","gnome-system-mo, pgrep, pip, StreamT~ns, opensnoop-bpfcc",syscolorv2-1.0.0;,,,519,74,3124,2065,716,606,2082,2,22,63,12,1,0,0,read -> poll -> read,poll -> read -> read,newfstatat -> newfstatat -> newfstatat -> no-error -> no-fd,read -> read -> read -> no-error -> no-fd,read -> read -> poll -> no-error -> no-fd,read -> poll -> read -> error=EAGAIN -> no-fd,poll -> read -> read -> no-error -> fd=3,1
tensnflow-1.0.0.tar.gz,"ioctl, poll",,"getrandom, uname",clock_gettime,geteuid,getpid,"opensnoop-bpfcc, pgrep, tcpstates-bpfcc, filetop-bpfcc, gnome-system-mo","strace, opensnoop-bpfcc, StreamTrans, sqldb:c~lite, pip","opensnoop-bpfcc, filetop-bpfcc, pgrep, gnome-system-mo, pip","StreamTrans, strace, pip, sqldb:c~lite, opensnoop-bpfcc","gnome-system-mo, pgrep, StreamTrans, pip, clear",tensnflow-1.0.0;,,,506,20,2248,1159,34,341,487,3,23,113,11,0,0,0,openat -> fstat -> ioctl,ioctl -> lseek -> lseek,newfstatat -> newfstatat -> newfstatat -> no-error -> no-fd,fstat -> ioctl -> lseek -> no-error -> no-fd,openat -> fstat -> ioctl -> no-error -> no-fd,newfstatat -> openat -> fstat -> error=ENOENT -> no-fd,ioctl -> lseek -> lseek -> error=ENOTTY -> no-fd,1
tensofllow-1.0.0.tar.gz,"ioctl, poll",pipe2,"getrandom, uname",clock_gettime,geteuid,"vfork, wait4, getpid","opensnoop-bpfcc, tcpstates-bpfcc, filetop-bpfcc, pgrep, pip","opensnoop-bpfcc, strace, StreamTrans, Classif~date, sqldb:c~lite","opensnoop-bpfcc, filetop-bpfcc, pip, tcpstates-bpfcc, pgrep","StreamTrans, strace, Classif~date, pip, opensnoop-bpfcc","pgrep, gnome-system-mo, pip, opensnoop-bpfcc, sqldb:c~lite",tensofllow-1.0.0;,,,515,134,3476,2206,823,528,2168,3,9,33,4,1,0,0,,,,,,,,1
tensoflpw-1.0.0.tar.gz,"ioctl, poll",,uname,clock_gettime,,,"opensnoop-bpfcc, filetop-bpfcc, tcpstates-bpfcc, pgrep, pip","opensnoop-bpfcc, StreamTrans, strace, sqldb:c~lite, pip","opensnoop-bpfcc, filetop-bpfcc, pip, tcpstates-bpfcc, gnome-system-mo","StreamTrans, pip, sqldb:c~lite, opensnoop-bpfcc, strace","pip, gnome-system-mo, pgrep, StreamTrans, opensnoop-bpfcc",tensoflpw-1.0.0;,,,0,6,9,170,1155,105,216,2,19,69,11,0,0,0,openat -> fstat -> ioctl,newfstatat -> newfstatat -> openat,newfstatat -> newfstatat -> newfstatat -> no-error -> no-fd,newfstatat -> openat -> fstat -> no-error -> no-fd,newfstatat -> newfstatat -> openat -> no-error -> no-fd,fstat -> ioctl -> lseek -> error=ENOENT -> no-fd,ioctl -> lseek -> lseek -> no-error -> no-fd,1
tensoflqw-1.0.0.tar.gz,ioctl,,"getrandom, uname",clock_gettime,,getpid,"opensnoop-bpfcc, filetop-bpfcc, tcpstates-bpfcc, pgrep, pip","opensnoop-bpfcc, strace, pip, sqldb:c~lite, dpkg-divert","opensnoop-bpfcc, filetop-bpfcc, pip, pgrep, tcpstates-bpfcc","pip, opensnoop-bpfcc, sqldb:c~lite, strace, dpkg-divert","pgrep, pip, gnome-system-mo, opensnoop-bpfcc, grep",tensoflqw-1.0.0;,,,18,65,2545,867,473,428,1216,3,7,33,3,0,0,0,openat -> fstat -> ioctl,newfstatat -> newfstatat -> openat,newfstatat -> newfstatat -> newfstatat -> no-error -> no-fd,fstat -> ioctl -> lseek -> no-error -> no-fd,openat -> fstat -> ioctl -> no-error -> no-fd,newfstatat -> openat -> fstat -> error=ENOENT -> no-fd,ioctl -> lseek -> lseek -> error=ENOTTY -> no-fd,1
tensrflwo-2.5.1.tar.gz,"ioctl, poll",pipe2,uname,clock_gettime,geteuid,"vfork, wait4, getpid","opensnoop-bpfcc, filetop-bpfcc, tcpstates-bpfcc, pgrep, pip","strace, opensnoop-bpfcc, StreamTrans, sqldb:c~lite, pip","opensnoop-bpfcc, filetop-bpfcc, pip, gnome-system-mo, tcpstates-bpfcc","StreamTrans, strace, pip, opensnoop-bpfcc, sqldb:c~lite","gnome-system-mo, pip, pgrep, StreamTrans, sqldb:c~lite",tensrflwo-2.5.1;,,,0,98,705,414,482,60,273,2,29,34,9,1,0,0,newfstatat -> newfstatat -> openat,close -> newfstatat -> newfstatat,newfstatat -> newfstatat -> newfstatat -> no-error -> no-fd,read -> read -> read -> no-error -> no-fd,newfstatat -> openat -> fstat -> no-error -> no-fd,newfstatat -> newfstatat -> openat -> no-error -> no-fd,close -> newfstatat -> newfstatat -> no-error -> no-fd,1
tequests-2.28.1.tar.gz,"poll, ioctl",pipe2,uname,clock_gettime,,"vfork, wait4, getpid","opensnoop-bpfcc, filetop-bpfcc, tcpstates-bpfcc, pgrep, pip","opensnoop-bpfcc, strace, StreamTrans, pip, sqldb:c~lite","opensnoop-bpfcc, filetop-bpfcc, pip, tcpstates-bpfcc, pgrep","strace, StreamTrans, opensnoop-bpfcc, pip, sqldb:c~lite","pgrep, pip, opensnoop-bpfcc, gnome-system-mo, StreamTrans",certifi-2024.12.14; charset_normalizer-3.4.1; idna-3.10; tequests-2.28.1; urllib3-1.26.20;,,"certifi>=2017.4.17; charset_normalizer<4,>=2; idna<4,>=2.5; urllib3<1.27,>=1.21.1;",18,137,2221,1547,851,656,5249,1,10,105,2,0,0,0,newfstatat -> newfstatat -> openat,fstat -> ioctl -> lseek,newfstatat -> newfstatat -> newfstatat -> no-error -> no-fd,read -> read -> read -> no-error -> no-fd,newfstatat -> openat -> fstat -> no-error -> no-fd,fstat -> ioctl -> lseek -> no-error -> no-fd,openat -> fstat -> ioctl -> no-error -> no-fd,0
test-23234231-0.1.tar.gz,ioctl,pipe2,"getrandom, uname",,"geteuid, fchmodat","wait4, clone, getpid","pgrep, opensnoop-bpfcc, filetop-bpfcc, tcpstates-bpfcc, pip","strace, opensnoop-bpfcc, pip, filetop-bpfcc, systemd","filetop-bpfcc, pgrep, pip, opensnoop-bpfcc, tcpstates-bpfcc","strace, pip, opensnoop-bpfcc, filetop-bpfcc, 9","pgrep, pip, systemd-oomd, python, clear",test_23234231-0.1;,,,0,88,749,387,110,39,480,2,10,36,5,1,0,0,fstat -> ioctl -> lseek,openat -> fstat -> ioctl,newfstatat -> newfstatat -> newfstatat -> no-error -> no-fd,newfstatat -> newfstatat -> openat -> no-error -> no-fd,newfstatat -> openat -> fstat -> no-error -> no-fd,openat -> fstat -> ioctl -> no-error -> no-fd,fstat -> ioctl -> lseek -> error=ENOENT -> no-fd,1
test_23234231-0.1.tar.gz,"ioctl, poll",pipe2,"getrandom, uname",clock_gettime,geteuid,"vfork, wait4, getpid","opensnoop-bpfcc, tcpstates-bpfcc, filetop-bpfcc, pgrep, pip","strace, opensnoop-bpfcc, StreamTrans, sqldb:c~lite, pip","opensnoop-bpfcc, filetop-bpfcc, pip, gnome-system-mo, tcpstates-bpfcc","StreamTrans, strace, pip, sqldb:c~lite, opensnoop-bpfcc","gnome-system-mo, pip, pgrep, StreamTrans, sqldb:c~lite",test_23234231-0.1;,,,0,63,1504,716,1151,144,201,2,45,66,20,1,0,0,close -> newfstatat -> newfstatat,read -> read -> close,newfstatat -> newfstatat -> newfstatat -> no-error -> no-fd,newfstatat -> openat -> fstat -> no-error -> no-fd,newfstatat -> newfstatat -> openat -> no-error -> no-fd,close -> newfstatat -> newfstatat -> no-error -> no-fd,read -> read -> close -> no-error -> no-fd,0