Dataset,Accuracy,Precision,Recall,F1-score,ROC AUC
Train,0.7510261287416158,0.6673354735152488,1.0,0.8004813477737666,0.7512501503307276
Validation,0.747781410555815,0.6643878185208204,1.0,0.7983569828230022,0.7481343283582089
Test,0.7571228397944886,0.6727501573316551,1.0,0.8043641835966893,0.7574626865671642
